#
# There is insufficient memory for the Java Runtime Environment to continue.
# Native memory allocation (mmap) failed to map 228589568 bytes. Error detail: G1 virtual space
# Possible reasons:
#   The system is out of physical RAM or swap space
#   This process is running with CompressedOops enabled, and the Java Heap may be blocking the growth of the native heap
# Possible solutions:
#   Reduce memory load on the system
#   Increase physical memory or swap space
#   Check if swap backing store is full
#   Decrease Java heap size (-Xmx/-Xms)
#   Decrease number of Java threads
#   Decrease Java thread stack sizes (-Xss)
#   Set larger code cache with -XX:ReservedCodeCacheSize=
#   JVM is running with Unscaled Compressed Oops mode in which the Java heap is
#     placed in the first 4GB address space. The Java Heap base address is the
#     maximum limit for the native heap growth. Please use -XX:HeapBaseMinAddress
#     to set the Java Heap base and to place the Java Heap above 4GB virtual address.
# This output file may be truncated or incomplete.
#
#  Out of Memory Error (os_windows.cpp:3686), pid=13208, tid=28120
#
# JRE version: OpenJDK Runtime Environment Temurin-21.0.7+6 (21.0.7+6) (build 21.0.7+6-LTS)
# Java VM: OpenJDK 64-Bit Server VM Temurin-21.0.7+6 (21.0.7+6-LTS, mixed mode, sharing, tiered, compressed oops, compressed class ptrs, g1 gc, windows-amd64)
# No core dump will be written. Minidumps are not enabled by default on client versions of Windows
#

---------------  S U M M A R Y ------------

Command Line: --add-opens=java.base/java.lang=ALL-UNNAMED --add-opens=java.base/java.lang.invoke=ALL-UNNAMED --add-opens=java.base/java.util=ALL-UNNAMED --add-opens=java.prefs/java.util.prefs=ALL-UNNAMED --add-exports=jdk.compiler/com.sun.tools.javac.api=ALL-UNNAMED --add-exports=jdk.compiler/com.sun.tools.javac.util=ALL-UNNAMED --add-opens=java.base/java.util=ALL-UNNAMED --add-opens=java.prefs/java.util.prefs=ALL-UNNAMED --add-opens=java.base/java.nio.charset=ALL-UNNAMED --add-opens=java.base/java.net=ALL-UNNAMED --add-opens=java.base/java.util.concurrent=ALL-UNNAMED --add-opens=java.base/java.util.concurrent.atomic=ALL-UNNAMED --add-opens=java.xml/javax.xml.namespace=ALL-UNNAMED --add-opens=java.base/java.time=ALL-UNNAMED -Xmx2048m -Dfile.encoding=UTF-8 -Duser.country=CN -Duser.language=zh -Duser.variant -javaagent:C:\Users\16696\.gradle\wrapper\dists\gradle-9.4.1-bin\arn2x92ynaizyzdaamcbpbhtj\gradle-9.4.1\lib\agents\gradle-instrumentation-agent-9.4.1.jar org.gradle.launcher.daemon.bootstrap.GradleDaemon 9.4.1

Host: Intel(R) Core(TM) Ultra 5 225, 10 cores, 15G,  Windows 11 , 64 bit Build 26100 (10.0.26100.8521)
Time: Thu Jul  2 18:12:08 2026  Windows 11 , 64 bit Build 26100 (10.0.26100.8521) elapsed time: 71.082868 seconds (0d 0h 1m 11s)

---------------  T H R E A D  ---------------

Current thread (0x00000239cac98140):  VMThread "VM Thread"          [id=28120, stack(0x000000e636400000,0x000000e636500000) (1024K)]

Stack: [0x000000e636400000,0x000000e636500000]
Native frames: (J=compiled Java code, j=interpreted, Vv=VM code, C=native code)
V  [jvm.dll+0x6ce119]
V  [jvm.dll+0x8a84a1]
V  [jvm.dll+0x8aa9ce]
V  [jvm.dll+0x8ab0b3]
V  [jvm.dll+0x27f8a6]
V  [jvm.dll+0x6ca945]
V  [jvm.dll+0x6bebea]
V  [jvm.dll+0x355eca]
V  [jvm.dll+0x35da96]
V  [jvm.dll+0x3af72e]
V  [jvm.dll+0x3af9d8]
V  [jvm.dll+0x32a05c]
V  [jvm.dll+0x32a0e7]
V  [jvm.dll+0x36deac]
V  [jvm.dll+0x36c6f8]
V  [jvm.dll+0x329821]
V  [jvm.dll+0x36bd6a]
V  [jvm.dll+0x8b0dcf]
V  [jvm.dll+0x8b2154]
V  [jvm.dll+0x8b2690]
V  [jvm.dll+0x8b2933]
V  [jvm.dll+0x851f6b]
V  [jvm.dll+0x6cc7dd]
C  [ucrtbase.dll+0x2cd30]
C  [KERNEL32.DLL+0x2e957]
C  [ntdll.dll+0x87c1c]

VM_Operation (0x000000e63aefdee0): G1CollectForAllocation, mode: safepoint, requested by thread 0x0000023a13bfcb20


---------------  P R O C E S S  ---------------

Threads class SMR info:
_java_thread_list=0x0000023a12e3cb60, length=77, elements={
0x00000239b5a463c0, 0x00000239cacbff90, 0x00000239cacc09e0, 0x00000239cacc7450,
0x00000239cacc7ea0, 0x00000239cacc88f0, 0x00000239cacc9340, 0x00000239cacd80f0,
0x00000239cacdae10, 0x00000239caddc820, 0x00000239caf4e670, 0x0000023a114c36a0,
0x0000023a114c1c60, 0x0000023a114c22f0, 0x0000023a114c08b0, 0x0000023a114c0f40,
0x0000023a114c15d0, 0x0000023a114c2980, 0x0000023a114c3010, 0x0000023a114c3d30,
0x0000023a128ac790, 0x0000023a128adb40, 0x0000023a128ae860, 0x0000023a128aeef0,
0x0000023a128afc10, 0x0000023a128b02a0, 0x0000023a128ae1d0, 0x0000023a128ad4b0,
0x0000023a128ace20, 0x0000023a128b1650, 0x0000023a128b1ce0, 0x0000023a128b2a00,
0x0000023a128b2370, 0x0000023a128b3090, 0x0000023a128b0930, 0x0000023a128b3720,
0x0000023a128b0fc0, 0x0000023a16734b00, 0x0000023a16734470, 0x0000023a16735190,
0x0000023a16736bd0, 0x0000023a16737260, 0x0000023a16736540, 0x0000023a167378f0,
0x0000023a105fdb50, 0x0000023a105fd4c0, 0x0000023a105fef00, 0x0000023a105ff590,
0x0000023a105fc110, 0x0000023a105ffc20, 0x0000023a105fce30, 0x0000023a105fc7a0,
0x0000023a10601660, 0x0000023a10600940, 0x0000023a10601cf0, 0x0000023a12ec64a0,
0x0000023a12ec6b70, 0x0000023a10600fd0, 0x0000023a106002b0, 0x0000023a10602a10,
0x0000023a13bf75d0, 0x0000023a13bf6220, 0x0000023a13bf9010, 0x0000023a13bf7c60,
0x0000023a13bf82f0, 0x0000023a13bf8980, 0x0000023a13bf6f40, 0x0000023a13bfc490,
0x0000023a13bfcb20, 0x0000023a13bfd1b0, 0x0000023a13bfd840, 0x0000023a13bfaa50,
0x0000023a13bfb0e0, 0x0000023a167399c0, 0x0000023a168c8a90, 0x0000023a168cb1f0,
0x0000023a168c8400
}

Java Threads: ( => current thread )
  0x00000239b5a463c0 JavaThread "main"                              [_thread_blocked, id=21460, stack(0x000000e635900000,0x000000e635a00000) (1024K)]
  0x00000239cacbff90 JavaThread "Reference Handler"          daemon [_thread_blocked, id=7296, stack(0x000000e636500000,0x000000e636600000) (1024K)]
  0x00000239cacc09e0 JavaThread "Finalizer"                  daemon [_thread_blocked, id=24788, stack(0x000000e636600000,0x000000e636700000) (1024K)]
  0x00000239cacc7450 JavaThread "Signal Dispatcher"          daemon [_thread_blocked, id=8680, stack(0x000000e636700000,0x000000e636800000) (1024K)]
  0x00000239cacc7ea0 JavaThread "Attach Listener"            daemon [_thread_blocked, id=4072, stack(0x000000e636800000,0x000000e636900000) (1024K)]
  0x00000239cacc88f0 JavaThread "Service Thread"             daemon [_thread_blocked, id=27460, stack(0x000000e636900000,0x000000e636a00000) (1024K)]
  0x00000239cacc9340 JavaThread "Monitor Deflation Thread"   daemon [_thread_blocked, id=25804, stack(0x000000e636a00000,0x000000e636b00000) (1024K)]
  0x00000239cacd80f0 JavaThread "C2 CompilerThread0"         daemon [_thread_blocked, id=19668, stack(0x000000e636b00000,0x000000e636c00000) (1024K)]
  0x00000239cacdae10 JavaThread "C1 CompilerThread0"         daemon [_thread_blocked, id=20136, stack(0x000000e636c00000,0x000000e636d00000) (1024K)]
  0x00000239caddc820 JavaThread "Common-Cleaner"             daemon [_thread_blocked, id=26984, stack(0x000000e636d00000,0x000000e636e00000) (1024K)]
  0x00000239caf4e670 JavaThread "Notification Thread"        daemon [_thread_blocked, id=19552, stack(0x000000e636f00000,0x000000e637000000) (1024K)]
  0x0000023a114c36a0 JavaThread "Daemon health stats"               [_thread_blocked, id=10192, stack(0x000000e637500000,0x000000e637600000) (1024K)]
  0x0000023a114c1c60 JavaThread "Incoming local TCP Connector on port 58174"        [_thread_in_native, id=27684, stack(0x000000e637600000,0x000000e637700000) (1024K)]
  0x0000023a114c22f0 JavaThread "Daemon periodic checks"            [_thread_blocked, id=10768, stack(0x000000e637700000,0x000000e637800000) (1024K)]
  0x0000023a114c08b0 JavaThread "Daemon"                            [_thread_blocked, id=30356, stack(0x000000e637800000,0x000000e637900000) (1024K)]
  0x0000023a114c0f40 JavaThread "Handler for socket connection from /127.0.0.1:58174 to /127.0.0.1:58175"        [_thread_in_native, id=16660, stack(0x000000e637900000,0x000000e637a00000) (1024K)]
  0x0000023a114c15d0 JavaThread "Cancel handler"                    [_thread_blocked, id=21280, stack(0x000000e637a00000,0x000000e637b00000) (1024K)]
  0x0000023a114c2980 JavaThread "Daemon worker"                     [_thread_blocked, id=24976, stack(0x000000e637b00000,0x000000e637c00000) (1024K)]
  0x0000023a114c3010 JavaThread "Asynchronous log dispatcher for DefaultDaemonConnection: socket connection from /127.0.0.1:58174 to /127.0.0.1:58175"        [_thread_blocked, id=24952, stack(0x000000e637c00000,0x000000e637d00000) (1024K)]
  0x0000023a114c3d30 JavaThread "Stdin handler"                     [_thread_blocked, id=17124, stack(0x000000e637d00000,0x000000e637e00000) (1024K)]
  0x0000023a128ac790 JavaThread "Daemon client event forwarder"        [_thread_blocked, id=12972, stack(0x000000e637e00000,0x000000e637f00000) (1024K)]
  0x0000023a128adb40 JavaThread "Cache worker for journal cache (C:\Users\16696\.gradle\caches\journal-1)"        [_thread_blocked, id=26432, stack(0x000000e637f00000,0x000000e638000000) (1024K)]
  0x0000023a128ae860 JavaThread "File lock request listener"        [_thread_in_native, id=20464, stack(0x000000e638000000,0x000000e638100000) (1024K)]
  0x0000023a128aeef0 JavaThread "Cache worker for file hash cache (C:\Users\16696\.gradle\caches\9.4.1\fileHashes)"        [_thread_blocked, id=26948, stack(0x000000e638100000,0x000000e638200000) (1024K)]
  0x0000023a128afc10 JavaThread "Cache worker for file hash cache (D:\Code\Application\music1\.gradle\9.4.1\fileHashes)"        [_thread_blocked, id=26612, stack(0x000000e638700000,0x000000e638800000) (1024K)]
  0x0000023a128b02a0 JavaThread "Cache worker for Build Output Cleanup Cache (D:\Code\Application\music1\.gradle\buildOutputCleanup)"        [_thread_blocked, id=27880, stack(0x000000e638800000,0x000000e638900000) (1024K)]
  0x0000023a128ae1d0 JavaThread "File watcher server"        daemon [_thread_blocked, id=3888, stack(0x000000e638900000,0x000000e638a00000) (1024K)]
  0x0000023a128ad4b0 JavaThread "File watcher consumer"      daemon [_thread_blocked, id=2224, stack(0x000000e638a00000,0x000000e638b00000) (1024K)]
  0x0000023a128ace20 JavaThread "Cache worker for file content cache (C:\Users\16696\.gradle\caches\9.4.1\fileContent)"        [_thread_blocked, id=26452, stack(0x000000e638b00000,0x000000e638c00000) (1024K)]
  0x0000023a128b1650 JavaThread "Cache worker for checksums cache (D:\Code\Application\music1\.gradle\9.4.1\checksums)"        [_thread_blocked, id=23192, stack(0x000000e638c00000,0x000000e638d00000) (1024K)]
  0x0000023a128b1ce0 JavaThread "Cache worker for cache directory md-supplier (C:\Users\16696\.gradle\caches\9.4.1\md-supplier)"        [_thread_blocked, id=28264, stack(0x000000e638d00000,0x000000e638e00000) (1024K)]
  0x0000023a128b2a00 JavaThread "Cache worker for cache directory md-rule (C:\Users\16696\.gradle\caches\9.4.1\md-rule)"        [_thread_blocked, id=13212, stack(0x000000e638e00000,0x000000e638f00000) (1024K)]
  0x0000023a128b2370 JavaThread "Build operations"                  [_thread_blocked, id=25884, stack(0x000000e638f00000,0x000000e639000000) (1024K)]
  0x0000023a128b3090 JavaThread "Build operations Thread 2"         [_thread_blocked, id=12448, stack(0x000000e639000000,0x000000e639100000) (1024K)]
  0x0000023a128b0930 JavaThread "Build operations Thread 3"         [_thread_blocked, id=7464, stack(0x000000e639100000,0x000000e639200000) (1024K)]
  0x0000023a128b3720 JavaThread "Build operations Thread 4"         [_thread_blocked, id=20476, stack(0x000000e639200000,0x000000e639300000) (1024K)]
  0x0000023a128b0fc0 JavaThread "Build operations Thread 5"         [_thread_blocked, id=384, stack(0x000000e639300000,0x000000e639400000) (1024K)]
  0x0000023a16734b00 JavaThread "Build operations Thread 6"         [_thread_blocked, id=22892, stack(0x000000e639400000,0x000000e639500000) (1024K)]
  0x0000023a16734470 JavaThread "Build operations Thread 7"         [_thread_blocked, id=4508, stack(0x000000e639500000,0x000000e639600000) (1024K)]
  0x0000023a16735190 JavaThread "Build operations Thread 8"         [_thread_blocked, id=25292, stack(0x000000e639600000,0x000000e639700000) (1024K)]
  0x0000023a16736bd0 JavaThread "Build operations Thread 9"         [_thread_blocked, id=28552, stack(0x000000e639700000,0x000000e639800000) (1024K)]
  0x0000023a16737260 JavaThread "Build operations Thread 10"        [_thread_blocked, id=17788, stack(0x000000e639800000,0x000000e639900000) (1024K)]
  0x0000023a16736540 JavaThread "Memory manager"                    [_thread_blocked, id=11384, stack(0x000000e639900000,0x000000e639a00000) (1024K)]
  0x0000023a167378f0 JavaThread "build event listener"              [_thread_blocked, id=5772, stack(0x000000e639a00000,0x000000e639b00000) (1024K)]
  0x0000023a105fdb50 JavaThread "included builds"                   [_thread_blocked, id=22520, stack(0x000000e637000000,0x000000e637100000) (1024K)]
  0x0000023a105fd4c0 JavaThread "Execution worker"                  [_thread_blocked, id=24556, stack(0x000000e639b00000,0x000000e639c00000) (1024K)]
  0x0000023a105fef00 JavaThread "Execution worker Thread 2"         [_thread_blocked, id=17528, stack(0x000000e639c00000,0x000000e639d00000) (1024K)]
  0x0000023a105ff590 JavaThread "Execution worker Thread 3"         [_thread_blocked, id=16880, stack(0x000000e639d00000,0x000000e639e00000) (1024K)]
  0x0000023a105fc110 JavaThread "Execution worker Thread 4"         [_thread_blocked, id=5344, stack(0x000000e639e00000,0x000000e639f00000) (1024K)]
  0x0000023a105ffc20 JavaThread "Execution worker Thread 5"         [_thread_blocked, id=10088, stack(0x000000e639f00000,0x000000e63a000000) (1024K)]
  0x0000023a105fce30 JavaThread "Execution worker Thread 6"         [_thread_blocked, id=2904, stack(0x000000e63a000000,0x000000e63a100000) (1024K)]
  0x0000023a105fc7a0 JavaThread "Execution worker Thread 7"         [_thread_blocked, id=25984, stack(0x000000e63a100000,0x000000e63a200000) (1024K)]
  0x0000023a10601660 JavaThread "Execution worker Thread 8"         [_thread_blocked, id=16424, stack(0x000000e63a200000,0x000000e63a300000) (1024K)]
  0x0000023a10600940 JavaThread "Execution worker Thread 9"         [_thread_blocked, id=25904, stack(0x000000e63a300000,0x000000e63a400000) (1024K)]
  0x0000023a10601cf0 JavaThread "Cache worker for execution history cache (D:\Code\Application\music1\.gradle\9.4.1\executionHistory)"        [_thread_blocked, id=7984, stack(0x000000e63a400000,0x000000e63a500000) (1024K)]
  0x0000023a12ec64a0 JavaThread "C2 CompilerThread1"         daemon [_thread_blocked, id=30472, stack(0x000000e635200000,0x000000e635300000) (1024K)]
  0x0000023a12ec6b70 JavaThread "C2 CompilerThread2"         daemon [_thread_blocked, id=22804, stack(0x000000e635300000,0x000000e635400000) (1024K)]
  0x0000023a10600fd0 JavaThread "WorkerExecutor Queue"              [_thread_blocked, id=30528, stack(0x000000e635400000,0x000000e635500000) (1024K)]
  0x0000023a106002b0 JavaThread "WorkerExecutor Queue Thread 2"        [_thread_blocked, id=18128, stack(0x000000e636e00000,0x000000e636f00000) (1024K)]
  0x0000023a10602a10 JavaThread "WorkerExecutor Queue Thread 3"        [_thread_blocked, id=23624, stack(0x000000e63a500000,0x000000e63a600000) (1024K)]
  0x0000023a13bf75d0 JavaThread "WorkerExecutor Queue Thread 4"        [_thread_blocked, id=25028, stack(0x000000e63a600000,0x000000e63a700000) (1024K)]
  0x0000023a13bf6220 JavaThread "WorkerExecutor Queue Thread 5"        [_thread_blocked, id=21752, stack(0x000000e63a700000,0x000000e63a800000) (1024K)]
  0x0000023a13bf9010 JavaThread "WorkerExecutor Queue Thread 6"        [_thread_blocked, id=20996, stack(0x000000e63a800000,0x000000e63a900000) (1024K)]
  0x0000023a13bf7c60 JavaThread "WorkerExecutor Queue Thread 7"        [_thread_blocked, id=30084, stack(0x000000e63a900000,0x000000e63aa00000) (1024K)]
  0x0000023a13bf82f0 JavaThread "WorkerExecutor Queue Thread 8"        [_thread_blocked, id=29964, stack(0x000000e63aa00000,0x000000e63ab00000) (1024K)]
  0x0000023a13bf8980 JavaThread "WorkerExecutor Queue Thread 9"        [_thread_blocked, id=29776, stack(0x000000e63ab00000,0x000000e63ac00000) (1024K)]
  0x0000023a13bf6f40 JavaThread "WorkerExecutor Queue Thread 10"        [_thread_blocked, id=30136, stack(0x000000e63ac00000,0x000000e63ad00000) (1024K)]
  0x0000023a13bfc490 JavaThread "ForkJoinPool-1-worker-1"    daemon [_thread_blocked, id=30360, stack(0x000000e63ad00000,0x000000e63ae00000) (1024K)]
  0x0000023a13bfcb20 JavaThread "ForkJoinPool-1-worker-2"    daemon [_thread_blocked, id=29488, stack(0x000000e63ae00000,0x000000e63af00000) (1024K)]
  0x0000023a13bfd1b0 JavaThread "ForkJoinPool-1-worker-3"    daemon [_thread_blocked, id=1132, stack(0x000000e63af00000,0x000000e63b000000) (1024K)]
  0x0000023a13bfd840 JavaThread "ForkJoinPool-1-worker-4"    daemon [_thread_blocked, id=2944, stack(0x000000e63b000000,0x000000e63b100000) (1024K)]
  0x0000023a13bfaa50 JavaThread "ForkJoinPool-1-worker-5"    daemon [_thread_blocked, id=27556, stack(0x000000e63b100000,0x000000e63b200000) (1024K)]
  0x0000023a13bfb0e0 JavaThread "ForkJoinPool-1-worker-6"    daemon [_thread_blocked, id=29760, stack(0x000000e63b200000,0x000000e63b300000) (1024K)]
  0x0000023a167399c0 JavaThread "ForkJoinPool-1-worker-7"    daemon [_thread_blocked, id=29284, stack(0x000000e63b300000,0x000000e63b400000) (1024K)]
  0x0000023a168c8a90 JavaThread "ForkJoinPool-1-worker-8"    daemon [_thread_blocked, id=2640, stack(0x000000e63b400000,0x000000e63b500000) (1024K)]
  0x0000023a168cb1f0 JavaThread "ForkJoinPool-1-worker-9"    daemon [_thread_blocked, id=23888, stack(0x000000e63b500000,0x000000e63b600000) (1024K)]
  0x0000023a168c8400 JavaThread "ForkJoinPool-1-worker-10"   daemon [_thread_blocked, id=29752, stack(0x000000e63b600000,0x000000e63b700000) (1024K)]
Total: 77

Other Threads:
=>0x00000239cac98140 VMThread "VM Thread"                           [id=28120, stack(0x000000e636400000,0x000000e636500000) (1024K)]
  0x00000239b5bce060 WatcherThread "VM Periodic Task Thread"        [id=9876, stack(0x000000e636300000,0x000000e636400000) (1024K)]
  0x00000239b5a74900 WorkerThread "GC Thread#0"                     [id=22872, stack(0x000000e635e00000,0x000000e635f00000) (1024K)]
  0x0000023a102a1540 WorkerThread "GC Thread#1"                     [id=24124, stack(0x000000e637100000,0x000000e637200000) (1024K)]
  0x0000023a102a18e0 WorkerThread "GC Thread#2"                     [id=17652, stack(0x000000e637200000,0x000000e637300000) (1024K)]
  0x0000023a10e0f4e0 WorkerThread "GC Thread#3"                     [id=15312, stack(0x000000e637300000,0x000000e637400000) (1024K)]
  0x0000023a10e0f880 WorkerThread "GC Thread#4"                     [id=3928, stack(0x000000e637400000,0x000000e637500000) (1024K)]
  0x0000023a138572e0 WorkerThread "GC Thread#5"                     [id=24600, stack(0x000000e638200000,0x000000e638300000) (1024K)]
  0x0000023a13857dc0 WorkerThread "GC Thread#6"                     [id=29832, stack(0x000000e638300000,0x000000e638400000) (1024K)]
  0x0000023a13858160 WorkerThread "GC Thread#7"                     [id=5248, stack(0x000000e638400000,0x000000e638500000) (1024K)]
  0x0000023a13858500 WorkerThread "GC Thread#8"                     [id=22976, stack(0x000000e638500000,0x000000e638600000) (1024K)]
  0x00000239b5a6f2c0 ConcurrentGCThread "G1 Main Marker"            [id=4144, stack(0x000000e635f00000,0x000000e636000000) (1024K)]
  0x00000239b5a49d10 WorkerThread "G1 Conc#0"                       [id=22524, stack(0x000000e636000000,0x000000e636100000) (1024K)]
  0x0000023a138588a0 WorkerThread "G1 Conc#1"                       [id=18004, stack(0x000000e638600000,0x000000e638700000) (1024K)]
  0x00000239cab70090 ConcurrentGCThread "G1 Refine#0"               [id=30332, stack(0x000000e636100000,0x000000e636200000) (1024K)]
  0x00000239b5a769b0 ConcurrentGCThread "G1 Service"                [id=10232, stack(0x000000e636200000,0x000000e636300000) (1024K)]
Total: 16

Threads with active compile tasks:
C2 CompilerThread0  71127 12652       4       com.android.tools.r8.internal.nv::a (4509 bytes)
C1 CompilerThread0  71127 12716       3       com.android.tools.r8.graph.k9::a (444 bytes)
C2 CompilerThread1  71127 12678   !   4       java.util.concurrent.ConcurrentHashMap::transfer (849 bytes)
C2 CompilerThread2  71127 12666       4       com.android.tools.r8.internal.p80::e (301 bytes)
Total: 4

VM state: at safepoint (normal execution)

VM Mutex/Monitor currently owned by a thread:  ([mutex/lock_event])
[0x00007ffc38d6e308] Threads_lock - owner thread: 0x00000239cac98140
[0x00007ffc38d6e408] Heap_lock - owner thread: 0x0000023a13bfcb20

Heap address: 0x0000000080000000, size: 2048 MB, Compressed Oops mode: 32-bit

CDS archive(s) mapped at: [0x00000239cb000000-0x00000239cbc80000-0x00000239cbc80000), size 13107200, SharedBaseAddress: 0x00000239cb000000, ArchiveRelocationMode: 1.
Compressed class space mapped at: 0x00000239cc000000-0x0000023a0c000000, reserved size: 1073741824
Narrow klass base: 0x00000239cb000000, Narrow klass shift: 0, Narrow klass range: 0x100000000

GC Precious Log:
 CardTable entry size: 512
 Card Set container configuration: InlinePtr #cards 5 size 8 Array Of Cards #cards 12 size 40 Howl #buckets 4 coarsen threshold 1843 Howl Bitmap #cards 512 size 80 coarsen threshold 460 Card regions per heap region 1 cards per card region 2048
 CPUs: 10 total, 10 available
 Memory: 15751M
 Large Page Support: Disabled
 NUMA Support: Disabled
 Compressed Oops: Enabled (32-bit)
 Heap Region Size: 1M
 Heap Min Capacity: 8M
 Heap Initial Capacity: 248M
 Heap Max Capacity: 2G
 Pre-touch: Disabled
 Parallel Workers: 9
 Concurrent Workers: 2
 Concurrent Refinement Workers: 9
 Periodic GC: Disabled

Heap:
 garbage-first heap   total 271360K, used 141169K [0x0000000080000000, 0x0000000100000000)
  region size 1024K, 4 young (4096K), 4 survivors (4096K)
 Metaspace       used 103211K, committed 105792K, reserved 1179648K
  class space    used 14406K, committed 15680K, reserved 1048576K

Heap Regions: E=young(eden), S=young(survivor), O=old, HS=humongous(starts), HC=humongous(continues), CS=collection set, F=free, TAMS=top-at-mark-start, PB=parsable bottom
|   0|0x0000000080000000, 0x0000000080100000, 0x0000000080100000|100%|HS|  |TAMS 0x0000000080100000| PB 0x0000000080000000| Complete 
|   1|0x0000000080100000, 0x0000000080200000, 0x0000000080200000|100%|HC|  |TAMS 0x0000000080200000| PB 0x0000000080100000| Complete 
|   2|0x0000000080200000, 0x0000000080300000, 0x0000000080300000|100%|HC|  |TAMS 0x0000000080300000| PB 0x0000000080200000| Complete 
|   3|0x0000000080300000, 0x0000000080400000, 0x0000000080400000|100%|HC|  |TAMS 0x0000000080400000| PB 0x0000000080300000| Complete 
|   4|0x0000000080400000, 0x0000000080500000, 0x0000000080500000|100%| O|  |TAMS 0x0000000080500000| PB 0x0000000080400000| Untracked 
|   5|0x0000000080500000, 0x0000000080600000, 0x0000000080600000|100%| O|  |TAMS 0x0000000080600000| PB 0x0000000080500000| Untracked 
|   6|0x0000000080600000, 0x0000000080700000, 0x0000000080700000|100%| O|  |TAMS 0x0000000080700000| PB 0x0000000080600000| Untracked 
|   7|0x0000000080700000, 0x0000000080800000, 0x0000000080800000|100%| O|  |TAMS 0x0000000080800000| PB 0x0000000080700000| Untracked 
|   8|0x0000000080800000, 0x0000000080900000, 0x0000000080900000|100%|HS|  |TAMS 0x0000000080900000| PB 0x0000000080800000| Complete 
|   9|0x0000000080900000, 0x0000000080a00000, 0x0000000080a00000|100%| O|  |TAMS 0x0000000080a00000| PB 0x0000000080900000| Untracked 
|  10|0x0000000080a00000, 0x0000000080b00000, 0x0000000080b00000|100%| O|  |TAMS 0x0000000080b00000| PB 0x0000000080a00000| Updating 
|  11|0x0000000080b00000, 0x0000000080c00000, 0x0000000080c00000|100%| O|  |TAMS 0x0000000080c00000| PB 0x0000000080b00000| Untracked 
|  12|0x0000000080c00000, 0x0000000080d00000, 0x0000000080d00000|100%| O|  |TAMS 0x0000000080d00000| PB 0x0000000080c00000| Untracked 
|  13|0x0000000080d00000, 0x0000000080e00000, 0x0000000080e00000|100%| O|  |TAMS 0x0000000080e00000| PB 0x0000000080d00000| Untracked 
|  14|0x0000000080e00000, 0x0000000080f00000, 0x0000000080f00000|100%| O|  |TAMS 0x0000000080f00000| PB 0x0000000080e00000| Untracked 
|  15|0x0000000080f00000, 0x0000000081000000, 0x0000000081000000|100%| O|  |TAMS 0x0000000081000000| PB 0x0000000080f00000| Untracked 
|  16|0x0000000081000000, 0x0000000081100000, 0x0000000081100000|100%| O|  |TAMS 0x0000000081100000| PB 0x0000000081000000| Untracked 
|  17|0x0000000081100000, 0x0000000081200000, 0x0000000081200000|100%| O|  |TAMS 0x0000000081200000| PB 0x0000000081100000| Untracked 
|  18|0x0000000081200000, 0x0000000081300000, 0x0000000081300000|100%| O|  |TAMS 0x0000000081300000| PB 0x0000000081200000| Untracked 
|  19|0x0000000081300000, 0x0000000081400000, 0x0000000081400000|100%| O|  |TAMS 0x0000000081400000| PB 0x0000000081300000| Updating 
|  20|0x0000000081400000, 0x0000000081500000, 0x0000000081500000|100%| O|  |TAMS 0x0000000081500000| PB 0x0000000081500000| Untracked 
|  21|0x0000000081500000, 0x0000000081600000, 0x0000000081600000|100%| O|  |TAMS 0x0000000081600000| PB 0x0000000081600000| Untracked 
|  22|0x0000000081600000, 0x0000000081700000, 0x0000000081700000|100%| O|  |TAMS 0x0000000081700000| PB 0x0000000081700000| Untracked 
|  23|0x0000000081700000, 0x0000000081800000, 0x0000000081800000|100%| O|  |TAMS 0x0000000081800000| PB 0x0000000081800000| Untracked 
|  24|0x0000000081800000, 0x0000000081900000, 0x0000000081900000|100%| O|  |TAMS 0x0000000081900000| PB 0x0000000081900000| Untracked 
|  25|0x0000000081900000, 0x0000000081a00000, 0x0000000081a00000|100%| O|  |TAMS 0x0000000081a00000| PB 0x0000000081a00000| Untracked 
|  26|0x0000000081a00000, 0x0000000081b00000, 0x0000000081b00000|100%| O|  |TAMS 0x0000000081b00000| PB 0x0000000081b00000| Updating 
|  27|0x0000000081b00000, 0x0000000081c00000, 0x0000000081c00000|100%| O|  |TAMS 0x0000000081c00000| PB 0x0000000081c00000| Untracked 
|  28|0x0000000081c00000, 0x0000000081d00000, 0x0000000081d00000|100%| O|  |TAMS 0x0000000081d00000| PB 0x0000000081d00000| Untracked 
|  29|0x0000000081d00000, 0x0000000081e00000, 0x0000000081e00000|100%| O|  |TAMS 0x0000000081e00000| PB 0x0000000081e00000| Untracked 
|  30|0x0000000081e00000, 0x0000000081f00000, 0x0000000081f00000|100%| O|  |TAMS 0x0000000081f00000| PB 0x0000000081f00000| Untracked 
|  31|0x0000000081f00000, 0x0000000082000000, 0x0000000082000000|100%| O|  |TAMS 0x0000000082000000| PB 0x0000000082000000| Untracked 
|  32|0x0000000082000000, 0x0000000082100000, 0x0000000082100000|100%| O|  |TAMS 0x0000000082100000| PB 0x0000000082100000| Untracked 
|  33|0x0000000082100000, 0x0000000082200000, 0x0000000082200000|100%|HS|  |TAMS 0x0000000082200000| PB 0x0000000082100000| Complete 
|  34|0x0000000082200000, 0x0000000082300000, 0x0000000082300000|100%|HS|  |TAMS 0x0000000082300000| PB 0x0000000082200000| Complete 
|  35|0x0000000082300000, 0x0000000082400000, 0x0000000082400000|100%|HS|  |TAMS 0x0000000082400000| PB 0x0000000082300000| Complete 
|  36|0x0000000082400000, 0x0000000082500000, 0x0000000082500000|100%|HC|  |TAMS 0x0000000082500000| PB 0x0000000082400000| Complete 
|  37|0x0000000082500000, 0x0000000082600000, 0x0000000082600000|100%|HS|  |TAMS 0x0000000082600000| PB 0x0000000082500000| Complete 
|  38|0x0000000082600000, 0x0000000082700000, 0x0000000082700000|100%|HS|  |TAMS 0x0000000082700000| PB 0x0000000082600000| Complete 
|  39|0x0000000082700000, 0x0000000082800000, 0x0000000082800000|100%| O|  |TAMS 0x0000000082800000| PB 0x0000000082800000| Untracked 
|  40|0x0000000082800000, 0x0000000082900000, 0x0000000082900000|100%| O|  |TAMS 0x0000000082800000| PB 0x0000000082800000| Untracked 
|  41|0x0000000082900000, 0x0000000082a00000, 0x0000000082a00000|100%| O|  |TAMS 0x0000000082a00000| PB 0x0000000082a00000| Updating 
|  42|0x0000000082a00000, 0x0000000082b00000, 0x0000000082b00000|100%| O|  |TAMS 0x0000000082b00000| PB 0x0000000082b00000| Untracked 
|  43|0x0000000082b00000, 0x0000000082c00000, 0x0000000082c00000|100%| O|  |TAMS 0x0000000082c00000| PB 0x0000000082c00000| Untracked 
|  44|0x0000000082c00000, 0x0000000082d00000, 0x0000000082d00000|100%| O|  |TAMS 0x0000000082d00000| PB 0x0000000082d00000| Updating 
|  45|0x0000000082d00000, 0x0000000082e00000, 0x0000000082e00000|100%|HS|  |TAMS 0x0000000082e00000| PB 0x0000000082d00000| Complete 
|  46|0x0000000082e00000, 0x0000000082f00000, 0x0000000082f00000|100%|HS|  |TAMS 0x0000000082f00000| PB 0x0000000082e00000| Complete 
|  47|0x0000000082f00000, 0x0000000083000000, 0x0000000083000000|100%| O|  |TAMS 0x0000000083000000| PB 0x0000000083000000| Untracked 
|  48|0x0000000083000000, 0x0000000083100000, 0x0000000083100000|100%| O|  |TAMS 0x0000000083100000| PB 0x0000000083100000| Untracked 
|  49|0x0000000083100000, 0x0000000083200000, 0x0000000083200000|100%| O|  |TAMS 0x0000000083200000| PB 0x0000000083200000| Untracked 
|  50|0x0000000083200000, 0x0000000083300000, 0x0000000083300000|100%| O|  |TAMS 0x0000000083300000| PB 0x0000000083300000| Untracked 
|  51|0x0000000083300000, 0x0000000083400000, 0x0000000083400000|100%|HS|  |TAMS 0x0000000083400000| PB 0x0000000083300000| Complete 
|  52|0x0000000083400000, 0x0000000083500000, 0x0000000083500000|100%|HC|  |TAMS 0x0000000083500000| PB 0x0000000083400000| Complete 
|  53|0x0000000083500000, 0x0000000083600000, 0x0000000083600000|100%| O|  |TAMS 0x0000000083600000| PB 0x0000000083600000| Untracked 
|  54|0x0000000083600000, 0x0000000083700000, 0x0000000083700000|100%| O|  |TAMS 0x0000000083700000| PB 0x0000000083700000| Untracked 
|  55|0x0000000083700000, 0x0000000083800000, 0x0000000083800000|100%| O|  |TAMS 0x0000000083800000| PB 0x0000000083800000| Untracked 
|  56|0x0000000083800000, 0x0000000083900000, 0x0000000083900000|100%| O|  |TAMS 0x0000000083900000| PB 0x0000000083900000| Untracked 
|  57|0x0000000083900000, 0x0000000083a00000, 0x0000000083a00000|100%| O|  |TAMS 0x0000000083a00000| PB 0x0000000083a00000| Untracked 
|  58|0x0000000083a00000, 0x0000000083b00000, 0x0000000083b00000|100%| O|  |TAMS 0x0000000083b00000| PB 0x0000000083b00000| Untracked 
|  59|0x0000000083b00000, 0x0000000083c00000, 0x0000000083c00000|100%|HS|  |TAMS 0x0000000083c00000| PB 0x0000000083b00000| Complete 
|  60|0x0000000083c00000, 0x0000000083d00000, 0x0000000083d00000|100%| O|  |TAMS 0x0000000083d00000| PB 0x0000000083d00000| Untracked 
|  61|0x0000000083d00000, 0x0000000083e00000, 0x0000000083e00000|100%| O|  |TAMS 0x0000000083e00000| PB 0x0000000083e00000| Untracked 
|  62|0x0000000083e00000, 0x0000000083f00000, 0x0000000083f00000|100%| O|  |TAMS 0x0000000083f00000| PB 0x0000000083f00000| Updating 
|  63|0x0000000083f00000, 0x0000000084000000, 0x0000000084000000|100%| O|  |TAMS 0x0000000084000000| PB 0x0000000084000000| Untracked 
|  64|0x0000000084000000, 0x0000000084100000, 0x0000000084100000|100%| O|  |TAMS 0x0000000084100000| PB 0x0000000084100000| Untracked 
|  65|0x0000000084100000, 0x0000000084200000, 0x0000000084200000|100%| O|  |TAMS 0x0000000084200000| PB 0x0000000084200000| Untracked 
|  66|0x0000000084200000, 0x0000000084300000, 0x0000000084300000|100%| O|  |TAMS 0x0000000084300000| PB 0x0000000084300000| Untracked 
|  67|0x0000000084300000, 0x0000000084400000, 0x0000000084400000|100%| O|  |TAMS 0x0000000084400000| PB 0x0000000084400000| Updating 
|  68|0x0000000084400000, 0x0000000084500000, 0x0000000084500000|100%| O|  |TAMS 0x0000000084500000| PB 0x0000000084500000| Updating 
|  69|0x0000000084500000, 0x0000000084600000, 0x0000000084600000|100%| O|  |TAMS 0x0000000084600000| PB 0x0000000084600000| Untracked 
|  70|0x0000000084600000, 0x0000000084700000, 0x0000000084700000|100%| O|  |TAMS 0x0000000084700000| PB 0x0000000084700000| Untracked 
|  71|0x0000000084700000, 0x0000000084800000, 0x0000000084800000|100%| O|  |TAMS 0x0000000084800000| PB 0x0000000084800000| Untracked 
|  72|0x0000000084800000, 0x0000000084900000, 0x0000000084900000|100%| O|  |TAMS 0x0000000084900000| PB 0x0000000084900000| Updating 
|  73|0x0000000084900000, 0x0000000084a00000, 0x0000000084a00000|100%| O|  |TAMS 0x0000000084a00000| PB 0x0000000084a00000| Untracked 
|  74|0x0000000084a00000, 0x0000000084b00000, 0x0000000084b00000|100%| O|  |TAMS 0x0000000084b00000| PB 0x0000000084b00000| Untracked 
|  75|0x0000000084b00000, 0x0000000084c00000, 0x0000000084c00000|100%| O|  |TAMS 0x0000000084c00000| PB 0x0000000084c00000| Untracked 
|  76|0x0000000084c00000, 0x0000000084d00000, 0x0000000084d00000|100%| O|  |TAMS 0x0000000084d00000| PB 0x0000000084d00000| Untracked 
|  77|0x0000000084d00000, 0x0000000084e00000, 0x0000000084e00000|100%| O|  |TAMS 0x0000000084e00000| PB 0x0000000084e00000| Updating 
|  78|0x0000000084e00000, 0x0000000084f00000, 0x0000000084f00000|100%| O|  |TAMS 0x0000000084f00000| PB 0x0000000084f00000| Updating 
|  79|0x0000000084f00000, 0x0000000085000000, 0x0000000085000000|100%|HS|  |TAMS 0x0000000085000000| PB 0x0000000084f00000| Complete 
|  80|0x0000000085000000, 0x0000000085100000, 0x0000000085100000|100%|HC|  |TAMS 0x0000000085100000| PB 0x0000000085000000| Complete 
|  81|0x0000000085100000, 0x0000000085200000, 0x0000000085200000|100%| O|  |TAMS 0x0000000085200000| PB 0x0000000085200000| Updating 
|  82|0x0000000085200000, 0x0000000085300000, 0x0000000085300000|100%| O|  |TAMS 0x0000000085300000| PB 0x0000000085300000| Updating 
|  83|0x0000000085300000, 0x0000000085400000, 0x0000000085400000|100%| O|  |TAMS 0x0000000085400000| PB 0x0000000085400000| Untracked 
|  84|0x0000000085400000, 0x0000000085500000, 0x0000000085500000|100%| O|  |TAMS 0x0000000085400000| PB 0x0000000085400000| Untracked 
|  85|0x0000000085500000, 0x0000000085600000, 0x0000000085600000|100%| O|  |TAMS 0x0000000085500000| PB 0x0000000085500000| Untracked 
|  86|0x0000000085600000, 0x0000000085700000, 0x0000000085700000|100%| O|  |TAMS 0x0000000085600000| PB 0x0000000085600000| Untracked 
|  87|0x0000000085700000, 0x0000000085800000, 0x0000000085800000|100%| O|  |TAMS 0x0000000085700000| PB 0x0000000085700000| Untracked 
|  88|0x0000000085800000, 0x0000000085900000, 0x0000000085900000|100%| O|  |TAMS 0x0000000085800000| PB 0x0000000085800000| Untracked 
|  89|0x0000000085900000, 0x0000000085a00000, 0x0000000085a00000|100%| O|  |TAMS 0x0000000085900000| PB 0x0000000085900000| Untracked 
|  90|0x0000000085a00000, 0x0000000085b00000, 0x0000000085b00000|100%| O|  |TAMS 0x0000000085a00000| PB 0x0000000085a00000| Untracked 
|  91|0x0000000085b00000, 0x0000000085c00000, 0x0000000085c00000|100%| O|  |TAMS 0x0000000085b00000| PB 0x0000000085b00000| Untracked 
|  92|0x0000000085c00000, 0x0000000085d00000, 0x0000000085d00000|100%| O|  |TAMS 0x0000000085d00000| PB 0x0000000085d00000| Updating 
|  93|0x0000000085d00000, 0x0000000085e00000, 0x0000000085e00000|100%| O|  |TAMS 0x0000000085e00000| PB 0x0000000085e00000| Updating 
|  94|0x0000000085e00000, 0x0000000085f00000, 0x0000000085f00000|100%| O|  |TAMS 0x0000000085f00000| PB 0x0000000085f00000| Updating 
|  95|0x0000000085f00000, 0x0000000086000000, 0x0000000086000000|100%| O|  |TAMS 0x0000000086000000| PB 0x0000000086000000| Untracked 
|  96|0x0000000086000000, 0x0000000086100000, 0x0000000086100000|100%| O|  |TAMS 0x0000000086100000| PB 0x0000000086100000| Untracked 
|  97|0x0000000086100000, 0x0000000086200000, 0x0000000086200000|100%| O|  |TAMS 0x0000000086200000| PB 0x0000000086200000| Untracked 
|  98|0x0000000086200000, 0x0000000086300000, 0x0000000086300000|100%| O|  |TAMS 0x0000000086300000| PB 0x0000000086300000| Untracked 
|  99|0x0000000086300000, 0x0000000086400000, 0x0000000086400000|100%| O|  |TAMS 0x0000000086300000| PB 0x0000000086300000| Untracked 
| 100|0x0000000086400000, 0x0000000086500000, 0x0000000086500000|100%| O|  |TAMS 0x0000000086400000| PB 0x0000000086400000| Untracked 
| 101|0x0000000086500000, 0x0000000086600000, 0x0000000086600000|100%| O|  |TAMS 0x0000000086500000| PB 0x0000000086500000| Untracked 
| 102|0x0000000086600000, 0x0000000086700000, 0x0000000086700000|100%| O|  |TAMS 0x0000000086600000| PB 0x0000000086600000| Untracked 
| 103|0x0000000086700000, 0x0000000086800000, 0x0000000086800000|100%| O|  |TAMS 0x0000000086700000| PB 0x0000000086700000| Untracked 
| 104|0x0000000086800000, 0x0000000086900000, 0x0000000086900000|100%| O|  |TAMS 0x0000000086800000| PB 0x0000000086800000| Untracked 
| 105|0x0000000086900000, 0x0000000086a00000, 0x0000000086a00000|100%| O|  |TAMS 0x0000000086900000| PB 0x0000000086900000| Untracked 
| 106|0x0000000086a00000, 0x0000000086b00000, 0x0000000086b00000|100%| O|  |TAMS 0x0000000086a00000| PB 0x0000000086a00000| Untracked 
| 107|0x0000000086b00000, 0x0000000086c00000, 0x0000000086c00000|100%| O|  |TAMS 0x0000000086b00000| PB 0x0000000086b00000| Untracked 
| 108|0x0000000086c00000, 0x0000000086d00000, 0x0000000086d00000|100%| O|  |TAMS 0x0000000086c00000| PB 0x0000000086c00000| Untracked 
| 109|0x0000000086d00000, 0x0000000086e00000, 0x0000000086e00000|100%| O|  |TAMS 0x0000000086d00000| PB 0x0000000086d00000| Untracked 
| 110|0x0000000086e00000, 0x0000000086f00000, 0x0000000086f00000|100%| O|  |TAMS 0x0000000086e00000| PB 0x0000000086e00000| Untracked 
| 111|0x0000000086f00000, 0x0000000087000000, 0x0000000087000000|100%| O|  |TAMS 0x0000000086f00000| PB 0x0000000086f00000| Untracked 
| 112|0x0000000087000000, 0x0000000087100000, 0x0000000087100000|100%| O|  |TAMS 0x0000000087000000| PB 0x0000000087000000| Untracked 
| 113|0x0000000087100000, 0x0000000087200000, 0x0000000087200000|100%| O|  |TAMS 0x0000000087100000| PB 0x0000000087100000| Updating 
| 114|0x0000000087200000, 0x0000000087300000, 0x0000000087300000|100%| O|  |TAMS 0x0000000087200000| PB 0x0000000087200000| Untracked 
| 115|0x0000000087300000, 0x0000000087400000, 0x0000000087400000|100%| O|  |TAMS 0x0000000087300000| PB 0x0000000087300000| Untracked 
| 116|0x0000000087400000, 0x0000000087500000, 0x0000000087500000|100%| O|  |TAMS 0x0000000087400000| PB 0x0000000087400000| Untracked 
| 117|0x0000000087500000, 0x0000000087500000, 0x0000000087600000|  0%| F|  |TAMS 0x0000000087500000| PB 0x0000000087500000| Untracked 
| 118|0x0000000087600000, 0x0000000087600000, 0x0000000087700000|  0%| F|  |TAMS 0x0000000087600000| PB 0x0000000087600000| Untracked 
| 119|0x0000000087700000, 0x0000000087700000, 0x0000000087800000|  0%| F|  |TAMS 0x0000000087700000| PB 0x0000000087700000| Untracked 
| 120|0x0000000087800000, 0x0000000087800000, 0x0000000087900000|  0%| F|  |TAMS 0x0000000087800000| PB 0x0000000087800000| Untracked 
| 121|0x0000000087900000, 0x0000000087900000, 0x0000000087a00000|  0%| F|  |TAMS 0x0000000087900000| PB 0x0000000087900000| Untracked 
| 122|0x0000000087a00000, 0x0000000087adc668, 0x0000000087b00000| 86%| O|  |TAMS 0x0000000087a00000| PB 0x0000000087a00000| Untracked 
| 123|0x0000000087b00000, 0x0000000087b00000, 0x0000000087c00000|  0%| F|  |TAMS 0x0000000087b00000| PB 0x0000000087b00000| Untracked 
| 124|0x0000000087c00000, 0x0000000087c00000, 0x0000000087d00000|  0%| F|  |TAMS 0x0000000087c00000| PB 0x0000000087c00000| Untracked 
| 125|0x0000000087d00000, 0x0000000087d00000, 0x0000000087e00000|  0%| F|  |TAMS 0x0000000087d00000| PB 0x0000000087d00000| Untracked 
| 126|0x0000000087e00000, 0x0000000087e00000, 0x0000000087f00000|  0%| F|  |TAMS 0x0000000087e00000| PB 0x0000000087e00000| Untracked 
| 127|0x0000000087f00000, 0x0000000087f00000, 0x0000000088000000|  0%| F|  |TAMS 0x0000000087f00000| PB 0x0000000087f00000| Untracked 
| 128|0x0000000088000000, 0x0000000088000000, 0x0000000088100000|  0%| F|  |TAMS 0x0000000088000000| PB 0x0000000088000000| Untracked 
| 129|0x0000000088100000, 0x0000000088100000, 0x0000000088200000|  0%| F|  |TAMS 0x0000000088100000| PB 0x0000000088100000| Untracked 
| 130|0x0000000088200000, 0x0000000088200000, 0x0000000088300000|  0%| F|  |TAMS 0x0000000088200000| PB 0x0000000088200000| Untracked 
| 131|0x0000000088300000, 0x0000000088300000, 0x0000000088400000|  0%| F|  |TAMS 0x0000000088300000| PB 0x0000000088300000| Untracked 
| 132|0x0000000088400000, 0x0000000088400000, 0x0000000088500000|  0%| F|  |TAMS 0x0000000088400000| PB 0x0000000088400000| Untracked 
| 133|0x0000000088500000, 0x0000000088500000, 0x0000000088600000|  0%| F|  |TAMS 0x0000000088500000| PB 0x0000000088500000| Untracked 
| 134|0x0000000088600000, 0x0000000088600000, 0x0000000088700000|  0%| F|  |TAMS 0x0000000088600000| PB 0x0000000088600000| Untracked 
| 135|0x0000000088700000, 0x0000000088700000, 0x0000000088800000|  0%| F|  |TAMS 0x0000000088700000| PB 0x0000000088700000| Untracked 
| 136|0x0000000088800000, 0x0000000088800000, 0x0000000088900000|  0%| F|  |TAMS 0x0000000088800000| PB 0x0000000088800000| Untracked 
| 137|0x0000000088900000, 0x0000000088900000, 0x0000000088a00000|  0%| F|  |TAMS 0x0000000088900000| PB 0x0000000088900000| Untracked 
| 138|0x0000000088a00000, 0x0000000088a00000, 0x0000000088b00000|  0%| F|  |TAMS 0x0000000088a00000| PB 0x0000000088a00000| Untracked 
| 139|0x0000000088b00000, 0x0000000088b00000, 0x0000000088c00000|  0%| F|  |TAMS 0x0000000088b00000| PB 0x0000000088b00000| Untracked 
| 140|0x0000000088c00000, 0x0000000088c00000, 0x0000000088d00000|  0%| F|  |TAMS 0x0000000088c00000| PB 0x0000000088c00000| Untracked 
| 141|0x0000000088d00000, 0x0000000088d00000, 0x0000000088e00000|  0%| F|  |TAMS 0x0000000088d00000| PB 0x0000000088d00000| Untracked 
| 142|0x0000000088e00000, 0x0000000088e00000, 0x0000000088f00000|  0%| F|  |TAMS 0x0000000088e00000| PB 0x0000000088e00000| Untracked 
| 143|0x0000000088f00000, 0x0000000088f00000, 0x0000000089000000|  0%| F|  |TAMS 0x0000000088f00000| PB 0x0000000088f00000| Untracked 
| 144|0x0000000089000000, 0x0000000089000000, 0x0000000089100000|  0%| F|  |TAMS 0x0000000089000000| PB 0x0000000089000000| Untracked 
| 145|0x0000000089100000, 0x0000000089100000, 0x0000000089200000|  0%| F|  |TAMS 0x0000000089100000| PB 0x0000000089100000| Untracked 
| 146|0x0000000089200000, 0x0000000089200000, 0x0000000089300000|  0%| F|  |TAMS 0x0000000089200000| PB 0x0000000089200000| Untracked 
| 147|0x0000000089300000, 0x0000000089300000, 0x0000000089400000|  0%| F|  |TAMS 0x0000000089300000| PB 0x0000000089300000| Untracked 
| 148|0x0000000089400000, 0x0000000089400000, 0x0000000089500000|  0%| F|  |TAMS 0x0000000089400000| PB 0x0000000089400000| Untracked 
| 149|0x0000000089500000, 0x0000000089500000, 0x0000000089600000|  0%| F|  |TAMS 0x0000000089500000| PB 0x0000000089500000| Untracked 
| 150|0x0000000089600000, 0x0000000089600000, 0x0000000089700000|  0%| F|  |TAMS 0x0000000089600000| PB 0x0000000089600000| Untracked 
| 151|0x0000000089700000, 0x0000000089700000, 0x0000000089800000|  0%| F|  |TAMS 0x0000000089700000| PB 0x0000000089700000| Untracked 
| 152|0x0000000089800000, 0x0000000089800000, 0x0000000089900000|  0%| F|  |TAMS 0x0000000089800000| PB 0x0000000089800000| Untracked 
| 153|0x0000000089900000, 0x0000000089900000, 0x0000000089a00000|  0%| F|  |TAMS 0x0000000089900000| PB 0x0000000089900000| Untracked 
| 154|0x0000000089a00000, 0x0000000089a00000, 0x0000000089b00000|  0%| F|  |TAMS 0x0000000089a00000| PB 0x0000000089a00000| Untracked 
| 155|0x0000000089b00000, 0x0000000089b00000, 0x0000000089c00000|  0%| F|  |TAMS 0x0000000089b00000| PB 0x0000000089b00000| Untracked 
| 156|0x0000000089c00000, 0x0000000089c00000, 0x0000000089d00000|  0%| F|  |TAMS 0x0000000089c00000| PB 0x0000000089c00000| Untracked 
| 157|0x0000000089d00000, 0x0000000089d00000, 0x0000000089e00000|  0%| F|  |TAMS 0x0000000089d00000| PB 0x0000000089d00000| Untracked 
| 158|0x0000000089e00000, 0x0000000089e00000, 0x0000000089f00000|  0%| F|  |TAMS 0x0000000089e00000| PB 0x0000000089e00000| Untracked 
| 159|0x0000000089f00000, 0x0000000089f00000, 0x000000008a000000|  0%| F|  |TAMS 0x0000000089f00000| PB 0x0000000089f00000| Untracked 
| 160|0x000000008a000000, 0x000000008a000000, 0x000000008a100000|  0%| F|  |TAMS 0x000000008a000000| PB 0x000000008a000000| Untracked 
| 161|0x000000008a100000, 0x000000008a100000, 0x000000008a200000|  0%| F|  |TAMS 0x000000008a100000| PB 0x000000008a100000| Untracked 
| 162|0x000000008a200000, 0x000000008a200000, 0x000000008a300000|  0%| F|  |TAMS 0x000000008a200000| PB 0x000000008a200000| Untracked 
| 163|0x000000008a300000, 0x000000008a300000, 0x000000008a400000|  0%| F|  |TAMS 0x000000008a300000| PB 0x000000008a300000| Untracked 
| 164|0x000000008a400000, 0x000000008a400000, 0x000000008a500000|  0%| F|  |TAMS 0x000000008a400000| PB 0x000000008a400000| Untracked 
| 165|0x000000008a500000, 0x000000008a500000, 0x000000008a600000|  0%| F|  |TAMS 0x000000008a500000| PB 0x000000008a500000| Untracked 
| 166|0x000000008a600000, 0x000000008a600000, 0x000000008a700000|  0%| F|  |TAMS 0x000000008a600000| PB 0x000000008a600000| Untracked 
| 167|0x000000008a700000, 0x000000008a700000, 0x000000008a800000|  0%| F|  |TAMS 0x000000008a700000| PB 0x000000008a700000| Untracked 
| 168|0x000000008a800000, 0x000000008a800000, 0x000000008a900000|  0%| F|  |TAMS 0x000000008a800000| PB 0x000000008a800000| Untracked 
| 169|0x000000008a900000, 0x000000008a900000, 0x000000008aa00000|  0%| F|  |TAMS 0x000000008a900000| PB 0x000000008a900000| Untracked 
| 170|0x000000008aa00000, 0x000000008aa00000, 0x000000008ab00000|  0%| F|  |TAMS 0x000000008aa00000| PB 0x000000008aa00000| Untracked 
| 171|0x000000008ab00000, 0x000000008ab00000, 0x000000008ac00000|  0%| F|  |TAMS 0x000000008ab00000| PB 0x000000008ab00000| Untracked 
| 172|0x000000008ac00000, 0x000000008ac00000, 0x000000008ad00000|  0%| F|  |TAMS 0x000000008ac00000| PB 0x000000008ac00000| Untracked 
| 173|0x000000008ad00000, 0x000000008ad00000, 0x000000008ae00000|  0%| F|  |TAMS 0x000000008ad00000| PB 0x000000008ad00000| Untracked 
| 174|0x000000008ae00000, 0x000000008ae00000, 0x000000008af00000|  0%| F|  |TAMS 0x000000008ae00000| PB 0x000000008ae00000| Untracked 
| 175|0x000000008af00000, 0x000000008af00000, 0x000000008b000000|  0%| F|  |TAMS 0x000000008af00000| PB 0x000000008af00000| Untracked 
| 176|0x000000008b000000, 0x000000008b000000, 0x000000008b100000|  0%| F|  |TAMS 0x000000008b000000| PB 0x000000008b000000| Untracked 
| 177|0x000000008b100000, 0x000000008b100000, 0x000000008b200000|  0%| F|  |TAMS 0x000000008b100000| PB 0x000000008b100000| Untracked 
| 178|0x000000008b200000, 0x000000008b200000, 0x000000008b300000|  0%| F|  |TAMS 0x000000008b200000| PB 0x000000008b200000| Untracked 
| 179|0x000000008b300000, 0x000000008b300000, 0x000000008b400000|  0%| F|  |TAMS 0x000000008b300000| PB 0x000000008b300000| Untracked 
| 180|0x000000008b400000, 0x000000008b400000, 0x000000008b500000|  0%| F|  |TAMS 0x000000008b400000| PB 0x000000008b400000| Untracked 
| 181|0x000000008b500000, 0x000000008b500000, 0x000000008b600000|  0%| F|  |TAMS 0x000000008b500000| PB 0x000000008b500000| Untracked 
| 182|0x000000008b600000, 0x000000008b600000, 0x000000008b700000|  0%| F|  |TAMS 0x000000008b600000| PB 0x000000008b600000| Untracked 
| 183|0x000000008b700000, 0x000000008b700000, 0x000000008b800000|  0%| F|  |TAMS 0x000000008b700000| PB 0x000000008b700000| Untracked 
| 184|0x000000008b800000, 0x000000008b800000, 0x000000008b900000|  0%| F|  |TAMS 0x000000008b800000| PB 0x000000008b800000| Untracked 
| 185|0x000000008b900000, 0x000000008ba00000, 0x000000008ba00000|100%| S|CS|TAMS 0x000000008b900000| PB 0x000000008b900000| Complete 
| 186|0x000000008ba00000, 0x000000008bb00000, 0x000000008bb00000|100%| S|CS|TAMS 0x000000008ba00000| PB 0x000000008ba00000| Complete 
| 187|0x000000008bb00000, 0x000000008bc00000, 0x000000008bc00000|100%| S|CS|TAMS 0x000000008bb00000| PB 0x000000008bb00000| Complete 
| 188|0x000000008bc00000, 0x000000008bd00000, 0x000000008bd00000|100%| S|CS|TAMS 0x000000008bc00000| PB 0x000000008bc00000| Complete 
| 189|0x000000008bd00000, 0x000000008bd00000, 0x000000008be00000|  0%| F|  |TAMS 0x000000008bd00000| PB 0x000000008bd00000| Untracked 
| 190|0x000000008be00000, 0x000000008be00000, 0x000000008bf00000|  0%| F|  |TAMS 0x000000008be00000| PB 0x000000008be00000| Untracked 
| 191|0x000000008bf00000, 0x000000008bf00000, 0x000000008c000000|  0%| F|  |TAMS 0x000000008bf00000| PB 0x000000008bf00000| Untracked 
| 192|0x000000008c000000, 0x000000008c000000, 0x000000008c100000|  0%| F|  |TAMS 0x000000008c000000| PB 0x000000008c000000| Untracked 
| 193|0x000000008c100000, 0x000000008c100000, 0x000000008c200000|  0%| F|  |TAMS 0x000000008c100000| PB 0x000000008c100000| Untracked 
| 194|0x000000008c200000, 0x000000008c200000, 0x000000008c300000|  0%| F|  |TAMS 0x000000008c200000| PB 0x000000008c200000| Untracked 
| 195|0x000000008c300000, 0x000000008c300000, 0x000000008c400000|  0%| F|  |TAMS 0x000000008c300000| PB 0x000000008c300000| Untracked 
| 196|0x000000008c400000, 0x000000008c400000, 0x000000008c500000|  0%| F|  |TAMS 0x000000008c400000| PB 0x000000008c400000| Untracked 
| 197|0x000000008c500000, 0x000000008c500000, 0x000000008c600000|  0%| F|  |TAMS 0x000000008c500000| PB 0x000000008c500000| Untracked 
| 198|0x000000008c600000, 0x000000008c600000, 0x000000008c700000|  0%| F|  |TAMS 0x000000008c600000| PB 0x000000008c600000| Untracked 
| 199|0x000000008c700000, 0x000000008c700000, 0x000000008c800000|  0%| F|  |TAMS 0x000000008c700000| PB 0x000000008c700000| Untracked 
| 200|0x000000008c800000, 0x000000008c800000, 0x000000008c900000|  0%| F|  |TAMS 0x000000008c800000| PB 0x000000008c800000| Untracked 
| 201|0x000000008c900000, 0x000000008c900000, 0x000000008ca00000|  0%| F|  |TAMS 0x000000008c900000| PB 0x000000008c900000| Untracked 
| 202|0x000000008ca00000, 0x000000008ca00000, 0x000000008cb00000|  0%| F|  |TAMS 0x000000008ca00000| PB 0x000000008ca00000| Untracked 
| 203|0x000000008cb00000, 0x000000008cb00000, 0x000000008cc00000|  0%| F|  |TAMS 0x000000008cb00000| PB 0x000000008cb00000| Untracked 
| 204|0x000000008cc00000, 0x000000008cc00000, 0x000000008cd00000|  0%| F|  |TAMS 0x000000008cc00000| PB 0x000000008cc00000| Untracked 
| 205|0x000000008cd00000, 0x000000008cd00000, 0x000000008ce00000|  0%| F|  |TAMS 0x000000008cd00000| PB 0x000000008cd00000| Untracked 
| 206|0x000000008ce00000, 0x000000008ce00000, 0x000000008cf00000|  0%| F|  |TAMS 0x000000008ce00000| PB 0x000000008ce00000| Untracked 
| 207|0x000000008cf00000, 0x000000008cf00000, 0x000000008d000000|  0%| F|  |TAMS 0x000000008cf00000| PB 0x000000008cf00000| Untracked 
| 208|0x000000008d000000, 0x000000008d000000, 0x000000008d100000|  0%| F|  |TAMS 0x000000008d000000| PB 0x000000008d000000| Untracked 
| 209|0x000000008d100000, 0x000000008d100000, 0x000000008d200000|  0%| F|  |TAMS 0x000000008d100000| PB 0x000000008d100000| Untracked 
| 210|0x000000008d200000, 0x000000008d200000, 0x000000008d300000|  0%| F|  |TAMS 0x000000008d200000| PB 0x000000008d200000| Untracked 
| 211|0x000000008d300000, 0x000000008d300000, 0x000000008d400000|  0%| F|  |TAMS 0x000000008d300000| PB 0x000000008d300000| Untracked 
| 212|0x000000008d400000, 0x000000008d400000, 0x000000008d500000|  0%| F|  |TAMS 0x000000008d400000| PB 0x000000008d400000| Untracked 
| 213|0x000000008d500000, 0x000000008d500000, 0x000000008d600000|  0%| F|  |TAMS 0x000000008d500000| PB 0x000000008d500000| Untracked 
| 214|0x000000008d600000, 0x000000008d600000, 0x000000008d700000|  0%| F|  |TAMS 0x000000008d600000| PB 0x000000008d600000| Untracked 
| 215|0x000000008d700000, 0x000000008d700000, 0x000000008d800000|  0%| F|  |TAMS 0x000000008d700000| PB 0x000000008d700000| Untracked 
| 216|0x000000008d800000, 0x000000008d800000, 0x000000008d900000|  0%| F|  |TAMS 0x000000008d800000| PB 0x000000008d800000| Untracked 
| 217|0x000000008d900000, 0x000000008d900000, 0x000000008da00000|  0%| F|  |TAMS 0x000000008d900000| PB 0x000000008d900000| Untracked 
| 218|0x000000008da00000, 0x000000008da00000, 0x000000008db00000|  0%| F|  |TAMS 0x000000008da00000| PB 0x000000008da00000| Untracked 
| 219|0x000000008db00000, 0x000000008db00000, 0x000000008dc00000|  0%| F|  |TAMS 0x000000008db00000| PB 0x000000008db00000| Untracked 
| 220|0x000000008dc00000, 0x000000008dc00000, 0x000000008dd00000|  0%| F|  |TAMS 0x000000008dc00000| PB 0x000000008dc00000| Untracked 
| 221|0x000000008dd00000, 0x000000008dd00000, 0x000000008de00000|  0%| F|  |TAMS 0x000000008dd00000| PB 0x000000008dd00000| Untracked 
| 222|0x000000008de00000, 0x000000008de00000, 0x000000008df00000|  0%| F|  |TAMS 0x000000008de00000| PB 0x000000008de00000| Untracked 
| 223|0x000000008df00000, 0x000000008df00000, 0x000000008e000000|  0%| F|  |TAMS 0x000000008df00000| PB 0x000000008df00000| Untracked 
| 224|0x000000008e000000, 0x000000008e000000, 0x000000008e100000|  0%| F|  |TAMS 0x000000008e000000| PB 0x000000008e000000| Untracked 
| 225|0x000000008e100000, 0x000000008e100000, 0x000000008e200000|  0%| F|  |TAMS 0x000000008e100000| PB 0x000000008e100000| Untracked 
| 226|0x000000008e200000, 0x000000008e200000, 0x000000008e300000|  0%| F|  |TAMS 0x000000008e200000| PB 0x000000008e200000| Untracked 
| 227|0x000000008e300000, 0x000000008e300000, 0x000000008e400000|  0%| F|  |TAMS 0x000000008e300000| PB 0x000000008e300000| Untracked 
| 228|0x000000008e400000, 0x000000008e400000, 0x000000008e500000|  0%| F|  |TAMS 0x000000008e400000| PB 0x000000008e400000| Untracked 
| 229|0x000000008e500000, 0x000000008e500000, 0x000000008e600000|  0%| F|  |TAMS 0x000000008e500000| PB 0x000000008e500000| Untracked 
| 230|0x000000008e600000, 0x000000008e600000, 0x000000008e700000|  0%| F|  |TAMS 0x000000008e600000| PB 0x000000008e600000| Untracked 
| 231|0x000000008e700000, 0x000000008e700000, 0x000000008e800000|  0%| F|  |TAMS 0x000000008e700000| PB 0x000000008e700000| Untracked 
| 232|0x000000008e800000, 0x000000008e800000, 0x000000008e900000|  0%| F|  |TAMS 0x000000008e800000| PB 0x000000008e800000| Untracked 
| 233|0x000000008e900000, 0x000000008e900000, 0x000000008ea00000|  0%| F|  |TAMS 0x000000008e900000| PB 0x000000008e900000| Untracked 
| 234|0x000000008ea00000, 0x000000008ea00000, 0x000000008eb00000|  0%| F|  |TAMS 0x000000008ea00000| PB 0x000000008ea00000| Untracked 
| 235|0x000000008eb00000, 0x000000008eb00000, 0x000000008ec00000|  0%| F|  |TAMS 0x000000008eb00000| PB 0x000000008eb00000| Untracked 
| 236|0x000000008ec00000, 0x000000008ec00000, 0x000000008ed00000|  0%| F|  |TAMS 0x000000008ec00000| PB 0x000000008ec00000| Untracked 
| 237|0x000000008ed00000, 0x000000008ed00000, 0x000000008ee00000|  0%| F|  |TAMS 0x000000008ed00000| PB 0x000000008ed00000| Untracked 
| 238|0x000000008ee00000, 0x000000008ee00000, 0x000000008ef00000|  0%| F|  |TAMS 0x000000008ee00000| PB 0x000000008ee00000| Untracked 
| 239|0x000000008ef00000, 0x000000008ef00000, 0x000000008f000000|  0%| F|  |TAMS 0x000000008ef00000| PB 0x000000008ef00000| Untracked 
| 240|0x000000008f000000, 0x000000008f000000, 0x000000008f100000|  0%| F|  |TAMS 0x000000008f000000| PB 0x000000008f000000| Untracked 
| 241|0x000000008f100000, 0x000000008f100000, 0x000000008f200000|  0%| F|  |TAMS 0x000000008f100000| PB 0x000000008f100000| Untracked 
| 242|0x000000008f200000, 0x000000008f200000, 0x000000008f300000|  0%| F|  |TAMS 0x000000008f200000| PB 0x000000008f200000| Untracked 
| 243|0x000000008f300000, 0x000000008f300000, 0x000000008f400000|  0%| F|  |TAMS 0x000000008f300000| PB 0x000000008f300000| Untracked 
| 244|0x000000008f400000, 0x000000008f400000, 0x000000008f500000|  0%| F|  |TAMS 0x000000008f400000| PB 0x000000008f400000| Untracked 
| 245|0x000000008f500000, 0x000000008f500000, 0x000000008f600000|  0%| F|  |TAMS 0x000000008f500000| PB 0x000000008f500000| Untracked 
| 246|0x000000008f600000, 0x000000008f600000, 0x000000008f700000|  0%| F|  |TAMS 0x000000008f600000| PB 0x000000008f600000| Untracked 
| 247|0x000000008f700000, 0x000000008f700000, 0x000000008f800000|  0%| F|  |TAMS 0x000000008f700000| PB 0x000000008f700000| Untracked 
|2031|0x00000000fef00000, 0x00000000ff000000, 0x00000000ff000000|100%| O|  |TAMS 0x00000000fef00000| PB 0x00000000fef00000| Untracked 
|2032|0x00000000ff000000, 0x00000000ff100000, 0x00000000ff100000|100%| O|  |TAMS 0x00000000ff000000| PB 0x00000000ff000000| Untracked 
|2033|0x00000000ff100000, 0x00000000ff200000, 0x00000000ff200000|100%| O|  |TAMS 0x00000000ff100000| PB 0x00000000ff100000| Untracked 
|2034|0x00000000ff200000, 0x00000000ff300000, 0x00000000ff300000|100%| O|  |TAMS 0x00000000ff300000| PB 0x00000000ff200000| Updating 
|2035|0x00000000ff300000, 0x00000000ff400000, 0x00000000ff400000|100%| O|  |TAMS 0x00000000ff400000| PB 0x00000000ff300000| Updating 
|2036|0x00000000ff400000, 0x00000000ff500000, 0x00000000ff500000|100%| O|  |TAMS 0x00000000ff500000| PB 0x00000000ff400000| Updating 
|2037|0x00000000ff500000, 0x00000000ff600000, 0x00000000ff600000|100%| O|  |TAMS 0x00000000ff600000| PB 0x00000000ff500000| Untracked 
|2038|0x00000000ff600000, 0x00000000ff700000, 0x00000000ff700000|100%| O|  |TAMS 0x00000000ff700000| PB 0x00000000ff600000| Untracked 
|2039|0x00000000ff700000, 0x00000000ff800000, 0x00000000ff800000|100%| O|  |TAMS 0x00000000ff800000| PB 0x00000000ff700000| Updating 
|2040|0x00000000ff800000, 0x00000000ff900000, 0x00000000ff900000|100%| O|  |TAMS 0x00000000ff900000| PB 0x00000000ff800000| Untracked 
|2041|0x00000000ff900000, 0x00000000ffa00000, 0x00000000ffa00000|100%| O|  |TAMS 0x00000000ffa00000| PB 0x00000000ff900000| Untracked 
|2042|0x00000000ffa00000, 0x00000000ffa00000, 0x00000000ffb00000|  0%| F|  |TAMS 0x00000000ffa00000| PB 0x00000000ffa00000| Untracked 
|2043|0x00000000ffb00000, 0x00000000ffc00000, 0x00000000ffc00000|100%| O|  |TAMS 0x00000000ffc00000| PB 0x00000000ffb00000| Untracked 
|2044|0x00000000ffc00000, 0x00000000ffd00000, 0x00000000ffd00000|100%| O|  |TAMS 0x00000000ffd00000| PB 0x00000000ffc00000| Untracked 
|2045|0x00000000ffd00000, 0x00000000ffe00000, 0x00000000ffe00000|100%| O|  |TAMS 0x00000000ffe00000| PB 0x00000000ffd00000| Untracked 
|2046|0x00000000ffe00000, 0x00000000fff00000, 0x00000000fff00000|100%| O|  |TAMS 0x00000000fff00000| PB 0x00000000ffe00000| Untracked 
|2047|0x00000000fff00000, 0x0000000100000000, 0x0000000100000000|100%| O|  |TAMS 0x0000000100000000| PB 0x00000000fff00000| Untracked 

Card table byte_map: [0x00000239c5d20000,0x00000239c6120000] _byte_map_base: 0x00000239c5920000

Marking Bits: (CMBitMap*) 0x00000239b5a48340
 Bits: [0x00000239c6120000, 0x00000239c8120000)

Polling page: 0x00000239ab720000

Metaspace:

Usage:
  Non-class:     86.72 MB used.
      Class:     14.07 MB used.
       Both:    100.79 MB used.

Virtual space:
  Non-class space:      128.00 MB reserved,      88.00 MB ( 69%) committed,  2 nodes.
      Class space:        1.00 GB reserved,      15.31 MB (  1%) committed,  1 nodes.
             Both:        1.12 GB reserved,     103.31 MB (  9%) committed. 

Chunk freelists:
   Non-Class:  7.25 MB
       Class:  778.00 KB
        Both:  8.01 MB

MaxMetaspaceSize: unlimited
CompressedClassSpaceSize: 1.00 GB
Initial GC threshold: 21.00 MB
Current GC threshold: 172.19 MB
CDS: on
 - commit_granule_bytes: 65536.
 - commit_granule_words: 8192.
 - virtual_space_node_default_size: 8388608.
 - enlarge_chunks_in_place: 1.
 - use_allocation_guard: 0.


Internal statistics:

num_allocs_failed_limit: 15.
num_arena_births: 4422.
num_arena_deaths: 92.
num_vsnodes_births: 3.
num_vsnodes_deaths: 0.
num_space_committed: 1652.
num_space_uncommitted: 0.
num_chunks_returned_to_freelist: 149.
num_chunks_taken_from_freelist: 9265.
num_chunk_merges: 59.
num_chunk_splits: 6034.
num_chunks_enlarged: 3738.
num_inconsistent_stats: 0.

CodeHeap 'non-profiled nmethods': size=120000Kb used=5385Kb max_used=6641Kb free=114614Kb
 bounds [0x00000239bd880000, 0x00000239bdf00000, 0x00000239c4db0000]
CodeHeap 'profiled nmethods': size=120000Kb used=15381Kb max_used=20123Kb free=104618Kb
 bounds [0x00000239b5db0000, 0x00000239b7160000, 0x00000239bd2e0000]
CodeHeap 'non-nmethods': size=5760Kb used=2217Kb max_used=2226Kb free=3543Kb
 bounds [0x00000239bd2e0000, 0x00000239bd550000, 0x00000239bd880000]
 total_blobs=8987 nmethods=8083 adapters=806
 compilation: enabled
              stopped_count=0, restarted_count=0
 full_count=0

Compilation events (20 events):
Event: 69.923 Thread 0x00000239cacdae10 12692       2       com.android.tools.r8.graph.f8::<init> (59 bytes)
Event: 69.923 Thread 0x00000239cacdae10 nmethod 12692 0x00000239b7151d10 code [0x00000239b7151ea0, 0x00000239b7151ff0]
Event: 69.923 Thread 0x00000239cacdae10 12659       1       com.android.tools.r8.internal.os2::size (5 bytes)
Event: 69.923 Thread 0x00000239cacdae10 nmethod 12659 0x00000239bdef9c90 code [0x00000239bdef9e20, 0x00000239bdef9ee8]
Event: 69.923 Thread 0x00000239cacdae10 12702   !   2       java.util.Map::forEach (81 bytes)
Event: 69.924 Thread 0x00000239cacdae10 nmethod 12702 0x00000239b7152090 code [0x00000239b71522e0, 0x00000239b71527b8]
Event: 69.924 Thread 0x00000239cacdae10 12703       2       com.android.tools.r8.graph.ra::b (64 bytes)
Event: 69.924 Thread 0x00000239cacdae10 nmethod 12703 0x00000239b7152a90 code [0x00000239b7152ca0, 0x00000239b7152ff8]
Event: 69.924 Thread 0x00000239cacdae10 12704       2       com.android.tools.r8.graph.q7::a (132 bytes)
Event: 69.924 Thread 0x00000239cacdae10 nmethod 12704 0x00000239b7153210 code [0x00000239b7153420, 0x00000239b7153a38]
Event: 69.930 Thread 0x0000023a12ec64a0 nmethod 12654 0x00000239bdef9f90 code [0x00000239bdefa260, 0x00000239bdefb548]
Event: 69.930 Thread 0x0000023a12ec64a0 12678   !   4       java.util.concurrent.ConcurrentHashMap::transfer (849 bytes)
Event: 69.932 Thread 0x00000239cacdae10 12706   !   3       java.util.concurrent.ConcurrentHashMap::putVal (432 bytes)
Event: 69.940 Thread 0x00000239cacdae10 nmethod 12706 0x00000239b7153e10 code [0x00000239b71541a0, 0x00000239b7155c50]
Event: 69.940 Thread 0x00000239cacdae10 12711   !   2       java.util.concurrent.ConcurrentHashMap::fullAddCount (462 bytes)
Event: 69.940 Thread 0x00000239cacdae10 nmethod 12711 0x00000239b7156610 code [0x00000239b7156840, 0x00000239b71573e8]
Event: 69.940 Thread 0x00000239cacdae10 12715   !   3       com.android.tools.r8.graph.p9::a (310 bytes)
Event: 69.941 Thread 0x00000239cacdae10 nmethod 12715 0x00000239b7157990 code [0x00000239b7157ca0, 0x00000239b7158de0]
Event: 69.944 Thread 0x00000239cacdae10 12716       3       com.android.tools.r8.graph.k9::a (444 bytes)
Event: 69.957 Thread 0x00000239cacdae10 nmethod 12716 0x00000239b6d65a10 code [0x00000239b6d65fc0, 0x00000239b6d68bb8]

GC Heap History (20 events):
Event: 7.402 GC heap after
{Heap after GC invocations=25 (full 0):
 garbage-first heap   total 134144K, used 81448K [0x0000000080000000, 0x0000000100000000)
  region size 1024K, 4 young (4096K), 4 survivors (4096K)
 Metaspace       used 84215K, committed 86464K, reserved 1179648K
  class space    used 11856K, committed 12992K, reserved 1048576K
}
Event: 7.635 GC heap before
{Heap before GC invocations=25 (full 0):
 garbage-first heap   total 134144K, used 121384K [0x0000000080000000, 0x0000000100000000)
  region size 1024K, 43 young (44032K), 4 survivors (4096K)
 Metaspace       used 86837K, committed 89152K, reserved 1179648K
  class space    used 12233K, committed 13376K, reserved 1048576K
}
Event: 7.637 GC heap after
{Heap after GC invocations=26 (full 0):
 garbage-first heap   total 134144K, used 83019K [0x0000000080000000, 0x0000000100000000)
  region size 1024K, 5 young (5120K), 5 survivors (5120K)
 Metaspace       used 86837K, committed 89152K, reserved 1179648K
  class space    used 12233K, committed 13376K, reserved 1048576K
}
Event: 7.880 GC heap before
{Heap before GC invocations=26 (full 0):
 garbage-first heap   total 134144K, used 119883K [0x0000000080000000, 0x0000000100000000)
  region size 1024K, 41 young (41984K), 5 survivors (5120K)
 Metaspace       used 90401K, committed 92736K, reserved 1179648K
  class space    used 12700K, committed 13888K, reserved 1048576K
}
Event: 7.883 GC heap after
{Heap after GC invocations=27 (full 0):
 garbage-first heap   total 161792K, used 85138K [0x0000000080000000, 0x0000000100000000)
  region size 1024K, 4 young (4096K), 4 survivors (4096K)
 Metaspace       used 90401K, committed 92736K, reserved 1179648K
  class space    used 12700K, committed 13888K, reserved 1048576K
}
Event: 68.810 GC heap before
{Heap before GC invocations=28 (full 0):
 garbage-first heap   total 161792K, used 151698K [0x0000000080000000, 0x0000000100000000)
  region size 1024K, 65 young (66560K), 4 survivors (4096K)
 Metaspace       used 96420K, committed 98752K, reserved 1179648K
  class space    used 13521K, committed 14656K, reserved 1048576K
}
Event: 68.813 GC heap after
{Heap after GC invocations=29 (full 0):
 garbage-first heap   total 161792K, used 88606K [0x0000000080000000, 0x0000000100000000)
  region size 1024K, 8 young (8192K), 8 survivors (8192K)
 Metaspace       used 96420K, committed 98752K, reserved 1179648K
  class space    used 13521K, committed 14656K, reserved 1048576K
}
Event: 69.238 GC heap before
{Heap before GC invocations=29 (full 0):
 garbage-first heap   total 161792K, used 142878K [0x0000000080000000, 0x0000000100000000)
  region size 1024K, 61 young (62464K), 8 survivors (8192K)
 Metaspace       used 97700K, committed 100096K, reserved 1179648K
  class space    used 13657K, committed 14848K, reserved 1048576K
}
Event: 69.243 GC heap after
{Heap after GC invocations=30 (full 0):
 garbage-first heap   total 161792K, used 91149K [0x0000000080000000, 0x0000000100000000)
  region size 1024K, 7 young (7168K), 7 survivors (7168K)
 Metaspace       used 97700K, committed 100096K, reserved 1179648K
  class space    used 13657K, committed 14848K, reserved 1048576K
}
Event: 69.438 GC heap before
{Heap before GC invocations=30 (full 0):
 garbage-first heap   total 161792K, used 114701K [0x0000000080000000, 0x0000000100000000)
  region size 1024K, 32 young (32768K), 7 survivors (7168K)
 Metaspace       used 99361K, committed 101824K, reserved 1179648K
  class space    used 13890K, committed 15168K, reserved 1048576K
}
Event: 69.441 GC heap after
{Heap after GC invocations=31 (full 0):
 garbage-first heap   total 161792K, used 92013K [0x0000000080000000, 0x0000000100000000)
  region size 1024K, 4 young (4096K), 4 survivors (4096K)
 Metaspace       used 99361K, committed 101824K, reserved 1179648K
  class space    used 13890K, committed 15168K, reserved 1048576K
}
Event: 69.774 GC heap before
{Heap before GC invocations=32 (full 0):
 garbage-first heap   total 161792K, used 149357K [0x0000000080000000, 0x0000000100000000)
  region size 1024K, 59 young (60416K), 4 survivors (4096K)
 Metaspace       used 102150K, committed 104640K, reserved 1179648K
  class space    used 14287K, committed 15552K, reserved 1048576K
}
Event: 69.777 GC heap after
{Heap after GC invocations=33 (full 0):
 garbage-first heap   total 163840K, used 102626K [0x0000000080000000, 0x0000000100000000)
  region size 1024K, 8 young (8192K), 8 survivors (8192K)
 Metaspace       used 102150K, committed 104640K, reserved 1179648K
  class space    used 14287K, committed 15552K, reserved 1048576K
}
Event: 69.843 GC heap before
{Heap before GC invocations=33 (full 0):
 garbage-first heap   total 163840K, used 146658K [0x0000000080000000, 0x0000000100000000)
  region size 1024K, 53 young (54272K), 8 survivors (8192K)
 Metaspace       used 103224K, committed 105728K, reserved 1179648K
  class space    used 14423K, committed 15680K, reserved 1048576K
}
Event: 69.850 GC heap after
{Heap after GC invocations=34 (full 0):
 garbage-first heap   total 168960K, used 112640K [0x0000000080000000, 0x0000000100000000)
  region size 1024K, 7 young (7168K), 7 survivors (7168K)
 Metaspace       used 103224K, committed 105728K, reserved 1179648K
  class space    used 14423K, committed 15680K, reserved 1048576K
}
Event: 69.894 GC heap before
{Heap before GC invocations=34 (full 0):
 garbage-first heap   total 168960K, used 151552K [0x0000000080000000, 0x0000000100000000)
  region size 1024K, 46 young (47104K), 7 survivors (7168K)
 Metaspace       used 103283K, committed 105792K, reserved 1179648K
  class space    used 14426K, committed 15680K, reserved 1048576K
}
Event: 69.901 GC heap after
{Heap after GC invocations=35 (full 0):
 garbage-first heap   total 172032K, used 124518K [0x0000000080000000, 0x0000000100000000)
  region size 1024K, 6 young (6144K), 6 survivors (6144K)
 Metaspace       used 103283K, committed 105792K, reserved 1179648K
  class space    used 14426K, committed 15680K, reserved 1048576K
}
Event: 69.925 GC heap before
{Heap before GC invocations=35 (full 0):
 garbage-first heap   total 172032K, used 155238K [0x0000000080000000, 0x0000000100000000)
  region size 1024K, 36 young (36864K), 6 survivors (6144K)
 Metaspace       used 103296K, committed 105792K, reserved 1179648K
  class space    used 14426K, committed 15680K, reserved 1048576K
}
Event: 69.929 GC heap after
{Heap after GC invocations=36 (full 0):
 garbage-first heap   total 172032K, used 131801K [0x0000000080000000, 0x0000000100000000)
  region size 1024K, 5 young (5120K), 5 survivors (5120K)
 Metaspace       used 103296K, committed 105792K, reserved 1179648K
  class space    used 14426K, committed 15680K, reserved 1048576K
}
Event: 69.964 GC heap before
{Heap before GC invocations=36 (full 0):
 garbage-first heap   total 220160K, used 156377K [0x0000000080000000, 0x0000000100000000)
  region size 1024K, 30 young (30720K), 5 survivors (5120K)
 Metaspace       used 103211K, committed 105792K, reserved 1179648K
  class space    used 14406K, committed 15680K, reserved 1048576K
}

Dll operation events (15 events):
Event: 0.144 Loaded shared library C:\Users\16696\.gradle\jdks\eclipse_adoptium-21-amd64-windows.2\bin\java.dll
Event: 0.168 Loaded shared library C:\Users\16696\.gradle\jdks\eclipse_adoptium-21-amd64-windows.2\bin\jsvml.dll
Event: 0.188 Loaded shared library C:\Users\16696\.gradle\jdks\eclipse_adoptium-21-amd64-windows.2\bin\zip.dll
Event: 0.191 Loaded shared library C:\Users\16696\.gradle\jdks\eclipse_adoptium-21-amd64-windows.2\bin\instrument.dll
Event: 0.193 Loaded shared library C:\Users\16696\.gradle\jdks\eclipse_adoptium-21-amd64-windows.2\bin\net.dll
Event: 0.196 Loaded shared library C:\Users\16696\.gradle\jdks\eclipse_adoptium-21-amd64-windows.2\bin\nio.dll
Event: 0.199 Loaded shared library C:\Users\16696\.gradle\jdks\eclipse_adoptium-21-amd64-windows.2\bin\zip.dll
Event: 0.283 Loaded shared library C:\Users\16696\.gradle\jdks\eclipse_adoptium-21-amd64-windows.2\bin\jimage.dll
Event: 0.390 Loaded shared library C:\Users\16696\.gradle\jdks\eclipse_adoptium-21-amd64-windows.2\bin\verify.dll
Event: 0.408 Loaded shared library C:\Users\16696\.gradle\native\660c5614fbf4a5f2a75b1949f50a0caf5cd603558e7d8a26e50b933a0cfb79d1\windows-amd64\native-platform.dll
Event: 0.415 Loaded shared library C:\Users\16696\.gradle\native\0.2.8\x86_64-windows-gnu\gradle-fileevents.dll
Event: 0.903 Loaded shared library C:\Users\16696\.gradle\jdks\eclipse_adoptium-21-amd64-windows.2\bin\management.dll
Event: 0.905 Loaded shared library C:\Users\16696\.gradle\jdks\eclipse_adoptium-21-amd64-windows.2\bin\management_ext.dll
Event: 0.973 Loaded shared library C:\Users\16696\.gradle\jdks\eclipse_adoptium-21-amd64-windows.2\bin\extnet.dll
Event: 1.088 Loaded shared library C:\Users\16696\.gradle\jdks\eclipse_adoptium-21-amd64-windows.2\bin\sunmscapi.dll

Deoptimization events (20 events):
Event: 69.933 Thread 0x0000023a168cb1f0 DEOPT UNPACKING pc=0x00000239bd3346a2 sp=0x000000e63b5fe260 mode 2
Event: 69.933 Thread 0x0000023a13bfaa50 DEOPT UNPACKING pc=0x00000239bd3346a2 sp=0x000000e63b1fdec0 mode 2
Event: 69.936 Thread 0x0000023a167399c0 DEOPT PACKING pc=0x00000239b70e8761 sp=0x000000e63b3fe350
Event: 69.936 Thread 0x0000023a167399c0 DEOPT UNPACKING pc=0x00000239bd334e42 sp=0x000000e63b3fd860 mode 0
Event: 69.936 Thread 0x0000023a168cb1f0 DEOPT PACKING pc=0x00000239b70e8761 sp=0x000000e63b5fe4b0
Event: 69.936 Thread 0x0000023a168cb1f0 DEOPT UNPACKING pc=0x00000239bd334e42 sp=0x000000e63b5fd9c0 mode 0
Event: 69.936 Thread 0x0000023a168c8a90 DEOPT PACKING pc=0x00000239b70e8761 sp=0x000000e63b4fdf60
Event: 69.936 Thread 0x0000023a168c8a90 DEOPT UNPACKING pc=0x00000239bd334e42 sp=0x000000e63b4fd470 mode 0
Event: 69.936 Thread 0x0000023a13bfaa50 DEOPT PACKING pc=0x00000239b70e8782 sp=0x000000e63b1fe110
Event: 69.936 Thread 0x0000023a13bfaa50 DEOPT UNPACKING pc=0x00000239bd334e42 sp=0x000000e63b1fd620 mode 0
Event: 69.941 Thread 0x0000023a167399c0 DEOPT PACKING pc=0x00000239b70e8761 sp=0x000000e63b3fe420
Event: 69.941 Thread 0x0000023a167399c0 DEOPT UNPACKING pc=0x00000239bd334e42 sp=0x000000e63b3fd930 mode 0
Event: 69.941 Thread 0x0000023a13bfb0e0 DEOPT PACKING pc=0x00000239b70e8761 sp=0x000000e63b2fe5d0
Event: 69.941 Thread 0x0000023a13bfb0e0 DEOPT UNPACKING pc=0x00000239bd334e42 sp=0x000000e63b2fdae0 mode 0
Event: 69.944 Thread 0x0000023a13bfd1b0 DEOPT PACKING pc=0x00000239b70e8761 sp=0x000000e63affe0f0
Event: 69.944 Thread 0x0000023a168c8a90 DEOPT PACKING pc=0x00000239b70e8782 sp=0x000000e63b4fe080
Event: 69.944 Thread 0x0000023a13bfd1b0 DEOPT UNPACKING pc=0x00000239bd334e42 sp=0x000000e63affd600 mode 0
Event: 69.944 Thread 0x0000023a168c8a90 DEOPT UNPACKING pc=0x00000239bd334e42 sp=0x000000e63b4fd590 mode 0
Event: 69.957 Thread 0x0000023a13bfd840 DEOPT PACKING pc=0x00000239b70e8782 sp=0x000000e63b0fe040
Event: 69.957 Thread 0x0000023a13bfd840 DEOPT UNPACKING pc=0x00000239bd334e42 sp=0x000000e63b0fd550 mode 0

Classes loaded (20 events):
Event: 69.370 Loading class sun/nio/ch/FileChannelImpl$DefaultUnmapper
Event: 69.370 Loading class sun/nio/ch/FileChannelImpl$Unmapper
Event: 69.370 Loading class jdk/internal/access/foreign/UnmapperProxy
Event: 69.370 Loading class jdk/internal/access/foreign/UnmapperProxy done
Event: 69.370 Loading class sun/nio/ch/FileChannelImpl$Unmapper done
Event: 69.370 Loading class sun/nio/ch/FileChannelImpl$DefaultUnmapper done
Event: 69.370 Loading class sun/nio/ch/Util$4
Event: 69.371 Loading class sun/nio/ch/Util$4 done
Event: 69.410 Loading class java/nio/file/InvalidPathException
Event: 69.411 Loading class java/nio/file/InvalidPathException done
Event: 69.436 Loading class java/util/zip/ZipException
Event: 69.436 Loading class java/util/zip/ZipException done
Event: 69.445 Loading class java/util/zip/ZipFile$ZipEntryIterator
Event: 69.445 Loading class java/util/zip/ZipFile$ZipEntryIterator done
Event: 69.447 Loading class java/util/zip/ZipOutputStream
Event: 69.448 Loading class java/util/zip/ZipOutputStream done
Event: 69.533 Loading class java/io/UTFDataFormatException
Event: 69.533 Loading class java/io/UTFDataFormatException done
Event: 69.730 Loading class java/util/concurrent/ForkJoinTask$AdaptedCallable
Event: 69.730 Loading class java/util/concurrent/ForkJoinTask$AdaptedCallable done

Classes unloaded (20 events):
Event: 69.945 Thread 0x00000239cac98140 Unloading class 0x00000239ccea5c00 'java/lang/invoke/LambdaForm$MH+0x00000239ccea5c00'
Event: 69.945 Thread 0x00000239cac98140 Unloading class 0x00000239ccea8000 'java/lang/invoke/LambdaForm$MH+0x00000239ccea8000'
Event: 69.945 Thread 0x00000239cac98140 Unloading class 0x00000239ccea5800 'java/lang/invoke/LambdaForm$MH+0x00000239ccea5800'
Event: 69.945 Thread 0x00000239cac98140 Unloading class 0x00000239ccea5000 'java/lang/invoke/LambdaForm$BMH+0x00000239ccea5000'
Event: 69.945 Thread 0x00000239cac98140 Unloading class 0x00000239ccea4c00 'java/lang/invoke/LambdaForm$BMH+0x00000239ccea4c00'
Event: 69.945 Thread 0x00000239cac98140 Unloading class 0x00000239ccea4800 'java/lang/invoke/LambdaForm$BMH+0x00000239ccea4800'
Event: 69.945 Thread 0x00000239cac98140 Unloading class 0x00000239ccea4400 'java/lang/invoke/LambdaForm$BMH+0x00000239ccea4400'
Event: 69.945 Thread 0x00000239cac98140 Unloading class 0x00000239ccea4000 'java/lang/invoke/LambdaForm$DMH+0x00000239ccea4000'
Event: 69.945 Thread 0x00000239cac98140 Unloading class 0x00000239ccea3400 'java/lang/invoke/LambdaForm$DMH+0x00000239ccea3400'
Event: 69.945 Thread 0x00000239cac98140 Unloading class 0x00000239ccea3800 'java/lang/invoke/LambdaForm$DMH+0x00000239ccea3800'
Event: 69.945 Thread 0x00000239cac98140 Unloading class 0x00000239ccea3c00 'java/lang/invoke/LambdaForm$DMH+0x00000239ccea3c00'
Event: 69.945 Thread 0x00000239cac98140 Unloading class 0x00000239ccea2400 'java/lang/invoke/LambdaForm$MH+0x00000239ccea2400'
Event: 69.945 Thread 0x00000239cac98140 Unloading class 0x00000239ccea2800 'java/lang/invoke/LambdaForm$MH+0x00000239ccea2800'
Event: 69.945 Thread 0x00000239cac98140 Unloading class 0x00000239ccea2000 'java/lang/invoke/LambdaForm$MH+0x00000239ccea2000'
Event: 69.945 Thread 0x00000239cac98140 Unloading class 0x00000239ccea1800 'java/lang/invoke/LambdaForm$DMH+0x00000239ccea1800'
Event: 69.945 Thread 0x00000239cac98140 Unloading class 0x00000239ccea1c00 'java/lang/invoke/LambdaForm$DMH+0x00000239ccea1c00'
Event: 69.945 Thread 0x00000239cac98140 Unloading class 0x00000239ccea1400 'java/lang/invoke/LambdaForm$DMH+0x00000239ccea1400'
Event: 69.945 Thread 0x00000239cac98140 Unloading class 0x00000239ccea0c00 'java/lang/invoke/LambdaForm$DMH+0x00000239ccea0c00'
Event: 69.945 Thread 0x00000239cac98140 Unloading class 0x00000239ccea0800 'java/lang/invoke/LambdaForm$DMH+0x00000239ccea0800'
Event: 69.945 Thread 0x00000239cac98140 Unloading class 0x00000239ccea0400 'java/lang/invoke/LambdaForm$DMH+0x00000239ccea0400'

Classes redefined (0 events):
No events

Internal exceptions (20 events):
Event: 69.720 Thread 0x0000023a105fc110 Exception <a 'java/lang/IncompatibleClassChangeError'{0x0000000087e80000}: Found class java.lang.Object, but interface was expected> (0x0000000087e80000) 
thrown [s\src\hotspot\share\interpreter\linkResolver.cpp, line 840]
Event: 69.731 Thread 0x0000023a13bfc490 Implicit null exception at 0x00000239bd9d9955 to 0x00000239bd9e1554
Event: 69.738 Thread 0x0000023a13bfd1b0 Implicit null exception at 0x00000239bdbeeaa8 to 0x00000239bdbeeb68
Event: 69.748 Thread 0x0000023a168cb1f0 Implicit null exception at 0x00000239bd8c599c to 0x00000239bd8c5a5c
Event: 69.752 Thread 0x0000023a13bfcb20 Exception <a 'java/lang/IncompatibleClassChangeError'{0x00000000879c14b0}: Found class java.lang.Object, but interface was expected> (0x00000000879c14b0) 
thrown [s\src\hotspot\share\interpreter\linkResolver.cpp, line 840]
Event: 69.752 Thread 0x0000023a13bfd1b0 Exception <a 'java/lang/IncompatibleClassChangeError'{0x0000000086cadca8}: Found class java.lang.Object, but interface was expected> (0x0000000086cadca8) 
thrown [s\src\hotspot\share\interpreter\linkResolver.cpp, line 840]
Event: 69.752 Thread 0x0000023a168c8400 Exception <a 'java/lang/IncompatibleClassChangeError'{0x00000000878dfaa0}: Found class java.lang.Object, but interface was expected> (0x00000000878dfaa0) 
thrown [s\src\hotspot\share\interpreter\linkResolver.cpp, line 840]
Event: 69.752 Thread 0x0000023a168c8a90 Exception <a 'java/lang/IncompatibleClassChangeError'{0x00000000878b7198}: Found class java.lang.Object, but interface was expected> (0x00000000878b7198) 
thrown [s\src\hotspot\share\interpreter\linkResolver.cpp, line 840]
Event: 69.752 Thread 0x0000023a13bfb0e0 Exception <a 'java/lang/IncompatibleClassChangeError'{0x0000000087875770}: Found class java.lang.Object, but interface was expected> (0x0000000087875770) 
thrown [s\src\hotspot\share\interpreter\linkResolver.cpp, line 840]
Event: 69.752 Thread 0x0000023a167399c0 Exception <a 'java/lang/IncompatibleClassChangeError'{0x0000000087895758}: Found class java.lang.Object, but interface was expected> (0x0000000087895758) 
thrown [s\src\hotspot\share\interpreter\linkResolver.cpp, line 840]
Event: 69.804 Thread 0x0000023a13bfd1b0 Exception <a 'java/lang/NoSuchMethodError'{0x0000000088465a70}: 'long java.lang.invoke.DirectMethodHandle$Holder.invokeStaticInit(java.lang.Object, java.lang.Object)'> (0x0000000088465a70) 
thrown [s\src\hotspot\share\interpreter\linkResolver.cpp, line 773]
Event: 69.804 Thread 0x0000023a168c8a90 Exception <a 'java/lang/NoSuchMethodError'{0x0000000088676e70}: 'long java.lang.invoke.DirectMethodHandle$Holder.invokeStaticInit(java.lang.Object, java.lang.Object)'> (0x0000000088676e70) 
thrown [s\src\hotspot\share\interpreter\linkResolver.cpp, line 773]
Event: 69.804 Thread 0x0000023a168cb1f0 Exception <a 'java/lang/NoSuchMethodError'{0x000000008f7f56c8}: 'long java.lang.invoke.DirectMethodHandle$Holder.invokeStaticInit(java.lang.Object, java.lang.Object)'> (0x000000008f7f56c8) 
thrown [s\src\hotspot\share\interpreter\linkResolver.cpp, line 773]
Event: 69.804 Thread 0x0000023a13bfc490 Exception <a 'java/lang/NoSuchMethodError'{0x0000000088710658}: 'long java.lang.invoke.DirectMethodHandle$Holder.invokeStaticInit(java.lang.Object, java.lang.Object)'> (0x0000000088710658) 
thrown [s\src\hotspot\share\interpreter\linkResolver.cpp, line 773]
Event: 69.804 Thread 0x0000023a13bfb0e0 Exception <a 'java/lang/NoSuchMethodError'{0x000000008846b0b8}: 'long java.lang.invoke.DirectMethodHandle$Holder.invokeStaticInit(java.lang.Object, java.lang.Object)'> (0x000000008846b0b8) 
thrown [s\src\hotspot\share\interpreter\linkResolver.cpp, line 773]
Event: 69.804 Thread 0x0000023a13bfaa50 Exception <a 'java/lang/NoSuchMethodError'{0x00000000886fab80}: 'long java.lang.invoke.DirectMethodHandle$Holder.invokeStaticInit(java.lang.Object, java.lang.Object)'> (0x00000000886fab80) 
thrown [s\src\hotspot\share\interpreter\linkResolver.cpp, line 773]
Event: 69.804 Thread 0x0000023a13bfd840 Exception <a 'java/lang/NoSuchMethodError'{0x00000000886e89c0}: 'long java.lang.invoke.DirectMethodHandle$Holder.invokeStaticInit(java.lang.Object, java.lang.Object)'> (0x00000000886e89c0) 
thrown [s\src\hotspot\share\interpreter\linkResolver.cpp, line 773]
Event: 69.804 Thread 0x0000023a167399c0 Exception <a 'java/lang/NoSuchMethodError'{0x000000008867c150}: 'long java.lang.invoke.DirectMethodHandle$Holder.invokeStaticInit(java.lang.Object, java.lang.Object)'> (0x000000008867c150) 
thrown [s\src\hotspot\share\interpreter\linkResolver.cpp, line 773]
Event: 69.804 Thread 0x0000023a168c8400 Exception <a 'java/lang/NoSuchMethodError'{0x0000000088564708}: 'long java.lang.invoke.DirectMethodHandle$Holder.invokeStaticInit(java.lang.Object, java.lang.Object)'> (0x0000000088564708) 
thrown [s\src\hotspot\share\interpreter\linkResolver.cpp, line 773]
Event: 69.804 Thread 0x0000023a13bfcb20 Exception <a 'java/lang/NoSuchMethodError'{0x00000000886e4528}: 'long java.lang.invoke.DirectMethodHandle$Holder.invokeStaticInit(java.lang.Object, java.lang.Object)'> (0x00000000886e4528) 
thrown [s\src\hotspot\share\interpreter\linkResolver.cpp, line 773]

ZGC Phase Switch (0 events):
No events

VM Operations (20 events):
Event: 69.441 Executing VM operation: G1TryInitiateConcMark (G1 Humongous Allocation) done
Event: 69.473 Executing VM operation: G1PauseRemark
Event: 69.477 Executing VM operation: G1PauseRemark done
Event: 69.494 Executing VM operation: G1PauseCleanup
Event: 69.494 Executing VM operation: G1PauseCleanup done
Event: 69.774 Executing VM operation: G1CollectForAllocation (G1 Evacuation Pause)
Event: 69.777 Executing VM operation: G1CollectForAllocation (G1 Evacuation Pause) done
Event: 69.842 Executing VM operation: G1CollectForAllocation (G1 Evacuation Pause)
Event: 69.842 Executing VM operation: G1CollectForAllocation (G1 Evacuation Pause) done
Event: 69.843 Executing VM operation: G1CollectForAllocation (GCLocker Initiated GC)
Event: 69.850 Executing VM operation: G1CollectForAllocation (GCLocker Initiated GC) done
Event: 69.893 Executing VM operation: G1CollectForAllocation (G1 Evacuation Pause)
Event: 69.893 Executing VM operation: G1CollectForAllocation (G1 Evacuation Pause) done
Event: 69.894 Executing VM operation: G1CollectForAllocation (GCLocker Initiated GC)
Event: 69.901 Executing VM operation: G1CollectForAllocation (GCLocker Initiated GC) done
Event: 69.924 Executing VM operation: G1CollectForAllocation (G1 Evacuation Pause)
Event: 69.929 Executing VM operation: G1CollectForAllocation (G1 Evacuation Pause) done
Event: 69.945 Executing VM operation: G1PauseRemark
Event: 69.957 Executing VM operation: G1PauseRemark done
Event: 69.963 Executing VM operation: G1CollectForAllocation (G1 Evacuation Pause)

Memory protections (0 events):
No events

Nmethod flushes (20 events):
Event: 69.956 Thread 0x00000239cac98140 flushing  nmethod 0x00000239b6c4c810
Event: 69.956 Thread 0x00000239cac98140 flushing  nmethod 0x00000239b6c4cc10
Event: 69.956 Thread 0x00000239cac98140 flushing  nmethod 0x00000239b6c4d290
Event: 69.956 Thread 0x00000239cac98140 flushing  nmethod 0x00000239b6c71590
Event: 69.956 Thread 0x00000239cac98140 flushing  nmethod 0x00000239b6c73e10
Event: 69.956 Thread 0x00000239cac98140 flushing  nmethod 0x00000239b6c75e10
Event: 69.956 Thread 0x00000239cac98140 flushing  nmethod 0x00000239b6c77610
Event: 69.956 Thread 0x00000239cac98140 flushing  nmethod 0x00000239b6cb8610
Event: 69.956 Thread 0x00000239cac98140 flushing  nmethod 0x00000239b6cbbd10
Event: 69.956 Thread 0x00000239cac98140 flushing  nmethod 0x00000239b6cbcf90
Event: 69.956 Thread 0x00000239cac98140 flushing  nmethod 0x00000239b6cbd610
Event: 69.956 Thread 0x00000239cac98140 flushing  nmethod 0x00000239b6cbe190
Event: 69.956 Thread 0x00000239cac98140 flushing  nmethod 0x00000239b6cc0010
Event: 69.956 Thread 0x00000239cac98140 flushing  nmethod 0x00000239b6cc2d90
Event: 69.956 Thread 0x00000239cac98140 flushing  nmethod 0x00000239b6ceeb10
Event: 69.956 Thread 0x00000239cac98140 flushing  nmethod 0x00000239b6ceee10
Event: 69.956 Thread 0x00000239cac98140 flushing  nmethod 0x00000239b6cef110
Event: 69.956 Thread 0x00000239cac98140 flushing  nmethod 0x00000239b6ec3590
Event: 69.956 Thread 0x00000239cac98140 flushing  nmethod 0x00000239b6ed4910
Event: 69.956 Thread 0x00000239cac98140 flushing  nmethod 0x00000239b7055290

Events (20 events):
Event: 69.196 Thread 0x0000023a105ff590 Thread added: 0x0000023a10600fd0
Event: 69.212 Thread 0x0000023a105fc110 Thread added: 0x0000023a106002b0
Event: 69.294 Thread 0x0000023a105ffc20 Thread added: 0x0000023a10602a10
Event: 69.294 Thread 0x0000023a105ffc20 Thread added: 0x0000023a13bf75d0
Event: 69.294 Thread 0x0000023a105ffc20 Thread added: 0x0000023a13bf6220
Event: 69.295 Thread 0x0000023a105ffc20 Thread added: 0x0000023a13bf9010
Event: 69.344 Thread 0x0000023a105ffc20 Thread added: 0x0000023a13bf7c60
Event: 69.345 Thread 0x0000023a105ffc20 Thread added: 0x0000023a13bf82f0
Event: 69.345 Thread 0x0000023a105ffc20 Thread added: 0x0000023a13bf8980
Event: 69.345 Thread 0x0000023a105ffc20 Thread added: 0x0000023a13bf6f40
Event: 69.731 Thread 0x0000023a105fc110 Thread added: 0x0000023a13bfc490
Event: 69.731 Thread 0x0000023a13bfc490 Thread added: 0x0000023a13bfcb20
Event: 69.731 Thread 0x0000023a13bfcb20 Thread added: 0x0000023a13bfd1b0
Event: 69.732 Thread 0x0000023a13bfd1b0 Thread added: 0x0000023a13bfd840
Event: 69.732 Thread 0x0000023a13bfd840 Thread added: 0x0000023a13bfaa50
Event: 69.732 Thread 0x0000023a13bfaa50 Thread added: 0x0000023a13bfb0e0
Event: 69.732 Thread 0x0000023a13bfb0e0 Thread added: 0x0000023a167399c0
Event: 69.733 Thread 0x0000023a105fc110 Thread added: 0x0000023a168c8a90
Event: 69.733 Thread 0x0000023a167399c0 Thread added: 0x0000023a168cb1f0
Event: 69.733 Thread 0x0000023a168c8a90 Thread added: 0x0000023a168c8400


Dynamic libraries:
0x00007ff6b8e40000 - 0x00007ff6b8e4e000 	C:\Users\16696\.gradle\jdks\eclipse_adoptium-21-amd64-windows.2\bin\java.exe
0x00007ffcb7e20000 - 0x00007ffcb8086000 	C:\Windows\SYSTEM32\ntdll.dll
0x00007ffcb6ef0000 - 0x00007ffcb6fb9000 	C:\Windows\System32\KERNEL32.DLL
0x00007ffcb5790000 - 0x00007ffcb5b8a000 	C:\Windows\System32\KERNELBASE.dll
0x00007ffc90560000 - 0x00007ffc9060f000 	d:\Trea\Trae CN\resources\app\modules\sandbox\x64\sbox_core.dll
0x00007ffcb50e0000 - 0x00007ffcb522c000 	C:\Windows\System32\ucrtbase.dll
0x00007ffc93db0000 - 0x00007ffc93dc8000 	C:\Users\16696\.gradle\jdks\eclipse_adoptium-21-amd64-windows.2\bin\jli.dll
0x00007ffcb78e0000 - 0x00007ffcb7aa7000 	C:\Windows\System32\USER32.dll
0x00007ffc930b0000 - 0x00007ffc930ce000 	C:\Users\16696\.gradle\jdks\eclipse_adoptium-21-amd64-windows.2\bin\VCRUNTIME140.dll
0x00007ffcb50b0000 - 0x00007ffcb50d7000 	C:\Windows\System32\win32u.dll
0x00007ffcb7ab0000 - 0x00007ffcb7adb000 	C:\Windows\System32\GDI32.dll
0x00007ffcb5230000 - 0x00007ffcb535b000 	C:\Windows\System32\gdi32full.dll
0x00007ffcb5410000 - 0x00007ffcb54b3000 	C:\Windows\System32\msvcp_win.dll
0x00007ffc987f0000 - 0x00007ffc98a82000 	C:\Windows\WinSxS\amd64_microsoft.windows.common-controls_6595b64144ccf1df_6.0.26100.8521_none_3e08b75ce33403b3\COMCTL32.dll
0x00007ffcb6ce0000 - 0x00007ffcb6d89000 	C:\Windows\System32\msvcrt.dll
0x00007ffc90610000 - 0x00007ffc906a0000 	d:\Trea\Trae CN\resources\app\modules\sandbox\x64\sbox_ipc.dll
0x00007ffcb7ae0000 - 0x00007ffcb7b12000 	C:\Windows\System32\IMM32.DLL
0x00007ffcb2620000 - 0x00007ffcb2862000 	C:\Windows\SYSTEM32\dbghelp.dll
0x00007ffcb64a0000 - 0x00007ffcb6823000 	C:\Windows\System32\combase.dll
0x00007ffcb77c0000 - 0x00007ffcb78d8000 	C:\Windows\System32\RPCRT4.dll
0x00007ffcb6320000 - 0x00007ffcb63f9000 	C:\Windows\System32\OLEAUT32.dll
0x00007ffc9ae50000 - 0x00007ffc9ae5c000 	C:\Users\16696\.gradle\jdks\eclipse_adoptium-21-amd64-windows.2\bin\vcruntime140_1.dll
0x00007ffc90f00000 - 0x00007ffc90f3b000 	C:\Windows\SYSTEM32\dbgcore.DLL
0x00007ffc90480000 - 0x00007ffc9050d000 	C:\Users\16696\.gradle\jdks\eclipse_adoptium-21-amd64-windows.2\bin\msvcp140.dll
0x00007ffc380c0000 - 0x00007ffc38e50000 	C:\Users\16696\.gradle\jdks\eclipse_adoptium-21-amd64-windows.2\bin\server\jvm.dll
0x00007ffcb70c0000 - 0x00007ffcb7176000 	C:\Windows\System32\ADVAPI32.dll
0x00007ffcb7280000 - 0x00007ffcb732a000 	C:\Windows\System32\sechost.dll
0x00007ffcb6400000 - 0x00007ffcb6480000 	C:\Windows\System32\WS2_32.dll
0x00007ffcb4f10000 - 0x00007ffcb4f6e000 	C:\Windows\SYSTEM32\POWRPROF.dll
0x00007ffcae0c0000 - 0x00007ffcae0f6000 	C:\Windows\SYSTEM32\WINMM.dll
0x00007ffcade90000 - 0x00007ffcade9b000 	C:\Windows\SYSTEM32\VERSION.dll
0x00007ffcb4ef0000 - 0x00007ffcb4f04000 	C:\Windows\SYSTEM32\UMPDC.dll
0x00007ffcb3e10000 - 0x00007ffcb3e2b000 	C:\Windows\SYSTEM32\kernel.appcore.dll
0x00007ffc98cf0000 - 0x00007ffc98cfa000 	C:\Users\16696\.gradle\jdks\eclipse_adoptium-21-amd64-windows.2\bin\jimage.dll
0x00007ffcb5360000 - 0x00007ffcb5408000 	C:\Windows\System32\bcryptPrimitives.dll
0x00007ffcb38d0000 - 0x00007ffcb3a1a000 	C:\Windows\SYSTEM32\dnsapi.dll
0x00007ffcb4190000 - 0x00007ffcb419d000 	C:\Windows\SYSTEM32\DSPARSE.dll
0x00007ffcb3830000 - 0x00007ffcb3863000 	C:\Windows\SYSTEM32\IPHLPAPI.DLL
0x00007ffcb6490000 - 0x00007ffcb649a000 	C:\Windows\System32\NSI.dll
0x00007ffc985f0000 - 0x00007ffc985ff000 	C:\Users\16696\.gradle\jdks\eclipse_adoptium-21-amd64-windows.2\bin\instrument.dll
0x00007ffc90460000 - 0x00007ffc9047f000 	C:\Users\16696\.gradle\jdks\eclipse_adoptium-21-amd64-windows.2\bin\java.dll
0x00007ffcb5b90000 - 0x00007ffcb6314000 	C:\Windows\System32\Shell32.dll
0x00007ffcb2c50000 - 0x00007ffcb34d0000 	C:\Windows\SYSTEM32\windows.storage.dll
0x00007ffcb6fc0000 - 0x00007ffcb70b6000 	C:\Windows\System32\shcore.dll
0x00007ffcb13e0000 - 0x00007ffcb148a000 	C:\Windows\system32\uxtheme.dll
0x00007ffcb7ba0000 - 0x00007ffcb7c07000 	C:\Windows\System32\shlwapi.dll
0x00007ffcb6830000 - 0x00007ffcb68de000 	C:\Windows\System32\clbcatq.dll
0x00007ffc9a690000 - 0x00007ffc9ace7000 	C:\Windows\System32\OneCoreUAPCommonProxyStub.dll
0x00007ffcb7c40000 - 0x00007ffcb7dd8000 	C:\Windows\System32\ole32.dll
0x00007ffcb4c30000 - 0x00007ffcb4c81000 	C:\Windows\SYSTEM32\CFGMGR32.dll
0x00007ffc97b10000 - 0x00007ffc97ced000 	C:\Windows\System32\urlmon.dll
0x00007ffc99300000 - 0x00007ffc995c5000 	C:\Windows\System32\iertutil.dll
0x00007ffc9b5a0000 - 0x00007ffc9b5c9000 	C:\Windows\System32\srvcli.dll
0x00007ffcb37a0000 - 0x00007ffcb37ad000 	C:\Windows\System32\netutils.dll
0x00007ffcb40c0000 - 0x00007ffcb4109000 	C:\Windows\System32\SspiCli.dll
0x00007ffcafb30000 - 0x00007ffcafc36000 	C:\Windows\System32\PROPSYS.dll
0x00007ffcaddb0000 - 0x00007ffcaddc7000 	C:\Windows\SYSTEM32\virtdisk.dll
0x00007ffc90d80000 - 0x00007ffc90ef8000 	C:\Windows\System32\Windows.System.Launcher.dll
0x00007ffc990e0000 - 0x00007ffc990fd000 	C:\Windows\SYSTEM32\windows.staterepositorycore.dll
0x00007ffcae880000 - 0x00007ffcae9ea000 	C:\Windows\System32\wintypes.dll
0x00007ffc919f0000 - 0x00007ffc91ab4000 	C:\Windows\System32\Windows.StateRepositoryPS.dll
0x00007ffcb3f40000 - 0x00007ffcb3f76000 	C:\Windows\SYSTEM32\ntmarta.dll
0x00007ffc90ac0000 - 0x00007ffc90b80000 	C:\Windows\System32\Windows.FileExplorer.Common.dll
0x00007ffc99070000 - 0x00007ffc990b7000 	C:\Windows\SYSTEM32\windows.staterepositoryclient.dll
0x00007ffc906e0000 - 0x00007ffc90710000 	C:\Windows\System32\cldapi.dll
0x00007ffcb4fa0000 - 0x00007ffcb4fca000 	C:\Windows\SYSTEM32\bcrypt.dll
0x00007ffcb4fd0000 - 0x00007ffcb4ff9000 	C:\Windows\SYSTEM32\profapi.dll
0x00007ffcb7b20000 - 0x00007ffcb7b9c000 	C:\Windows\System32\coml2.dll
0x00007ffc8fb50000 - 0x00007ffc8fc27000 	C:\Users\16696\.gradle\jdks\eclipse_adoptium-21-amd64-windows.2\bin\jsvml.dll
0x00007ffc90440000 - 0x00007ffc90458000 	C:\Users\16696\.gradle\jdks\eclipse_adoptium-21-amd64-windows.2\bin\zip.dll
0x00007ffc93c40000 - 0x00007ffc93c50000 	C:\Users\16696\.gradle\jdks\eclipse_adoptium-21-amd64-windows.2\bin\net.dll
0x00007ffcae100000 - 0x00007ffcae229000 	C:\Windows\SYSTEM32\WINHTTP.dll
0x00007ffcb4390000 - 0x00007ffcb43fc000 	C:\Windows\system32\mswsock.dll
0x00007ffc90420000 - 0x00007ffc90436000 	C:\Users\16696\.gradle\jdks\eclipse_adoptium-21-amd64-windows.2\bin\nio.dll
0x00007ffc937a0000 - 0x00007ffc937b0000 	C:\Users\16696\.gradle\jdks\eclipse_adoptium-21-amd64-windows.2\bin\verify.dll
0x00007ffc937e0000 - 0x00007ffc93807000 	C:\Users\16696\.gradle\native\660c5614fbf4a5f2a75b1949f50a0caf5cd603558e7d8a26e50b933a0cfb79d1\windows-amd64\native-platform.dll
0x00007ffc90390000 - 0x00007ffc90407000 	C:\Users\16696\.gradle\native\0.2.8\x86_64-windows-gnu\gradle-fileevents.dll
0x00007ffc934c0000 - 0x00007ffc934ca000 	C:\Users\16696\.gradle\jdks\eclipse_adoptium-21-amd64-windows.2\bin\management.dll
0x00007ffc91580000 - 0x00007ffc9158b000 	C:\Users\16696\.gradle\jdks\eclipse_adoptium-21-amd64-windows.2\bin\management_ext.dll
0x00007ffcb6be0000 - 0x00007ffcb6be8000 	C:\Windows\System32\PSAPI.DLL
0x00007ffc90410000 - 0x00007ffc90419000 	C:\Users\16696\.gradle\jdks\eclipse_adoptium-21-amd64-windows.2\bin\extnet.dll
0x00007ffcb46a0000 - 0x00007ffcb46bb000 	C:\Windows\SYSTEM32\CRYPTSP.dll
0x00007ffcb3d70000 - 0x00007ffcb3da9000 	C:\Windows\system32\rsaenh.dll
0x00007ffcb4440000 - 0x00007ffcb4473000 	C:\Windows\SYSTEM32\USERENV.dll
0x00007ffcb4690000 - 0x00007ffcb469c000 	C:\Windows\SYSTEM32\CRYPTBASE.dll
0x00007ffc90340000 - 0x00007ffc9034e000 	C:\Users\16696\.gradle\jdks\eclipse_adoptium-21-amd64-windows.2\bin\sunmscapi.dll
0x00007ffcb5610000 - 0x00007ffcb5788000 	C:\Windows\System32\CRYPT32.dll
0x00007ffcb48b0000 - 0x00007ffcb48e0000 	C:\Windows\SYSTEM32\ncrypt.dll
0x00007ffcb4860000 - 0x00007ffcb489f000 	C:\Windows\SYSTEM32\NTASN1.dll
0x00007ffc9f470000 - 0x00007ffc9f478000 	C:\Windows\system32\wshunix.dll
0x00007ffcb1020000 - 0x00007ffcb10c0000 	C:\Windows\SYSTEM32\apphelp.dll
0x00007ffc70710000 - 0x00007ffc707b8000 	C:\Windows\system32\ntshrui.dll
0x00007ffc80090000 - 0x00007ffc800af000 	C:\Program Files\TortoiseGit\bin\TortoiseGitStub.dll
0x00007ffc46e10000 - 0x00007ffc47260000 	C:\Program Files\TortoiseGit\bin\TortoiseGit.dll
0x00007ffc46a30000 - 0x00007ffc46be4000 	C:\Program Files\TortoiseGit\bin\libgit2_tgit.dll
0x00007ffc46bf0000 - 0x00007ffc46dcb000 	C:\Program Files\TortoiseGit\bin\gitdll.dll
0x00007ffc74800000 - 0x00007ffc74818000 	C:\Program Files\TortoiseGit\bin\zlib1_tgit.dll
0x00007ffc97eb0000 - 0x00007ffc97ec3000 	C:\Windows\SYSTEM32\cscapi.dll
0x00007ffc79ca0000 - 0x00007ffc79caf000 	C:\Windows\SYSTEM32\LINKINFO.dll
0x00007ffc93b30000 - 0x00007ffc93b4b000 	C:\Windows\system32\NetworkExplorer.dll
0x00007ffc91020000 - 0x00007ffc91041000 	C:\Windows\SYSTEM32\MPR.dll
0x00007ffc8b340000 - 0x00007ffc8b362000 	C:\Windows\System32\p9np.dll
0x00007ffc90960000 - 0x00007ffc9096d000 	C:\Windows\System32\drprov.dll
0x00007ffc8aae0000 - 0x00007ffc8ab04000 	C:\Windows\System32\ntlanman.dll
0x00007ffc8a990000 - 0x00007ffc8a9b1000 	C:\Windows\System32\davclnt.dll
0x00007ffc907e0000 - 0x00007ffc90922000 	C:\Windows\system32\Windows.Storage.Search.dll
0x00007ffc98630000 - 0x00007ffc986f5000 	C:\Windows\System32\StructuredQuery.dll
0x00007ffc9f480000 - 0x00007ffc9f720000 	C:\Windows\System32\icu.dll
0x00007ffc8c930000 - 0x00007ffc8c959000 	C:\Windows\SYSTEM32\edputil.dll

dbghelp: loaded successfully - version: 4.0.5 - missing functions: none
symbol engine: initialized successfully - sym options: 0x614 - pdb path: .;C:\Users\16696\.gradle\jdks\eclipse_adoptium-21-amd64-windows.2\bin;C:\Windows\SYSTEM32;d:\Trea\Trae CN\resources\app\modules\sandbox\x64;C:\Windows\WinSxS\amd64_microsoft.windows.common-controls_6595b64144ccf1df_6.0.26100.8521_none_3e08b75ce33403b3;C:\Users\16696\.gradle\jdks\eclipse_adoptium-21-amd64-windows.2\bin\server;C:\Users\16696\.gradle\native\660c5614fbf4a5f2a75b1949f50a0caf5cd603558e7d8a26e50b933a0cfb79d1\windows-amd64;C:\Users\16696\.gradle\native\0.2.8\x86_64-windows-gnu;C:\Program Files\TortoiseGit\bin

VM Arguments:
jvm_args: --add-opens=java.base/java.lang=ALL-UNNAMED --add-opens=java.base/java.lang.invoke=ALL-UNNAMED --add-opens=java.base/java.util=ALL-UNNAMED --add-opens=java.prefs/java.util.prefs=ALL-UNNAMED --add-exports=jdk.compiler/com.sun.tools.javac.api=ALL-UNNAMED --add-exports=jdk.compiler/com.sun.tools.javac.util=ALL-UNNAMED --add-opens=java.base/java.util=ALL-UNNAMED --add-opens=java.prefs/java.util.prefs=ALL-UNNAMED --add-opens=java.base/java.nio.charset=ALL-UNNAMED --add-opens=java.base/java.net=ALL-UNNAMED --add-opens=java.base/java.util.concurrent=ALL-UNNAMED --add-opens=java.base/java.util.concurrent.atomic=ALL-UNNAMED --add-opens=java.xml/javax.xml.namespace=ALL-UNNAMED --add-opens=java.base/java.time=ALL-UNNAMED -Xmx2048m -Dfile.encoding=UTF-8 -Duser.country=CN -Duser.language=zh -Duser.variant -javaagent:C:\Users\16696\.gradle\wrapper\dists\gradle-9.4.1-bin\arn2x92ynaizyzdaamcbpbhtj\gradle-9.4.1\lib\agents\gradle-instrumentation-agent-9.4.1.jar 
java_command: org.gradle.launcher.daemon.bootstrap.GradleDaemon 9.4.1
java_class_path (initial): C:\Users\16696\.gradle\wrapper\dists\gradle-9.4.1-bin\arn2x92ynaizyzdaamcbpbhtj\gradle-9.4.1\lib\gradle-daemon-main-9.4.1.jar
Launcher Type: SUN_STANDARD

[Global flags]
     intx CICompilerCount                          = 4                                         {product} {ergonomic}
     uint ConcGCThreads                            = 2                                         {product} {ergonomic}
     uint G1ConcRefinementThreads                  = 9                                         {product} {ergonomic}
   size_t G1HeapRegionSize                         = 1048576                                   {product} {ergonomic}
    uintx GCDrainStackTargetSize                   = 64                                        {product} {ergonomic}
   size_t InitialHeapSize                          = 260046848                                 {product} {ergonomic}
   size_t MarkStackSize                            = 4194304                                   {product} {ergonomic}
   size_t MaxHeapSize                              = 2147483648                                {product} {command line}
   size_t MaxNewSize                               = 1287651328                                {product} {ergonomic}
   size_t MinHeapDeltaBytes                        = 1048576                                   {product} {ergonomic}
   size_t MinHeapSize                              = 8388608                                   {product} {ergonomic}
    uintx NonNMethodCodeHeapSize                   = 5839372                                {pd product} {ergonomic}
    uintx NonProfiledCodeHeapSize                  = 122909434                              {pd product} {ergonomic}
    uintx ProfiledCodeHeapSize                     = 122909434                              {pd product} {ergonomic}
    uintx ReservedCodeCacheSize                    = 251658240                              {pd product} {ergonomic}
     bool SegmentedCodeCache                       = true                                      {product} {ergonomic}
   size_t SoftMaxHeapSize                          = 2147483648                             {manageable} {ergonomic}
     bool UseCompressedOops                        = true                           {product lp64_product} {ergonomic}
     bool UseG1GC                                  = true                                      {product} {ergonomic}
     bool UseLargePagesIndividualAllocation        = false                                  {pd product} {ergonomic}

Logging:
Log output configuration:
 #0: stdout all=warning uptime,level,tags foldmultilines=false
 #1: stderr all=off uptime,level,tags foldmultilines=false

Environment Variables:
PATH=c:\Users\16696\.trae-cn\tools\trae-gopls\current;c:\Users\16696\.trae-cn\sdks\workspaces\5d727ef8\versions\node\current;c:\Users\16696\.trae-cn\sdks\versions\node\current;D:\Android\jdk-8.0.492.9-hotspot\bin;C:\Program Files (x86)\VMware\VMware Workstation\bin\;C:\Windows\system32;C:\Windows;C:\Windows\System32\Wbem;C:\Windows\System32\WindowsPowerShell\v1.0\;C:\Windows\System32\OpenSSH\;D:\Git\Git\cmd;D:\Cmake\bin;D:\Windows Kits\10\Windows Performance Toolkit\;C:\Program Files\CMake\bin;C:\Program Files\TortoiseGit\bin;C:\NXP\S32DS.3.5\S32DS\build_tools\gcc-10.2-arm32-eabi\bin;C:\Users\16696\AppData\Local\Programs\Python\Python314\Scripts\;C:\Users\16696\AppData\Local\Programs\Python\Python314\;C:\Users\16696\AppData\Local\Microsoft\WindowsApps;D:\pycharm\PyCharm 2026.1.2\bin;D:\vscode\Microsoft VS Code\bin;D:\Android\Sdk\platform-tools;;c:\Users\16696\.trae-cn\extensions\vscjava.vscode-java-debug-0.59.0-universal\bundled\scripts\noConfigScripts;d:\Trea\Trae CN\resources\app\node_modules\@vscode\ripgrep\bin;d:\Trea\Trae CN\resources\app\node_modules\@vscode\ripgrep\bin
USERNAME=16696
LANG=zh_CN.UTF-8
OS=Windows_NT
PROCESSOR_IDENTIFIER=Intel64 Family 6 Model 198 Stepping 2, GenuineIntel
TMP=C:\Users\16696\AppData\Local\Temp
TEMP=C:\Users\16696\AppData\Local\Temp




Periodic native trim disabled

---------------  S Y S T E M  ---------------

OS:
 Windows 11 , 64 bit Build 26100 (10.0.26100.8521)
OS uptime: 1 days 9:08 hours
Hyper-V role detected

CPU: total 10 (initial active 10) (10 cores per cpu, 1 threads per core) family 6 model 198 stepping 2 microcode 0x118, cx8, cmov, fxsr, mmx, 3dnowpref, sse, sse2, sse3, ssse3, sse4.1, sse4.2, popcnt, lzcnt, tsc, tscinvbit, avx, avx2, aes, erms, clmul, bmi1, bmi2, adx, sha, fma, vzeroupper, clflush, clflushopt, clwb, hv, serialize, rdtscp, rdpid, fsrm, f16c, cet_ibt, cet_ss
Processor Information for processor 0
  Max Mhz: 3300, Current Mhz: 3300, Mhz Limit: 3300
Processor Information for processor 1
  Max Mhz: 3300, Current Mhz: 3300, Mhz Limit: 3300
Processor Information for processor 2
  Max Mhz: 2700, Current Mhz: 2700, Mhz Limit: 2700
Processor Information for processor 3
  Max Mhz: 2700, Current Mhz: 2700, Mhz Limit: 2700
Processor Information for processor 4
  Max Mhz: 2700, Current Mhz: 2700, Mhz Limit: 2700
Processor Information for processor 5
  Max Mhz: 2700, Current Mhz: 2700, Mhz Limit: 2700
Processor Information for processor 6
  Max Mhz: 3300, Current Mhz: 3300, Mhz Limit: 3300
Processor Information for processor 7
  Max Mhz: 3300, Current Mhz: 3300, Mhz Limit: 3300
Processor Information for processor 8
  Max Mhz: 3300, Current Mhz: 3300, Mhz Limit: 3300
Processor Information for processor 9
  Max Mhz: 3300, Current Mhz: 3300, Mhz Limit: 3300

Memory: 4k page, system-wide physical 15751M (686M free)
TotalPageFile size 54151M (AvailPageFile size 40M)
current process WorkingSet (physical memory assigned to process): 481M, peak: 491M
current process commit charge ("private bytes"): 593M, peak: 822M

vm_info: OpenJDK 64-Bit Server VM (21.0.7+6-LTS) for windows-amd64 JRE (21.0.7+6-LTS), built on 2025-04-15T00:00:00Z by "admin" with MS VC++ 17.7 (VS2022)

END.
