#
# There is insufficient memory for the Java Runtime Environment to continue.
# Native memory allocation (malloc) failed to allocate 1538960 bytes. Error detail: Chunk::new
# Possible reasons:
#   The system is out of physical RAM or swap space
#   This process is running with CompressedOops enabled, and the Java Heap may be blocking the growth of the native heap
# Possible solutions:
#   Reduce memory load on the system
#   Increase physical memory or swap space
#   Check if swap backing store is full
#   Decrease Java heap size (-Xmx/-Xms)
#   Decrease number of Java threads
#   Decrease Java thread stack sizes (-Xss)
#   Set larger code cache with -XX:ReservedCodeCacheSize=
#   JVM is running with Unscaled Compressed Oops mode in which the Java heap is
#     placed in the first 4GB address space. The Java Heap base address is the
#     maximum limit for the native heap growth. Please use -XX:HeapBaseMinAddress
#     to set the Java Heap base and to place the Java Heap above 4GB virtual address.
# This output file may be truncated or incomplete.
#
#  Out of Memory Error (arena.cpp:191), pid=2992, tid=4388
#
# JRE version: OpenJDK Runtime Environment Microsoft-13877129 (17.0.19+10) (build 17.0.19+10-LTS)
# Java VM: OpenJDK 64-Bit Server VM Microsoft-13877129 (17.0.19+10-LTS, mixed mode, sharing, tiered, compressed oops, compressed class ptrs, g1 gc, windows-amd64)
# No core dump will be written. Minidumps are not enabled by default on client versions of Windows
#

---------------  S U M M A R Y ------------

Command Line: --add-opens=java.base/java.lang=ALL-UNNAMED --add-opens=java.base/java.lang.invoke=ALL-UNNAMED --add-opens=java.base/java.util=ALL-UNNAMED --add-opens=java.prefs/java.util.prefs=ALL-UNNAMED --add-exports=jdk.compiler/com.sun.tools.javac.api=ALL-UNNAMED --add-exports=jdk.compiler/com.sun.tools.javac.util=ALL-UNNAMED --add-opens=java.base/java.util=ALL-UNNAMED --add-opens=java.prefs/java.util.prefs=ALL-UNNAMED --add-opens=java.base/java.nio.charset=ALL-UNNAMED --add-opens=java.base/java.net=ALL-UNNAMED --add-opens=java.base/java.util.concurrent=ALL-UNNAMED --add-opens=java.base/java.util.concurrent.atomic=ALL-UNNAMED --add-opens=java.xml/javax.xml.namespace=ALL-UNNAMED --add-opens=java.base/java.time=ALL-UNNAMED -Xmx2048m -Dfile.encoding=UTF-8 -Duser.country=CN -Duser.language=zh -Duser.variant -javaagent:C:\Users\16696\.gradle\wrapper\dists\gradle-9.4.1-bin\arn2x92ynaizyzdaamcbpbhtj\gradle-9.4.1\lib\agents\gradle-instrumentation-agent-9.4.1.jar org.gradle.launcher.daemon.bootstrap.GradleDaemon 9.4.1

Host: Intel(R) Core(TM) Ultra 5 225, 10 cores, 15G,  Windows 11 , 64 bit Build 26100 (10.0.26100.8521)
Time: Thu Jul 16 10:17:01 2026  Windows 11 , 64 bit Build 26100 (10.0.26100.8521) elapsed time: 37.708427 seconds (0d 0h 0m 37s)

---------------  T H R E A D  ---------------

Current thread (0x000001f79e7c7a60):  JavaThread "C2 CompilerThread0" daemon [_thread_in_native, id=4388, stack(0x000000f4ae800000,0x000000f4ae900000)]


Current CompileTask:
C2:37708 18227   !   4       org.gradle.internal.snapshot.impl.DirectorySnapshotter$PathVisitor::doVisitFile (194 bytes)

Stack: [0x000000f4ae800000,0x000000f4ae900000]
Native frames: (J=compiled Java code, j=interpreted, Vv=VM code, C=native code)
V  [jvm.dll+0x68cc89]  (no source info available)
V  [jvm.dll+0x845d89]  (no source info available)
V  [jvm.dll+0x847af8]  (no source info available)
V  [jvm.dll+0x848183]  (no source info available)
V  [jvm.dll+0x24d0bf]  (no source info available)
V  [jvm.dll+0xaed56]  (no source info available)
V  [jvm.dll+0xaf3fc]  (no source info available)
V  [jvm.dll+0x3718be]  (no source info available)
V  [jvm.dll+0x33baf5]  (no source info available)
V  [jvm.dll+0x33af5a]  (no source info available)
V  [jvm.dll+0x21dfc9]  (no source info available)
V  [jvm.dll+0x21d412]  (no source info available)
V  [jvm.dll+0x1a8db6]  (no source info available)
V  [jvm.dll+0x22dc6b]  (no source info available)
V  [jvm.dll+0x22bdf6]  (no source info available)
V  [jvm.dll+0x7fbecb]  (no source info available)
V  [jvm.dll+0x7f62cc]  (no source info available)
V  [jvm.dll+0x68e227]  (no source info available)
C  [ucrtbase.dll+0x2cd30]  (no source info available)
C  [KERNEL32.DLL+0x2e957]  (no source info available)
C  [ntdll.dll+0x87c1c]  (no source info available)


---------------  P R O C E S S  ---------------

Threads class SMR info:
_java_thread_list=0x000001f7e552e830, length=76, elements={
0x000001f780049a70, 0x000001f79e7a8f10, 0x000001f79e7a99e0, 0x000001f79e7c53f0,
0x000001f79e7c5cc0, 0x000001f79e7c6590, 0x000001f79e7c6e60, 0x000001f79e7c7a60,
0x000001f79e7cb390, 0x000001f79e7d3cb0, 0x000001f79e8dd2e0, 0x000001f79e994c30,
0x000001f7e6015b00, 0x000001f7e58da6c0, 0x000001f7e60fe940, 0x000001f7e64ea040,
0x000001f7e61535c0, 0x000001f7e6048ff0, 0x000001f7e6049500, 0x000001f7e6049f20,
0x000001f7e60485d0, 0x000001f7e604b870, 0x000001f7e60480c0, 0x000001f7e77df430,
0x000001f7e77e1cb0, 0x000001f7e77df940, 0x000001f7e77e3b10, 0x000001f7e77e5460,
0x000001f7e77e3600, 0x000001f7e77e4530, 0x000001f7e77e4020, 0x000001f7e96cfec0,
0x000001f7eb6f31d0, 0x000001f7eb6f36e0, 0x000001f7eb6f3bf0, 0x000001f7eb6f1880,
0x000001f7eb6f4100, 0x000001f7eb6f0950, 0x000001f7eb6f1d90, 0x000001f7eb6f1370,
0x000001f7e96d08e0, 0x000001f7e96d2c50, 0x000001f7e96d3160, 0x000001f7e96cf9b0,
0x000001f7e96d3670, 0x000001f7e96d3b80, 0x000001f7e96d4090, 0x000001f7e96d54d0,
0x000001f7e96d45a0, 0x000001f7e96d4ab0, 0x000001f7e96d59e0, 0x000001f7e77ddff0,
0x000001f7e77def20, 0x000001f7e77dfe50, 0x000001f7e77e0870, 0x000001f7e77e1290,
0x000001f7e77e17a0, 0x000001f7e77de500, 0x000001f7e77e26d0, 0x000001f7e77e2be0,
0x000001f7e77e4f50, 0x000001f7e77e5970, 0x000001f7e77e21c0, 0x000001f7e77e30f0,
0x000001f7eb6ef000, 0x000001f7eb6edbc0, 0x000001f7eb6ee0d0, 0x000001f7eb6ef510,
0x000001f7eb6efa20, 0x000001f7eb6ed6b0, 0x000001f7eb6f0440, 0x000001f7eb6ecc90,
0x000001f7eb6f0e60, 0x000001f7e604b360, 0x000001f7e6048ae0, 0x000001f7e604a940
}

Java Threads: ( => current thread )
  0x000001f780049a70 JavaThread "main" [_thread_blocked, id=6616, stack(0x000000f4adb00000,0x000000f4adc00000)]
  0x000001f79e7a8f10 JavaThread "Reference Handler" daemon [_thread_blocked, id=28460, stack(0x000000f4ae200000,0x000000f4ae300000)]
  0x000001f79e7a99e0 JavaThread "Finalizer" daemon [_thread_blocked, id=22284, stack(0x000000f4ae300000,0x000000f4ae400000)]
  0x000001f79e7c53f0 JavaThread "Signal Dispatcher" daemon [_thread_blocked, id=26972, stack(0x000000f4ae400000,0x000000f4ae500000)]
  0x000001f79e7c5cc0 JavaThread "Attach Listener" daemon [_thread_blocked, id=2144, stack(0x000000f4ae500000,0x000000f4ae600000)]
  0x000001f79e7c6590 JavaThread "Service Thread" daemon [_thread_blocked, id=17164, stack(0x000000f4ae600000,0x000000f4ae700000)]
  0x000001f79e7c6e60 JavaThread "Monitor Deflation Thread" daemon [_thread_blocked, id=23744, stack(0x000000f4ae700000,0x000000f4ae800000)]
=>0x000001f79e7c7a60 JavaThread "C2 CompilerThread0" daemon [_thread_in_native, id=4388, stack(0x000000f4ae800000,0x000000f4ae900000)]
  0x000001f79e7cb390 JavaThread "C1 CompilerThread0" daemon [_thread_blocked, id=6688, stack(0x000000f4ae900000,0x000000f4aea00000)]
  0x000001f79e7d3cb0 JavaThread "Sweeper thread" daemon [_thread_blocked, id=15744, stack(0x000000f4aea00000,0x000000f4aeb00000)]
  0x000001f79e8dd2e0 JavaThread "Common-Cleaner" daemon [_thread_blocked, id=1356, stack(0x000000f4aeb00000,0x000000f4aec00000)]
  0x000001f79e994c30 JavaThread "Notification Thread" daemon [_thread_blocked, id=12276, stack(0x000000f4aec00000,0x000000f4aed00000)]
  0x000001f7e6015b00 JavaThread "Daemon health stats" [_thread_blocked, id=18952, stack(0x000000f4af400000,0x000000f4af500000)]
  0x000001f7e58da6c0 JavaThread "Incoming local TCP Connector on port 56738" [_thread_in_native, id=18220, stack(0x000000f4af500000,0x000000f4af600000)]
  0x000001f7e60fe940 JavaThread "Daemon periodic checks" [_thread_blocked, id=18908, stack(0x000000f4af600000,0x000000f4af700000)]
  0x000001f7e64ea040 JavaThread "Daemon" [_thread_blocked, id=23568, stack(0x000000f4af700000,0x000000f4af800000)]
  0x000001f7e61535c0 JavaThread "Daemon worker" [_thread_blocked, id=17704, stack(0x000000f4afa00000,0x000000f4afb00000)]
  0x000001f7e6048ff0 JavaThread "Cache worker for journal cache (C:\Users\16696\.gradle\caches\journal-1)" [_thread_blocked, id=7880, stack(0x000000f4afe00000,0x000000f4aff00000)]
  0x000001f7e6049500 JavaThread "File lock request listener" [_thread_in_native, id=19300, stack(0x000000f4aff00000,0x000000f4b0000000)]
  0x000001f7e6049f20 JavaThread "Cache worker for file hash cache (C:\Users\16696\.gradle\caches\9.4.1\fileHashes)" [_thread_blocked, id=17236, stack(0x000000f4b0000000,0x000000f4b0100000)]
  0x000001f7e60485d0 JavaThread "File watcher server" daemon [_thread_in_native, id=12764, stack(0x000000f4b0800000,0x000000f4b0900000)]
  0x000001f7e604b870 JavaThread "File watcher consumer" daemon [_thread_blocked, id=9160, stack(0x000000f4b0900000,0x000000f4b0a00000)]
  0x000001f7e60480c0 JavaThread "Cache worker for file content cache (C:\Users\16696\.gradle\caches\9.4.1\fileContent)" [_thread_blocked, id=8148, stack(0x000000f4b0a00000,0x000000f4b0b00000)]
  0x000001f7e77df430 JavaThread "jar transforms" [_thread_blocked, id=24784, stack(0x000000f4b0f00000,0x000000f4b1000000)]
  0x000001f7e77e1cb0 JavaThread "jar transforms Thread 2" [_thread_blocked, id=19520, stack(0x000000f4b1000000,0x000000f4b1100000)]
  0x000001f7e77df940 JavaThread "jar transforms Thread 3" [_thread_blocked, id=27808, stack(0x000000f4b1100000,0x000000f4b1200000)]
  0x000001f7e77e3b10 JavaThread "jar transforms Thread 4" [_thread_blocked, id=11284, stack(0x000000f4b1c00000,0x000000f4b1d00000)]
  0x000001f7e77e5460 JavaThread "jar transforms Thread 5" [_thread_blocked, id=26072, stack(0x000000f4b1d00000,0x000000f4b1e00000)]
  0x000001f7e77e3600 JavaThread "jar transforms Thread 6" [_thread_blocked, id=19284, stack(0x000000f4b1e00000,0x000000f4b1f00000)]
  0x000001f7e77e4530 JavaThread "jar transforms Thread 7" [_thread_blocked, id=4460, stack(0x000000f4b1f00000,0x000000f4b2000000)]
  0x000001f7e77e4020 JavaThread "jar transforms Thread 8" [_thread_blocked, id=20528, stack(0x000000f4b2000000,0x000000f4b2100000)]
  0x000001f7e96cfec0 JavaThread "Memory manager" [_thread_blocked, id=4104, stack(0x000000f4b2200000,0x000000f4b2300000)]
  0x000001f7eb6f31d0 JavaThread "ForkJoinPool.commonPool-worker-1" daemon [_thread_blocked, id=17020, stack(0x000000f4b3a00000,0x000000f4b3b00000)]
  0x000001f7eb6f36e0 JavaThread "ForkJoinPool.commonPool-worker-2" daemon [_thread_blocked, id=18456, stack(0x000000f4b3b00000,0x000000f4b3c00000)]
  0x000001f7eb6f3bf0 JavaThread "ForkJoinPool.commonPool-worker-3" daemon [_thread_blocked, id=17788, stack(0x000000f4b3c00000,0x000000f4b3d00000)]
  0x000001f7eb6f1880 JavaThread "ForkJoinPool.commonPool-worker-4" daemon [_thread_blocked, id=20740, stack(0x000000f4b3d00000,0x000000f4b3e00000)]
  0x000001f7eb6f4100 JavaThread "ForkJoinPool.commonPool-worker-5" daemon [_thread_blocked, id=25956, stack(0x000000f4b3e00000,0x000000f4b3f00000)]
  0x000001f7eb6f0950 JavaThread "ForkJoinPool.commonPool-worker-6" daemon [_thread_blocked, id=25736, stack(0x000000f4b3900000,0x000000f4b3a00000)]
  0x000001f7eb6f1d90 JavaThread "ForkJoinPool.commonPool-worker-7" daemon [_thread_blocked, id=1220, stack(0x000000f4b3f00000,0x000000f4b4000000)]
  0x000001f7eb6f1370 JavaThread "ForkJoinPool.commonPool-worker-8" daemon [_thread_blocked, id=1528, stack(0x000000f4b4000000,0x000000f4b4100000)]
  0x000001f7e96d08e0 JavaThread "ForkJoinPool.commonPool-worker-9" daemon [_thread_blocked, id=21728, stack(0x000000f4b4100000,0x000000f4b4200000)]
  0x000001f7e96d2c50 JavaThread "VFS cleanup" [_thread_blocked, id=27948, stack(0x000000f4afb00000,0x000000f4afc00000)]
  0x000001f7e96d3160 JavaThread "Handler for socket connection from /127.0.0.1:56738 to /127.0.0.1:65064" [_thread_in_native, id=23720, stack(0x000000f4af800000,0x000000f4af900000)]
  0x000001f7e96cf9b0 JavaThread "Cancel handler" [_thread_blocked, id=9268, stack(0x000000f4af900000,0x000000f4afa00000)]
  0x000001f7e96d3670 JavaThread "Asynchronous log dispatcher for DefaultDaemonConnection: socket connection from /127.0.0.1:56738 to /127.0.0.1:65064" [_thread_blocked, id=25332, stack(0x000000f4afc00000,0x000000f4afd00000)]
  0x000001f7e96d3b80 JavaThread "Stdin handler" [_thread_blocked, id=19756, stack(0x000000f4afd00000,0x000000f4afe00000)]
  0x000001f7e96d4090 JavaThread "Daemon client event forwarder" [_thread_blocked, id=27300, stack(0x000000f4b0600000,0x000000f4b0700000)]
  0x000001f7e96d54d0 JavaThread "Cache worker for file hash cache (D:\Code\Application\music1\.gradle\9.4.1\fileHashes)" [_thread_blocked, id=17312, stack(0x000000f4b0700000,0x000000f4b0800000)]
  0x000001f7e96d45a0 JavaThread "Cache worker for Build Output Cleanup Cache (D:\Code\Application\music1\.gradle\buildOutputCleanup)" [_thread_blocked, id=26444, stack(0x000000f4b0c00000,0x000000f4b0d00000)]
  0x000001f7e96d4ab0 JavaThread "jar transforms Thread 9" [_thread_blocked, id=12188, stack(0x000000f4b0d00000,0x000000f4b0e00000)]
  0x000001f7e96d59e0 JavaThread "jar transforms Thread 10" [_thread_blocked, id=15008, stack(0x000000f4b0e00000,0x000000f4b0f00000)]
  0x000001f7e77ddff0 JavaThread "Cache worker for checksums cache (D:\Code\Application\music1\.gradle\9.4.1\checksums)" [_thread_blocked, id=24480, stack(0x000000f4b1200000,0x000000f4b1300000)]
  0x000001f7e77def20 JavaThread "Cache worker for cache directory md-supplier (C:\Users\16696\.gradle\caches\9.4.1\md-supplier)" [_thread_blocked, id=10272, stack(0x000000f4b1300000,0x000000f4b1400000)]
  0x000001f7e77dfe50 JavaThread "Cache worker for cache directory md-rule (C:\Users\16696\.gradle\caches\9.4.1\md-rule)" [_thread_blocked, id=6040, stack(0x000000f4b1400000,0x000000f4b1500000)]
  0x000001f7e77e0870 JavaThread "Build operations" [_thread_blocked, id=2856, stack(0x000000f4b1500000,0x000000f4b1600000)]
  0x000001f7e77e1290 JavaThread "Build operations Thread 2" [_thread_blocked, id=12448, stack(0x000000f4b1600000,0x000000f4b1700000)]
  0x000001f7e77e17a0 JavaThread "Build operations Thread 3" [_thread_blocked, id=8012, stack(0x000000f4b1700000,0x000000f4b1800000)]
  0x000001f7e77de500 JavaThread "Build operations Thread 4" [_thread_blocked, id=28228, stack(0x000000f4b1800000,0x000000f4b1900000)]
  0x000001f7e77e26d0 JavaThread "Build operations Thread 5" [_thread_blocked, id=7396, stack(0x000000f4b1900000,0x000000f4b1a00000)]
  0x000001f7e77e2be0 JavaThread "Build operations Thread 6" [_thread_blocked, id=27644, stack(0x000000f4b1a00000,0x000000f4b1b00000)]
  0x000001f7e77e4f50 JavaThread "Build operations Thread 7" [_thread_blocked, id=26376, stack(0x000000f4b1b00000,0x000000f4b1c00000)]
  0x000001f7e77e5970 JavaThread "Build operations Thread 8" [_thread_blocked, id=19600, stack(0x000000f4b2100000,0x000000f4b2200000)]
  0x000001f7e77e21c0 JavaThread "Build operations Thread 9" [_thread_blocked, id=5580, stack(0x000000f4b2300000,0x000000f4b2400000)]
  0x000001f7e77e30f0 JavaThread "Build operations Thread 10" [_thread_blocked, id=6544, stack(0x000000f4b2400000,0x000000f4b2500000)]
  0x000001f7eb6ef000 JavaThread "included builds" [_thread_blocked, id=27944, stack(0x000000f4b2500000,0x000000f4b2600000)]
  0x000001f7eb6edbc0 JavaThread "Execution worker" [_thread_blocked, id=21376, stack(0x000000f4b2600000,0x000000f4b2700000)]
  0x000001f7eb6ee0d0 JavaThread "Execution worker Thread 2" [_thread_blocked, id=6312, stack(0x000000f4b2700000,0x000000f4b2800000)]
  0x000001f7eb6ef510 JavaThread "Execution worker Thread 3" [_thread_blocked, id=6260, stack(0x000000f4b2800000,0x000000f4b2900000)]
  0x000001f7eb6efa20 JavaThread "Execution worker Thread 4" [_thread_blocked, id=17784, stack(0x000000f4b2900000,0x000000f4b2a00000)]
  0x000001f7eb6ed6b0 JavaThread "Execution worker Thread 5" [_thread_blocked, id=21096, stack(0x000000f4b2a00000,0x000000f4b2b00000)]
  0x000001f7eb6f0440 JavaThread "Execution worker Thread 6" [_thread_blocked, id=26068, stack(0x000000f4b2b00000,0x000000f4b2c00000)]
  0x000001f7eb6ecc90 JavaThread "Execution worker Thread 7" [_thread_blocked, id=5680, stack(0x000000f4b2c00000,0x000000f4b2d00000)]
  0x000001f7eb6f0e60 JavaThread "Execution worker Thread 8" [_thread_blocked, id=24780, stack(0x000000f4b2d00000,0x000000f4b2e00000)]
  0x000001f7e604b360 JavaThread "Execution worker Thread 9" [_thread_blocked, id=6096, stack(0x000000f4b2e00000,0x000000f4b2f00000)]
  0x000001f7e6048ae0 JavaThread "Cache worker for execution history cache (D:\Code\Application\music1\.gradle\9.4.1\executionHistory)" [_thread_blocked, id=22208, stack(0x000000f4b2f00000,0x000000f4b3000000)]
  0x000001f7e604a940 JavaThread "idea-tooling-model-converter" [_thread_blocked, id=9332, stack(0x000000f4b3000000,0x000000f4b3100000)]

Other Threads:
  0x000001f79e799f00 VMThread "VM Thread" [stack: 0x000000f4ae100000,0x000000f4ae200000] [id=4868]
  0x000001f78004a700 WatcherThread [stack: 0x000000f4aed00000,0x000000f4aee00000] [id=6380]
  0x000001f7800aab30 GCTaskThread "GC Thread#0" [stack: 0x000000f4adc00000,0x000000f4add00000] [id=9000]
  0x000001f7e4fccf80 GCTaskThread "GC Thread#1" [stack: 0x000000f4af000000,0x000000f4af100000] [id=21276]
  0x000001f7e4fcb900 GCTaskThread "GC Thread#2" [stack: 0x000000f4af100000,0x000000f4af200000] [id=10976]
  0x000001f7e4fcbbd0 GCTaskThread "GC Thread#3" [stack: 0x000000f4af200000,0x000000f4af300000] [id=11724]
  0x000001f7e4fcd250 GCTaskThread "GC Thread#4" [stack: 0x000000f4af300000,0x000000f4af400000] [id=21000]
  0x000001f7e4fcc9e0 GCTaskThread "GC Thread#5" [stack: 0x000000f4b0100000,0x000000f4b0200000] [id=28424]
  0x000001f7e6ce8090 GCTaskThread "GC Thread#6" [stack: 0x000000f4b0200000,0x000000f4b0300000] [id=24140]
  0x000001f7e6ce8bd0 GCTaskThread "GC Thread#7" [stack: 0x000000f4b0300000,0x000000f4b0400000] [id=28004]
  0x000001f7e6ce6740 GCTaskThread "GC Thread#8" [stack: 0x000000f4b0400000,0x000000f4b0500000] [id=3528]
  0x000001f7800bb9a0 ConcurrentGCThread "G1 Main Marker" [stack: 0x000000f4add00000,0x000000f4ade00000] [id=17880]
  0x000001f7800bcfa0 ConcurrentGCThread "G1 Conc#0" [stack: 0x000000f4ade00000,0x000000f4adf00000] [id=24392]
  0x000001f7e6ce9440 ConcurrentGCThread "G1 Conc#1" [stack: 0x000000f4b0500000,0x000000f4b0600000] [id=18324]
  0x000001f79e652600 ConcurrentGCThread "G1 Refine#0" [stack: 0x000000f4adf00000,0x000000f4ae000000] [id=5292]
  0x000001f7e65a35a0 ConcurrentGCThread "G1 Refine#1" [stack: 0x000000f4b0b00000,0x000000f4b0c00000] [id=12908]
  0x000001f79e653d00 ConcurrentGCThread "G1 Service" [stack: 0x000000f4ae000000,0x000000f4ae100000] [id=18040]

Threads with active compile tasks:
C2 CompilerThread0  37730 18227   !   4       org.gradle.internal.snapshot.impl.DirectorySnapshotter$PathVisitor::doVisitFile (194 bytes)

VM state: not at safepoint (normal execution)

VM Mutex/Monitor currently owned by a thread: None

Heap address: 0x0000000080000000, size: 2048 MB, Compressed Oops mode: 32-bit

CDS archive(s) mapped at: [0x000001f79f000000-0x000001f79fbb0000-0x000001f79fbb0000), size 12255232, SharedBaseAddress: 0x000001f79f000000, ArchiveRelocationMode: 1.
Compressed class space mapped at: 0x000001f7a0000000-0x000001f7e0000000, reserved size: 1073741824
Narrow klass base: 0x000001f79f000000, Narrow klass shift: 0, Narrow klass range: 0x100000000

GC Precious Log:
 CPUs: 10 total, 10 available
 Memory: 15751M
 Large Page Support: Disabled
 NUMA Support: Disabled
 Compressed Oops: Enabled (32-bit)
 Heap Region Size: 1M
 Heap Min Capacity: 8M
 Heap Initial Capacity: 248M
 Heap Max Capacity: 2G
 Pre-touch: Disabled
 Parallel Workers: 9
 Concurrent Workers: 2
 Concurrent Refinement Workers: 9
 Periodic GC: Disabled

Heap:
 garbage-first heap   total 372736K, used 164424K [0x0000000080000000, 0x0000000100000000)
  region size 1024K, 26 young (26624K), 21 survivors (21504K)
 Metaspace       used 130832K, committed 132288K, reserved 1179648K
  class space    used 19228K, committed 19904K, reserved 1048576K

Heap Regions: E=young(eden), S=young(survivor), O=old, HS=humongous(starts), HC=humongous(continues), CS=collection set, F=free, OA=open archive, CA=closed archive, TAMS=top-at-mark-start (previous, next)
|   0|0x0000000080000000, 0x0000000080100000, 0x0000000080100000|100%|HS|  |TAMS 0x0000000080100000, 0x0000000080100000| Complete 
|   1|0x0000000080100000, 0x0000000080200000, 0x0000000080200000|100%|HC|  |TAMS 0x0000000080200000, 0x0000000080200000| Complete 
|   2|0x0000000080200000, 0x0000000080300000, 0x0000000080300000|100%|HC|  |TAMS 0x0000000080300000, 0x0000000080300000| Complete 
|   3|0x0000000080300000, 0x0000000080400000, 0x0000000080400000|100%|HC|  |TAMS 0x0000000080400000, 0x0000000080400000| Complete 
|   4|0x0000000080400000, 0x0000000080500000, 0x0000000080500000|100%| O|  |TAMS 0x0000000080500000, 0x0000000080500000| Untracked 
|   5|0x0000000080500000, 0x0000000080600000, 0x0000000080600000|100%| O|  |TAMS 0x0000000080600000, 0x0000000080600000| Untracked 
|   6|0x0000000080600000, 0x0000000080700000, 0x0000000080700000|100%| O|  |TAMS 0x0000000080700000, 0x0000000080700000| Untracked 
|   7|0x0000000080700000, 0x0000000080800000, 0x0000000080800000|100%| O|  |TAMS 0x0000000080800000, 0x0000000080800000| Untracked 
|   8|0x0000000080800000, 0x0000000080900000, 0x0000000080900000|100%|HS|  |TAMS 0x0000000080900000, 0x0000000080900000| Complete 
|   9|0x0000000080900000, 0x0000000080a00000, 0x0000000080a00000|100%| O|  |TAMS 0x0000000080a00000, 0x0000000080a00000| Untracked 
|  10|0x0000000080a00000, 0x0000000080b00000, 0x0000000080b00000|100%| O|  |TAMS 0x0000000080b00000, 0x0000000080b00000| Untracked 
|  11|0x0000000080b00000, 0x0000000080c00000, 0x0000000080c00000|100%| O|  |TAMS 0x0000000080c00000, 0x0000000080c00000| Untracked 
|  12|0x0000000080c00000, 0x0000000080d00000, 0x0000000080d00000|100%| O|  |TAMS 0x0000000080d00000, 0x0000000080d00000| Untracked 
|  13|0x0000000080d00000, 0x0000000080e00000, 0x0000000080e00000|100%| O|  |TAMS 0x0000000080e00000, 0x0000000080e00000| Untracked 
|  14|0x0000000080e00000, 0x0000000080f00000, 0x0000000080f00000|100%| O|  |TAMS 0x0000000080f00000, 0x0000000080f00000| Untracked 
|  15|0x0000000080f00000, 0x0000000081000000, 0x0000000081000000|100%| O|  |TAMS 0x0000000081000000, 0x0000000081000000| Untracked 
|  16|0x0000000081000000, 0x0000000081100000, 0x0000000081100000|100%| O|  |TAMS 0x0000000081100000, 0x0000000081100000| Untracked 
|  17|0x0000000081100000, 0x0000000081200000, 0x0000000081200000|100%| O|  |TAMS 0x0000000081200000, 0x0000000081200000| Untracked 
|  18|0x0000000081200000, 0x0000000081300000, 0x0000000081300000|100%| O|  |TAMS 0x0000000081300000, 0x0000000081300000| Untracked 
|  19|0x0000000081300000, 0x0000000081400000, 0x0000000081400000|100%| O|  |TAMS 0x0000000081400000, 0x0000000081400000| Untracked 
|  20|0x0000000081400000, 0x0000000081500000, 0x0000000081500000|100%| O|  |TAMS 0x0000000081500000, 0x0000000081500000| Untracked 
|  21|0x0000000081500000, 0x0000000081600000, 0x0000000081600000|100%| O|  |TAMS 0x0000000081600000, 0x0000000081600000| Untracked 
|  22|0x0000000081600000, 0x0000000081700000, 0x0000000081700000|100%| O|  |TAMS 0x0000000081700000, 0x0000000081700000| Untracked 
|  23|0x0000000081700000, 0x0000000081800000, 0x0000000081800000|100%| O|  |TAMS 0x0000000081800000, 0x0000000081800000| Untracked 
|  24|0x0000000081800000, 0x0000000081900000, 0x0000000081900000|100%| O|  |TAMS 0x0000000081900000, 0x0000000081900000| Untracked 
|  25|0x0000000081900000, 0x0000000081a00000, 0x0000000081a00000|100%| O|  |TAMS 0x0000000081a00000, 0x0000000081a00000| Untracked 
|  26|0x0000000081a00000, 0x0000000081b00000, 0x0000000081b00000|100%| O|  |TAMS 0x0000000081b00000, 0x0000000081b00000| Untracked 
|  27|0x0000000081b00000, 0x0000000081c00000, 0x0000000081c00000|100%| O|  |TAMS 0x0000000081c00000, 0x0000000081c00000| Untracked 
|  28|0x0000000081c00000, 0x0000000081d00000, 0x0000000081d00000|100%| O|  |TAMS 0x0000000081d00000, 0x0000000081d00000| Untracked 
|  29|0x0000000081d00000, 0x0000000081e00000, 0x0000000081e00000|100%| O|  |TAMS 0x0000000081e00000, 0x0000000081e00000| Untracked 
|  30|0x0000000081e00000, 0x0000000081f00000, 0x0000000081f00000|100%| O|  |TAMS 0x0000000081f00000, 0x0000000081f00000| Untracked 
|  31|0x0000000081f00000, 0x0000000082000000, 0x0000000082000000|100%| O|  |TAMS 0x0000000082000000, 0x0000000082000000| Untracked 
|  32|0x0000000082000000, 0x0000000082100000, 0x0000000082100000|100%| O|  |TAMS 0x0000000082000000, 0x0000000082100000| Untracked 
|  33|0x0000000082100000, 0x0000000082200000, 0x0000000082200000|100%| O|  |TAMS 0x0000000082200000, 0x0000000082200000| Untracked 
|  34|0x0000000082200000, 0x0000000082300000, 0x0000000082300000|100%| O|  |TAMS 0x0000000082300000, 0x0000000082300000| Untracked 
|  35|0x0000000082300000, 0x0000000082400000, 0x0000000082400000|100%| O|  |TAMS 0x0000000082400000, 0x0000000082400000| Untracked 
|  36|0x0000000082400000, 0x0000000082500000, 0x0000000082500000|100%| O|  |TAMS 0x0000000082500000, 0x0000000082500000| Untracked 
|  37|0x0000000082500000, 0x0000000082600000, 0x0000000082600000|100%| O|  |TAMS 0x0000000082600000, 0x0000000082600000| Untracked 
|  38|0x0000000082600000, 0x0000000082700000, 0x0000000082700000|100%| O|  |TAMS 0x0000000082700000, 0x0000000082700000| Untracked 
|  39|0x0000000082700000, 0x0000000082800000, 0x0000000082800000|100%| O|  |TAMS 0x0000000082800000, 0x0000000082800000| Untracked 
|  40|0x0000000082800000, 0x0000000082900000, 0x0000000082900000|100%| O|  |TAMS 0x0000000082900000, 0x0000000082900000| Untracked 
|  41|0x0000000082900000, 0x0000000082a00000, 0x0000000082a00000|100%| O|  |TAMS 0x0000000082a00000, 0x0000000082a00000| Untracked 
|  42|0x0000000082a00000, 0x0000000082b00000, 0x0000000082b00000|100%|HS|  |TAMS 0x0000000082b00000, 0x0000000082b00000| Complete 
|  43|0x0000000082b00000, 0x0000000082c00000, 0x0000000082c00000|100%|HS|  |TAMS 0x0000000082c00000, 0x0000000082c00000| Complete 
|  44|0x0000000082c00000, 0x0000000082d00000, 0x0000000082d00000|100%|HS|  |TAMS 0x0000000082d00000, 0x0000000082d00000| Complete 
|  45|0x0000000082d00000, 0x0000000082e00000, 0x0000000082e00000|100%|HC|  |TAMS 0x0000000082e00000, 0x0000000082e00000| Complete 
|  46|0x0000000082e00000, 0x0000000082f00000, 0x0000000082f00000|100%|HS|  |TAMS 0x0000000082f00000, 0x0000000082f00000| Complete 
|  47|0x0000000082f00000, 0x0000000083000000, 0x0000000083000000|100%|HS|  |TAMS 0x0000000083000000, 0x0000000083000000| Complete 
|  48|0x0000000083000000, 0x0000000083100000, 0x0000000083100000|100%| O|  |TAMS 0x0000000083100000, 0x0000000083100000| Untracked 
|  49|0x0000000083100000, 0x0000000083200000, 0x0000000083200000|100%|HS|  |TAMS 0x0000000083200000, 0x0000000083200000| Complete 
|  50|0x0000000083200000, 0x0000000083300000, 0x0000000083300000|100%|HS|  |TAMS 0x0000000083300000, 0x0000000083300000| Complete 
|  51|0x0000000083300000, 0x0000000083400000, 0x0000000083400000|100%| O|  |TAMS 0x0000000083400000, 0x0000000083400000| Untracked 
|  52|0x0000000083400000, 0x0000000083500000, 0x0000000083500000|100%| O|  |TAMS 0x0000000083500000, 0x0000000083500000| Untracked 
|  53|0x0000000083500000, 0x0000000083600000, 0x0000000083600000|100%| O|  |TAMS 0x0000000083600000, 0x0000000083600000| Untracked 
|  54|0x0000000083600000, 0x0000000083700000, 0x0000000083700000|100%| O|  |TAMS 0x0000000083700000, 0x0000000083700000| Untracked 
|  55|0x0000000083700000, 0x0000000083800000, 0x0000000083800000|100%| O|  |TAMS 0x0000000083800000, 0x0000000083800000| Untracked 
|  56|0x0000000083800000, 0x0000000083900000, 0x0000000083900000|100%| O|  |TAMS 0x0000000083900000, 0x0000000083900000| Untracked 
|  57|0x0000000083900000, 0x0000000083a00000, 0x0000000083a00000|100%|HS|  |TAMS 0x0000000083a00000, 0x0000000083a00000| Complete 
|  58|0x0000000083a00000, 0x0000000083b00000, 0x0000000083b00000|100%|HC|  |TAMS 0x0000000083b00000, 0x0000000083b00000| Complete 
|  59|0x0000000083b00000, 0x0000000083c00000, 0x0000000083c00000|100%| O|  |TAMS 0x0000000083c00000, 0x0000000083c00000| Untracked 
|  60|0x0000000083c00000, 0x0000000083d00000, 0x0000000083d00000|100%| O|  |TAMS 0x0000000083d00000, 0x0000000083d00000| Untracked 
|  61|0x0000000083d00000, 0x0000000083e00000, 0x0000000083e00000|100%| O|  |TAMS 0x0000000083e00000, 0x0000000083e00000| Untracked 
|  62|0x0000000083e00000, 0x0000000083f00000, 0x0000000083f00000|100%| O|  |TAMS 0x0000000083f00000, 0x0000000083f00000| Untracked 
|  63|0x0000000083f00000, 0x0000000084000000, 0x0000000084000000|100%| O|  |TAMS 0x0000000084000000, 0x0000000084000000| Untracked 
|  64|0x0000000084000000, 0x0000000084100000, 0x0000000084100000|100%| O|  |TAMS 0x0000000084100000, 0x0000000084100000| Untracked 
|  65|0x0000000084100000, 0x0000000084200000, 0x0000000084200000|100%| O|  |TAMS 0x0000000084200000, 0x0000000084200000| Untracked 
|  66|0x0000000084200000, 0x0000000084300000, 0x0000000084300000|100%| O|  |TAMS 0x0000000084300000, 0x0000000084300000| Untracked 
|  67|0x0000000084300000, 0x0000000084400000, 0x0000000084400000|100%| O|  |TAMS 0x0000000084400000, 0x0000000084400000| Untracked 
|  68|0x0000000084400000, 0x0000000084500000, 0x0000000084500000|100%| O|  |TAMS 0x0000000084500000, 0x0000000084500000| Untracked 
|  69|0x0000000084500000, 0x0000000084600000, 0x0000000084600000|100%| O|  |TAMS 0x0000000084500000, 0x0000000084600000| Untracked 
|  70|0x0000000084600000, 0x0000000084700000, 0x0000000084700000|100%|HS|  |TAMS 0x0000000084700000, 0x0000000084700000| Complete 
|  71|0x0000000084700000, 0x0000000084800000, 0x0000000084800000|100%| O|  |TAMS 0x0000000084800000, 0x0000000084800000| Untracked 
|  72|0x0000000084800000, 0x0000000084900000, 0x0000000084900000|100%| O|  |TAMS 0x0000000084900000, 0x0000000084900000| Untracked 
|  73|0x0000000084900000, 0x0000000084a00000, 0x0000000084a00000|100%| O|  |TAMS 0x0000000084a00000, 0x0000000084a00000| Untracked 
|  74|0x0000000084a00000, 0x0000000084b00000, 0x0000000084b00000|100%| O|  |TAMS 0x0000000084b00000, 0x0000000084b00000| Untracked 
|  75|0x0000000084b00000, 0x0000000084c00000, 0x0000000084c00000|100%| O|  |TAMS 0x0000000084c00000, 0x0000000084c00000| Untracked 
|  76|0x0000000084c00000, 0x0000000084d00000, 0x0000000084d00000|100%| O|  |TAMS 0x0000000084d00000, 0x0000000084d00000| Untracked 
|  77|0x0000000084d00000, 0x0000000084e00000, 0x0000000084e00000|100%| O|  |TAMS 0x0000000084e00000, 0x0000000084e00000| Untracked 
|  78|0x0000000084e00000, 0x0000000084f00000, 0x0000000084f00000|100%| O|  |TAMS 0x0000000084f00000, 0x0000000084f00000| Untracked 
|  79|0x0000000084f00000, 0x0000000085000000, 0x0000000085000000|100%| O|  |TAMS 0x0000000085000000, 0x0000000085000000| Untracked 
|  80|0x0000000085000000, 0x0000000085100000, 0x0000000085100000|100%| O|  |TAMS 0x0000000085100000, 0x0000000085100000| Untracked 
|  81|0x0000000085100000, 0x0000000085200000, 0x0000000085200000|100%| O|  |TAMS 0x0000000085200000, 0x0000000085200000| Untracked 
|  82|0x0000000085200000, 0x0000000085300000, 0x0000000085300000|100%| O|  |TAMS 0x0000000085300000, 0x0000000085300000| Untracked 
|  83|0x0000000085300000, 0x0000000085400000, 0x0000000085400000|100%| O|  |TAMS 0x0000000085400000, 0x0000000085400000| Untracked 
|  84|0x0000000085400000, 0x0000000085500000, 0x0000000085500000|100%| O|  |TAMS 0x0000000085500000, 0x0000000085500000| Untracked 
|  85|0x0000000085500000, 0x0000000085600000, 0x0000000085600000|100%| O|  |TAMS 0x0000000085600000, 0x0000000085600000| Untracked 
|  86|0x0000000085600000, 0x0000000085700000, 0x0000000085700000|100%| O|  |TAMS 0x0000000085700000, 0x0000000085700000| Untracked 
|  87|0x0000000085700000, 0x0000000085800000, 0x0000000085800000|100%| O|  |TAMS 0x0000000085800000, 0x0000000085800000| Untracked 
|  88|0x0000000085800000, 0x0000000085900000, 0x0000000085900000|100%| O|  |TAMS 0x0000000085900000, 0x0000000085900000| Untracked 
|  89|0x0000000085900000, 0x0000000085a00000, 0x0000000085a00000|100%| O|  |TAMS 0x0000000085a00000, 0x0000000085a00000| Untracked 
|  90|0x0000000085a00000, 0x0000000085b00000, 0x0000000085b00000|100%| O|  |TAMS 0x0000000085b00000, 0x0000000085b00000| Untracked 
|  91|0x0000000085b00000, 0x0000000085c00000, 0x0000000085c00000|100%| O|  |TAMS 0x0000000085c00000, 0x0000000085c00000| Untracked 
|  92|0x0000000085c00000, 0x0000000085d00000, 0x0000000085d00000|100%| O|  |TAMS 0x0000000085c1b600, 0x0000000085d00000| Untracked 
|  93|0x0000000085d00000, 0x0000000085e00000, 0x0000000085e00000|100%| O|  |TAMS 0x0000000085d00000, 0x0000000085e00000| Untracked 
|  94|0x0000000085e00000, 0x0000000085f00000, 0x0000000085f00000|100%| O|  |TAMS 0x0000000085e00000, 0x0000000085f00000| Untracked 
|  95|0x0000000085f00000, 0x0000000086000000, 0x0000000086000000|100%| O|  |TAMS 0x0000000085f00000, 0x0000000086000000| Untracked 
|  96|0x0000000086000000, 0x0000000086100000, 0x0000000086100000|100%| O|  |TAMS 0x0000000086000000, 0x0000000086100000| Untracked 
|  97|0x0000000086100000, 0x0000000086200000, 0x0000000086200000|100%| O|  |TAMS 0x0000000086100000, 0x0000000086200000| Untracked 
|  98|0x0000000086200000, 0x0000000086300000, 0x0000000086300000|100%| O|  |TAMS 0x0000000086200000, 0x0000000086300000| Untracked 
|  99|0x0000000086300000, 0x0000000086400000, 0x0000000086400000|100%| O|  |TAMS 0x0000000086300000, 0x0000000086400000| Untracked 
| 100|0x0000000086400000, 0x0000000086500000, 0x0000000086500000|100%| O|  |TAMS 0x0000000086400000, 0x0000000086500000| Untracked 
| 101|0x0000000086500000, 0x0000000086600000, 0x0000000086600000|100%| O|  |TAMS 0x0000000086500000, 0x0000000086600000| Untracked 
| 102|0x0000000086600000, 0x0000000086700000, 0x0000000086700000|100%| O|  |TAMS 0x0000000086600000, 0x0000000086700000| Untracked 
| 103|0x0000000086700000, 0x0000000086800000, 0x0000000086800000|100%|HS|  |TAMS 0x0000000086700000, 0x0000000086700000| Complete 
| 104|0x0000000086800000, 0x0000000086900000, 0x0000000086900000|100%| O|  |TAMS 0x0000000086800000, 0x0000000086900000| Untracked 
| 105|0x0000000086900000, 0x0000000086a00000, 0x0000000086a00000|100%| O|  |TAMS 0x0000000086900000, 0x0000000086a00000| Untracked 
| 106|0x0000000086a00000, 0x0000000086b00000, 0x0000000086b00000|100%| O|  |TAMS 0x0000000086a00000, 0x0000000086b00000| Untracked 
| 107|0x0000000086b00000, 0x0000000086c00000, 0x0000000086c00000|100%| O|  |TAMS 0x0000000086b00000, 0x0000000086c00000| Untracked 
| 108|0x0000000086c00000, 0x0000000086d00000, 0x0000000086d00000|100%| O|  |TAMS 0x0000000086c00000, 0x0000000086d00000| Untracked 
| 109|0x0000000086d00000, 0x0000000086e00000, 0x0000000086e00000|100%| O|  |TAMS 0x0000000086d00000, 0x0000000086e00000| Untracked 
| 110|0x0000000086e00000, 0x0000000086f00000, 0x0000000086f00000|100%| O|  |TAMS 0x0000000086e00000, 0x0000000086f00000| Untracked 
| 111|0x0000000086f00000, 0x0000000087000000, 0x0000000087000000|100%| O|  |TAMS 0x0000000086f00000, 0x0000000087000000| Untracked 
| 112|0x0000000087000000, 0x0000000087100000, 0x0000000087100000|100%| O|  |TAMS 0x0000000087000000, 0x0000000087100000| Untracked 
| 113|0x0000000087100000, 0x0000000087200000, 0x0000000087200000|100%| O|  |TAMS 0x0000000087100000, 0x0000000087200000| Untracked 
| 114|0x0000000087200000, 0x0000000087300000, 0x0000000087300000|100%| O|  |TAMS 0x0000000087200000, 0x0000000087300000| Untracked 
| 115|0x0000000087300000, 0x0000000087400000, 0x0000000087400000|100%| O|  |TAMS 0x0000000087300000, 0x0000000087321200| Untracked 
| 116|0x0000000087400000, 0x0000000087500000, 0x0000000087500000|100%|HS|  |TAMS 0x0000000087400000, 0x0000000087400000| Complete 
| 117|0x0000000087500000, 0x0000000087600000, 0x0000000087600000|100%| O|  |TAMS 0x0000000087500000, 0x0000000087500000| Untracked 
| 118|0x0000000087600000, 0x0000000087700000, 0x0000000087700000|100%| O|  |TAMS 0x0000000087600000, 0x0000000087600000| Untracked 
| 119|0x0000000087700000, 0x0000000087800000, 0x0000000087800000|100%| O|  |TAMS 0x0000000087700000, 0x0000000087700000| Untracked 
| 120|0x0000000087800000, 0x0000000087900000, 0x0000000087900000|100%| O|  |TAMS 0x0000000087800000, 0x0000000087800000| Untracked 
| 121|0x0000000087900000, 0x0000000087992200, 0x0000000087a00000| 57%| O|  |TAMS 0x0000000087900000, 0x0000000087900000| Untracked 
| 122|0x0000000087a00000, 0x0000000087a00000, 0x0000000087b00000|  0%| F|  |TAMS 0x0000000087a00000, 0x0000000087a00000| Untracked 
| 123|0x0000000087b00000, 0x0000000087b00000, 0x0000000087c00000|  0%| F|  |TAMS 0x0000000087b00000, 0x0000000087b00000| Untracked 
| 124|0x0000000087c00000, 0x0000000087c00000, 0x0000000087d00000|  0%| F|  |TAMS 0x0000000087c00000, 0x0000000087c00000| Untracked 
| 125|0x0000000087d00000, 0x0000000087d00000, 0x0000000087e00000|  0%| F|  |TAMS 0x0000000087d00000, 0x0000000087d00000| Untracked 
| 126|0x0000000087e00000, 0x0000000087e00000, 0x0000000087f00000|  0%| F|  |TAMS 0x0000000087e00000, 0x0000000087e00000| Untracked 
| 127|0x0000000087f00000, 0x0000000087f00000, 0x0000000088000000|  0%| F|  |TAMS 0x0000000087f00000, 0x0000000087f00000| Untracked 
| 128|0x0000000088000000, 0x0000000088000000, 0x0000000088100000|  0%| F|  |TAMS 0x0000000088000000, 0x0000000088000000| Untracked 
| 129|0x0000000088100000, 0x0000000088100000, 0x0000000088200000|  0%| F|  |TAMS 0x0000000088100000, 0x0000000088100000| Untracked 
| 130|0x0000000088200000, 0x0000000088200000, 0x0000000088300000|  0%| F|  |TAMS 0x0000000088200000, 0x0000000088200000| Untracked 
| 131|0x0000000088300000, 0x0000000088300000, 0x0000000088400000|  0%| F|  |TAMS 0x0000000088300000, 0x0000000088300000| Untracked 
| 132|0x0000000088400000, 0x0000000088400000, 0x0000000088500000|  0%| F|  |TAMS 0x0000000088400000, 0x0000000088400000| Untracked 
| 133|0x0000000088500000, 0x0000000088500000, 0x0000000088600000|  0%| F|  |TAMS 0x0000000088500000, 0x0000000088500000| Untracked 
| 134|0x0000000088600000, 0x0000000088600000, 0x0000000088700000|  0%| F|  |TAMS 0x0000000088600000, 0x0000000088600000| Untracked 
| 135|0x0000000088700000, 0x0000000088700000, 0x0000000088800000|  0%| F|  |TAMS 0x0000000088700000, 0x0000000088700000| Untracked 
| 136|0x0000000088800000, 0x0000000088800000, 0x0000000088900000|  0%| F|  |TAMS 0x0000000088800000, 0x0000000088800000| Untracked 
| 137|0x0000000088900000, 0x0000000088900000, 0x0000000088a00000|  0%| F|  |TAMS 0x0000000088900000, 0x0000000088900000| Untracked 
| 138|0x0000000088a00000, 0x0000000088a00000, 0x0000000088b00000|  0%| F|  |TAMS 0x0000000088a00000, 0x0000000088a00000| Untracked 
| 139|0x0000000088b00000, 0x0000000088b00000, 0x0000000088c00000|  0%| F|  |TAMS 0x0000000088b00000, 0x0000000088b00000| Untracked 
| 140|0x0000000088c00000, 0x0000000088c00000, 0x0000000088d00000|  0%| F|  |TAMS 0x0000000088c00000, 0x0000000088c00000| Untracked 
| 141|0x0000000088d00000, 0x0000000088d00000, 0x0000000088e00000|  0%| F|  |TAMS 0x0000000088d00000, 0x0000000088d00000| Untracked 
| 142|0x0000000088e00000, 0x0000000088e00000, 0x0000000088f00000|  0%| F|  |TAMS 0x0000000088e00000, 0x0000000088e00000| Untracked 
| 143|0x0000000088f00000, 0x0000000088f00000, 0x0000000089000000|  0%| F|  |TAMS 0x0000000088f00000, 0x0000000088f00000| Untracked 
| 144|0x0000000089000000, 0x0000000089000000, 0x0000000089100000|  0%| F|  |TAMS 0x0000000089000000, 0x0000000089000000| Untracked 
| 145|0x0000000089100000, 0x0000000089100000, 0x0000000089200000|  0%| F|  |TAMS 0x0000000089100000, 0x0000000089100000| Untracked 
| 146|0x0000000089200000, 0x0000000089200000, 0x0000000089300000|  0%| F|  |TAMS 0x0000000089200000, 0x0000000089200000| Untracked 
| 147|0x0000000089300000, 0x0000000089300000, 0x0000000089400000|  0%| F|  |TAMS 0x0000000089300000, 0x0000000089300000| Untracked 
| 148|0x0000000089400000, 0x0000000089500000, 0x0000000089500000|100%|HS|  |TAMS 0x0000000089400000, 0x0000000089500000| Complete 
| 149|0x0000000089500000, 0x0000000089600000, 0x0000000089600000|100%|HC|  |TAMS 0x0000000089500000, 0x0000000089600000| Complete 
| 150|0x0000000089600000, 0x0000000089700000, 0x0000000089700000|100%|HC|  |TAMS 0x0000000089600000, 0x0000000089700000| Complete 
| 151|0x0000000089700000, 0x0000000089800000, 0x0000000089800000|100%|HC|  |TAMS 0x0000000089700000, 0x0000000089800000| Complete 
| 152|0x0000000089800000, 0x0000000089900000, 0x0000000089900000|100%|HC|  |TAMS 0x0000000089800000, 0x0000000089900000| Complete 
| 153|0x0000000089900000, 0x0000000089a00000, 0x0000000089a00000|100%|HC|  |TAMS 0x0000000089900000, 0x0000000089a00000| Complete 
| 154|0x0000000089a00000, 0x0000000089b00000, 0x0000000089b00000|100%|HS|  |TAMS 0x0000000089a00000, 0x0000000089b00000| Complete 
| 155|0x0000000089b00000, 0x0000000089c00000, 0x0000000089c00000|100%|HS|  |TAMS 0x0000000089b00000, 0x0000000089c00000| Complete 
| 156|0x0000000089c00000, 0x0000000089d00000, 0x0000000089d00000|100%|HS|  |TAMS 0x0000000089c00000, 0x0000000089d00000| Complete 
| 157|0x0000000089d00000, 0x0000000089e00000, 0x0000000089e00000|100%|HC|  |TAMS 0x0000000089d00000, 0x0000000089e00000| Complete 
| 158|0x0000000089e00000, 0x0000000089f00000, 0x0000000089f00000|100%|HC|  |TAMS 0x0000000089e00000, 0x0000000089f00000| Complete 
| 159|0x0000000089f00000, 0x000000008a000000, 0x000000008a000000|100%|HC|  |TAMS 0x0000000089f00000, 0x000000008a000000| Complete 
| 160|0x000000008a000000, 0x000000008a100000, 0x000000008a100000|100%|HC|  |TAMS 0x000000008a000000, 0x000000008a100000| Complete 
| 161|0x000000008a100000, 0x000000008a200000, 0x000000008a200000|100%|HC|  |TAMS 0x000000008a100000, 0x000000008a200000| Complete 
| 162|0x000000008a200000, 0x000000008a200000, 0x000000008a300000|  0%| F|  |TAMS 0x000000008a200000, 0x000000008a200000| Untracked 
| 163|0x000000008a300000, 0x000000008a300000, 0x000000008a400000|  0%| F|  |TAMS 0x000000008a300000, 0x000000008a300000| Untracked 
| 164|0x000000008a400000, 0x000000008a400000, 0x000000008a500000|  0%| F|  |TAMS 0x000000008a400000, 0x000000008a400000| Untracked 
| 165|0x000000008a500000, 0x000000008a500000, 0x000000008a600000|  0%| F|  |TAMS 0x000000008a500000, 0x000000008a500000| Untracked 
| 166|0x000000008a600000, 0x000000008a600000, 0x000000008a700000|  0%| F|  |TAMS 0x000000008a600000, 0x000000008a600000| Untracked 
| 167|0x000000008a700000, 0x000000008a700000, 0x000000008a800000|  0%| F|  |TAMS 0x000000008a700000, 0x000000008a700000| Untracked 
| 168|0x000000008a800000, 0x000000008a800000, 0x000000008a900000|  0%| F|  |TAMS 0x000000008a800000, 0x000000008a800000| Untracked 
| 169|0x000000008a900000, 0x000000008a900000, 0x000000008aa00000|  0%| F|  |TAMS 0x000000008a900000, 0x000000008a900000| Untracked 
| 170|0x000000008aa00000, 0x000000008aa00000, 0x000000008ab00000|  0%| F|  |TAMS 0x000000008aa00000, 0x000000008aa00000| Untracked 
| 171|0x000000008ab00000, 0x000000008ab00000, 0x000000008ac00000|  0%| F|  |TAMS 0x000000008ab00000, 0x000000008ab00000| Untracked 
| 172|0x000000008ac00000, 0x000000008ac00000, 0x000000008ad00000|  0%| F|  |TAMS 0x000000008ac00000, 0x000000008ac00000| Untracked 
| 173|0x000000008ad00000, 0x000000008ad00000, 0x000000008ae00000|  0%| F|  |TAMS 0x000000008ad00000, 0x000000008ad00000| Untracked 
| 174|0x000000008ae00000, 0x000000008ae00000, 0x000000008af00000|  0%| F|  |TAMS 0x000000008ae00000, 0x000000008ae00000| Untracked 
| 175|0x000000008af00000, 0x000000008af00000, 0x000000008b000000|  0%| F|  |TAMS 0x000000008af00000, 0x000000008af00000| Untracked 
| 176|0x000000008b000000, 0x000000008b000000, 0x000000008b100000|  0%| F|  |TAMS 0x000000008b000000, 0x000000008b000000| Untracked 
| 177|0x000000008b100000, 0x000000008b100000, 0x000000008b200000|  0%| F|  |TAMS 0x000000008b100000, 0x000000008b100000| Untracked 
| 178|0x000000008b200000, 0x000000008b300000, 0x000000008b300000|100%| S|CS|TAMS 0x000000008b200000, 0x000000008b200000| Complete 
| 179|0x000000008b300000, 0x000000008b400000, 0x000000008b400000|100%| S|CS|TAMS 0x000000008b300000, 0x000000008b300000| Complete 
| 180|0x000000008b400000, 0x000000008b500000, 0x000000008b500000|100%| S|CS|TAMS 0x000000008b400000, 0x000000008b400000| Complete 
| 181|0x000000008b500000, 0x000000008b600000, 0x000000008b600000|100%| S|CS|TAMS 0x000000008b500000, 0x000000008b500000| Complete 
| 182|0x000000008b600000, 0x000000008b700000, 0x000000008b700000|100%| S|CS|TAMS 0x000000008b600000, 0x000000008b600000| Complete 
| 183|0x000000008b700000, 0x000000008b800000, 0x000000008b800000|100%| S|CS|TAMS 0x000000008b700000, 0x000000008b700000| Complete 
| 184|0x000000008b800000, 0x000000008b900000, 0x000000008b900000|100%| S|CS|TAMS 0x000000008b800000, 0x000000008b800000| Complete 
| 185|0x000000008b900000, 0x000000008ba00000, 0x000000008ba00000|100%| S|CS|TAMS 0x000000008b900000, 0x000000008b900000| Complete 
| 186|0x000000008ba00000, 0x000000008bb00000, 0x000000008bb00000|100%| S|CS|TAMS 0x000000008ba00000, 0x000000008ba00000| Complete 
| 187|0x000000008bb00000, 0x000000008bc00000, 0x000000008bc00000|100%| S|CS|TAMS 0x000000008bb00000, 0x000000008bb00000| Complete 
| 188|0x000000008bc00000, 0x000000008bd00000, 0x000000008bd00000|100%| S|CS|TAMS 0x000000008bc00000, 0x000000008bc00000| Complete 
| 189|0x000000008bd00000, 0x000000008be00000, 0x000000008be00000|100%| S|CS|TAMS 0x000000008bd00000, 0x000000008bd00000| Complete 
| 190|0x000000008be00000, 0x000000008bf00000, 0x000000008bf00000|100%| S|CS|TAMS 0x000000008be00000, 0x000000008be00000| Complete 
| 191|0x000000008bf00000, 0x000000008c000000, 0x000000008c000000|100%| S|CS|TAMS 0x000000008bf00000, 0x000000008bf00000| Complete 
| 192|0x000000008c000000, 0x000000008c100000, 0x000000008c100000|100%| S|CS|TAMS 0x000000008c000000, 0x000000008c000000| Complete 
| 193|0x000000008c100000, 0x000000008c200000, 0x000000008c200000|100%| S|CS|TAMS 0x000000008c100000, 0x000000008c100000| Complete 
| 194|0x000000008c200000, 0x000000008c300000, 0x000000008c300000|100%| S|CS|TAMS 0x000000008c200000, 0x000000008c200000| Complete 
| 195|0x000000008c300000, 0x000000008c400000, 0x000000008c400000|100%| S|CS|TAMS 0x000000008c300000, 0x000000008c300000| Complete 
| 196|0x000000008c400000, 0x000000008c500000, 0x000000008c500000|100%| S|CS|TAMS 0x000000008c400000, 0x000000008c400000| Complete 
| 197|0x000000008c500000, 0x000000008c600000, 0x000000008c600000|100%| S|CS|TAMS 0x000000008c500000, 0x000000008c500000| Complete 
| 198|0x000000008c600000, 0x000000008c700000, 0x000000008c700000|100%| S|CS|TAMS 0x000000008c600000, 0x000000008c600000| Complete 
| 199|0x000000008c700000, 0x000000008c700000, 0x000000008c800000|  0%| F|  |TAMS 0x000000008c700000, 0x000000008c700000| Untracked 
| 200|0x000000008c800000, 0x000000008c800000, 0x000000008c900000|  0%| F|  |TAMS 0x000000008c800000, 0x000000008c800000| Untracked 
| 201|0x000000008c900000, 0x000000008c900000, 0x000000008ca00000|  0%| F|  |TAMS 0x000000008c900000, 0x000000008c900000| Untracked 
| 202|0x000000008ca00000, 0x000000008ca00000, 0x000000008cb00000|  0%| F|  |TAMS 0x000000008ca00000, 0x000000008ca00000| Untracked 
| 203|0x000000008cb00000, 0x000000008cb00000, 0x000000008cc00000|  0%| F|  |TAMS 0x000000008cb00000, 0x000000008cb00000| Untracked 
| 204|0x000000008cc00000, 0x000000008cc00000, 0x000000008cd00000|  0%| F|  |TAMS 0x000000008cc00000, 0x000000008cc00000| Untracked 
| 205|0x000000008cd00000, 0x000000008cd00000, 0x000000008ce00000|  0%| F|  |TAMS 0x000000008cd00000, 0x000000008cd00000| Untracked 
| 206|0x000000008ce00000, 0x000000008ce00000, 0x000000008cf00000|  0%| F|  |TAMS 0x000000008ce00000, 0x000000008ce00000| Untracked 
| 207|0x000000008cf00000, 0x000000008cf00000, 0x000000008d000000|  0%| F|  |TAMS 0x000000008cf00000, 0x000000008cf00000| Untracked 
| 208|0x000000008d000000, 0x000000008d000000, 0x000000008d100000|  0%| F|  |TAMS 0x000000008d000000, 0x000000008d000000| Untracked 
| 209|0x000000008d100000, 0x000000008d100000, 0x000000008d200000|  0%| F|  |TAMS 0x000000008d100000, 0x000000008d100000| Untracked 
| 210|0x000000008d200000, 0x000000008d200000, 0x000000008d300000|  0%| F|  |TAMS 0x000000008d200000, 0x000000008d200000| Untracked 
| 211|0x000000008d300000, 0x000000008d300000, 0x000000008d400000|  0%| F|  |TAMS 0x000000008d300000, 0x000000008d300000| Untracked 
| 212|0x000000008d400000, 0x000000008d400000, 0x000000008d500000|  0%| F|  |TAMS 0x000000008d400000, 0x000000008d400000| Untracked 
| 213|0x000000008d500000, 0x000000008d500000, 0x000000008d600000|  0%| F|  |TAMS 0x000000008d500000, 0x000000008d500000| Untracked 
| 214|0x000000008d600000, 0x000000008d600000, 0x000000008d700000|  0%| F|  |TAMS 0x000000008d600000, 0x000000008d600000| Untracked 
| 215|0x000000008d700000, 0x000000008d700000, 0x000000008d800000|  0%| F|  |TAMS 0x000000008d700000, 0x000000008d700000| Untracked 
| 216|0x000000008d800000, 0x000000008d800000, 0x000000008d900000|  0%| F|  |TAMS 0x000000008d800000, 0x000000008d800000| Untracked 
| 217|0x000000008d900000, 0x000000008d900000, 0x000000008da00000|  0%| F|  |TAMS 0x000000008d900000, 0x000000008d900000| Untracked 
| 218|0x000000008da00000, 0x000000008da00000, 0x000000008db00000|  0%| F|  |TAMS 0x000000008da00000, 0x000000008da00000| Untracked 
| 219|0x000000008db00000, 0x000000008db00000, 0x000000008dc00000|  0%| F|  |TAMS 0x000000008db00000, 0x000000008db00000| Untracked 
| 220|0x000000008dc00000, 0x000000008dc00000, 0x000000008dd00000|  0%| F|  |TAMS 0x000000008dc00000, 0x000000008dc00000| Untracked 
| 221|0x000000008dd00000, 0x000000008dd00000, 0x000000008de00000|  0%| F|  |TAMS 0x000000008dd00000, 0x000000008dd00000| Untracked 
| 222|0x000000008de00000, 0x000000008de00000, 0x000000008df00000|  0%| F|  |TAMS 0x000000008de00000, 0x000000008de00000| Untracked 
| 223|0x000000008df00000, 0x000000008df00000, 0x000000008e000000|  0%| F|  |TAMS 0x000000008df00000, 0x000000008df00000| Untracked 
| 224|0x000000008e000000, 0x000000008e000000, 0x000000008e100000|  0%| F|  |TAMS 0x000000008e000000, 0x000000008e000000| Untracked 
| 225|0x000000008e100000, 0x000000008e100000, 0x000000008e200000|  0%| F|  |TAMS 0x000000008e100000, 0x000000008e100000| Untracked 
| 226|0x000000008e200000, 0x000000008e200000, 0x000000008e300000|  0%| F|  |TAMS 0x000000008e200000, 0x000000008e200000| Untracked 
| 227|0x000000008e300000, 0x000000008e300000, 0x000000008e400000|  0%| F|  |TAMS 0x000000008e300000, 0x000000008e300000| Untracked 
| 228|0x000000008e400000, 0x000000008e400000, 0x000000008e500000|  0%| F|  |TAMS 0x000000008e400000, 0x000000008e400000| Untracked 
| 229|0x000000008e500000, 0x000000008e500000, 0x000000008e600000|  0%| F|  |TAMS 0x000000008e500000, 0x000000008e500000| Untracked 
| 230|0x000000008e600000, 0x000000008e600000, 0x000000008e700000|  0%| F|  |TAMS 0x000000008e600000, 0x000000008e600000| Untracked 
| 231|0x000000008e700000, 0x000000008e700000, 0x000000008e800000|  0%| F|  |TAMS 0x000000008e700000, 0x000000008e700000| Untracked 
| 232|0x000000008e800000, 0x000000008e800000, 0x000000008e900000|  0%| F|  |TAMS 0x000000008e800000, 0x000000008e800000| Untracked 
| 233|0x000000008e900000, 0x000000008e900000, 0x000000008ea00000|  0%| F|  |TAMS 0x000000008e900000, 0x000000008e900000| Untracked 
| 234|0x000000008ea00000, 0x000000008ea00000, 0x000000008eb00000|  0%| F|  |TAMS 0x000000008ea00000, 0x000000008ea00000| Untracked 
| 235|0x000000008eb00000, 0x000000008eb00000, 0x000000008ec00000|  0%| F|  |TAMS 0x000000008eb00000, 0x000000008eb00000| Untracked 
| 236|0x000000008ec00000, 0x000000008ec00000, 0x000000008ed00000|  0%| F|  |TAMS 0x000000008ec00000, 0x000000008ec00000| Untracked 
| 237|0x000000008ed00000, 0x000000008ed00000, 0x000000008ee00000|  0%| F|  |TAMS 0x000000008ed00000, 0x000000008ed00000| Untracked 
| 238|0x000000008ee00000, 0x000000008ee00000, 0x000000008ef00000|  0%| F|  |TAMS 0x000000008ee00000, 0x000000008ee00000| Untracked 
| 239|0x000000008ef00000, 0x000000008ef00000, 0x000000008f000000|  0%| F|  |TAMS 0x000000008ef00000, 0x000000008ef00000| Untracked 
| 240|0x000000008f000000, 0x000000008f000000, 0x000000008f100000|  0%| F|  |TAMS 0x000000008f000000, 0x000000008f000000| Untracked 
| 241|0x000000008f100000, 0x000000008f100000, 0x000000008f200000|  0%| F|  |TAMS 0x000000008f100000, 0x000000008f100000| Untracked 
| 242|0x000000008f200000, 0x000000008f200000, 0x000000008f300000|  0%| F|  |TAMS 0x000000008f200000, 0x000000008f200000| Untracked 
| 243|0x000000008f300000, 0x000000008f300000, 0x000000008f400000|  0%| F|  |TAMS 0x000000008f300000, 0x000000008f300000| Untracked 
| 244|0x000000008f400000, 0x000000008f400000, 0x000000008f500000|  0%| F|  |TAMS 0x000000008f400000, 0x000000008f400000| Untracked 
| 245|0x000000008f500000, 0x000000008f500000, 0x000000008f600000|  0%| F|  |TAMS 0x000000008f500000, 0x000000008f500000| Untracked 
| 246|0x000000008f600000, 0x000000008f600000, 0x000000008f700000|  0%| F|  |TAMS 0x000000008f600000, 0x000000008f600000| Untracked 
| 247|0x000000008f700000, 0x000000008f700000, 0x000000008f800000|  0%| F|  |TAMS 0x000000008f700000, 0x000000008f700000| Untracked 
| 248|0x000000008f800000, 0x000000008f800000, 0x000000008f900000|  0%| F|  |TAMS 0x000000008f800000, 0x000000008f800000| Untracked 
| 249|0x000000008f900000, 0x000000008f900000, 0x000000008fa00000|  0%| F|  |TAMS 0x000000008f900000, 0x000000008f900000| Untracked 
| 250|0x000000008fa00000, 0x000000008fa00000, 0x000000008fb00000|  0%| F|  |TAMS 0x000000008fa00000, 0x000000008fa00000| Untracked 
| 251|0x000000008fb00000, 0x000000008fb00000, 0x000000008fc00000|  0%| F|  |TAMS 0x000000008fb00000, 0x000000008fb00000| Untracked 
| 252|0x000000008fc00000, 0x000000008fc00000, 0x000000008fd00000|  0%| F|  |TAMS 0x000000008fc00000, 0x000000008fc00000| Untracked 
| 253|0x000000008fd00000, 0x000000008fd00000, 0x000000008fe00000|  0%| F|  |TAMS 0x000000008fd00000, 0x000000008fd00000| Untracked 
| 254|0x000000008fe00000, 0x000000008fe00000, 0x000000008ff00000|  0%| F|  |TAMS 0x000000008fe00000, 0x000000008fe00000| Untracked 
| 255|0x000000008ff00000, 0x000000008ff00000, 0x0000000090000000|  0%| F|  |TAMS 0x000000008ff00000, 0x000000008ff00000| Untracked 
| 256|0x0000000090000000, 0x0000000090000000, 0x0000000090100000|  0%| F|  |TAMS 0x0000000090000000, 0x0000000090000000| Untracked 
| 257|0x0000000090100000, 0x0000000090100000, 0x0000000090200000|  0%| F|  |TAMS 0x0000000090100000, 0x0000000090100000| Untracked 
| 258|0x0000000090200000, 0x0000000090200000, 0x0000000090300000|  0%| F|  |TAMS 0x0000000090200000, 0x0000000090200000| Untracked 
| 259|0x0000000090300000, 0x0000000090300000, 0x0000000090400000|  0%| F|  |TAMS 0x0000000090300000, 0x0000000090300000| Untracked 
| 260|0x0000000090400000, 0x0000000090400000, 0x0000000090500000|  0%| F|  |TAMS 0x0000000090400000, 0x0000000090400000| Untracked 
| 261|0x0000000090500000, 0x0000000090500000, 0x0000000090600000|  0%| F|  |TAMS 0x0000000090500000, 0x0000000090500000| Untracked 
| 262|0x0000000090600000, 0x0000000090600000, 0x0000000090700000|  0%| F|  |TAMS 0x0000000090600000, 0x0000000090600000| Untracked 
| 263|0x0000000090700000, 0x0000000090700000, 0x0000000090800000|  0%| F|  |TAMS 0x0000000090700000, 0x0000000090700000| Untracked 
| 264|0x0000000090800000, 0x0000000090800000, 0x0000000090900000|  0%| F|  |TAMS 0x0000000090800000, 0x0000000090800000| Untracked 
| 265|0x0000000090900000, 0x0000000090900000, 0x0000000090a00000|  0%| F|  |TAMS 0x0000000090900000, 0x0000000090900000| Untracked 
| 266|0x0000000090a00000, 0x0000000090a00000, 0x0000000090b00000|  0%| F|  |TAMS 0x0000000090a00000, 0x0000000090a00000| Untracked 
| 267|0x0000000090b00000, 0x0000000090b00000, 0x0000000090c00000|  0%| F|  |TAMS 0x0000000090b00000, 0x0000000090b00000| Untracked 
| 268|0x0000000090c00000, 0x0000000090c00000, 0x0000000090d00000|  0%| F|  |TAMS 0x0000000090c00000, 0x0000000090c00000| Untracked 
| 269|0x0000000090d00000, 0x0000000090d00000, 0x0000000090e00000|  0%| F|  |TAMS 0x0000000090d00000, 0x0000000090d00000| Untracked 
| 270|0x0000000090e00000, 0x0000000090e00000, 0x0000000090f00000|  0%| F|  |TAMS 0x0000000090e00000, 0x0000000090e00000| Untracked 
| 271|0x0000000090f00000, 0x0000000090f00000, 0x0000000091000000|  0%| F|  |TAMS 0x0000000090f00000, 0x0000000090f00000| Untracked 
| 272|0x0000000091000000, 0x0000000091000000, 0x0000000091100000|  0%| F|  |TAMS 0x0000000091000000, 0x0000000091000000| Untracked 
| 273|0x0000000091100000, 0x0000000091100000, 0x0000000091200000|  0%| F|  |TAMS 0x0000000091100000, 0x0000000091100000| Untracked 
| 274|0x0000000091200000, 0x0000000091200000, 0x0000000091300000|  0%| F|  |TAMS 0x0000000091200000, 0x0000000091200000| Untracked 
| 275|0x0000000091300000, 0x0000000091300000, 0x0000000091400000|  0%| F|  |TAMS 0x0000000091300000, 0x0000000091300000| Untracked 
| 276|0x0000000091400000, 0x0000000091400000, 0x0000000091500000|  0%| F|  |TAMS 0x0000000091400000, 0x0000000091400000| Untracked 
| 277|0x0000000091500000, 0x0000000091500000, 0x0000000091600000|  0%| F|  |TAMS 0x0000000091500000, 0x0000000091500000| Untracked 
| 278|0x0000000091600000, 0x0000000091600000, 0x0000000091700000|  0%| F|  |TAMS 0x0000000091600000, 0x0000000091600000| Untracked 
| 279|0x0000000091700000, 0x0000000091700000, 0x0000000091800000|  0%| F|  |TAMS 0x0000000091700000, 0x0000000091700000| Untracked 
| 280|0x0000000091800000, 0x0000000091800000, 0x0000000091900000|  0%| F|  |TAMS 0x0000000091800000, 0x0000000091800000| Untracked 
| 281|0x0000000091900000, 0x0000000091900000, 0x0000000091a00000|  0%| F|  |TAMS 0x0000000091900000, 0x0000000091900000| Untracked 
| 282|0x0000000091a00000, 0x0000000091a00000, 0x0000000091b00000|  0%| F|  |TAMS 0x0000000091a00000, 0x0000000091a00000| Untracked 
| 283|0x0000000091b00000, 0x0000000091b00000, 0x0000000091c00000|  0%| F|  |TAMS 0x0000000091b00000, 0x0000000091b00000| Untracked 
| 284|0x0000000091c00000, 0x0000000091c00000, 0x0000000091d00000|  0%| F|  |TAMS 0x0000000091c00000, 0x0000000091c00000| Untracked 
| 285|0x0000000091d00000, 0x0000000091d00000, 0x0000000091e00000|  0%| F|  |TAMS 0x0000000091d00000, 0x0000000091d00000| Untracked 
| 286|0x0000000091e00000, 0x0000000091e00000, 0x0000000091f00000|  0%| F|  |TAMS 0x0000000091e00000, 0x0000000091e00000| Untracked 
| 287|0x0000000091f00000, 0x0000000091f00000, 0x0000000092000000|  0%| F|  |TAMS 0x0000000091f00000, 0x0000000091f00000| Untracked 
| 288|0x0000000092000000, 0x0000000092000000, 0x0000000092100000|  0%| F|  |TAMS 0x0000000092000000, 0x0000000092000000| Untracked 
| 289|0x0000000092100000, 0x0000000092100000, 0x0000000092200000|  0%| F|  |TAMS 0x0000000092100000, 0x0000000092100000| Untracked 
| 290|0x0000000092200000, 0x0000000092200000, 0x0000000092300000|  0%| F|  |TAMS 0x0000000092200000, 0x0000000092200000| Untracked 
| 291|0x0000000092300000, 0x0000000092300000, 0x0000000092400000|  0%| F|  |TAMS 0x0000000092300000, 0x0000000092300000| Untracked 
| 292|0x0000000092400000, 0x0000000092400000, 0x0000000092500000|  0%| F|  |TAMS 0x0000000092400000, 0x0000000092400000| Untracked 
| 293|0x0000000092500000, 0x0000000092500000, 0x0000000092600000|  0%| F|  |TAMS 0x0000000092500000, 0x0000000092500000| Untracked 
| 294|0x0000000092600000, 0x0000000092600000, 0x0000000092700000|  0%| F|  |TAMS 0x0000000092600000, 0x0000000092600000| Untracked 
| 295|0x0000000092700000, 0x0000000092700000, 0x0000000092800000|  0%| F|  |TAMS 0x0000000092700000, 0x0000000092700000| Untracked 
| 296|0x0000000092800000, 0x0000000092800000, 0x0000000092900000|  0%| F|  |TAMS 0x0000000092800000, 0x0000000092800000| Untracked 
| 297|0x0000000092900000, 0x0000000092900000, 0x0000000092a00000|  0%| F|  |TAMS 0x0000000092900000, 0x0000000092900000| Untracked 
| 298|0x0000000092a00000, 0x0000000092a00000, 0x0000000092b00000|  0%| F|  |TAMS 0x0000000092a00000, 0x0000000092a00000| Untracked 
| 299|0x0000000092b00000, 0x0000000092b00000, 0x0000000092c00000|  0%| F|  |TAMS 0x0000000092b00000, 0x0000000092b00000| Untracked 
| 300|0x0000000092c00000, 0x0000000092c00000, 0x0000000092d00000|  0%| F|  |TAMS 0x0000000092c00000, 0x0000000092c00000| Untracked 
| 301|0x0000000092d00000, 0x0000000092d00000, 0x0000000092e00000|  0%| F|  |TAMS 0x0000000092d00000, 0x0000000092d00000| Untracked 
| 302|0x0000000092e00000, 0x0000000092e00000, 0x0000000092f00000|  0%| F|  |TAMS 0x0000000092e00000, 0x0000000092e00000| Untracked 
| 303|0x0000000092f00000, 0x0000000092f00000, 0x0000000093000000|  0%| F|  |TAMS 0x0000000092f00000, 0x0000000092f00000| Untracked 
| 304|0x0000000093000000, 0x0000000093000000, 0x0000000093100000|  0%| F|  |TAMS 0x0000000093000000, 0x0000000093000000| Untracked 
| 305|0x0000000093100000, 0x0000000093100000, 0x0000000093200000|  0%| F|  |TAMS 0x0000000093100000, 0x0000000093100000| Untracked 
| 306|0x0000000093200000, 0x0000000093200000, 0x0000000093300000|  0%| F|  |TAMS 0x0000000093200000, 0x0000000093200000| Untracked 
| 307|0x0000000093300000, 0x0000000093300000, 0x0000000093400000|  0%| F|  |TAMS 0x0000000093300000, 0x0000000093300000| Untracked 
| 308|0x0000000093400000, 0x0000000093400000, 0x0000000093500000|  0%| F|  |TAMS 0x0000000093400000, 0x0000000093400000| Untracked 
| 309|0x0000000093500000, 0x0000000093500000, 0x0000000093600000|  0%| F|  |TAMS 0x0000000093500000, 0x0000000093500000| Untracked 
| 310|0x0000000093600000, 0x0000000093600000, 0x0000000093700000|  0%| F|  |TAMS 0x0000000093600000, 0x0000000093600000| Untracked 
| 311|0x0000000093700000, 0x0000000093700000, 0x0000000093800000|  0%| F|  |TAMS 0x0000000093700000, 0x0000000093700000| Untracked 
| 312|0x0000000093800000, 0x0000000093800000, 0x0000000093900000|  0%| F|  |TAMS 0x0000000093800000, 0x0000000093800000| Untracked 
| 313|0x0000000093900000, 0x0000000093900000, 0x0000000093a00000|  0%| F|  |TAMS 0x0000000093900000, 0x0000000093900000| Untracked 
| 314|0x0000000093a00000, 0x0000000093a00000, 0x0000000093b00000|  0%| F|  |TAMS 0x0000000093a00000, 0x0000000093a00000| Untracked 
| 315|0x0000000093b00000, 0x0000000093b00000, 0x0000000093c00000|  0%| F|  |TAMS 0x0000000093b00000, 0x0000000093b00000| Untracked 
| 316|0x0000000093c00000, 0x0000000093c00000, 0x0000000093d00000|  0%| F|  |TAMS 0x0000000093c00000, 0x0000000093c00000| Untracked 
| 317|0x0000000093d00000, 0x0000000093d00000, 0x0000000093e00000|  0%| F|  |TAMS 0x0000000093d00000, 0x0000000093d00000| Untracked 
| 318|0x0000000093e00000, 0x0000000093e00000, 0x0000000093f00000|  0%| F|  |TAMS 0x0000000093e00000, 0x0000000093e00000| Untracked 
| 319|0x0000000093f00000, 0x0000000093f00000, 0x0000000094000000|  0%| F|  |TAMS 0x0000000093f00000, 0x0000000093f00000| Untracked 
| 320|0x0000000094000000, 0x0000000094000000, 0x0000000094100000|  0%| F|  |TAMS 0x0000000094000000, 0x0000000094000000| Untracked 
| 321|0x0000000094100000, 0x0000000094100000, 0x0000000094200000|  0%| F|  |TAMS 0x0000000094100000, 0x0000000094100000| Untracked 
| 322|0x0000000094200000, 0x0000000094200000, 0x0000000094300000|  0%| F|  |TAMS 0x0000000094200000, 0x0000000094200000| Untracked 
| 323|0x0000000094300000, 0x0000000094300000, 0x0000000094400000|  0%| F|  |TAMS 0x0000000094300000, 0x0000000094300000| Untracked 
| 324|0x0000000094400000, 0x0000000094400000, 0x0000000094500000|  0%| F|  |TAMS 0x0000000094400000, 0x0000000094400000| Untracked 
| 325|0x0000000094500000, 0x0000000094500000, 0x0000000094600000|  0%| F|  |TAMS 0x0000000094500000, 0x0000000094500000| Untracked 
| 326|0x0000000094600000, 0x0000000094600000, 0x0000000094700000|  0%| F|  |TAMS 0x0000000094600000, 0x0000000094600000| Untracked 
| 327|0x0000000094700000, 0x0000000094700000, 0x0000000094800000|  0%| F|  |TAMS 0x0000000094700000, 0x0000000094700000| Untracked 
| 328|0x0000000094800000, 0x0000000094800000, 0x0000000094900000|  0%| F|  |TAMS 0x0000000094800000, 0x0000000094800000| Untracked 
| 329|0x0000000094900000, 0x0000000094900000, 0x0000000094a00000|  0%| F|  |TAMS 0x0000000094900000, 0x0000000094900000| Untracked 
| 330|0x0000000094a00000, 0x0000000094a00000, 0x0000000094b00000|  0%| F|  |TAMS 0x0000000094a00000, 0x0000000094a00000| Untracked 
| 331|0x0000000094b00000, 0x0000000094b00000, 0x0000000094c00000|  0%| F|  |TAMS 0x0000000094b00000, 0x0000000094b00000| Untracked 
| 332|0x0000000094c00000, 0x0000000094c00000, 0x0000000094d00000|  0%| F|  |TAMS 0x0000000094c00000, 0x0000000094c00000| Untracked 
| 333|0x0000000094d00000, 0x0000000094d00000, 0x0000000094e00000|  0%| F|  |TAMS 0x0000000094d00000, 0x0000000094d00000| Untracked 
| 334|0x0000000094e00000, 0x0000000094e00000, 0x0000000094f00000|  0%| F|  |TAMS 0x0000000094e00000, 0x0000000094e00000| Untracked 
| 335|0x0000000094f00000, 0x0000000094f00000, 0x0000000095000000|  0%| F|  |TAMS 0x0000000094f00000, 0x0000000094f00000| Untracked 
| 336|0x0000000095000000, 0x0000000095000000, 0x0000000095100000|  0%| F|  |TAMS 0x0000000095000000, 0x0000000095000000| Untracked 
| 337|0x0000000095100000, 0x0000000095100000, 0x0000000095200000|  0%| F|  |TAMS 0x0000000095100000, 0x0000000095100000| Untracked 
| 338|0x0000000095200000, 0x0000000095200000, 0x0000000095300000|  0%| F|  |TAMS 0x0000000095200000, 0x0000000095200000| Untracked 
| 339|0x0000000095300000, 0x0000000095300000, 0x0000000095400000|  0%| F|  |TAMS 0x0000000095300000, 0x0000000095300000| Untracked 
| 340|0x0000000095400000, 0x0000000095400000, 0x0000000095500000|  0%| F|  |TAMS 0x0000000095400000, 0x0000000095400000| Untracked 
| 341|0x0000000095500000, 0x0000000095500000, 0x0000000095600000|  0%| F|  |TAMS 0x0000000095500000, 0x0000000095500000| Untracked 
| 342|0x0000000095600000, 0x0000000095600000, 0x0000000095700000|  0%| F|  |TAMS 0x0000000095600000, 0x0000000095600000| Untracked 
| 343|0x0000000095700000, 0x0000000095700000, 0x0000000095800000|  0%| F|  |TAMS 0x0000000095700000, 0x0000000095700000| Untracked 
| 344|0x0000000095800000, 0x0000000095800000, 0x0000000095900000|  0%| F|  |TAMS 0x0000000095800000, 0x0000000095800000| Untracked 
| 345|0x0000000095900000, 0x0000000095900000, 0x0000000095a00000|  0%| F|  |TAMS 0x0000000095900000, 0x0000000095900000| Untracked 
| 346|0x0000000095a00000, 0x0000000095a00000, 0x0000000095b00000|  0%| F|  |TAMS 0x0000000095a00000, 0x0000000095a00000| Untracked 
| 347|0x0000000095b00000, 0x0000000095b00000, 0x0000000095c00000|  0%| F|  |TAMS 0x0000000095b00000, 0x0000000095b00000| Untracked 
| 348|0x0000000095c00000, 0x0000000095c00000, 0x0000000095d00000|  0%| F|  |TAMS 0x0000000095c00000, 0x0000000095c00000| Untracked 
| 349|0x0000000095d00000, 0x0000000095d00000, 0x0000000095e00000|  0%| F|  |TAMS 0x0000000095d00000, 0x0000000095d00000| Untracked 
| 350|0x0000000095e00000, 0x0000000095e00000, 0x0000000095f00000|  0%| F|  |TAMS 0x0000000095e00000, 0x0000000095e00000| Untracked 
| 351|0x0000000095f00000, 0x0000000095f00000, 0x0000000096000000|  0%| F|  |TAMS 0x0000000095f00000, 0x0000000095f00000| Untracked 
| 352|0x0000000096000000, 0x0000000096000000, 0x0000000096100000|  0%| F|  |TAMS 0x0000000096000000, 0x0000000096000000| Untracked 
| 353|0x0000000096100000, 0x0000000096100000, 0x0000000096200000|  0%| F|  |TAMS 0x0000000096100000, 0x0000000096100000| Untracked 
| 354|0x0000000096200000, 0x0000000096200000, 0x0000000096300000|  0%| F|  |TAMS 0x0000000096200000, 0x0000000096200000| Untracked 
| 355|0x0000000096300000, 0x0000000096300000, 0x0000000096400000|  0%| F|  |TAMS 0x0000000096300000, 0x0000000096300000| Untracked 
| 356|0x0000000096400000, 0x0000000096400000, 0x0000000096500000|  0%| F|  |TAMS 0x0000000096400000, 0x0000000096400000| Untracked 
| 357|0x0000000096500000, 0x0000000096500000, 0x0000000096600000|  0%| F|  |TAMS 0x0000000096500000, 0x0000000096500000| Untracked 
| 358|0x0000000096600000, 0x0000000096600000, 0x0000000096700000|  0%| F|  |TAMS 0x0000000096600000, 0x0000000096600000| Untracked 
| 359|0x0000000096700000, 0x00000000967d52c0, 0x0000000096800000| 83%| E|  |TAMS 0x0000000096700000, 0x0000000096700000| Complete 
| 360|0x0000000096800000, 0x0000000096900000, 0x0000000096900000|100%| E|CS|TAMS 0x0000000096800000, 0x0000000096800000| Complete 
| 361|0x0000000096900000, 0x0000000096a00000, 0x0000000096a00000|100%| E|CS|TAMS 0x0000000096900000, 0x0000000096900000| Complete 
| 362|0x0000000096a00000, 0x0000000096b00000, 0x0000000096b00000|100%| E|CS|TAMS 0x0000000096a00000, 0x0000000096a00000| Complete 
| 363|0x0000000096b00000, 0x0000000096c00000, 0x0000000096c00000|100%| E|CS|TAMS 0x0000000096b00000, 0x0000000096b00000| Complete 

Card table byte_map: [0x000001f797420000,0x000001f797820000] _byte_map_base: 0x000001f797020000

Marking Bits (Prev, Next): (CMBitMap*) 0x000001f7800ab070, (CMBitMap*) 0x000001f7800ab0b0
 Prev Bits: [0x000001f797c20000, 0x000001f799c20000)
 Next Bits: [0x000001f799c20000, 0x000001f79bc20000)

Polling page: 0x000001f7fdee0000

Metaspace:

Usage:
  Non-class:    108.99 MB used.
      Class:     18.78 MB used.
       Both:    127.77 MB used.

Virtual space:
  Non-class space:      128.00 MB reserved,     109.75 MB ( 86%) committed,  2 nodes.
      Class space:        1.00 GB reserved,      19.44 MB (  2%) committed,  1 nodes.
             Both:        1.12 GB reserved,     129.19 MB ( 11%) committed. 

Chunk freelists:
   Non-Class:  1.92 MB
       Class:  12.44 MB
        Both:  14.36 MB

MaxMetaspaceSize: unlimited
CompressedClassSpaceSize: 1.00 GB
Initial GC threshold: 21.00 MB
Current GC threshold: 154.38 MB
CDS: on
MetaspaceReclaimPolicy: balanced
 - commit_granule_bytes: 65536.
 - commit_granule_words: 8192.
 - virtual_space_node_default_size: 8388608.
 - enlarge_chunks_in_place: 1.
 - new_chunks_are_fully_committed: 0.
 - uncommit_free_chunks: 1.
 - use_allocation_guard: 0.
 - handle_deallocations: 1.


Internal statistics:

num_allocs_failed_limit: 6.
num_arena_births: 2364.
num_arena_deaths: 0.
num_vsnodes_births: 3.
num_vsnodes_deaths: 0.
num_space_committed: 2066.
num_space_uncommitted: 0.
num_chunks_returned_to_freelist: 6.
num_chunks_taken_from_freelist: 8316.
num_chunk_merges: 6.
num_chunk_splits: 5349.
num_chunks_enlarged: 3413.
num_inconsistent_stats: 0.

CodeHeap 'non-profiled nmethods': size=120000Kb used=9978Kb max_used=9978Kb free=110021Kb
 bounds [0x000001f78f6b0000, 0x000001f790070000, 0x000001f796be0000]
CodeHeap 'profiled nmethods': size=120000Kb used=29145Kb max_used=29145Kb free=90855Kb
 bounds [0x000001f787be0000, 0x000001f789860000, 0x000001f78f110000]
CodeHeap 'non-nmethods': size=5760Kb used=1811Kb max_used=1864Kb free=3948Kb
 bounds [0x000001f78f110000, 0x000001f78f380000, 0x000001f78f6b0000]
 total_blobs=15976 nmethods=15062 adapters=825
 compilation: enabled
              stopped_count=0, restarted_count=0
 full_count=0

Compilation events (20 events):
Event: 36.618 Thread 0x000001f79e7c7a60 nmethod 18207 0x000001f790063210 code [0x000001f7900635a0, 0x000001f790066650]
Event: 36.618 Thread 0x000001f79e7c7a60 18216       4       java.util.ArrayList::sort (45 bytes)
Event: 36.619 Thread 0x000001f79e7c7a60 nmethod 18216 0x000001f78fa37310 code [0x000001f78fa374c0, 0x000001f78fa37648]
Event: 36.619 Thread 0x000001f79e7c7a60 18218       4       com.google.common.cache.LocalCache$LoadingValueReference::get (10 bytes)
Event: 36.619 Thread 0x000001f79e7c7a60 nmethod 18218 0x000001f78fd7df10 code [0x000001f78fd7e0a0, 0x000001f78fd7e158]
Event: 36.619 Thread 0x000001f79e7c7a60 18205       4       com.google.common.cache.LocalCache$LoadingValueReference::notifyNewValue (21 bytes)
Event: 36.622 Thread 0x000001f79e7c7a60 nmethod 18205 0x000001f790068a10 code [0x000001f790068bc0, 0x000001f790068f48]
Event: 36.622 Thread 0x000001f79e7c7a60 18231       4       org.gradle.internal.file.impl.DefaultFileMetadata::file (15 bytes)
Event: 36.622 Thread 0x000001f79e7c7a60 nmethod 18231 0x000001f78fa36e90 code [0x000001f78fa37020, 0x000001f78fa370f8]
Event: 36.622 Thread 0x000001f79e7c7a60 18212       4       org.gradle.internal.serialize.InterningStringSerializer::write (10 bytes)
Event: 36.627 Thread 0x000001f79e7c7a60 nmethod 18212 0x000001f790069190 code [0x000001f790069360, 0x000001f7900699c8]
Event: 36.627 Thread 0x000001f79e7c7a60 18224       4       org.gradle.api.internal.changedetection.state.CachingFileHasher::snapshot (122 bytes)
Event: 36.644 Thread 0x000001f79e7c7a60 nmethod 18224 0x000001f790069d10 code [0x000001f79006a060, 0x000001f79006ba78]
Event: 36.644 Thread 0x000001f79e7c7a60 18225       4       org.gradle.api.internal.changedetection.state.CachingFileHasher::hash (12 bytes)
Event: 36.644 Thread 0x000001f79e7c7a60 nmethod 18225 0x000001f79006d210 code [0x000001f79006d3a0, 0x000001f79006d448]
Event: 36.644 Thread 0x000001f79e7c7a60 18226       4       org.gradle.api.internal.changedetection.state.SplitFileHasher::hash (44 bytes)
Event: 36.645 Thread 0x000001f79e7c7a60 nmethod 18226 0x000001f79006d510 code [0x000001f79006d6e0, 0x000001f79006d928]
Event: 36.645 Thread 0x000001f79e7c7a60 18230       4       org.gradle.internal.snapshot.MerkleDirectorySnapshotBuilder::visitLeafElement (6 bytes)
Event: 36.649 Thread 0x000001f79e7c7a60 nmethod 18230 0x000001f79006dc10 code [0x000001f79006ddc0, 0x000001f79006e758]
Event: 36.649 Thread 0x000001f79e7c7a60 18227   !   4       org.gradle.internal.snapshot.impl.DirectorySnapshotter$PathVisitor::doVisitFile (194 bytes)

GC Heap History (20 events):
Event: 7.688 GC heap after
{Heap after GC invocations=31 (full 0):
 garbage-first heap   total 178176K, used 88372K [0x0000000080000000, 0x0000000100000000)
  region size 1024K, 6 young (6144K), 6 survivors (6144K)
 Metaspace       used 89696K, committed 90752K, reserved 1179648K
  class space    used 12666K, committed 13184K, reserved 1048576K
}
Event: 7.972 GC heap before
{Heap before GC invocations=32 (full 0):
 garbage-first heap   total 178176K, used 145716K [0x0000000080000000, 0x0000000100000000)
  region size 1024K, 62 young (63488K), 6 survivors (6144K)
 Metaspace       used 91352K, committed 92416K, reserved 1179648K
  class space    used 12941K, committed 13440K, reserved 1048576K
}
Event: 7.976 GC heap after
{Heap after GC invocations=33 (full 0):
 garbage-first heap   total 178176K, used 94062K [0x0000000080000000, 0x0000000100000000)
  region size 1024K, 8 young (8192K), 8 survivors (8192K)
 Metaspace       used 91352K, committed 92416K, reserved 1179648K
  class space    used 12941K, committed 13440K, reserved 1048576K
}
Event: 7.980 GC heap before
{Heap before GC invocations=33 (full 0):
 garbage-first heap   total 178176K, used 95086K [0x0000000080000000, 0x0000000100000000)
  region size 1024K, 9 young (9216K), 8 survivors (8192K)
 Metaspace       used 91354K, committed 92416K, reserved 1179648K
  class space    used 12941K, committed 13440K, reserved 1048576K
}
Event: 7.982 GC heap after
{Heap after GC invocations=34 (full 0):
 garbage-first heap   total 178176K, used 94474K [0x0000000080000000, 0x0000000100000000)
  region size 1024K, 2 young (2048K), 2 survivors (2048K)
 Metaspace       used 91354K, committed 92416K, reserved 1179648K
  class space    used 12941K, committed 13440K, reserved 1048576K
}
Event: 8.336 GC heap before
{Heap before GC invocations=34 (full 0):
 garbage-first heap   total 178176K, used 145674K [0x0000000080000000, 0x0000000100000000)
  region size 1024K, 52 young (53248K), 2 survivors (2048K)
 Metaspace       used 93717K, committed 94784K, reserved 1179648K
  class space    used 13320K, committed 13824K, reserved 1048576K
}
Event: 8.339 GC heap after
{Heap after GC invocations=35 (full 0):
 garbage-first heap   total 178176K, used 101819K [0x0000000080000000, 0x0000000100000000)
  region size 1024K, 7 young (7168K), 7 survivors (7168K)
 Metaspace       used 93717K, committed 94784K, reserved 1179648K
  class space    used 13320K, committed 13824K, reserved 1048576K
}
Event: 8.524 GC heap before
{Heap before GC invocations=36 (full 0):
 garbage-first heap   total 186368K, used 144827K [0x0000000080000000, 0x0000000100000000)
  region size 1024K, 50 young (51200K), 7 survivors (7168K)
 Metaspace       used 94087K, committed 95168K, reserved 1179648K
  class space    used 13361K, committed 13888K, reserved 1048576K
}
Event: 8.527 GC heap after
{Heap after GC invocations=37 (full 0):
 garbage-first heap   total 186368K, used 104288K [0x0000000080000000, 0x0000000100000000)
  region size 1024K, 3 young (3072K), 3 survivors (3072K)
 Metaspace       used 94087K, committed 95168K, reserved 1179648K
  class space    used 13361K, committed 13888K, reserved 1048576K
}
Event: 8.556 GC heap before
{Heap before GC invocations=37 (full 0):
 garbage-first heap   total 186368K, used 109408K [0x0000000080000000, 0x0000000100000000)
  region size 1024K, 9 young (9216K), 3 survivors (3072K)
 Metaspace       used 94142K, committed 95232K, reserved 1179648K
  class space    used 13365K, committed 13888K, reserved 1048576K
}
Event: 8.560 GC heap after
{Heap after GC invocations=38 (full 0):
 garbage-first heap   total 372736K, used 104392K [0x0000000080000000, 0x0000000100000000)
  region size 1024K, 1 young (1024K), 1 survivors (1024K)
 Metaspace       used 94142K, committed 95232K, reserved 1179648K
  class space    used 13365K, committed 13888K, reserved 1048576K
}
Event: 9.281 GC heap before
{Heap before GC invocations=38 (full 0):
 garbage-first heap   total 372736K, used 280520K [0x0000000080000000, 0x0000000100000000)
  region size 1024K, 167 young (171008K), 1 survivors (1024K)
 Metaspace       used 98482K, committed 99584K, reserved 1179648K
  class space    used 13865K, committed 14400K, reserved 1048576K
}
Event: 9.286 GC heap after
{Heap after GC invocations=39 (full 0):
 garbage-first heap   total 372736K, used 113418K [0x0000000080000000, 0x0000000100000000)
  region size 1024K, 10 young (10240K), 10 survivors (10240K)
 Metaspace       used 98482K, committed 99584K, reserved 1179648K
  class space    used 13865K, committed 14400K, reserved 1048576K
}
Event: 10.131 GC heap before
{Heap before GC invocations=39 (full 0):
 garbage-first heap   total 372736K, used 287498K [0x0000000080000000, 0x0000000100000000)
  region size 1024K, 181 young (185344K), 10 survivors (10240K)
 Metaspace       used 114803K, committed 115968K, reserved 1179648K
  class space    used 16988K, committed 17536K, reserved 1048576K
}
Event: 10.141 GC heap after
{Heap after GC invocations=40 (full 0):
 garbage-first heap   total 372736K, used 128160K [0x0000000080000000, 0x0000000100000000)
  region size 1024K, 23 young (23552K), 23 survivors (23552K)
 Metaspace       used 114803K, committed 115968K, reserved 1179648K
  class space    used 16988K, committed 17536K, reserved 1048576K
}
Event: 10.554 GC heap before
{Heap before GC invocations=40 (full 0):
 garbage-first heap   total 372736K, used 288928K [0x0000000080000000, 0x0000000100000000)
  region size 1024K, 180 young (184320K), 23 survivors (23552K)
 Metaspace       used 119986K, committed 121152K, reserved 1179648K
  class space    used 17825K, committed 18368K, reserved 1048576K
}
Event: 10.559 GC heap after
{Heap after GC invocations=41 (full 0):
 garbage-first heap   total 372736K, used 120774K [0x0000000080000000, 0x0000000100000000)
  region size 1024K, 4 young (4096K), 4 survivors (4096K)
 Metaspace       used 119986K, committed 121152K, reserved 1179648K
  class space    used 17825K, committed 18368K, reserved 1048576K
}
Event: 35.431 GC heap before
{Heap before GC invocations=41 (full 0):
 garbage-first heap   total 372736K, used 298950K [0x0000000080000000, 0x0000000100000000)
  region size 1024K, 133 young (136192K), 4 survivors (4096K)
 Metaspace       used 125194K, committed 126464K, reserved 1179648K
  class space    used 18528K, committed 19136K, reserved 1048576K
}
Event: 35.436 GC heap after
{Heap after GC invocations=42 (full 0):
 garbage-first heap   total 372736K, used 142395K [0x0000000080000000, 0x0000000100000000)
  region size 1024K, 11 young (11264K), 11 survivors (11264K)
 Metaspace       used 125194K, committed 126464K, reserved 1179648K
  class space    used 18528K, committed 19136K, reserved 1048576K
}
Event: 36.756 GC heap before
{Heap before GC invocations=42 (full 0):
 garbage-first heap   total 372736K, used 301115K [0x0000000080000000, 0x0000000100000000)
  region size 1024K, 165 young (168960K), 11 survivors (11264K)
 Metaspace       used 130832K, committed 132288K, reserved 1179648K
  class space    used 19228K, committed 19904K, reserved 1048576K
}

Dll operation events (15 events):
Event: 0.008 Loaded shared library C:\Users\16696\.jdks\ms-17.0.19\bin\java.dll
Event: 0.019 Loaded shared library C:\Users\16696\.jdks\ms-17.0.19\bin\jsvml.dll
Event: 0.042 Loaded shared library C:\Users\16696\.jdks\ms-17.0.19\bin\zip.dll
Event: 0.044 Loaded shared library C:\Users\16696\.jdks\ms-17.0.19\bin\instrument.dll
Event: 0.047 Loaded shared library C:\Users\16696\.jdks\ms-17.0.19\bin\net.dll
Event: 0.049 Loaded shared library C:\Users\16696\.jdks\ms-17.0.19\bin\nio.dll
Event: 0.051 Loaded shared library C:\Users\16696\.jdks\ms-17.0.19\bin\zip.dll
Event: 0.141 Loaded shared library C:\Users\16696\.jdks\ms-17.0.19\bin\jimage.dll
Event: 0.340 Loaded shared library C:\Users\16696\.jdks\ms-17.0.19\bin\verify.dll
Event: 0.355 Loaded shared library C:\Users\16696\.gradle\native\660c5614fbf4a5f2a75b1949f50a0caf5cd603558e7d8a26e50b933a0cfb79d1\windows-amd64\native-platform.dll
Event: 0.362 Loaded shared library C:\Users\16696\.gradle\native\0.2.8\x86_64-windows-gnu\gradle-fileevents.dll
Event: 0.830 Loaded shared library C:\Users\16696\.jdks\ms-17.0.19\bin\management.dll
Event: 0.832 Loaded shared library C:\Users\16696\.jdks\ms-17.0.19\bin\management_ext.dll
Event: 0.997 Loaded shared library C:\Users\16696\.jdks\ms-17.0.19\bin\extnet.dll
Event: 1.120 Loaded shared library C:\Users\16696\.jdks\ms-17.0.19\bin\sunmscapi.dll

Deoptimization events (20 events):
Event: 36.205 Thread 0x000001f7e61535c0 Uncommon trap: trap_request=0xffffffc6 fr.pc=0x000001f78ff7dd48 relative=0x0000000000000448
Event: 36.205 Thread 0x000001f7e61535c0 Uncommon trap: reason=bimorphic_or_optimized_type_check action=maybe_recompile pc=0x000001f78ff7dd48 method=java.util.Map.getOrDefault(Ljava/lang/Object;Ljava/lang/Object;)Ljava/lang/Object; @ 2 c2
Event: 36.205 Thread 0x000001f7e61535c0 DEOPT PACKING pc=0x000001f78ff7dd48 sp=0x000000f4afafb260
Event: 36.205 Thread 0x000001f7e61535c0 DEOPT UNPACKING pc=0x000001f78f1669a3 sp=0x000000f4afafb220 mode 2
Event: 36.227 Thread 0x000001f7e604a940 Uncommon trap: trap_request=0xfffffff4 fr.pc=0x000001f78ff48710 relative=0x0000000000000470
Event: 36.227 Thread 0x000001f7e604a940 Uncommon trap: reason=null_check action=make_not_entrant pc=0x000001f78ff48710 method=java.lang.invoke.AbstractValidatingLambdaMetafactory.checkDescriptor(Ljava/lang/invoke/MethodType;)V @ 32 c2
Event: 36.227 Thread 0x000001f7e604a940 DEOPT PACKING pc=0x000001f78ff48710 sp=0x000000f4b30fac10
Event: 36.227 Thread 0x000001f7e604a940 DEOPT UNPACKING pc=0x000001f78f1669a3 sp=0x000000f4b30fab88 mode 2
Event: 36.288 Thread 0x000001f7e61535c0 DEOPT PACKING pc=0x000001f788f7cc7c sp=0x000000f4afaf75e0
Event: 36.288 Thread 0x000001f7e61535c0 DEOPT UNPACKING pc=0x000001f78f167143 sp=0x000000f4afaf6b18 mode 0
Event: 36.289 Thread 0x000001f7e61535c0 DEOPT PACKING pc=0x000001f78869af3c sp=0x000000f4afaf7600
Event: 36.289 Thread 0x000001f7e61535c0 DEOPT UNPACKING pc=0x000001f78f167143 sp=0x000000f4afaf6b28 mode 0
Event: 36.522 Thread 0x000001f7e61535c0 Uncommon trap: trap_request=0xffffffbe fr.pc=0x000001f78fe7e604 relative=0x00000000000019c4
Event: 36.522 Thread 0x000001f7e61535c0 Uncommon trap: reason=profile_predicate action=maybe_recompile pc=0x000001f78fe7e604 method=com.google.common.collect.MapMakerInternalMap$Segment.expand()V @ 59 c2
Event: 36.522 Thread 0x000001f7e61535c0 DEOPT PACKING pc=0x000001f78fe7e604 sp=0x000000f4afaf5130
Event: 36.522 Thread 0x000001f7e61535c0 DEOPT UNPACKING pc=0x000001f78f1669a3 sp=0x000000f4afaf50d8 mode 2
Event: 36.540 Thread 0x000001f7e61535c0 DEOPT PACKING pc=0x000001f7898563e9 sp=0x000000f4afaf4fd0
Event: 36.540 Thread 0x000001f7e61535c0 DEOPT UNPACKING pc=0x000001f78f167143 sp=0x000000f4afaf4658 mode 0
Event: 36.553 Thread 0x000001f7e61535c0 DEOPT PACKING pc=0x000001f78985640a sp=0x000000f4afaf4d60
Event: 36.553 Thread 0x000001f7e61535c0 DEOPT UNPACKING pc=0x000001f78f167143 sp=0x000000f4afaf43e8 mode 0

Classes loaded (20 events):
Event: 35.313 Loading class java/util/function/LongBinaryOperator
Event: 35.314 Loading class java/util/function/LongBinaryOperator done
Event: 35.314 Loading class java/util/function/ToIntBiFunction
Event: 35.314 Loading class java/util/function/ToIntBiFunction done
Event: 35.404 Loading class java/util/concurrent/Executors$FinalizableDelegatedExecutorService
Event: 35.404 Loading class java/util/concurrent/Executors$DelegatedExecutorService
Event: 35.404 Loading class java/util/concurrent/Executors$DelegatedExecutorService done
Event: 35.404 Loading class java/util/concurrent/Executors$FinalizableDelegatedExecutorService done
Event: 35.678 Loading class java/lang/ClassBeanInfo
Event: 35.678 Loading class java/lang/ClassBeanInfo done
Event: 35.678 Loading class java/lang/ClassBeanInfo
Event: 35.678 Loading class java/lang/ClassBeanInfo done
Event: 35.678 Loading class java/lang/ClassCustomizer
Event: 35.678 Loading class java/lang/ClassCustomizer done
Event: 35.678 Loading class java/lang/ClassCustomizer
Event: 35.678 Loading class java/lang/ClassCustomizer done
Event: 36.055 Loading class java/io/NotSerializableException
Event: 36.055 Loading class java/io/NotSerializableException done
Event: 36.211 Loading class java/io/PushbackInputStream
Event: 36.211 Loading class java/io/PushbackInputStream done

Classes unloaded (0 events):
No events

Classes redefined (0 events):
No events

Internal exceptions (20 events):
Event: 35.691 Thread 0x000001f7e61535c0 Exception <a 'java/lang/ClassNotFoundException'{0x000000009504f4f8}: org/gradle/internal/service/ScopedServiceRegistryCustomizer> (0x000000009504f4f8) 
thrown [s\src\hotspot\share\classfile\systemDictionary.cpp, line 256]
Event: 35.693 Thread 0x000001f7e61535c0 Exception <a 'java/lang/ClassNotFoundException'{0x0000000095089c88}: org/gradle/internal/extensibility/DefaultExtensionContainerBeanInfo> (0x0000000095089c88) 
thrown [s\src\hotspot\share\classfile\systemDictionary.cpp, line 256]
Event: 35.693 Thread 0x000001f7e61535c0 Exception <a 'java/lang/ClassNotFoundException'{0x00000000950a3100}: org/gradle/internal/extensibility/DefaultExtensionContainerCustomizer> (0x00000000950a3100) 
thrown [s\src\hotspot\share\classfile\systemDictionary.cpp, line 256]
Event: 35.699 Thread 0x000001f7e61535c0 Exception <a 'java/lang/ClassNotFoundException'{0x0000000094f1a6f8}: com/intellij/gradle/toolingExtension/impl/modelBuilder/ExtraModelBuilderBeanInfo> (0x0000000094f1a6f8) 
thrown [s\src\hotspot\share\classfile\systemDictionary.cpp, line 256]
Event: 35.699 Thread 0x000001f7e61535c0 Exception <a 'java/lang/ClassNotFoundException'{0x0000000094f27830}: com/intellij/gradle/toolingExtension/impl/modelBuilder/ExtraModelBuilderCustomizer> (0x0000000094f27830) 
thrown [s\src\hotspot\share\classfile\systemDictionary.cpp, line 256]
Event: 35.776 Thread 0x000001f7e61535c0 Exception <a 'sun/nio/fs/WindowsException'{0x0000000094adb698}> (0x0000000094adb698) 
thrown [s\src\hotspot\share\prims\jni.cpp, line 516]
Event: 35.777 Thread 0x000001f7e61535c0 Exception <a 'sun/nio/fs/WindowsException'{0x0000000094add0b8}> (0x0000000094add0b8) 
thrown [s\src\hotspot\share\prims\jni.cpp, line 516]
Event: 35.777 Thread 0x000001f7e61535c0 Exception <a 'sun/nio/fs/WindowsException'{0x0000000094adeac8}> (0x0000000094adeac8) 
thrown [s\src\hotspot\share\prims\jni.cpp, line 516]
Event: 35.777 Thread 0x000001f7e61535c0 Exception <a 'sun/nio/fs/WindowsException'{0x0000000094ae04b8}> (0x0000000094ae04b8) 
thrown [s\src\hotspot\share\prims\jni.cpp, line 516]
Event: 35.823 Thread 0x000001f7e96d4090 Exception <a 'java/lang/NoSuchMethodError'{0x0000000096b511f8}: static Lorg/gradle/internal/build/event/types/DefaultBuildPhaseDescriptor;.<clinit>()V> (0x0000000096b511f8) 
thrown [s\src\hotspot\share\prims\jni.cpp, line 1112]
Event: 35.824 Thread 0x000001f7e61535c0 Exception <a 'sun/nio/fs/WindowsException'{0x0000000093c77ef0}> (0x0000000093c77ef0) 
thrown [s\src\hotspot\share\prims\jni.cpp, line 516]
Event: 35.824 Thread 0x000001f7e61535c0 Exception <a 'sun/nio/fs/WindowsException'{0x0000000093c797a0}> (0x0000000093c797a0) 
thrown [s\src\hotspot\share\prims\jni.cpp, line 516]
Event: 35.824 Thread 0x000001f7e61535c0 Exception <a 'sun/nio/fs/WindowsException'{0x0000000093c7bc28}> (0x0000000093c7bc28) 
thrown [s\src\hotspot\share\prims\jni.cpp, line 516]
Event: 36.048 Thread 0x000001f7e96d4090 Exception <a 'java/lang/NoSuchMethodError'{0x0000000091b01158}: static Lorg/gradle/internal/build/event/types/DefaultSuccessResult;.<clinit>()V> (0x0000000091b01158) 
thrown [s\src\hotspot\share\prims\jni.cpp, line 1112]
Event: 36.173 Thread 0x000001f7e96d4090 Exception <a 'java/lang/NoSuchMethodError'{0x0000000091b093a8}: static Lorg/gradle/tooling/internal/provider/PhasedBuildActionResult;.<clinit>()V> (0x0000000091b093a8) 
thrown [s\src\hotspot\share\prims\jni.cpp, line 1112]
Event: 36.173 Thread 0x000001f7e96d4090 Exception <a 'java/lang/NoSuchMethodError'{0x0000000090f00b78}: static Lorg/gradle/tooling/internal/provider/serialization/SerializedPayload;.<clinit>()V> (0x0000000090f00b78) 
thrown [s\src\hotspot\share\prims\jni.cpp, line 1112]
Event: 36.173 Thread 0x000001f7e96d4090 Exception <a 'java/lang/NoSuchMethodError'{0x0000000090f06830}: static [B.<clinit>()V> (0x0000000090f06830) 
thrown [s\src\hotspot\share\prims\jni.cpp, line 1112]
Event: 36.227 Thread 0x000001f7e604a940 Exception <a 'java/lang/NoSuchMethodError'{0x0000000090701a58}: 'void java.lang.invoke.DirectMethodHandle$Holder.invokeStaticInit(java.lang.Object)'> (0x0000000090701a58) 
thrown [s\src\hotspot\share\interpreter\linkResolver.cpp, line 759]
Event: 36.227 Thread 0x000001f7e604a940 Exception <a 'java/lang/NoSuchMethodError'{0x0000000090714e20}: 'void java.lang.invoke.DirectMethodHandle$Holder.invokeStaticInit(java.lang.Object, int)'> (0x0000000090714e20) 
thrown [s\src\hotspot\share\interpreter\linkResolver.cpp, line 759]
Event: 36.227 Thread 0x000001f7e604a940 Implicit null exception at 0x000001f78ff4833a to 0x000001f78ff486f0

VM Operations (20 events):
Event: 35.840 Executing VM operation: ICBufferFull done
Event: 36.013 Executing VM operation: ICBufferFull
Event: 36.013 Executing VM operation: ICBufferFull done
Event: 36.170 Executing VM operation: HandshakeAllThreads
Event: 36.170 Executing VM operation: HandshakeAllThreads done
Event: 36.268 Executing VM operation: ICBufferFull
Event: 36.269 Executing VM operation: ICBufferFull done
Event: 36.283 Executing VM operation: HandshakeAllThreads
Event: 36.283 Executing VM operation: HandshakeAllThreads done
Event: 36.285 Executing VM operation: HandshakeAllThreads
Event: 36.285 Executing VM operation: HandshakeAllThreads done
Event: 36.287 Executing VM operation: HandshakeAllThreads
Event: 36.287 Executing VM operation: HandshakeAllThreads done
Event: 36.289 Executing VM operation: HandshakeAllThreads
Event: 36.289 Executing VM operation: HandshakeAllThreads done
Event: 36.291 Executing VM operation: HandshakeAllThreads
Event: 36.291 Executing VM operation: HandshakeAllThreads done
Event: 36.649 Executing VM operation: ICBufferFull
Event: 36.649 Executing VM operation: ICBufferFull done
Event: 36.756 Executing VM operation: G1CollectForAllocation

Memory protections (0 events):
No events

Nmethod flushes (20 events):
Event: 11.797 Thread 0x000001f79e7d3cb0 flushing osr nmethod 0x000001f78972ff90
Event: 11.797 Thread 0x000001f79e7d3cb0 flushing  nmethod 0x000001f789739790
Event: 11.797 Thread 0x000001f79e7d3cb0 flushing  nmethod 0x000001f789747a90
Event: 11.797 Thread 0x000001f79e7d3cb0 flushing  nmethod 0x000001f789758990
Event: 11.797 Thread 0x000001f79e7d3cb0 flushing  nmethod 0x000001f789760190
Event: 11.797 Thread 0x000001f79e7d3cb0 flushing  nmethod 0x000001f789761010
Event: 11.797 Thread 0x000001f79e7d3cb0 flushing  nmethod 0x000001f789761990
Event: 11.797 Thread 0x000001f79e7d3cb0 flushing  nmethod 0x000001f789763d90
Event: 11.797 Thread 0x000001f79e7d3cb0 flushing  nmethod 0x000001f7897a7210
Event: 11.797 Thread 0x000001f79e7d3cb0 flushing  nmethod 0x000001f7897a8210
Event: 11.797 Thread 0x000001f79e7d3cb0 flushing  nmethod 0x000001f7897a8790
Event: 11.797 Thread 0x000001f79e7d3cb0 flushing  nmethod 0x000001f7897af190
Event: 11.797 Thread 0x000001f79e7d3cb0 flushing  nmethod 0x000001f7897b0810
Event: 11.797 Thread 0x000001f79e7d3cb0 flushing  nmethod 0x000001f7897b0d90
Event: 11.797 Thread 0x000001f79e7d3cb0 flushing  nmethod 0x000001f7897b3410
Event: 11.797 Thread 0x000001f79e7d3cb0 flushing  nmethod 0x000001f7897b3f10
Event: 11.797 Thread 0x000001f79e7d3cb0 flushing  nmethod 0x000001f7897cfa90
Event: 11.797 Thread 0x000001f79e7d3cb0 flushing  nmethod 0x000001f7897d2510
Event: 11.797 Thread 0x000001f79e7d3cb0 flushing  nmethod 0x000001f7897d3f10
Event: 11.797 Thread 0x000001f79e7d3cb0 flushing  nmethod 0x000001f7897d5310

Events (20 events):
Event: 35.624 Thread 0x000001f7e61535c0 Thread added: 0x000001f7e77e26d0
Event: 35.628 Thread 0x000001f7e61535c0 Thread added: 0x000001f7e77e2be0
Event: 35.628 Thread 0x000001f7e61535c0 Thread added: 0x000001f7e77e4f50
Event: 35.628 Thread 0x000001f7e61535c0 Thread added: 0x000001f7e77e5970
Event: 35.628 Thread 0x000001f7e61535c0 Thread added: 0x000001f7e77e21c0
Event: 35.629 Thread 0x000001f7e61535c0 Thread added: 0x000001f7e77e30f0
Event: 36.124 Thread 0x000001f7e61535c0 Thread added: 0x000001f7eb6f0440
Event: 36.167 Thread 0x000001f7eb6f0440 Thread exited: 0x000001f7eb6f0440
Event: 36.175 Thread 0x000001f7e61535c0 Thread added: 0x000001f7eb6ef000
Event: 36.176 Thread 0x000001f7eb6ef000 Thread added: 0x000001f7eb6edbc0
Event: 36.176 Thread 0x000001f7eb6ef000 Thread added: 0x000001f7eb6ee0d0
Event: 36.176 Thread 0x000001f7eb6ef000 Thread added: 0x000001f7eb6ef510
Event: 36.176 Thread 0x000001f7eb6ef000 Thread added: 0x000001f7eb6efa20
Event: 36.176 Thread 0x000001f7eb6ef000 Thread added: 0x000001f7eb6ed6b0
Event: 36.176 Thread 0x000001f7eb6ef000 Thread added: 0x000001f7eb6f0440
Event: 36.176 Thread 0x000001f7eb6ef000 Thread added: 0x000001f7eb6ecc90
Event: 36.176 Thread 0x000001f7eb6ef000 Thread added: 0x000001f7eb6f0e60
Event: 36.176 Thread 0x000001f7eb6ef000 Thread added: 0x000001f7e604b360
Event: 36.177 Thread 0x000001f7eb6edbc0 Thread added: 0x000001f7e6048ae0
Event: 36.192 Thread 0x000001f7e61535c0 Thread added: 0x000001f7e604a940


Dynamic libraries:
0x00007ff76e8a0000 - 0x00007ff76e8ae000 	C:\Users\16696\.jdks\ms-17.0.19\bin\java.exe
0x00007ff880020000 - 0x00007ff880286000 	C:\Windows\SYSTEM32\ntdll.dll
0x00007ff87e450000 - 0x00007ff87e519000 	C:\Windows\System32\KERNEL32.DLL
0x00007ff87d960000 - 0x00007ff87dd5a000 	C:\Windows\System32\KERNELBASE.dll
0x00007ff87d620000 - 0x00007ff87d76c000 	C:\Windows\System32\ucrtbase.dll
0x00007ff8727f0000 - 0x00007ff872808000 	C:\Users\16696\.jdks\ms-17.0.19\bin\jli.dll
0x00007ff8727d0000 - 0x00007ff8727ee000 	C:\Users\16696\.jdks\ms-17.0.19\bin\VCRUNTIME140.dll
0x00007ff87fa80000 - 0x00007ff87fc47000 	C:\Windows\System32\USER32.dll
0x00007ff87dd60000 - 0x00007ff87dd87000 	C:\Windows\System32\win32u.dll
0x00007ff87c3b0000 - 0x00007ff87c642000 	C:\Windows\WinSxS\amd64_microsoft.windows.common-controls_6595b64144ccf1df_6.0.26100.8521_none_3e08b75ce33403b3\COMCTL32.dll
0x00007ff87fa30000 - 0x00007ff87fa5b000 	C:\Windows\System32\GDI32.dll
0x00007ff87e5f0000 - 0x00007ff87e699000 	C:\Windows\System32\msvcrt.dll
0x00007ff87d830000 - 0x00007ff87d95b000 	C:\Windows\System32\gdi32full.dll
0x00007ff87d2b0000 - 0x00007ff87d353000 	C:\Windows\System32\msvcp_win.dll
0x00007ff87dea0000 - 0x00007ff87ded2000 	C:\Windows\System32\IMM32.DLL
0x00007ff86df20000 - 0x00007ff86df2c000 	C:\Users\16696\.jdks\ms-17.0.19\bin\vcruntime140_1.dll
0x00007ff853430000 - 0x00007ff8534b9000 	C:\Users\16696\.jdks\ms-17.0.19\bin\msvcp140.dll
0x00007ff807770000 - 0x00007ff8083eb000 	C:\Users\16696\.jdks\ms-17.0.19\bin\server\jvm.dll
0x00007ff87ed10000 - 0x00007ff87edc6000 	C:\Windows\System32\ADVAPI32.dll
0x00007ff87e1e0000 - 0x00007ff87e28a000 	C:\Windows\System32\sechost.dll
0x00007ff87f8a0000 - 0x00007ff87f9b8000 	C:\Windows\System32\RPCRT4.dll
0x00007ff87de10000 - 0x00007ff87de90000 	C:\Windows\System32\WS2_32.dll
0x00007ff87d110000 - 0x00007ff87d16e000 	C:\Windows\SYSTEM32\POWRPROF.dll
0x00007ff875340000 - 0x00007ff87534b000 	C:\Windows\SYSTEM32\VERSION.dll
0x00007ff875350000 - 0x00007ff875386000 	C:\Windows\SYSTEM32\WINMM.dll
0x00007ff87d0f0000 - 0x00007ff87d104000 	C:\Windows\SYSTEM32\UMPDC.dll
0x00007ff87b6d0000 - 0x00007ff87b6eb000 	C:\Windows\SYSTEM32\kernel.appcore.dll
0x00007ff86de60000 - 0x00007ff86de6a000 	C:\Users\16696\.jdks\ms-17.0.19\bin\jimage.dll
0x00007ff87ca80000 - 0x00007ff87ccc2000 	C:\Windows\SYSTEM32\DBGHELP.DLL
0x00007ff87fc50000 - 0x00007ff87ffd3000 	C:\Windows\System32\combase.dll
0x00007ff87f760000 - 0x00007ff87f839000 	C:\Windows\System32\OLEAUT32.dll
0x00007ff87c950000 - 0x00007ff87c98b000 	C:\Windows\SYSTEM32\dbgcore.DLL
0x00007ff87d360000 - 0x00007ff87d408000 	C:\Windows\System32\bcryptPrimitives.dll
0x00007ff86de50000 - 0x00007ff86de5f000 	C:\Users\16696\.jdks\ms-17.0.19\bin\instrument.dll
0x00007ff86d460000 - 0x00007ff86d486000 	C:\Users\16696\.jdks\ms-17.0.19\bin\java.dll
0x00007ff83d0c0000 - 0x00007ff83d196000 	C:\Users\16696\.jdks\ms-17.0.19\bin\jsvml.dll
0x00007ff87ee60000 - 0x00007ff87f5e4000 	C:\Windows\System32\SHELL32.dll
0x00007ff87a390000 - 0x00007ff87ac10000 	C:\Windows\SYSTEM32\windows.storage.dll
0x00007ff87e350000 - 0x00007ff87e446000 	C:\Windows\System32\SHCORE.dll
0x00007ff87f9c0000 - 0x00007ff87fa27000 	C:\Windows\System32\shlwapi.dll
0x00007ff87d1d0000 - 0x00007ff87d1f9000 	C:\Windows\SYSTEM32\profapi.dll
0x00007ff86de00000 - 0x00007ff86de18000 	C:\Users\16696\.jdks\ms-17.0.19\bin\zip.dll
0x00007ff86d930000 - 0x00007ff86d94b000 	C:\Users\16696\.jdks\ms-17.0.19\bin\net.dll
0x00007ff874b00000 - 0x00007ff874c29000 	C:\Windows\SYSTEM32\WINHTTP.dll
0x00007ff87bbf0000 - 0x00007ff87bc5c000 	C:\Windows\system32\mswsock.dll
0x00007ff86d060000 - 0x00007ff86d076000 	C:\Users\16696\.jdks\ms-17.0.19\bin\nio.dll
0x00007ff86de40000 - 0x00007ff86de50000 	C:\Users\16696\.jdks\ms-17.0.19\bin\verify.dll
0x00007fffe4c80000 - 0x00007fffe4ca7000 	C:\Users\16696\.gradle\native\660c5614fbf4a5f2a75b1949f50a0caf5cd603558e7d8a26e50b933a0cfb79d1\windows-amd64\native-platform.dll
0x00007ff845a90000 - 0x00007ff845b07000 	C:\Users\16696\.gradle\native\0.2.8\x86_64-windows-gnu\gradle-fileevents.dll
0x00007ff86ddd0000 - 0x00007ff86ddda000 	C:\Users\16696\.jdks\ms-17.0.19\bin\management.dll
0x00007ff86ce50000 - 0x00007ff86ce5c000 	C:\Users\16696\.jdks\ms-17.0.19\bin\management_ext.dll
0x00007ff87fa70000 - 0x00007ff87fa78000 	C:\Windows\System32\PSAPI.DLL
0x00007ff87b0f0000 - 0x00007ff87b123000 	C:\Windows\SYSTEM32\IPHLPAPI.DLL
0x00007ff87fa60000 - 0x00007ff87fa6a000 	C:\Windows\System32\NSI.dll
0x00007ff875390000 - 0x00007ff8753ad000 	C:\Windows\SYSTEM32\dhcpcsvc6.DLL
0x00007ff874450000 - 0x00007ff874475000 	C:\Windows\SYSTEM32\dhcpcsvc.DLL
0x00007ff87b180000 - 0x00007ff87b2ca000 	C:\Windows\SYSTEM32\DNSAPI.dll
0x00007ff87ba10000 - 0x00007ff87ba1d000 	C:\Windows\SYSTEM32\DSPARSE.dll
0x00007ff86ce40000 - 0x00007ff86ce49000 	C:\Users\16696\.jdks\ms-17.0.19\bin\extnet.dll
0x00007ff87cdd0000 - 0x00007ff87cdeb000 	C:\Windows\SYSTEM32\CRYPTSP.dll
0x00007ff87be90000 - 0x00007ff87bec9000 	C:\Windows\system32\rsaenh.dll
0x00007ff87bc60000 - 0x00007ff87bc93000 	C:\Windows\SYSTEM32\USERENV.dll
0x00007ff87d1a0000 - 0x00007ff87d1ca000 	C:\Windows\SYSTEM32\bcrypt.dll
0x00007ff87be80000 - 0x00007ff87be8c000 	C:\Windows\SYSTEM32\CRYPTBASE.dll
0x00007ff86ce30000 - 0x00007ff86ce3e000 	C:\Users\16696\.jdks\ms-17.0.19\bin\sunmscapi.dll
0x00007ff87d410000 - 0x00007ff87d588000 	C:\Windows\System32\CRYPT32.dll
0x00007ff87c370000 - 0x00007ff87c3a0000 	C:\Windows\SYSTEM32\ncrypt.dll
0x00007ff87c320000 - 0x00007ff87c35f000 	C:\Windows\SYSTEM32\NTASN1.dll
0x00007ff865540000 - 0x00007ff865548000 	C:\Windows\system32\wshunix.dll

dbghelp: loaded successfully - version: 4.0.5 - missing functions: none
symbol engine: initialized successfully - sym options: 0x614 - pdb path: .;C:\Users\16696\.jdks\ms-17.0.19\bin;C:\Windows\SYSTEM32;C:\Windows\WinSxS\amd64_microsoft.windows.common-controls_6595b64144ccf1df_6.0.26100.8521_none_3e08b75ce33403b3;C:\Users\16696\.jdks\ms-17.0.19\bin\server;C:\Users\16696\.gradle\native\660c5614fbf4a5f2a75b1949f50a0caf5cd603558e7d8a26e50b933a0cfb79d1\windows-amd64;C:\Users\16696\.gradle\native\0.2.8\x86_64-windows-gnu

VM Arguments:
jvm_args: --add-opens=java.base/java.lang=ALL-UNNAMED --add-opens=java.base/java.lang.invoke=ALL-UNNAMED --add-opens=java.base/java.util=ALL-UNNAMED --add-opens=java.prefs/java.util.prefs=ALL-UNNAMED --add-exports=jdk.compiler/com.sun.tools.javac.api=ALL-UNNAMED --add-exports=jdk.compiler/com.sun.tools.javac.util=ALL-UNNAMED --add-opens=java.base/java.util=ALL-UNNAMED --add-opens=java.prefs/java.util.prefs=ALL-UNNAMED --add-opens=java.base/java.nio.charset=ALL-UNNAMED --add-opens=java.base/java.net=ALL-UNNAMED --add-opens=java.base/java.util.concurrent=ALL-UNNAMED --add-opens=java.base/java.util.concurrent.atomic=ALL-UNNAMED --add-opens=java.xml/javax.xml.namespace=ALL-UNNAMED --add-opens=java.base/java.time=ALL-UNNAMED -Xmx2048m -Dfile.encoding=UTF-8 -Duser.country=CN -Duser.language=zh -Duser.variant -javaagent:C:\Users\16696\.gradle\wrapper\dists\gradle-9.4.1-bin\arn2x92ynaizyzdaamcbpbhtj\gradle-9.4.1\lib\agents\gradle-instrumentation-agent-9.4.1.jar 
java_command: org.gradle.launcher.daemon.bootstrap.GradleDaemon 9.4.1
java_class_path (initial): C:\Users\16696\.gradle\wrapper\dists\gradle-9.4.1-bin\arn2x92ynaizyzdaamcbpbhtj\gradle-9.4.1\lib\gradle-daemon-main-9.4.1.jar
Launcher Type: SUN_STANDARD

[Global flags]
     intx CICompilerCount                          = 4                                         {product} {ergonomic}
     uint ConcGCThreads                            = 2                                         {product} {ergonomic}
     uint G1ConcRefinementThreads                  = 9                                         {product} {ergonomic}
   size_t G1HeapRegionSize                         = 1048576                                   {product} {ergonomic}
    uintx GCDrainStackTargetSize                   = 64                                        {product} {ergonomic}
   size_t InitialHeapSize                          = 260046848                                 {product} {ergonomic}
   size_t MarkStackSize                            = 4194304                                   {product} {ergonomic}
   size_t MaxHeapSize                              = 2147483648                                {product} {command line}
   size_t MaxNewSize                               = 1287651328                                {product} {ergonomic}
   size_t MinHeapDeltaBytes                        = 1048576                                   {product} {ergonomic}
   size_t MinHeapSize                              = 8388608                                   {product} {ergonomic}
    uintx NonNMethodCodeHeapSize                   = 5839372                                {pd product} {ergonomic}
    uintx NonProfiledCodeHeapSize                  = 122909434                              {pd product} {ergonomic}
    uintx ProfiledCodeHeapSize                     = 122909434                              {pd product} {ergonomic}
    uintx ReservedCodeCacheSize                    = 251658240                              {pd product} {ergonomic}
     bool SegmentedCodeCache                       = true                                      {product} {ergonomic}
   size_t SoftMaxHeapSize                          = 2147483648                             {manageable} {ergonomic}
     bool UseCompressedClassPointers               = true                           {product lp64_product} {ergonomic}
     bool UseCompressedOops                        = true                           {product lp64_product} {ergonomic}
     bool UseG1GC                                  = true                                      {product} {ergonomic}
     bool UseLargePagesIndividualAllocation        = false                                  {pd product} {ergonomic}

Logging:
Log output configuration:
 #0: stdout all=warning uptime,level,tags
 #1: stderr all=off uptime,level,tags

Environment Variables:
PATH=D:\Android\jdk-8.0.492.9-hotspot\bin;C:\Program Files (x86)\VMware\VMware Workstation\bin\;C:\Windows\system32;C:\Windows;C:\Windows\System32\Wbem;C:\Windows\System32\WindowsPowerShell\v1.0\;C:\Windows\System32\OpenSSH\;D:\Git\Git\cmd;D:\Cmake\bin;D:\Windows Kits\10\Windows Performance Toolkit\;C:\Program Files\CMake\bin;C:\Program Files\TortoiseGit\bin;C:\NXP\S32DS.3.5\S32DS\build_tools\gcc-10.2-arm32-eabi\bin;D:\Xshell\;C:\Users\16696\AppData\Local\Programs\Python\Python314\Scripts\;C:\Users\16696\AppData\Local\Programs\Python\Python314\;C:\Users\16696\AppData\Local\Microsoft\WindowsApps;D:\pycharm\PyCharm 2026.1.2\bin;D:\vscode\Microsoft VS Code\bin;D:\Android\Sdk\platform-tools;
USERNAME=16696
OS=Windows_NT
PROCESSOR_IDENTIFIER=Intel64 Family 6 Model 198 Stepping 2, GenuineIntel
TMP=C:\Users\16696\AppData\Local\Temp
TEMP=C:\Users\16696\AppData\Local\Temp



Periodic native trim disabled


---------------  S Y S T E M  ---------------

OS:
 Windows 11 , 64 bit Build 26100 (10.0.26100.8521)
OS uptime: 1 days 20:04 hours
Hyper-V role detected

CPU: total 10 (initial active 10) (10 cores per cpu, 1 threads per core) family 6 model 198 stepping 2 microcode 0x118, cx8, cmov, fxsr, mmx, 3dnowpref, sse, sse2, sse3, ssse3, sse4.1, sse4.2, popcnt, lzcnt, tsc, tscinvbit, avx, avx2, aes, erms, clmul, bmi1, bmi2, adx, sha, fma, vzeroupper, clflush, clflushopt, clwb, hv
Processor Information for processor 0
  Max Mhz: 3300, Current Mhz: 3300, Mhz Limit: 3300
Processor Information for processor 1
  Max Mhz: 3300, Current Mhz: 3300, Mhz Limit: 3300
Processor Information for processor 2
  Max Mhz: 2700, Current Mhz: 2700, Mhz Limit: 2700
Processor Information for processor 3
  Max Mhz: 2700, Current Mhz: 2700, Mhz Limit: 2700
Processor Information for processor 4
  Max Mhz: 2700, Current Mhz: 2700, Mhz Limit: 2700
Processor Information for processor 5
  Max Mhz: 2700, Current Mhz: 2700, Mhz Limit: 2700
Processor Information for processor 6
  Max Mhz: 3300, Current Mhz: 3300, Mhz Limit: 3300
Processor Information for processor 7
  Max Mhz: 3300, Current Mhz: 3300, Mhz Limit: 3300
Processor Information for processor 8
  Max Mhz: 3300, Current Mhz: 3300, Mhz Limit: 3300
Processor Information for processor 9
  Max Mhz: 3300, Current Mhz: 3300, Mhz Limit: 3300

Memory: 4k page, system-wide physical 15751M (447M free)
TotalPageFile size 54151M (AvailPageFile size 29M)
current process WorkingSet (physical memory assigned to process): 708M, peak: 727M
current process commit charge ("private bytes"): 759M, peak: 778M

vm_info: OpenJDK 64-Bit Server VM (17.0.19+10-LTS) for windows-amd64 JRE (17.0.19+10-LTS), built on Apr 18 2026 18:24:40 by "MicrosoftCorporation" with MS VC++ 17.14 (VS2022)

END.
