#
# There is insufficient memory for the Java Runtime Environment to continue.
# Native memory allocation (mmap) failed to map 614465536 bytes. Error detail: G1 virtual space
# Possible reasons:
#   The system is out of physical RAM or swap space
#   This process is running with CompressedOops enabled, and the Java Heap may be blocking the growth of the native heap
# Possible solutions:
#   Reduce memory load on the system
#   Increase physical memory or swap space
#   Check if swap backing store is full
#   Decrease Java heap size (-Xmx/-Xms)
#   Decrease number of Java threads
#   Decrease Java thread stack sizes (-Xss)
#   Set larger code cache with -XX:ReservedCodeCacheSize=
#   JVM is running with Unscaled Compressed Oops mode in which the Java heap is
#     placed in the first 4GB address space. The Java Heap base address is the
#     maximum limit for the native heap growth. Please use -XX:HeapBaseMinAddress
#     to set the Java Heap base and to place the Java Heap above 4GB virtual address.
# This output file may be truncated or incomplete.
#
#  Out of Memory Error (os_windows.cpp:3690), pid=10484, tid=12424
#
# JRE version: OpenJDK Runtime Environment Microsoft-13877129 (17.0.19+10) (build 17.0.19+10-LTS)
# Java VM: OpenJDK 64-Bit Server VM Microsoft-13877129 (17.0.19+10-LTS, mixed mode, sharing, tiered, compressed oops, compressed class ptrs, g1 gc, windows-amd64)
# No core dump will be written. Minidumps are not enabled by default on client versions of Windows
#

---------------  S U M M A R Y ------------

Command Line: --add-opens=java.base/java.lang=ALL-UNNAMED --add-opens=java.base/java.lang.invoke=ALL-UNNAMED --add-opens=java.base/java.util=ALL-UNNAMED --add-opens=java.prefs/java.util.prefs=ALL-UNNAMED --add-exports=jdk.compiler/com.sun.tools.javac.api=ALL-UNNAMED --add-exports=jdk.compiler/com.sun.tools.javac.util=ALL-UNNAMED --add-opens=java.base/java.util=ALL-UNNAMED --add-opens=java.prefs/java.util.prefs=ALL-UNNAMED --add-opens=java.base/java.nio.charset=ALL-UNNAMED --add-opens=java.base/java.net=ALL-UNNAMED --add-opens=java.base/java.util.concurrent=ALL-UNNAMED --add-opens=java.base/java.util.concurrent.atomic=ALL-UNNAMED --add-opens=java.xml/javax.xml.namespace=ALL-UNNAMED --add-opens=java.base/java.time=ALL-UNNAMED -Xmx2048m -Dfile.encoding=UTF-8 -Duser.country=CN -Duser.language=zh -Duser.variant -javaagent:C:\Users\16696\.gradle\wrapper\dists\gradle-9.4.1-bin\arn2x92ynaizyzdaamcbpbhtj\gradle-9.4.1\lib\agents\gradle-instrumentation-agent-9.4.1.jar org.gradle.launcher.daemon.bootstrap.GradleDaemon 9.4.1

Host: Intel(R) Core(TM) Ultra 5 225, 10 cores, 15G,  Windows 11 , 64 bit Build 26100 (10.0.26100.8521)
Time: Tue Jul 14 11:56:57 2026  Windows 11 , 64 bit Build 26100 (10.0.26100.8521) elapsed time: 15.007845 seconds (0d 0h 0m 15s)

---------------  T H R E A D  ---------------

Current thread (0x000001b7f8467680):  VMThread "VM Thread" [stack: 0x000000326ef00000,0x000000326f000000] [id=12424]

Stack: [0x000000326ef00000,0x000000326f000000]
Native frames: (J=compiled Java code, j=interpreted, Vv=VM code, C=native code)
V  [jvm.dll+0x68cc89]  (no source info available)
V  [jvm.dll+0x845d89]  (no source info available)
V  [jvm.dll+0x847af8]  (no source info available)
V  [jvm.dll+0x848183]  (no source info available)
V  [jvm.dll+0x24d0bf]  (no source info available)
V  [jvm.dll+0x68c089]  (no source info available)
V  [jvm.dll+0x68064a]  (no source info available)
V  [jvm.dll+0x3102f0]  (no source info available)
V  [jvm.dll+0x310192]  (no source info available)
V  [jvm.dll+0x317709]  (no source info available)
V  [jvm.dll+0x369b09]  (no source info available)
V  [jvm.dll+0x369d3d]  (no source info available)
V  [jvm.dll+0x2e6afa]  (no source info available)
V  [jvm.dll+0x2e4ef1]  (no source info available)
V  [jvm.dll+0x2e468c]  (no source info available)
V  [jvm.dll+0x32903b]  (no source info available)
V  [jvm.dll+0x84ca0d]  (no source info available)
V  [jvm.dll+0x84d723]  (no source info available)
V  [jvm.dll+0x84dc54]  (no source info available)
V  [jvm.dll+0x84e038]  (no source info available)
V  [jvm.dll+0x84e12e]  (no source info available)
V  [jvm.dll+0x7f62cc]  (no source info available)
V  [jvm.dll+0x68e227]  (no source info available)
C  [ucrtbase.dll+0x2cd30]  (no source info available)
C  [KERNEL32.DLL+0x2e957]  (no source info available)
C  [ntdll.dll+0x87c1c]  (no source info available)

VM_Operation (0x00000032738fe550): G1CollectForAllocation, mode: safepoint, requested by thread 0x000001b7c57cdae0


---------------  P R O C E S S  ---------------

Threads class SMR info:
_java_thread_list=0x000001b7c3236520, length=70, elements={
0x000001b7e0e10920, 0x000001b7f846c280, 0x000001b7f846e770, 0x000001b7f847bd70,
0x000001b7f847c640, 0x000001b7f8482f30, 0x000001b7f8483800, 0x000001b7f8484400,
0x000001b7f8490d30, 0x000001b7f8491640, 0x000001b7f8451b10, 0x000001b7f8685950,
0x000001b7fef65d10, 0x000001b7ff20e040, 0x000001b7fea9e530, 0x000001b7ff0d0fd0,
0x000001b7fe89b9a0, 0x000001b7fddfec90, 0x000001b7ff53ce30, 0x000001b7ff41bce0,
0x000001b7ff41a8a0, 0x000001b7ff41adb0, 0x000001b7ff41a390, 0x000001b7ff41b2c0,
0x000001b7ff41b7d0, 0x000001b7ff419460, 0x000001b7ff418530, 0x000001b7ff418a40,
0x000001b7ff418f50, 0x000001b7ff419970, 0x000001b7ff419e80, 0x000001b7c2135540,
0x000001b7c2136980, 0x000001b7c2136e90, 0x000001b7c2137dc0, 0x000001b7c2135f60,
0x000001b7c21373a0, 0x000001b7c21382d0, 0x000001b7c2135a50, 0x000001b7c21387e0,
0x000001b7c2135030, 0x000001b7c3fb9520, 0x000001b7c3fba960, 0x000001b7c3fb85f0,
0x000001b7c3fb9f40, 0x000001b7c3fbc2b0, 0x000001b7c33b7db0, 0x000001b7c3fbd1e0,
0x000001b7c3fbd6f0, 0x000001b7c3fbdc00, 0x000001b7c3fbe110, 0x000001b7c3fbc7c0,
0x000001b7c3fbe620, 0x000001b7c3fbeb30, 0x000001b7c3fbb380, 0x000001b7c3fbf040,
0x000001b7c2136470, 0x000001b7c57cef20, 0x000001b7c57cc6a0, 0x000001b7c57ce500,
0x000001b7c57cd0c0, 0x000001b7c57cdae0, 0x000001b7c57cdff0, 0x000001b7c57cea10,
0x000001b7c57cf430, 0x000001b7c57d0360, 0x000001b7c57cf940, 0x000001b7c57cfe50,
0x000001b7c57ccbb0, 0x000001b7c3fe8690
}

Java Threads: ( => current thread )
  0x000001b7e0e10920 JavaThread "main" [_thread_blocked, id=18332, stack(0x000000326e500000,0x000000326e600000)]
  0x000001b7f846c280 JavaThread "Reference Handler" daemon [_thread_blocked, id=7724, stack(0x000000326f000000,0x000000326f100000)]
  0x000001b7f846e770 JavaThread "Finalizer" daemon [_thread_blocked, id=20400, stack(0x000000326f100000,0x000000326f200000)]
  0x000001b7f847bd70 JavaThread "Signal Dispatcher" daemon [_thread_blocked, id=25376, stack(0x000000326f200000,0x000000326f300000)]
  0x000001b7f847c640 JavaThread "Attach Listener" daemon [_thread_blocked, id=14224, stack(0x000000326f300000,0x000000326f400000)]
  0x000001b7f8482f30 JavaThread "Service Thread" daemon [_thread_blocked, id=14284, stack(0x000000326f400000,0x000000326f500000)]
  0x000001b7f8483800 JavaThread "Monitor Deflation Thread" daemon [_thread_blocked, id=18320, stack(0x000000326f500000,0x000000326f600000)]
  0x000001b7f8484400 JavaThread "C2 CompilerThread0" daemon [_thread_blocked, id=5956, stack(0x000000326f600000,0x000000326f700000)]
  0x000001b7f8490d30 JavaThread "C1 CompilerThread0" daemon [_thread_blocked, id=20504, stack(0x000000326f700000,0x000000326f800000)]
  0x000001b7f8491640 JavaThread "Sweeper thread" daemon [_thread_blocked, id=24232, stack(0x000000326f800000,0x000000326f900000)]
  0x000001b7f8451b10 JavaThread "Common-Cleaner" daemon [_thread_blocked, id=9252, stack(0x000000326f900000,0x000000326fa00000)]
  0x000001b7f8685950 JavaThread "Notification Thread" daemon [_thread_blocked, id=24096, stack(0x000000326fa00000,0x000000326fb00000)]
  0x000001b7fef65d10 JavaThread "Daemon health stats" [_thread_blocked, id=20908, stack(0x0000003270200000,0x0000003270300000)]
  0x000001b7ff20e040 JavaThread "Incoming local TCP Connector on port 61765" [_thread_in_native, id=17840, stack(0x000000326fd00000,0x000000326fe00000)]
  0x000001b7fea9e530 JavaThread "Daemon periodic checks" [_thread_blocked, id=22408, stack(0x0000003270300000,0x0000003270400000)]
  0x000001b7ff0d0fd0 JavaThread "Daemon" [_thread_blocked, id=880, stack(0x0000003270400000,0x0000003270500000)]
  0x000001b7fe89b9a0 JavaThread "Handler for socket connection from /127.0.0.1:61765 to /127.0.0.1:61766" [_thread_in_native, id=13420, stack(0x0000003270500000,0x0000003270600000)]
  0x000001b7fddfec90 JavaThread "Cancel handler" [_thread_blocked, id=21828, stack(0x0000003270600000,0x0000003270700000)]
  0x000001b7ff53ce30 JavaThread "Daemon worker" [_thread_blocked, id=25416, stack(0x0000003270700000,0x0000003270800000)]
  0x000001b7ff41bce0 JavaThread "Asynchronous log dispatcher for DefaultDaemonConnection: socket connection from /127.0.0.1:61765 to /127.0.0.1:61766" [_thread_blocked, id=25580, stack(0x0000003270800000,0x0000003270900000)]
  0x000001b7ff41a8a0 JavaThread "Stdin handler" [_thread_blocked, id=22252, stack(0x0000003270900000,0x0000003270a00000)]
  0x000001b7ff41adb0 JavaThread "Daemon client event forwarder" [_thread_blocked, id=3948, stack(0x0000003270a00000,0x0000003270b00000)]
  0x000001b7ff41a390 JavaThread "Cache worker for journal cache (C:\Users\16696\.gradle\caches\journal-1)" [_thread_blocked, id=19656, stack(0x0000003270b00000,0x0000003270c00000)]
  0x000001b7ff41b2c0 JavaThread "File lock request listener" [_thread_blocked, id=16660, stack(0x0000003270c00000,0x0000003270d00000)]
  0x000001b7ff41b7d0 JavaThread "Cache worker for file hash cache (C:\Users\16696\.gradle\caches\9.4.1\fileHashes)" [_thread_blocked, id=21108, stack(0x0000003270d00000,0x0000003270e00000)]
  0x000001b7ff419460 JavaThread "File lock release action executor" [_thread_blocked, id=23660, stack(0x0000003270e00000,0x0000003270f00000)]
  0x000001b7ff418530 JavaThread "Cache worker for file hash cache (D:\Code\Application\music1\.gradle\9.4.1\fileHashes)" [_thread_blocked, id=6552, stack(0x0000003271400000,0x0000003271500000)]
  0x000001b7ff418a40 JavaThread "Cache worker for Build Output Cleanup Cache (D:\Code\Application\music1\.gradle\buildOutputCleanup)" [_thread_blocked, id=20384, stack(0x0000003271500000,0x0000003271600000)]
  0x000001b7ff418f50 JavaThread "File watcher server" daemon [_thread_blocked, id=23840, stack(0x0000003271600000,0x0000003271700000)]
  0x000001b7ff419970 JavaThread "File watcher consumer" daemon [_thread_blocked, id=24396, stack(0x0000003271700000,0x0000003271800000)]
  0x000001b7ff419e80 JavaThread "Cache worker for file content cache (C:\Users\16696\.gradle\caches\9.4.1\fileContent)" [_thread_blocked, id=9996, stack(0x0000003271800000,0x0000003271900000)]
  0x000001b7c2135540 JavaThread "Cache worker for checksums cache (D:\Code\Application\music1\.gradle\9.4.1\checksums)" [_thread_blocked, id=4944, stack(0x0000003271a00000,0x0000003271b00000)]
  0x000001b7c2136980 JavaThread "Cache worker for cache directory md-supplier (C:\Users\16696\.gradle\caches\9.4.1\md-supplier)" [_thread_blocked, id=20520, stack(0x0000003271b00000,0x0000003271c00000)]
  0x000001b7c2136e90 JavaThread "Cache worker for cache directory md-rule (C:\Users\16696\.gradle\caches\9.4.1\md-rule)" [_thread_blocked, id=5592, stack(0x0000003271c00000,0x0000003271d00000)]
  0x000001b7c2137dc0 JavaThread "Build operations" [_thread_blocked, id=25092, stack(0x0000003271e00000,0x0000003271f00000)]
  0x000001b7c2135f60 JavaThread "Build operations Thread 2" [_thread_blocked, id=20192, stack(0x000000326fc00000,0x000000326fd00000)]
  0x000001b7c21373a0 JavaThread "Build operations Thread 3" [_thread_blocked, id=14132, stack(0x0000003271d00000,0x0000003271e00000)]
  0x000001b7c21382d0 JavaThread "Build operations Thread 4" [_thread_blocked, id=23928, stack(0x0000003272100000,0x0000003272200000)]
  0x000001b7c2135a50 JavaThread "Build operations Thread 5" [_thread_blocked, id=12108, stack(0x0000003272200000,0x0000003272300000)]
  0x000001b7c21387e0 JavaThread "Build operations Thread 6" [_thread_blocked, id=6548, stack(0x0000003272300000,0x0000003272400000)]
  0x000001b7c2135030 JavaThread "Build operations Thread 7" [_thread_blocked, id=11196, stack(0x0000003272400000,0x0000003272500000)]
  0x000001b7c3fb9520 JavaThread "Build operations Thread 8" [_thread_blocked, id=1072, stack(0x0000003272500000,0x0000003272600000)]
  0x000001b7c3fba960 JavaThread "Build operations Thread 9" [_thread_blocked, id=25508, stack(0x0000003272600000,0x0000003272700000)]
  0x000001b7c3fb85f0 JavaThread "Build operations Thread 10" [_thread_blocked, id=17648, stack(0x0000003272700000,0x0000003272800000)]
  0x000001b7c3fb9f40 JavaThread "Memory manager" [_thread_blocked, id=3168, stack(0x0000003272000000,0x0000003272100000)]
  0x000001b7c3fbc2b0 JavaThread "build event listener" [_thread_blocked, id=18620, stack(0x0000003272800000,0x0000003272900000)]
  0x000001b7c33b7db0 JavaThread "C2 CompilerThread1" daemon [_thread_blocked, id=23276, stack(0x0000003271f00000,0x0000003272000000)]
  0x000001b7c3fbd1e0 JavaThread "included builds" [_thread_blocked, id=9720, stack(0x0000003272a00000,0x0000003272b00000)]
  0x000001b7c3fbd6f0 JavaThread "Execution worker" [_thread_blocked, id=16712, stack(0x0000003272b00000,0x0000003272c00000)]
  0x000001b7c3fbdc00 JavaThread "Execution worker Thread 2" [_thread_blocked, id=6436, stack(0x0000003272c00000,0x0000003272d00000)]
  0x000001b7c3fbe110 JavaThread "Execution worker Thread 3" [_thread_blocked, id=2648, stack(0x0000003272d00000,0x0000003272e00000)]
  0x000001b7c3fbc7c0 JavaThread "Execution worker Thread 4" [_thread_blocked, id=18116, stack(0x0000003272e00000,0x0000003272f00000)]
  0x000001b7c3fbe620 JavaThread "Execution worker Thread 5" [_thread_blocked, id=23508, stack(0x0000003272f00000,0x0000003273000000)]
  0x000001b7c3fbeb30 JavaThread "Execution worker Thread 6" [_thread_blocked, id=22380, stack(0x0000003273000000,0x0000003273100000)]
  0x000001b7c3fbb380 JavaThread "Execution worker Thread 7" [_thread_blocked, id=25020, stack(0x0000003273100000,0x0000003273200000)]
  0x000001b7c3fbf040 JavaThread "Execution worker Thread 8" [_thread_blocked, id=3764, stack(0x0000003273200000,0x0000003273300000)]
  0x000001b7c2136470 JavaThread "Execution worker Thread 9" [_thread_blocked, id=14980, stack(0x0000003273300000,0x0000003273400000)]
  0x000001b7c57cef20 JavaThread "Cache worker for execution history cache (D:\Code\Application\music1\.gradle\9.4.1\executionHistory)" [_thread_blocked, id=22024, stack(0x0000003273400000,0x0000003273500000)]
  0x000001b7c57cc6a0 JavaThread "WorkerExecutor Queue" [_thread_blocked, id=24424, stack(0x0000003273500000,0x0000003273600000)]
  0x000001b7c57ce500 JavaThread "ForkJoinPool-1-worker-1" daemon [_thread_blocked, id=18792, stack(0x0000003273600000,0x0000003273700000)]
  0x000001b7c57cd0c0 JavaThread "ForkJoinPool-1-worker-2" daemon [_thread_blocked, id=22816, stack(0x0000003273700000,0x0000003273800000)]
  0x000001b7c57cdae0 JavaThread "ForkJoinPool-1-worker-3" daemon [_thread_blocked, id=14184, stack(0x0000003273800000,0x0000003273900000)]
  0x000001b7c57cdff0 JavaThread "ForkJoinPool-1-worker-4" daemon [_thread_blocked, id=25568, stack(0x0000003273900000,0x0000003273a00000)]
  0x000001b7c57cea10 JavaThread "ForkJoinPool-1-worker-5" daemon [_thread_blocked, id=20920, stack(0x0000003273a00000,0x0000003273b00000)]
  0x000001b7c57cf430 JavaThread "ForkJoinPool-1-worker-6" daemon [_thread_blocked, id=20448, stack(0x0000003273b00000,0x0000003273c00000)]
  0x000001b7c57d0360 JavaThread "ForkJoinPool-1-worker-7" daemon [_thread_blocked, id=13560, stack(0x0000003273c00000,0x0000003273d00000)]
  0x000001b7c57cf940 JavaThread "ForkJoinPool-1-worker-8" daemon [_thread_blocked, id=15128, stack(0x0000003273d00000,0x0000003273e00000)]
  0x000001b7c57cfe50 JavaThread "ForkJoinPool-1-worker-9" daemon [_thread_blocked, id=16168, stack(0x0000003273e00000,0x0000003273f00000)]
  0x000001b7c57ccbb0 JavaThread "ForkJoinPool-1-worker-10" daemon [_thread_blocked, id=13920, stack(0x0000003273f00000,0x0000003274000000)]
  0x000001b7c3fe8690 JavaThread "C2 CompilerThread2" daemon [_thread_blocked, id=20600, stack(0x0000003272900000,0x0000003272a00000)]

Other Threads:
=>0x000001b7f8467680 VMThread "VM Thread" [stack: 0x000000326ef00000,0x000000326f000000] [id=12424]
  0x000001b7f8685e30 WatcherThread [stack: 0x000000326fb00000,0x000000326fc00000] [id=18032]
  0x000001b7e0eea7b0 GCTaskThread "GC Thread#0" [stack: 0x000000326ea00000,0x000000326eb00000] [id=17676]
  0x000001b7fe047d10 GCTaskThread "GC Thread#1" [stack: 0x000000326fe00000,0x000000326ff00000] [id=13168]
  0x000001b7fdf920f0 GCTaskThread "GC Thread#2" [stack: 0x000000326ff00000,0x0000003270000000] [id=21404]
  0x000001b7fe37b210 GCTaskThread "GC Thread#3" [stack: 0x0000003270000000,0x0000003270100000] [id=10340]
  0x000001b7fe37a130 GCTaskThread "GC Thread#4" [stack: 0x0000003270100000,0x0000003270200000] [id=23096]
  0x000001b7fe37b7b0 GCTaskThread "GC Thread#5" [stack: 0x0000003270f00000,0x0000003271000000] [id=25068]
  0x000001b7fe379b90 GCTaskThread "GC Thread#6" [stack: 0x0000003271000000,0x0000003271100000] [id=21880]
  0x000001b7fe379e60 GCTaskThread "GC Thread#7" [stack: 0x0000003271100000,0x0000003271200000] [id=23852]
  0x000001b7c22f93c0 GCTaskThread "GC Thread#8" [stack: 0x0000003271200000,0x0000003271300000] [id=21280]
  0x000001b7e0efbcf0 ConcurrentGCThread "G1 Main Marker" [stack: 0x000000326eb00000,0x000000326ec00000] [id=9508]
  0x000001b7e0efc3c0 ConcurrentGCThread "G1 Conc#0" [stack: 0x000000326ec00000,0x000000326ed00000] [id=21960]
  0x000001b7c22f9690 ConcurrentGCThread "G1 Conc#1" [stack: 0x0000003271300000,0x0000003271400000] [id=18028]
  0x000001b7e0fdcc00 ConcurrentGCThread "G1 Refine#0" [stack: 0x000000326ed00000,0x000000326ee00000] [id=4456]
  0x000001b7ff5e2a90 ConcurrentGCThread "G1 Refine#1" [stack: 0x0000003271900000,0x0000003271a00000] [id=25572]
  0x000001b7c376a140 ConcurrentGCThread "G1 Refine#2" [stack: 0x0000003274000000,0x0000003274100000] [id=23492]
  0x000001b7c13d0660 ConcurrentGCThread "G1 Refine#3" [stack: 0x0000003274100000,0x0000003274200000] [id=15112]
  0x000001b7c430d0c0 ConcurrentGCThread "G1 Refine#4" [stack: 0x0000003274200000,0x0000003274300000] [id=1600]
  0x000001b7c2163280 ConcurrentGCThread "G1 Refine#5" [stack: 0x0000003274300000,0x0000003274400000] [id=7684]
  0x000001b7c52e6080 ConcurrentGCThread "G1 Refine#6" [stack: 0x0000003274400000,0x0000003274500000] [id=21056]
  0x000001b7c3769840 ConcurrentGCThread "G1 Refine#7" [stack: 0x0000003274500000,0x0000003274600000] [id=19516]
  0x000001b7e0fdd2f0 ConcurrentGCThread "G1 Service" [stack: 0x000000326ee00000,0x000000326ef00000] [id=24072]

Threads with active compile tasks:
C2 CompilerThread0  15045 13906       4       java.lang.invoke.DirectMethodHandle::preparedLambdaForm (244 bytes)
C1 CompilerThread0  15045 13964       3       com.android.tools.r8.internal.tm0::a (9 bytes)
C2 CompilerThread1  15045 13831       4       com.android.tools.r8.graph.h::g (6 bytes)
C2 CompilerThread2  15045 13912       4       sun.security.provider.SHA::implCompress0 (506 bytes)

VM state: at safepoint (normal execution)

VM Mutex/Monitor currently owned by a thread:  ([mutex/lock_event])
[0x000001b7e0e00dc0] Threads_lock - owner thread: 0x000001b7f8467680
[0x000001b7e0e015a0] Heap_lock - owner thread: 0x000001b7c57cdae0

Heap address: 0x0000000080000000, size: 2048 MB, Compressed Oops mode: 32-bit

CDS archive(s) mapped at: [0x000001b780000000-0x000001b780bb0000-0x000001b780bb0000), size 12255232, SharedBaseAddress: 0x000001b780000000, ArchiveRelocationMode: 1.
Compressed class space mapped at: 0x000001b781000000-0x000001b7c1000000, reserved size: 1073741824
Narrow klass base: 0x000001b780000000, Narrow klass shift: 0, Narrow klass range: 0x100000000

GC Precious Log:
 CPUs: 10 total, 10 available
 Memory: 15751M
 Large Page Support: Disabled
 NUMA Support: Disabled
 Compressed Oops: Enabled (32-bit)
 Heap Region Size: 1M
 Heap Min Capacity: 8M
 Heap Initial Capacity: 248M
 Heap Max Capacity: 2G
 Pre-touch: Disabled
 Parallel Workers: 9
 Concurrent Workers: 2
 Concurrent Refinement Workers: 9
 Periodic GC: Disabled

Heap:
 garbage-first heap   total 300032K, used 165120K [0x0000000080000000, 0x0000000100000000)
  region size 1024K, 4 young (4096K), 4 survivors (4096K)
 Metaspace       used 109568K, committed 110528K, reserved 1179648K
  class space    used 15769K, committed 16256K, reserved 1048576K

Heap Regions: E=young(eden), S=young(survivor), O=old, HS=humongous(starts), HC=humongous(continues), CS=collection set, F=free, OA=open archive, CA=closed archive, TAMS=top-at-mark-start (previous, next)
|   0|0x0000000080000000, 0x0000000080100000, 0x0000000080100000|100%|HS|  |TAMS 0x0000000080100000, 0x0000000080100000| Complete 
|   1|0x0000000080100000, 0x0000000080200000, 0x0000000080200000|100%|HC|  |TAMS 0x0000000080200000, 0x0000000080200000| Complete 
|   2|0x0000000080200000, 0x0000000080300000, 0x0000000080300000|100%|HC|  |TAMS 0x0000000080300000, 0x0000000080300000| Complete 
|   3|0x0000000080300000, 0x0000000080400000, 0x0000000080400000|100%|HC|  |TAMS 0x0000000080400000, 0x0000000080400000| Complete 
|   4|0x0000000080400000, 0x0000000080500000, 0x0000000080500000|100%| O|  |TAMS 0x0000000080500000, 0x0000000080500000| Untracked 
|   5|0x0000000080500000, 0x0000000080600000, 0x0000000080600000|100%| O|  |TAMS 0x0000000080600000, 0x0000000080600000| Untracked 
|   6|0x0000000080600000, 0x0000000080700000, 0x0000000080700000|100%| O|  |TAMS 0x0000000080700000, 0x0000000080700000| Untracked 
|   7|0x0000000080700000, 0x0000000080800000, 0x0000000080800000|100%| O|  |TAMS 0x0000000080800000, 0x0000000080800000| Untracked 
|   8|0x0000000080800000, 0x0000000080900000, 0x0000000080900000|100%|HS|  |TAMS 0x0000000080900000, 0x0000000080900000| Complete 
|   9|0x0000000080900000, 0x0000000080a00000, 0x0000000080a00000|100%| O|  |TAMS 0x0000000080a00000, 0x0000000080a00000| Untracked 
|  10|0x0000000080a00000, 0x0000000080b00000, 0x0000000080b00000|100%| O|  |TAMS 0x0000000080b00000, 0x0000000080b00000| Untracked 
|  11|0x0000000080b00000, 0x0000000080c00000, 0x0000000080c00000|100%| O|  |TAMS 0x0000000080c00000, 0x0000000080c00000| Untracked 
|  12|0x0000000080c00000, 0x0000000080d00000, 0x0000000080d00000|100%| O|  |TAMS 0x0000000080d00000, 0x0000000080d00000| Untracked 
|  13|0x0000000080d00000, 0x0000000080e00000, 0x0000000080e00000|100%| O|  |TAMS 0x0000000080e00000, 0x0000000080e00000| Untracked 
|  14|0x0000000080e00000, 0x0000000080f00000, 0x0000000080f00000|100%| O|  |TAMS 0x0000000080f00000, 0x0000000080f00000| Untracked 
|  15|0x0000000080f00000, 0x0000000081000000, 0x0000000081000000|100%| O|  |TAMS 0x0000000081000000, 0x0000000081000000| Untracked 
|  16|0x0000000081000000, 0x0000000081100000, 0x0000000081100000|100%| O|  |TAMS 0x0000000081100000, 0x0000000081100000| Untracked 
|  17|0x0000000081100000, 0x0000000081200000, 0x0000000081200000|100%| O|  |TAMS 0x0000000081200000, 0x0000000081200000| Untracked 
|  18|0x0000000081200000, 0x0000000081300000, 0x0000000081300000|100%| O|  |TAMS 0x0000000081300000, 0x0000000081300000| Untracked 
|  19|0x0000000081300000, 0x0000000081400000, 0x0000000081400000|100%| O|  |TAMS 0x0000000081400000, 0x0000000081400000| Untracked 
|  20|0x0000000081400000, 0x0000000081500000, 0x0000000081500000|100%| O|  |TAMS 0x0000000081500000, 0x0000000081500000| Untracked 
|  21|0x0000000081500000, 0x0000000081600000, 0x0000000081600000|100%| O|  |TAMS 0x0000000081600000, 0x0000000081600000| Untracked 
|  22|0x0000000081600000, 0x0000000081700000, 0x0000000081700000|100%| O|  |TAMS 0x0000000081700000, 0x0000000081700000| Untracked 
|  23|0x0000000081700000, 0x0000000081800000, 0x0000000081800000|100%| O|  |TAMS 0x0000000081800000, 0x0000000081800000| Untracked 
|  24|0x0000000081800000, 0x0000000081900000, 0x0000000081900000|100%| O|  |TAMS 0x0000000081900000, 0x0000000081900000| Untracked 
|  25|0x0000000081900000, 0x0000000081a00000, 0x0000000081a00000|100%| O|  |TAMS 0x0000000081a00000, 0x0000000081a00000| Untracked 
|  26|0x0000000081a00000, 0x0000000081b00000, 0x0000000081b00000|100%| O|  |TAMS 0x0000000081b00000, 0x0000000081b00000| Untracked 
|  27|0x0000000081b00000, 0x0000000081c00000, 0x0000000081c00000|100%| O|  |TAMS 0x0000000081c00000, 0x0000000081c00000| Untracked 
|  28|0x0000000081c00000, 0x0000000081d00000, 0x0000000081d00000|100%| O|  |TAMS 0x0000000081d00000, 0x0000000081d00000| Untracked 
|  29|0x0000000081d00000, 0x0000000081e00000, 0x0000000081e00000|100%| O|  |TAMS 0x0000000081e00000, 0x0000000081e00000| Untracked 
|  30|0x0000000081e00000, 0x0000000081f00000, 0x0000000081f00000|100%| O|  |TAMS 0x0000000081f00000, 0x0000000081f00000| Untracked 
|  31|0x0000000081f00000, 0x0000000082000000, 0x0000000082000000|100%| O|  |TAMS 0x0000000082000000, 0x0000000082000000| Untracked 
|  32|0x0000000082000000, 0x0000000082100000, 0x0000000082100000|100%| O|  |TAMS 0x0000000082100000, 0x0000000082100000| Untracked 
|  33|0x0000000082100000, 0x0000000082200000, 0x0000000082200000|100%| O|  |TAMS 0x0000000082200000, 0x0000000082200000| Untracked 
|  34|0x0000000082200000, 0x0000000082300000, 0x0000000082300000|100%| O|  |TAMS 0x0000000082300000, 0x0000000082300000| Untracked 
|  35|0x0000000082300000, 0x0000000082400000, 0x0000000082400000|100%| O|  |TAMS 0x0000000082400000, 0x0000000082400000| Untracked 
|  36|0x0000000082400000, 0x0000000082400000, 0x0000000082500000|  0%| F|  |TAMS 0x0000000082400000, 0x0000000082400000| Untracked 
|  37|0x0000000082500000, 0x0000000082600000, 0x0000000082600000|100%| O|  |TAMS 0x0000000082600000, 0x0000000082600000| Untracked 
|  38|0x0000000082600000, 0x0000000082700000, 0x0000000082700000|100%| O|  |TAMS 0x0000000082700000, 0x0000000082700000| Untracked 
|  39|0x0000000082700000, 0x0000000082800000, 0x0000000082800000|100%| O|  |TAMS 0x0000000082800000, 0x0000000082800000| Untracked 
|  40|0x0000000082800000, 0x0000000082900000, 0x0000000082900000|100%|HS|  |TAMS 0x0000000082900000, 0x0000000082900000| Complete 
|  41|0x0000000082900000, 0x0000000082a00000, 0x0000000082a00000|100%| O|  |TAMS 0x0000000082a00000, 0x0000000082a00000| Untracked 
|  42|0x0000000082a00000, 0x0000000082b00000, 0x0000000082b00000|100%|HS|  |TAMS 0x0000000082b00000, 0x0000000082b00000| Complete 
|  43|0x0000000082b00000, 0x0000000082c00000, 0x0000000082c00000|100%|HS|  |TAMS 0x0000000082c00000, 0x0000000082c00000| Complete 
|  44|0x0000000082c00000, 0x0000000082d00000, 0x0000000082d00000|100%|HC|  |TAMS 0x0000000082d00000, 0x0000000082d00000| Complete 
|  45|0x0000000082d00000, 0x0000000082e00000, 0x0000000082e00000|100%|HS|  |TAMS 0x0000000082e00000, 0x0000000082e00000| Complete 
|  46|0x0000000082e00000, 0x0000000082f00000, 0x0000000082f00000|100%| O|  |TAMS 0x0000000082f00000, 0x0000000082f00000| Untracked 
|  47|0x0000000082f00000, 0x0000000083000000, 0x0000000083000000|100%| O|  |TAMS 0x0000000083000000, 0x0000000083000000| Untracked 
|  48|0x0000000083000000, 0x0000000083100000, 0x0000000083100000|100%|HS|  |TAMS 0x0000000083100000, 0x0000000083100000| Complete 
|  49|0x0000000083100000, 0x0000000083200000, 0x0000000083200000|100%|HS|  |TAMS 0x0000000083200000, 0x0000000083200000| Complete 
|  50|0x0000000083200000, 0x0000000083300000, 0x0000000083300000|100%| O|  |TAMS 0x0000000083300000, 0x0000000083300000| Untracked 
|  51|0x0000000083300000, 0x0000000083400000, 0x0000000083400000|100%| O|  |TAMS 0x0000000083400000, 0x0000000083400000| Untracked 
|  52|0x0000000083400000, 0x0000000083500000, 0x0000000083500000|100%| O|  |TAMS 0x0000000083500000, 0x0000000083500000| Untracked 
|  53|0x0000000083500000, 0x0000000083600000, 0x0000000083600000|100%|HS|  |TAMS 0x0000000083600000, 0x0000000083600000| Complete 
|  54|0x0000000083600000, 0x0000000083700000, 0x0000000083700000|100%| O|  |TAMS 0x0000000083700000, 0x0000000083700000| Untracked 
|  55|0x0000000083700000, 0x0000000083800000, 0x0000000083800000|100%| O|  |TAMS 0x0000000083800000, 0x0000000083800000| Untracked 
|  56|0x0000000083800000, 0x0000000083900000, 0x0000000083900000|100%| O|  |TAMS 0x0000000083900000, 0x0000000083900000| Untracked 
|  57|0x0000000083900000, 0x0000000083a00000, 0x0000000083a00000|100%| O|  |TAMS 0x0000000083a00000, 0x0000000083a00000| Untracked 
|  58|0x0000000083a00000, 0x0000000083b00000, 0x0000000083b00000|100%|HS|  |TAMS 0x0000000083b00000, 0x0000000083b00000| Complete 
|  59|0x0000000083b00000, 0x0000000083c00000, 0x0000000083c00000|100%|HC|  |TAMS 0x0000000083c00000, 0x0000000083c00000| Complete 
|  60|0x0000000083c00000, 0x0000000083d00000, 0x0000000083d00000|100%| O|  |TAMS 0x0000000083d00000, 0x0000000083d00000| Untracked 
|  61|0x0000000083d00000, 0x0000000083e00000, 0x0000000083e00000|100%| O|  |TAMS 0x0000000083e00000, 0x0000000083e00000| Untracked 
|  62|0x0000000083e00000, 0x0000000083f00000, 0x0000000083f00000|100%| O|  |TAMS 0x0000000083f00000, 0x0000000083f00000| Untracked 
|  63|0x0000000083f00000, 0x0000000084000000, 0x0000000084000000|100%| O|  |TAMS 0x0000000084000000, 0x0000000084000000| Untracked 
|  64|0x0000000084000000, 0x0000000084100000, 0x0000000084100000|100%| O|  |TAMS 0x0000000084100000, 0x0000000084100000| Untracked 
|  65|0x0000000084100000, 0x0000000084200000, 0x0000000084200000|100%| O|  |TAMS 0x0000000084200000, 0x0000000084200000| Untracked 
|  66|0x0000000084200000, 0x0000000084300000, 0x0000000084300000|100%| O|  |TAMS 0x0000000084300000, 0x0000000084300000| Untracked 
|  67|0x0000000084300000, 0x0000000084400000, 0x0000000084400000|100%|HS|  |TAMS 0x0000000084400000, 0x0000000084400000| Complete 
|  68|0x0000000084400000, 0x0000000084500000, 0x0000000084500000|100%| O|  |TAMS 0x0000000084500000, 0x0000000084500000| Untracked 
|  69|0x0000000084500000, 0x0000000084600000, 0x0000000084600000|100%| O|  |TAMS 0x0000000084600000, 0x0000000084600000| Untracked 
|  70|0x0000000084600000, 0x0000000084700000, 0x0000000084700000|100%| O|  |TAMS 0x0000000084600000, 0x0000000084700000| Untracked 
|  71|0x0000000084700000, 0x0000000084700000, 0x0000000084800000|  0%| F|  |TAMS 0x0000000084700000, 0x0000000084700000| Untracked 
|  72|0x0000000084800000, 0x0000000084900000, 0x0000000084900000|100%| O|  |TAMS 0x0000000084900000, 0x0000000084900000| Untracked 
|  73|0x0000000084900000, 0x0000000084a00000, 0x0000000084a00000|100%| O|  |TAMS 0x0000000084a00000, 0x0000000084a00000| Untracked 
|  74|0x0000000084a00000, 0x0000000084b00000, 0x0000000084b00000|100%| O|  |TAMS 0x0000000084b00000, 0x0000000084b00000| Untracked 
|  75|0x0000000084b00000, 0x0000000084c00000, 0x0000000084c00000|100%| O|  |TAMS 0x0000000084c00000, 0x0000000084c00000| Untracked 
|  76|0x0000000084c00000, 0x0000000084d00000, 0x0000000084d00000|100%| O|  |TAMS 0x0000000084d00000, 0x0000000084d00000| Untracked 
|  77|0x0000000084d00000, 0x0000000084e00000, 0x0000000084e00000|100%| O|  |TAMS 0x0000000084e00000, 0x0000000084e00000| Untracked 
|  78|0x0000000084e00000, 0x0000000084f00000, 0x0000000084f00000|100%| O|  |TAMS 0x0000000084f00000, 0x0000000084f00000| Untracked 
|  79|0x0000000084f00000, 0x0000000085000000, 0x0000000085000000|100%| O|  |TAMS 0x0000000085000000, 0x0000000085000000| Untracked 
|  80|0x0000000085000000, 0x0000000085000000, 0x0000000085100000|  0%| F|  |TAMS 0x0000000085000000, 0x0000000085000000| Untracked 
|  81|0x0000000085100000, 0x0000000085100000, 0x0000000085200000|  0%| F|  |TAMS 0x0000000085100000, 0x0000000085100000| Untracked 
|  82|0x0000000085200000, 0x0000000085200000, 0x0000000085300000|  0%| F|  |TAMS 0x0000000085200000, 0x0000000085200000| Untracked 
|  83|0x0000000085300000, 0x0000000085400000, 0x0000000085400000|100%| O|  |TAMS 0x0000000085400000, 0x0000000085400000| Untracked 
|  84|0x0000000085400000, 0x0000000085500000, 0x0000000085500000|100%| O|  |TAMS 0x0000000085500000, 0x0000000085500000| Untracked 
|  85|0x0000000085500000, 0x0000000085600000, 0x0000000085600000|100%| O|  |TAMS 0x0000000085600000, 0x0000000085600000| Untracked 
|  86|0x0000000085600000, 0x0000000085700000, 0x0000000085700000|100%| O|  |TAMS 0x0000000085700000, 0x0000000085700000| Untracked 
|  87|0x0000000085700000, 0x0000000085800000, 0x0000000085800000|100%| O|  |TAMS 0x0000000085800000, 0x0000000085800000| Untracked 
|  88|0x0000000085800000, 0x0000000085900000, 0x0000000085900000|100%| O|  |TAMS 0x0000000085900000, 0x0000000085900000| Untracked 
|  89|0x0000000085900000, 0x0000000085a00000, 0x0000000085a00000|100%| O|  |TAMS 0x0000000085a00000, 0x0000000085a00000| Untracked 
|  90|0x0000000085a00000, 0x0000000085b00000, 0x0000000085b00000|100%| O|  |TAMS 0x0000000085b00000, 0x0000000085b00000| Untracked 
|  91|0x0000000085b00000, 0x0000000085c00000, 0x0000000085c00000|100%| O|  |TAMS 0x0000000085c00000, 0x0000000085c00000| Untracked 
|  92|0x0000000085c00000, 0x0000000085d00000, 0x0000000085d00000|100%| O|  |TAMS 0x0000000085d00000, 0x0000000085d00000| Untracked 
|  93|0x0000000085d00000, 0x0000000085e00000, 0x0000000085e00000|100%| O|  |TAMS 0x0000000085e00000, 0x0000000085e00000| Untracked 
|  94|0x0000000085e00000, 0x0000000085f00000, 0x0000000085f00000|100%| O|  |TAMS 0x0000000085f00000, 0x0000000085f00000| Untracked 
|  95|0x0000000085f00000, 0x0000000086000000, 0x0000000086000000|100%|HS|  |TAMS 0x0000000086000000, 0x0000000086000000| Complete 
|  96|0x0000000086000000, 0x0000000086100000, 0x0000000086100000|100%| O|  |TAMS 0x0000000086000000, 0x0000000086100000| Untracked 
|  97|0x0000000086100000, 0x0000000086200000, 0x0000000086200000|100%|HS|  |TAMS 0x0000000086200000, 0x0000000086200000| Complete 
|  98|0x0000000086200000, 0x0000000086300000, 0x0000000086300000|100%| O|  |TAMS 0x0000000086300000, 0x0000000086300000| Untracked 
|  99|0x0000000086300000, 0x0000000086400000, 0x0000000086400000|100%| O|  |TAMS 0x0000000086400000, 0x0000000086400000| Untracked 
| 100|0x0000000086400000, 0x0000000086500000, 0x0000000086500000|100%| O|  |TAMS 0x0000000086500000, 0x0000000086500000| Untracked 
| 101|0x0000000086500000, 0x0000000086600000, 0x0000000086600000|100%| O|  |TAMS 0x0000000086600000, 0x0000000086600000| Untracked 
| 102|0x0000000086600000, 0x0000000086700000, 0x0000000086700000|100%| O|  |TAMS 0x0000000086700000, 0x0000000086700000| Untracked 
| 103|0x0000000086700000, 0x0000000086800000, 0x0000000086800000|100%| O|  |TAMS 0x0000000086800000, 0x0000000086800000| Untracked 
| 104|0x0000000086800000, 0x0000000086900000, 0x0000000086900000|100%| O|  |TAMS 0x0000000086900000, 0x0000000086900000| Untracked 
| 105|0x0000000086900000, 0x0000000086a00000, 0x0000000086a00000|100%| O|  |TAMS 0x0000000086a00000, 0x0000000086a00000| Untracked 
| 106|0x0000000086a00000, 0x0000000086b00000, 0x0000000086b00000|100%| O|  |TAMS 0x0000000086b00000, 0x0000000086b00000| Untracked 
| 107|0x0000000086b00000, 0x0000000086b00000, 0x0000000086c00000|  0%| F|  |TAMS 0x0000000086b00000, 0x0000000086b00000| Untracked 
| 108|0x0000000086c00000, 0x0000000086d00000, 0x0000000086d00000|100%| O|  |TAMS 0x0000000086d00000, 0x0000000086d00000| Untracked 
| 109|0x0000000086d00000, 0x0000000086e00000, 0x0000000086e00000|100%| O|  |TAMS 0x0000000086e00000, 0x0000000086e00000| Untracked 
| 110|0x0000000086e00000, 0x0000000086f00000, 0x0000000086f00000|100%| O|  |TAMS 0x0000000086f00000, 0x0000000086f00000| Untracked 
| 111|0x0000000086f00000, 0x0000000087000000, 0x0000000087000000|100%| O|  |TAMS 0x0000000087000000, 0x0000000087000000| Untracked 
| 112|0x0000000087000000, 0x0000000087100000, 0x0000000087100000|100%| O|  |TAMS 0x0000000087100000, 0x0000000087100000| Untracked 
| 113|0x0000000087100000, 0x0000000087200000, 0x0000000087200000|100%| O|  |TAMS 0x0000000087200000, 0x0000000087200000| Untracked 
| 114|0x0000000087200000, 0x0000000087300000, 0x0000000087300000|100%| O|  |TAMS 0x0000000087300000, 0x0000000087300000| Untracked 
| 115|0x0000000087300000, 0x0000000087400000, 0x0000000087400000|100%| O|  |TAMS 0x0000000087400000, 0x0000000087400000| Untracked 
| 116|0x0000000087400000, 0x0000000087500000, 0x0000000087500000|100%| O|  |TAMS 0x0000000087500000, 0x0000000087500000| Untracked 
| 117|0x0000000087500000, 0x0000000087600000, 0x0000000087600000|100%| O|  |TAMS 0x0000000087600000, 0x0000000087600000| Untracked 
| 118|0x0000000087600000, 0x0000000087700000, 0x0000000087700000|100%| O|  |TAMS 0x0000000087700000, 0x0000000087700000| Untracked 
| 119|0x0000000087700000, 0x0000000087800000, 0x0000000087800000|100%| O|  |TAMS 0x0000000087800000, 0x0000000087800000| Untracked 
| 120|0x0000000087800000, 0x0000000087900000, 0x0000000087900000|100%| O|  |TAMS 0x0000000087900000, 0x0000000087900000| Untracked 
| 121|0x0000000087900000, 0x0000000087a00000, 0x0000000087a00000|100%| O|  |TAMS 0x0000000087900000, 0x0000000087a00000| Untracked 
| 122|0x0000000087a00000, 0x0000000087b00000, 0x0000000087b00000|100%| O|  |TAMS 0x0000000087b00000, 0x0000000087b00000| Untracked 
| 123|0x0000000087b00000, 0x0000000087c00000, 0x0000000087c00000|100%| O|  |TAMS 0x0000000087c00000, 0x0000000087c00000| Untracked 
| 124|0x0000000087c00000, 0x0000000087d00000, 0x0000000087d00000|100%| O|  |TAMS 0x0000000087d00000, 0x0000000087d00000| Untracked 
| 125|0x0000000087d00000, 0x0000000087e00000, 0x0000000087e00000|100%| O|  |TAMS 0x0000000087e00000, 0x0000000087e00000| Untracked 
| 126|0x0000000087e00000, 0x0000000087f00000, 0x0000000087f00000|100%| O|  |TAMS 0x0000000087f00000, 0x0000000087f00000| Untracked 
| 127|0x0000000087f00000, 0x0000000088000000, 0x0000000088000000|100%| O|  |TAMS 0x0000000088000000, 0x0000000088000000| Untracked 
| 128|0x0000000088000000, 0x0000000088000000, 0x0000000088100000|  0%| F|  |TAMS 0x0000000088000000, 0x0000000088000000| Untracked 
| 129|0x0000000088100000, 0x0000000088100000, 0x0000000088200000|  0%| F|  |TAMS 0x0000000088100000, 0x0000000088100000| Untracked 
| 130|0x0000000088200000, 0x0000000088300000, 0x0000000088300000|100%| O|  |TAMS 0x0000000088300000, 0x0000000088300000| Untracked 
| 131|0x0000000088300000, 0x0000000088300000, 0x0000000088400000|  0%| F|  |TAMS 0x0000000088300000, 0x0000000088300000| Untracked 
| 132|0x0000000088400000, 0x0000000088400000, 0x0000000088500000|  0%| F|  |TAMS 0x0000000088400000, 0x0000000088400000| Untracked 
| 133|0x0000000088500000, 0x0000000088500000, 0x0000000088600000|  0%| F|  |TAMS 0x0000000088500000, 0x0000000088500000| Untracked 
| 134|0x0000000088600000, 0x0000000088700000, 0x0000000088700000|100%| O|  |TAMS 0x0000000088700000, 0x0000000088700000| Untracked 
| 135|0x0000000088700000, 0x0000000088800000, 0x0000000088800000|100%| O|  |TAMS 0x0000000088800000, 0x0000000088800000| Untracked 
| 136|0x0000000088800000, 0x0000000088900000, 0x0000000088900000|100%| O|  |TAMS 0x0000000088900000, 0x0000000088900000| Untracked 
| 137|0x0000000088900000, 0x0000000088900000, 0x0000000088a00000|  0%| F|  |TAMS 0x0000000088900000, 0x0000000088900000| Untracked 
| 138|0x0000000088a00000, 0x0000000088a00000, 0x0000000088b00000|  0%| F|  |TAMS 0x0000000088a00000, 0x0000000088a00000| Untracked 
| 139|0x0000000088b00000, 0x0000000088b00000, 0x0000000088c00000|  0%| F|  |TAMS 0x0000000088b00000, 0x0000000088b00000| Untracked 
| 140|0x0000000088c00000, 0x0000000088d00000, 0x0000000088d00000|100%|HS|  |TAMS 0x0000000088d00000, 0x0000000088d00000| Complete 
| 141|0x0000000088d00000, 0x0000000088e00000, 0x0000000088e00000|100%|HS|  |TAMS 0x0000000088e00000, 0x0000000088e00000| Complete 
| 142|0x0000000088e00000, 0x0000000088f00000, 0x0000000088f00000|100%| O|  |TAMS 0x0000000088f00000, 0x0000000088f00000| Untracked 
| 143|0x0000000088f00000, 0x0000000089000000, 0x0000000089000000|100%| O|  |TAMS 0x0000000089000000, 0x0000000089000000| Untracked 
| 144|0x0000000089000000, 0x0000000089100000, 0x0000000089100000|100%| O|  |TAMS 0x0000000089100000, 0x0000000089100000| Untracked 
| 145|0x0000000089100000, 0x0000000089200000, 0x0000000089200000|100%| O|  |TAMS 0x0000000089200000, 0x0000000089200000| Untracked 
| 146|0x0000000089200000, 0x0000000089300000, 0x0000000089300000|100%| O|  |TAMS 0x0000000089300000, 0x0000000089300000| Untracked 
| 147|0x0000000089300000, 0x0000000089400000, 0x0000000089400000|100%| O|  |TAMS 0x0000000089400000, 0x0000000089400000| Untracked 
| 148|0x0000000089400000, 0x0000000089500000, 0x0000000089500000|100%| O|  |TAMS 0x0000000089500000, 0x0000000089500000| Untracked 
| 149|0x0000000089500000, 0x0000000089600000, 0x0000000089600000|100%| O|  |TAMS 0x00000000895f3200, 0x0000000089600000| Untracked 
| 150|0x0000000089600000, 0x0000000089700000, 0x0000000089700000|100%| O|  |TAMS 0x0000000089600000, 0x0000000089700000| Untracked 
| 151|0x0000000089700000, 0x0000000089800000, 0x0000000089800000|100%| O|  |TAMS 0x0000000089700000, 0x0000000089800000| Untracked 
| 152|0x0000000089800000, 0x0000000089900000, 0x0000000089900000|100%| O|  |TAMS 0x0000000089800000, 0x0000000089900000| Untracked 
| 153|0x0000000089900000, 0x0000000089a00000, 0x0000000089a00000|100%| O|  |TAMS 0x0000000089900000, 0x0000000089a00000| Untracked 
| 154|0x0000000089a00000, 0x0000000089b00000, 0x0000000089b00000|100%| O|  |TAMS 0x0000000089a00000, 0x0000000089b00000| Untracked 
| 155|0x0000000089b00000, 0x0000000089c00000, 0x0000000089c00000|100%| O|  |TAMS 0x0000000089b00000, 0x0000000089c00000| Untracked 
| 156|0x0000000089c00000, 0x0000000089d00000, 0x0000000089d00000|100%| O|  |TAMS 0x0000000089c00000, 0x0000000089d00000| Untracked 
| 157|0x0000000089d00000, 0x0000000089e00000, 0x0000000089e00000|100%| O|  |TAMS 0x0000000089d00000, 0x0000000089e00000| Untracked 
| 158|0x0000000089e00000, 0x0000000089f00000, 0x0000000089f00000|100%| O|  |TAMS 0x0000000089e00000, 0x0000000089f00000| Untracked 
| 159|0x0000000089f00000, 0x000000008a000000, 0x000000008a000000|100%| O|  |TAMS 0x0000000089f00000, 0x000000008a000000| Untracked 
| 160|0x000000008a000000, 0x000000008a100000, 0x000000008a100000|100%|HS|  |TAMS 0x000000008a000000, 0x000000008a100000| Complete 
| 161|0x000000008a100000, 0x000000008a200000, 0x000000008a200000|100%|HC|  |TAMS 0x000000008a100000, 0x000000008a200000| Complete 
| 162|0x000000008a200000, 0x000000008a300000, 0x000000008a300000|100%|HC|  |TAMS 0x000000008a200000, 0x000000008a300000| Complete 
| 163|0x000000008a300000, 0x000000008a400000, 0x000000008a400000|100%|HC|  |TAMS 0x000000008a300000, 0x000000008a400000| Complete 
| 164|0x000000008a400000, 0x000000008a500000, 0x000000008a500000|100%|HC|  |TAMS 0x000000008a400000, 0x000000008a500000| Complete 
| 165|0x000000008a500000, 0x000000008a600000, 0x000000008a600000|100%|HC|  |TAMS 0x000000008a500000, 0x000000008a600000| Complete 
| 166|0x000000008a600000, 0x000000008a700000, 0x000000008a700000|100%|HC|  |TAMS 0x000000008a600000, 0x000000008a700000| Complete 
| 167|0x000000008a700000, 0x000000008a800000, 0x000000008a800000|100%| O|  |TAMS 0x000000008a700000, 0x000000008a800000| Untracked 
| 168|0x000000008a800000, 0x000000008a900000, 0x000000008a900000|100%| O|  |TAMS 0x000000008a800000, 0x000000008a900000| Untracked 
| 169|0x000000008a900000, 0x000000008aa00000, 0x000000008aa00000|100%| O|  |TAMS 0x000000008a900000, 0x000000008aa00000| Untracked 
| 170|0x000000008aa00000, 0x000000008ab00000, 0x000000008ab00000|100%| O|  |TAMS 0x000000008aa00000, 0x000000008ab00000| Untracked 
| 171|0x000000008ab00000, 0x000000008ac00000, 0x000000008ac00000|100%| O|  |TAMS 0x000000008ab00000, 0x000000008ac00000| Untracked 
| 172|0x000000008ac00000, 0x000000008ac00000, 0x000000008ad00000|  0%| F|  |TAMS 0x000000008ac00000, 0x000000008ac00000| Untracked 
| 173|0x000000008ad00000, 0x000000008ad00000, 0x000000008ae00000|  0%| F|  |TAMS 0x000000008ad00000, 0x000000008ad00000| Untracked 
| 174|0x000000008ae00000, 0x000000008ae00000, 0x000000008af00000|  0%| F|  |TAMS 0x000000008ae00000, 0x000000008ae00000| Untracked 
| 175|0x000000008af00000, 0x000000008af00000, 0x000000008b000000|  0%| F|  |TAMS 0x000000008af00000, 0x000000008af00000| Untracked 
| 176|0x000000008b000000, 0x000000008b000000, 0x000000008b100000|  0%| F|  |TAMS 0x000000008b000000, 0x000000008b000000| Untracked 
| 177|0x000000008b100000, 0x000000008b100000, 0x000000008b200000|  0%| F|  |TAMS 0x000000008b100000, 0x000000008b100000| Untracked 
| 178|0x000000008b200000, 0x000000008b200000, 0x000000008b300000|  0%| F|  |TAMS 0x000000008b200000, 0x000000008b200000| Untracked 
| 179|0x000000008b300000, 0x000000008b300000, 0x000000008b400000|  0%| F|  |TAMS 0x000000008b300000, 0x000000008b300000| Untracked 
| 180|0x000000008b400000, 0x000000008b400000, 0x000000008b500000|  0%| F|  |TAMS 0x000000008b400000, 0x000000008b400000| Untracked 
| 181|0x000000008b500000, 0x000000008b500000, 0x000000008b600000|  0%| F|  |TAMS 0x000000008b500000, 0x000000008b500000| Untracked 
| 182|0x000000008b600000, 0x000000008b600000, 0x000000008b700000|  0%| F|  |TAMS 0x000000008b600000, 0x000000008b600000| Untracked 
| 183|0x000000008b700000, 0x000000008b700000, 0x000000008b800000|  0%| F|  |TAMS 0x000000008b700000, 0x000000008b700000| Untracked 
| 184|0x000000008b800000, 0x000000008b800000, 0x000000008b900000|  0%| F|  |TAMS 0x000000008b800000, 0x000000008b800000| Untracked 
| 185|0x000000008b900000, 0x000000008b900000, 0x000000008ba00000|  0%| F|  |TAMS 0x000000008b900000, 0x000000008b900000| Untracked 
| 186|0x000000008ba00000, 0x000000008ba00000, 0x000000008bb00000|  0%| F|  |TAMS 0x000000008ba00000, 0x000000008ba00000| Untracked 
| 187|0x000000008bb00000, 0x000000008bb00000, 0x000000008bc00000|  0%| F|  |TAMS 0x000000008bb00000, 0x000000008bb00000| Untracked 
| 188|0x000000008bc00000, 0x000000008bc00000, 0x000000008bd00000|  0%| F|  |TAMS 0x000000008bc00000, 0x000000008bc00000| Untracked 
| 189|0x000000008bd00000, 0x000000008bd00000, 0x000000008be00000|  0%| F|  |TAMS 0x000000008bd00000, 0x000000008bd00000| Untracked 
| 190|0x000000008be00000, 0x000000008be00000, 0x000000008bf00000|  0%| F|  |TAMS 0x000000008be00000, 0x000000008be00000| Untracked 
| 191|0x000000008bf00000, 0x000000008bf00000, 0x000000008c000000|  0%| F|  |TAMS 0x000000008bf00000, 0x000000008bf00000| Untracked 
| 192|0x000000008c000000, 0x000000008c000000, 0x000000008c100000|  0%| F|  |TAMS 0x000000008c000000, 0x000000008c000000| Untracked 
| 193|0x000000008c100000, 0x000000008c100000, 0x000000008c200000|  0%| F|  |TAMS 0x000000008c100000, 0x000000008c100000| Untracked 
| 194|0x000000008c200000, 0x000000008c200000, 0x000000008c300000|  0%| F|  |TAMS 0x000000008c200000, 0x000000008c200000| Untracked 
| 195|0x000000008c300000, 0x000000008c300000, 0x000000008c400000|  0%| F|  |TAMS 0x000000008c300000, 0x000000008c300000| Untracked 
| 196|0x000000008c400000, 0x000000008c400000, 0x000000008c500000|  0%| F|  |TAMS 0x000000008c400000, 0x000000008c400000| Untracked 
| 197|0x000000008c500000, 0x000000008c500000, 0x000000008c600000|  0%| F|  |TAMS 0x000000008c500000, 0x000000008c500000| Untracked 
| 198|0x000000008c600000, 0x000000008c600000, 0x000000008c700000|  0%| F|  |TAMS 0x000000008c600000, 0x000000008c600000| Untracked 
| 199|0x000000008c700000, 0x000000008c700000, 0x000000008c800000|  0%| F|  |TAMS 0x000000008c700000, 0x000000008c700000| Untracked 
| 200|0x000000008c800000, 0x000000008c800000, 0x000000008c900000|  0%| F|  |TAMS 0x000000008c800000, 0x000000008c800000| Untracked 
| 201|0x000000008c900000, 0x000000008c900000, 0x000000008ca00000|  0%| F|  |TAMS 0x000000008c900000, 0x000000008c900000| Untracked 
| 202|0x000000008ca00000, 0x000000008ca00000, 0x000000008cb00000|  0%| F|  |TAMS 0x000000008ca00000, 0x000000008ca00000| Untracked 
| 203|0x000000008cb00000, 0x000000008cb00000, 0x000000008cc00000|  0%| F|  |TAMS 0x000000008cb00000, 0x000000008cb00000| Untracked 
| 204|0x000000008cc00000, 0x000000008cc00000, 0x000000008cd00000|  0%| F|  |TAMS 0x000000008cc00000, 0x000000008cc00000| Untracked 
| 205|0x000000008cd00000, 0x000000008cd00000, 0x000000008ce00000|  0%| F|  |TAMS 0x000000008cd00000, 0x000000008cd00000| Untracked 
| 206|0x000000008ce00000, 0x000000008ce00000, 0x000000008cf00000|  0%| F|  |TAMS 0x000000008ce00000, 0x000000008ce00000| Untracked 
| 207|0x000000008cf00000, 0x000000008cf00000, 0x000000008d000000|  0%| F|  |TAMS 0x000000008cf00000, 0x000000008cf00000| Untracked 
| 208|0x000000008d000000, 0x000000008d000000, 0x000000008d100000|  0%| F|  |TAMS 0x000000008d000000, 0x000000008d000000| Untracked 
| 209|0x000000008d100000, 0x000000008d100000, 0x000000008d200000|  0%| F|  |TAMS 0x000000008d100000, 0x000000008d100000| Untracked 
| 210|0x000000008d200000, 0x000000008d200000, 0x000000008d300000|  0%| F|  |TAMS 0x000000008d200000, 0x000000008d200000| Untracked 
| 211|0x000000008d300000, 0x000000008d300000, 0x000000008d400000|  0%| F|  |TAMS 0x000000008d300000, 0x000000008d300000| Untracked 
| 212|0x000000008d400000, 0x000000008d400000, 0x000000008d500000|  0%| F|  |TAMS 0x000000008d400000, 0x000000008d400000| Untracked 
| 213|0x000000008d500000, 0x000000008d500000, 0x000000008d600000|  0%| F|  |TAMS 0x000000008d500000, 0x000000008d500000| Untracked 
| 214|0x000000008d600000, 0x000000008d600000, 0x000000008d700000|  0%| F|  |TAMS 0x000000008d600000, 0x000000008d600000| Untracked 
| 215|0x000000008d700000, 0x000000008d700000, 0x000000008d800000|  0%| F|  |TAMS 0x000000008d700000, 0x000000008d700000| Untracked 
| 216|0x000000008d800000, 0x000000008d800000, 0x000000008d900000|  0%| F|  |TAMS 0x000000008d800000, 0x000000008d800000| Untracked 
| 217|0x000000008d900000, 0x000000008d940010, 0x000000008da00000| 25%| S|CS|TAMS 0x000000008d900000, 0x000000008d900000| Complete 
| 218|0x000000008da00000, 0x000000008db00000, 0x000000008db00000|100%| S|CS|TAMS 0x000000008da00000, 0x000000008da00000| Complete 
| 219|0x000000008db00000, 0x000000008dc00000, 0x000000008dc00000|100%| S|CS|TAMS 0x000000008db00000, 0x000000008db00000| Complete 
| 220|0x000000008dc00000, 0x000000008dd00000, 0x000000008dd00000|100%| S|CS|TAMS 0x000000008dc00000, 0x000000008dc00000| Complete 
| 221|0x000000008dd00000, 0x000000008dd00000, 0x000000008de00000|  0%| F|  |TAMS 0x000000008dd00000, 0x000000008dd00000| Untracked 
| 222|0x000000008de00000, 0x000000008de00000, 0x000000008df00000|  0%| F|  |TAMS 0x000000008de00000, 0x000000008de00000| Untracked 
| 223|0x000000008df00000, 0x000000008df00000, 0x000000008e000000|  0%| F|  |TAMS 0x000000008df00000, 0x000000008df00000| Untracked 
| 224|0x000000008e000000, 0x000000008e000000, 0x000000008e100000|  0%| F|  |TAMS 0x000000008e000000, 0x000000008e000000| Untracked 
| 225|0x000000008e100000, 0x000000008e100000, 0x000000008e200000|  0%| F|  |TAMS 0x000000008e100000, 0x000000008e100000| Untracked 
| 226|0x000000008e200000, 0x000000008e200000, 0x000000008e300000|  0%| F|  |TAMS 0x000000008e200000, 0x000000008e200000| Untracked 
| 227|0x000000008e300000, 0x000000008e300000, 0x000000008e400000|  0%| F|  |TAMS 0x000000008e300000, 0x000000008e300000| Untracked 
| 228|0x000000008e400000, 0x000000008e400000, 0x000000008e500000|  0%| F|  |TAMS 0x000000008e400000, 0x000000008e400000| Untracked 
| 229|0x000000008e500000, 0x000000008e500000, 0x000000008e600000|  0%| F|  |TAMS 0x000000008e500000, 0x000000008e500000| Untracked 
| 230|0x000000008e600000, 0x000000008e600000, 0x000000008e700000|  0%| F|  |TAMS 0x000000008e600000, 0x000000008e600000| Untracked 
| 231|0x000000008e700000, 0x000000008e700000, 0x000000008e800000|  0%| F|  |TAMS 0x000000008e700000, 0x000000008e700000| Untracked 
| 232|0x000000008e800000, 0x000000008e800000, 0x000000008e900000|  0%| F|  |TAMS 0x000000008e800000, 0x000000008e800000| Untracked 
| 233|0x000000008e900000, 0x000000008e900000, 0x000000008ea00000|  0%| F|  |TAMS 0x000000008e900000, 0x000000008e900000| Untracked 
| 234|0x000000008ea00000, 0x000000008ea00000, 0x000000008eb00000|  0%| F|  |TAMS 0x000000008ea00000, 0x000000008ea00000| Untracked 
| 235|0x000000008eb00000, 0x000000008eb00000, 0x000000008ec00000|  0%| F|  |TAMS 0x000000008eb00000, 0x000000008eb00000| Untracked 
| 236|0x000000008ec00000, 0x000000008ec00000, 0x000000008ed00000|  0%| F|  |TAMS 0x000000008ec00000, 0x000000008ec00000| Untracked 
| 237|0x000000008ed00000, 0x000000008ed00000, 0x000000008ee00000|  0%| F|  |TAMS 0x000000008ed00000, 0x000000008ed00000| Untracked 
| 238|0x000000008ee00000, 0x000000008ee00000, 0x000000008ef00000|  0%| F|  |TAMS 0x000000008ee00000, 0x000000008ee00000| Untracked 
| 239|0x000000008ef00000, 0x000000008ef00000, 0x000000008f000000|  0%| F|  |TAMS 0x000000008ef00000, 0x000000008ef00000| Untracked 
| 240|0x000000008f000000, 0x000000008f000000, 0x000000008f100000|  0%| F|  |TAMS 0x000000008f000000, 0x000000008f000000| Untracked 
| 241|0x000000008f100000, 0x000000008f100000, 0x000000008f200000|  0%| F|  |TAMS 0x000000008f100000, 0x000000008f100000| Untracked 
| 242|0x000000008f200000, 0x000000008f200000, 0x000000008f300000|  0%| F|  |TAMS 0x000000008f200000, 0x000000008f200000| Untracked 
| 243|0x000000008f300000, 0x000000008f300000, 0x000000008f400000|  0%| F|  |TAMS 0x000000008f300000, 0x000000008f300000| Untracked 
| 244|0x000000008f400000, 0x000000008f400000, 0x000000008f500000|  0%| F|  |TAMS 0x000000008f400000, 0x000000008f400000| Untracked 
| 245|0x000000008f500000, 0x000000008f500000, 0x000000008f600000|  0%| F|  |TAMS 0x000000008f500000, 0x000000008f500000| Untracked 
| 246|0x000000008f600000, 0x000000008f600000, 0x000000008f700000|  0%| F|  |TAMS 0x000000008f600000, 0x000000008f600000| Untracked 
| 247|0x000000008f700000, 0x000000008f700000, 0x000000008f800000|  0%| F|  |TAMS 0x000000008f700000, 0x000000008f700000| Untracked 
| 248|0x000000008f800000, 0x000000008f800000, 0x000000008f900000|  0%| F|  |TAMS 0x000000008f800000, 0x000000008f800000| Untracked 
| 249|0x000000008f900000, 0x000000008f900000, 0x000000008fa00000|  0%| F|  |TAMS 0x000000008f900000, 0x000000008f900000| Untracked 
| 250|0x000000008fa00000, 0x000000008fa00000, 0x000000008fb00000|  0%| F|  |TAMS 0x000000008fa00000, 0x000000008fa00000| Untracked 
| 251|0x000000008fb00000, 0x000000008fb00000, 0x000000008fc00000|  0%| F|  |TAMS 0x000000008fb00000, 0x000000008fb00000| Untracked 
| 252|0x000000008fc00000, 0x000000008fc00000, 0x000000008fd00000|  0%| F|  |TAMS 0x000000008fc00000, 0x000000008fc00000| Untracked 
| 253|0x000000008fd00000, 0x000000008fd00000, 0x000000008fe00000|  0%| F|  |TAMS 0x000000008fd00000, 0x000000008fd00000| Untracked 
| 254|0x000000008fe00000, 0x000000008fe00000, 0x000000008ff00000|  0%| F|  |TAMS 0x000000008fe00000, 0x000000008fe00000| Untracked 
| 255|0x000000008ff00000, 0x000000008ff00000, 0x0000000090000000|  0%| F|  |TAMS 0x000000008ff00000, 0x000000008ff00000| Untracked 
| 256|0x0000000090000000, 0x0000000090000000, 0x0000000090100000|  0%| F|  |TAMS 0x0000000090000000, 0x0000000090000000| Untracked 
| 257|0x0000000090100000, 0x0000000090100000, 0x0000000090200000|  0%| F|  |TAMS 0x0000000090100000, 0x0000000090100000| Untracked 
| 258|0x0000000090200000, 0x0000000090200000, 0x0000000090300000|  0%| F|  |TAMS 0x0000000090200000, 0x0000000090200000| Untracked 
| 259|0x0000000090300000, 0x0000000090300000, 0x0000000090400000|  0%| F|  |TAMS 0x0000000090300000, 0x0000000090300000| Untracked 
| 260|0x0000000090400000, 0x0000000090400000, 0x0000000090500000|  0%| F|  |TAMS 0x0000000090400000, 0x0000000090400000| Untracked 
| 261|0x0000000090500000, 0x0000000090500000, 0x0000000090600000|  0%| F|  |TAMS 0x0000000090500000, 0x0000000090500000| Untracked 
| 262|0x0000000090600000, 0x0000000090600000, 0x0000000090700000|  0%| F|  |TAMS 0x0000000090600000, 0x0000000090600000| Untracked 
| 263|0x0000000090700000, 0x0000000090700000, 0x0000000090800000|  0%| F|  |TAMS 0x0000000090700000, 0x0000000090700000| Untracked 
| 264|0x0000000090800000, 0x0000000090800000, 0x0000000090900000|  0%| F|  |TAMS 0x0000000090800000, 0x0000000090800000| Untracked 
| 265|0x0000000090900000, 0x0000000090900000, 0x0000000090a00000|  0%| F|  |TAMS 0x0000000090900000, 0x0000000090900000| Untracked 
| 266|0x0000000090a00000, 0x0000000090a00000, 0x0000000090b00000|  0%| F|  |TAMS 0x0000000090a00000, 0x0000000090a00000| Untracked 
| 267|0x0000000090b00000, 0x0000000090b00000, 0x0000000090c00000|  0%| F|  |TAMS 0x0000000090b00000, 0x0000000090b00000| Untracked 
| 268|0x0000000090c00000, 0x0000000090c00000, 0x0000000090d00000|  0%| F|  |TAMS 0x0000000090c00000, 0x0000000090c00000| Untracked 
| 269|0x0000000090d00000, 0x0000000090d00000, 0x0000000090e00000|  0%| F|  |TAMS 0x0000000090d00000, 0x0000000090d00000| Untracked 
| 270|0x0000000090e00000, 0x0000000090e00000, 0x0000000090f00000|  0%| F|  |TAMS 0x0000000090e00000, 0x0000000090e00000| Untracked 
| 271|0x0000000090f00000, 0x0000000090f00000, 0x0000000091000000|  0%| F|  |TAMS 0x0000000090f00000, 0x0000000090f00000| Untracked 
| 272|0x0000000091000000, 0x0000000091000000, 0x0000000091100000|  0%| F|  |TAMS 0x0000000091000000, 0x0000000091000000| Untracked 
| 273|0x0000000091100000, 0x0000000091100000, 0x0000000091200000|  0%| F|  |TAMS 0x0000000091100000, 0x0000000091100000| Untracked 
| 274|0x0000000091200000, 0x0000000091200000, 0x0000000091300000|  0%| F|  |TAMS 0x0000000091200000, 0x0000000091200000| Untracked 
| 275|0x0000000091300000, 0x0000000091300000, 0x0000000091400000|  0%| F|  |TAMS 0x0000000091300000, 0x0000000091300000| Untracked 
| 276|0x0000000091400000, 0x0000000091400000, 0x0000000091500000|  0%| F|  |TAMS 0x0000000091400000, 0x0000000091400000| Untracked 
| 277|0x0000000091500000, 0x0000000091500000, 0x0000000091600000|  0%| F|  |TAMS 0x0000000091500000, 0x0000000091500000| Untracked 
| 278|0x0000000091600000, 0x0000000091600000, 0x0000000091700000|  0%| F|  |TAMS 0x0000000091600000, 0x0000000091600000| Untracked 
| 279|0x0000000091700000, 0x0000000091700000, 0x0000000091800000|  0%| F|  |TAMS 0x0000000091700000, 0x0000000091700000| Untracked 
| 280|0x0000000091800000, 0x0000000091800000, 0x0000000091900000|  0%| F|  |TAMS 0x0000000091800000, 0x0000000091800000| Untracked 
| 281|0x0000000091900000, 0x0000000091900000, 0x0000000091a00000|  0%| F|  |TAMS 0x0000000091900000, 0x0000000091900000| Untracked 
| 282|0x0000000091a00000, 0x0000000091a00000, 0x0000000091b00000|  0%| F|  |TAMS 0x0000000091a00000, 0x0000000091a00000| Untracked 
| 283|0x0000000091b00000, 0x0000000091b00000, 0x0000000091c00000|  0%| F|  |TAMS 0x0000000091b00000, 0x0000000091b00000| Untracked 
| 284|0x0000000091c00000, 0x0000000091c00000, 0x0000000091d00000|  0%| F|  |TAMS 0x0000000091c00000, 0x0000000091c00000| Untracked 
| 285|0x0000000091d00000, 0x0000000091d00000, 0x0000000091e00000|  0%| F|  |TAMS 0x0000000091d00000, 0x0000000091d00000| Untracked 
| 286|0x0000000091e00000, 0x0000000091e00000, 0x0000000091f00000|  0%| F|  |TAMS 0x0000000091e00000, 0x0000000091e00000| Untracked 
| 287|0x0000000091f00000, 0x0000000091f00000, 0x0000000092000000|  0%| F|  |TAMS 0x0000000091f00000, 0x0000000091f00000| Untracked 
| 288|0x0000000092000000, 0x0000000092000000, 0x0000000092100000|  0%| F|  |TAMS 0x0000000092000000, 0x0000000092000000| Untracked 
| 289|0x0000000092100000, 0x0000000092100000, 0x0000000092200000|  0%| F|  |TAMS 0x0000000092100000, 0x0000000092100000| Untracked 
| 290|0x0000000092200000, 0x0000000092200000, 0x0000000092300000|  0%| F|  |TAMS 0x0000000092200000, 0x0000000092200000| Untracked 
| 291|0x0000000092300000, 0x0000000092300000, 0x0000000092400000|  0%| F|  |TAMS 0x0000000092300000, 0x0000000092300000| Untracked 
| 292|0x0000000092400000, 0x0000000092400000, 0x0000000092500000|  0%| F|  |TAMS 0x0000000092400000, 0x0000000092400000| Untracked 

Card table byte_map: [0x000001b7f10e0000,0x000001b7f14e0000] _byte_map_base: 0x000001b7f0ce0000

Marking Bits (Prev, Next): (CMBitMap*) 0x000001b7e0eeaad0, (CMBitMap*) 0x000001b7e0eeaa90
 Prev Bits: [0x000001b7f38e0000, 0x000001b7f58e0000)
 Next Bits: [0x000001b7f18e0000, 0x000001b7f38e0000)

Polling page: 0x000001b7d7680000

Metaspace:

Usage:
  Non-class:     91.60 MB used.
      Class:     15.40 MB used.
       Both:    107.00 MB used.

Virtual space:
  Non-class space:      128.00 MB reserved,      92.06 MB ( 72%) committed,  2 nodes.
      Class space:        1.00 GB reserved,      15.88 MB (  2%) committed,  1 nodes.
             Both:        1.12 GB reserved,     107.94 MB (  9%) committed. 

Chunk freelists:
   Non-Class:  3.83 MB
       Class:  112.00 KB
        Both:  3.94 MB

MaxMetaspaceSize: unlimited
CompressedClassSpaceSize: 1.00 GB
Initial GC threshold: 21.00 MB
Current GC threshold: 172.19 MB
CDS: on
MetaspaceReclaimPolicy: balanced
 - commit_granule_bytes: 65536.
 - commit_granule_words: 8192.
 - virtual_space_node_default_size: 8388608.
 - enlarge_chunks_in_place: 1.
 - new_chunks_are_fully_committed: 0.
 - uncommit_free_chunks: 1.
 - use_allocation_guard: 0.
 - handle_deallocations: 1.


Internal statistics:

num_allocs_failed_limit: 6.
num_arena_births: 1394.
num_arena_deaths: 10.
num_vsnodes_births: 3.
num_vsnodes_deaths: 0.
num_space_committed: 1726.
num_space_uncommitted: 0.
num_chunks_returned_to_freelist: 21.
num_chunks_taken_from_freelist: 6128.
num_chunk_merges: 6.
num_chunk_splits: 4074.
num_chunks_enlarged: 2800.
num_inconsistent_stats: 0.

CodeHeap 'non-profiled nmethods': size=120000Kb used=6850Kb max_used=7324Kb free=113150Kb
 bounds [0x000001b7e8c20000, 0x000001b7e9350000, 0x000001b7f0150000]
CodeHeap 'profiled nmethods': size=120000Kb used=21840Kb max_used=21840Kb free=98159Kb
 bounds [0x000001b7e1150000, 0x000001b7e26b0000, 0x000001b7e8680000]
CodeHeap 'non-nmethods': size=5760Kb used=1766Kb max_used=1815Kb free=3993Kb
 bounds [0x000001b7e8680000, 0x000001b7e88f0000, 0x000001b7e8c20000]
 total_blobs=12607 nmethods=11741 adapters=777
 compilation: enabled
              stopped_count=0, restarted_count=0
 full_count=0

Compilation events (20 events):
Event: 13.877 Thread 0x000001b7f8490d30 nmethod 13965 0x000001b7e26a2690 code [0x000001b7e26a2820, 0x000001b7e26a2938]
Event: 13.877 Thread 0x000001b7f8490d30 13966       3       com.android.tools.r8.graph.ra$$Lambda$2460/0x000001b781e63968::<init> (10 bytes)
Event: 13.878 Thread 0x000001b7f8490d30 nmethod 13966 0x000001b7e26a2a10 code [0x000001b7e26a2bc0, 0x000001b7e26a2d78]
Event: 13.878 Thread 0x000001b7f8490d30 13967       3       com.android.tools.r8.graph.ra$$Lambda$2456/0x000001b781e62c68::<init> (10 bytes)
Event: 13.878 Thread 0x000001b7f8490d30 nmethod 13967 0x000001b7e26a2e10 code [0x000001b7e26a2fc0, 0x000001b7e26a3178]
Event: 13.878 Thread 0x000001b7f8490d30 13968       3       com.android.tools.r8.graph.ra::k (32 bytes)
Event: 13.878 Thread 0x000001b7f8490d30 nmethod 13968 0x000001b7e26a3210 code [0x000001b7e26a3440, 0x000001b7e26a3bf8]
Event: 13.878 Thread 0x000001b7f8490d30 13969       3       com.android.tools.r8.graph.ra$$Lambda$3345/0x000001b781f98470::<init> (10 bytes)
Event: 13.878 Thread 0x000001b7f8490d30 nmethod 13969 0x000001b7e26a3e90 code [0x000001b7e26a4040, 0x000001b7e26a41f8]
Event: 13.878 Thread 0x000001b7f8490d30 13971       3       com.android.tools.r8.graph.ra$$Lambda$2456/0x000001b781e62c68::iterator (8 bytes)
Event: 13.878 Thread 0x000001b7f8490d30 nmethod 13971 0x000001b7e26a4290 code [0x000001b7e26a4440, 0x000001b7e26a4588]
Event: 13.878 Thread 0x000001b7f8490d30 13972       3       com.android.tools.r8.graph.d2::C1 (11 bytes)
Event: 13.878 Thread 0x000001b7f8490d30 nmethod 13972 0x000001b7e26a4690 code [0x000001b7e26a4840, 0x000001b7e26a4a28]
Event: 13.878 Thread 0x000001b7f8490d30 13973       3       com.android.tools.r8.graph.ra$$Lambda$3314/0x000001b781f94020::<init> (10 bytes)
Event: 13.878 Thread 0x000001b7f8490d30 nmethod 13973 0x000001b7e26a4b10 code [0x000001b7e26a4cc0, 0x000001b7e26a4e78]
Event: 13.878 Thread 0x000001b7f8490d30 13974       3       com.android.tools.r8.graph.ra::l (32 bytes)
Event: 13.878 Thread 0x000001b7f8490d30 nmethod 13974 0x000001b7e26a4f10 code [0x000001b7e26a5140, 0x000001b7e26a58f8]
Event: 13.878 Thread 0x000001b7f8490d30 13963       3       com.android.tools.r8.dex.v::d (22 bytes)
Event: 13.881 Thread 0x000001b7f8490d30 nmethod 13963 0x000001b7e26a5b90 code [0x000001b7e26a5d60, 0x000001b7e26a6018]
Event: 13.882 Thread 0x000001b7f8490d30 13964       3       com.android.tools.r8.internal.tm0::a (9 bytes)

GC Heap History (20 events):
Event: 10.634 GC heap after
{Heap after GC invocations=44 (full 0):
 garbage-first heap   total 300032K, used 80667K [0x0000000080000000, 0x0000000100000000)
  region size 1024K, 8 young (8192K), 8 survivors (8192K)
 Metaspace       used 82829K, committed 83648K, reserved 1179648K
  class space    used 11672K, committed 12096K, reserved 1048576K
}
Event: 11.884 GC heap before
{Heap before GC invocations=44 (full 0):
 garbage-first heap   total 300032K, used 247579K [0x0000000080000000, 0x0000000100000000)
  region size 1024K, 164 young (167936K), 8 survivors (8192K)
 Metaspace       used 92515K, committed 93312K, reserved 1179648K
  class space    used 12992K, committed 13376K, reserved 1048576K
}
Event: 11.894 GC heap after
{Heap after GC invocations=45 (full 0):
 garbage-first heap   total 300032K, used 93556K [0x0000000080000000, 0x0000000100000000)
  region size 1024K, 18 young (18432K), 18 survivors (18432K)
 Metaspace       used 92515K, committed 93312K, reserved 1179648K
  class space    used 12992K, committed 13376K, reserved 1048576K
}
Event: 12.397 GC heap before
{Heap before GC invocations=45 (full 0):
 garbage-first heap   total 300032K, used 239988K [0x0000000080000000, 0x0000000100000000)
  region size 1024K, 162 young (165888K), 18 survivors (18432K)
 Metaspace       used 96216K, committed 97152K, reserved 1179648K
  class space    used 13487K, committed 13952K, reserved 1048576K
}
Event: 12.412 GC heap after
{Heap after GC invocations=46 (full 0):
 garbage-first heap   total 300032K, used 118450K [0x0000000080000000, 0x0000000100000000)
  region size 1024K, 21 young (21504K), 21 survivors (21504K)
 Metaspace       used 96216K, committed 97152K, reserved 1179648K
  class space    used 13487K, committed 13952K, reserved 1048576K
}
Event: 12.474 GC heap before
{Heap before GC invocations=46 (full 0):
 garbage-first heap   total 300032K, used 233138K [0x0000000080000000, 0x0000000100000000)
  region size 1024K, 131 young (134144K), 21 survivors (21504K)
 Metaspace       used 96292K, committed 97152K, reserved 1179648K
  class space    used 13494K, committed 13952K, reserved 1048576K
}
Event: 12.495 GC heap after
{Heap after GC invocations=47 (full 0):
 garbage-first heap   total 300032K, used 141294K [0x0000000080000000, 0x0000000100000000)
  region size 1024K, 17 young (17408K), 17 survivors (17408K)
 Metaspace       used 96292K, committed 97152K, reserved 1179648K
  class space    used 13494K, committed 13952K, reserved 1048576K
}
Event: 12.508 GC heap before
{Heap before GC invocations=47 (full 0):
 garbage-first heap   total 300032K, used 151534K [0x0000000080000000, 0x0000000100000000)
  region size 1024K, 28 young (28672K), 17 survivors (17408K)
 Metaspace       used 96292K, committed 97152K, reserved 1179648K
  class space    used 13494K, committed 13952K, reserved 1048576K
}
Event: 12.516 GC heap after
{Heap after GC invocations=48 (full 0):
 garbage-first heap   total 300032K, used 146728K [0x0000000080000000, 0x0000000100000000)
  region size 1024K, 4 young (4096K), 4 survivors (4096K)
 Metaspace       used 96292K, committed 97152K, reserved 1179648K
  class space    used 13494K, committed 13952K, reserved 1048576K
}
Event: 13.180 GC heap before
{Heap before GC invocations=49 (full 0):
 garbage-first heap   total 300032K, used 226600K [0x0000000080000000, 0x0000000100000000)
  region size 1024K, 82 young (83968K), 4 survivors (4096K)
 Metaspace       used 103360K, committed 104320K, reserved 1179648K
  class space    used 14625K, committed 15104K, reserved 1048576K
}
Event: 13.186 GC heap after
{Heap after GC invocations=50 (full 0):
 garbage-first heap   total 300032K, used 153498K [0x0000000080000000, 0x0000000100000000)
  region size 1024K, 11 young (11264K), 11 survivors (11264K)
 Metaspace       used 103360K, committed 104320K, reserved 1179648K
  class space    used 14625K, committed 15104K, reserved 1048576K
}
Event: 13.218 GC heap before
{Heap before GC invocations=50 (full 0):
 garbage-first heap   total 300032K, used 156570K [0x0000000080000000, 0x0000000100000000)
  region size 1024K, 14 young (14336K), 11 survivors (11264K)
 Metaspace       used 103797K, committed 104704K, reserved 1179648K
  class space    used 14700K, committed 15168K, reserved 1048576K
}
Event: 13.222 GC heap after
{Heap after GC invocations=51 (full 0):
 garbage-first heap   total 300032K, used 153109K [0x0000000080000000, 0x0000000100000000)
  region size 1024K, 2 young (2048K), 2 survivors (2048K)
 Metaspace       used 103797K, committed 104704K, reserved 1179648K
  class space    used 14700K, committed 15168K, reserved 1048576K
}
Event: 13.299 GC heap before
{Heap before GC invocations=51 (full 0):
 garbage-first heap   total 300032K, used 160277K [0x0000000080000000, 0x0000000100000000)
  region size 1024K, 11 young (11264K), 2 survivors (2048K)
 Metaspace       used 104710K, committed 105600K, reserved 1179648K
  class space    used 14888K, committed 15360K, reserved 1048576K
}
Event: 13.301 GC heap after
{Heap after GC invocations=52 (full 0):
 garbage-first heap   total 300032K, used 152381K [0x0000000080000000, 0x0000000100000000)
  region size 1024K, 1 young (1024K), 1 survivors (1024K)
 Metaspace       used 104710K, committed 105600K, reserved 1179648K
  class space    used 14888K, committed 15360K, reserved 1048576K
}
Event: 13.865 GC heap before
{Heap before GC invocations=53 (full 0):
 garbage-first heap   total 300032K, used 251709K [0x0000000080000000, 0x0000000100000000)
  region size 1024K, 82 young (83968K), 1 survivors (1024K)
 Metaspace       used 109534K, committed 110528K, reserved 1179648K
  class space    used 15769K, committed 16256K, reserved 1048576K
}
Event: 13.869 GC heap after
{Heap after GC invocations=54 (full 0):
 garbage-first heap   total 300032K, used 171913K [0x0000000080000000, 0x0000000100000000)
  region size 1024K, 11 young (11264K), 11 survivors (11264K)
 Metaspace       used 109534K, committed 110528K, reserved 1179648K
  class space    used 15769K, committed 16256K, reserved 1048576K
}
Event: 13.870 GC heap before
{Heap before GC invocations=54 (full 0):
 garbage-first heap   total 300032K, used 173961K [0x0000000080000000, 0x0000000100000000)
  region size 1024K, 14 young (14336K), 11 survivors (11264K)
 Metaspace       used 109536K, committed 110528K, reserved 1179648K
  class space    used 15769K, committed 16256K, reserved 1048576K
}
Event: 13.875 GC heap after
{Heap after GC invocations=55 (full 0):
 garbage-first heap   total 300032K, used 163840K [0x0000000080000000, 0x0000000100000000)
  region size 1024K, 2 young (2048K), 2 survivors (2048K)
 Metaspace       used 109536K, committed 110528K, reserved 1179648K
  class space    used 15769K, committed 16256K, reserved 1048576K
}
Event: 13.883 GC heap before
{Heap before GC invocations=55 (full 0):
 garbage-first heap   total 300032K, used 234496K [0x0000000080000000, 0x0000000100000000)
  region size 1024K, 72 young (73728K), 2 survivors (2048K)
 Metaspace       used 109568K, committed 110528K, reserved 1179648K
  class space    used 15769K, committed 16256K, reserved 1048576K
}

Dll operation events (15 events):
Event: 0.075 Loaded shared library C:\Users\16696\.jdks\ms-17.0.19\bin\java.dll
Event: 0.086 Loaded shared library C:\Users\16696\.jdks\ms-17.0.19\bin\jsvml.dll
Event: 0.110 Loaded shared library C:\Users\16696\.jdks\ms-17.0.19\bin\zip.dll
Event: 0.114 Loaded shared library C:\Users\16696\.jdks\ms-17.0.19\bin\instrument.dll
Event: 0.116 Loaded shared library C:\Users\16696\.jdks\ms-17.0.19\bin\net.dll
Event: 0.119 Loaded shared library C:\Users\16696\.jdks\ms-17.0.19\bin\nio.dll
Event: 0.121 Loaded shared library C:\Users\16696\.jdks\ms-17.0.19\bin\zip.dll
Event: 0.214 Loaded shared library C:\Users\16696\.jdks\ms-17.0.19\bin\jimage.dll
Event: 0.328 Loaded shared library C:\Users\16696\.jdks\ms-17.0.19\bin\verify.dll
Event: 0.347 Loaded shared library C:\Users\16696\.gradle\native\660c5614fbf4a5f2a75b1949f50a0caf5cd603558e7d8a26e50b933a0cfb79d1\windows-amd64\native-platform.dll
Event: 0.356 Loaded shared library C:\Users\16696\.gradle\native\0.2.8\x86_64-windows-gnu\gradle-fileevents.dll
Event: 0.788 Loaded shared library C:\Users\16696\.jdks\ms-17.0.19\bin\management.dll
Event: 0.790 Loaded shared library C:\Users\16696\.jdks\ms-17.0.19\bin\management_ext.dll
Event: 1.007 Loaded shared library C:\Users\16696\.jdks\ms-17.0.19\bin\extnet.dll
Event: 1.147 Loaded shared library C:\Users\16696\.jdks\ms-17.0.19\bin\sunmscapi.dll

Deoptimization events (20 events):
Event: 13.881 Thread 0x000001b7c57cdff0 DEOPT PACKING pc=0x000001b7e14beff2 sp=0x00000032739fea20
Event: 13.881 Thread 0x000001b7c57cdff0 DEOPT UNPACKING pc=0x000001b7e86d7143 sp=0x00000032739fde98 mode 0
Event: 13.881 Thread 0x000001b7c57cdae0 DEOPT PACKING pc=0x000001b7e14bf064 sp=0x00000032738fe580
Event: 13.881 Thread 0x000001b7c57cdae0 DEOPT UNPACKING pc=0x000001b7e86d7143 sp=0x00000032738fd9f8 mode 0
Event: 13.881 Thread 0x000001b7c57cd0c0 DEOPT PACKING pc=0x000001b7e14beff2 sp=0x00000032737fed40
Event: 13.881 Thread 0x000001b7c57cd0c0 DEOPT UNPACKING pc=0x000001b7e86d7143 sp=0x00000032737fe1b8 mode 0
Event: 13.881 Thread 0x000001b7c57ce500 DEOPT PACKING pc=0x000001b7e14beff2 sp=0x00000032736fe940
Event: 13.881 Thread 0x000001b7c57ce500 DEOPT UNPACKING pc=0x000001b7e86d7143 sp=0x00000032736fddb8 mode 0
Event: 13.882 Thread 0x000001b7c57ccbb0 DEOPT PACKING pc=0x000001b7e14bf064 sp=0x0000003273ffe640
Event: 13.882 Thread 0x000001b7c57ccbb0 DEOPT UNPACKING pc=0x000001b7e86d7143 sp=0x0000003273ffdab8 mode 0
Event: 13.882 Thread 0x000001b7c57cf940 DEOPT PACKING pc=0x000001b7e14bf064 sp=0x0000003273dfe8c0
Event: 13.882 Thread 0x000001b7c57cf940 DEOPT UNPACKING pc=0x000001b7e86d7143 sp=0x0000003273dfdd38 mode 0
Event: 13.882 Thread 0x000001b7c57cea10 DEOPT PACKING pc=0x000001b7e14beff2 sp=0x0000003273afe710
Event: 13.882 Thread 0x000001b7c57cea10 DEOPT UNPACKING pc=0x000001b7e86d7143 sp=0x0000003273afdb88 mode 0
Event: 13.883 Thread 0x000001b7c57cdff0 DEOPT PACKING pc=0x000001b7e14bf064 sp=0x00000032739fea20
Event: 13.883 Thread 0x000001b7c57cdff0 DEOPT UNPACKING pc=0x000001b7e86d7143 sp=0x00000032739fde98 mode 0
Event: 13.883 Thread 0x000001b7c57cd0c0 DEOPT PACKING pc=0x000001b7e14beff2 sp=0x00000032737fed40
Event: 13.883 Thread 0x000001b7c57cd0c0 DEOPT UNPACKING pc=0x000001b7e86d7143 sp=0x00000032737fe1b8 mode 0
Event: 13.883 Thread 0x000001b7c57cea10 DEOPT PACKING pc=0x000001b7e14bf064 sp=0x0000003273afe710
Event: 13.883 Thread 0x000001b7c57cea10 DEOPT UNPACKING pc=0x000001b7e86d7143 sp=0x0000003273afdb88 mode 0

Classes loaded (20 events):
Event: 12.841 Loading class java/util/AbstractMap$SimpleEntry
Event: 12.841 Loading class java/util/AbstractMap$SimpleEntry done
Event: 13.149 Loading class java/util/IdentityHashMap$EntrySpliterator
Event: 13.149 Loading class java/util/IdentityHashMap$IdentityHashMapSpliterator
Event: 13.149 Loading class java/util/IdentityHashMap$IdentityHashMapSpliterator done
Event: 13.149 Loading class java/util/IdentityHashMap$EntrySpliterator done
Event: 13.150 Loading class java/util/stream/SortedOps$RefSortingSink
Event: 13.150 Loading class java/util/stream/SortedOps$RefSortingSink done
Event: 13.187 Loading class java/util/PriorityQueue
Event: 13.188 Loading class java/util/PriorityQueue done
Event: 13.273 Loading class java/util/SortedSet$1
Event: 13.273 Loading class java/util/SortedSet$1 done
Event: 13.639 Loading class java/util/IdentityHashMap$ValueIterator
Event: 13.639 Loading class java/util/IdentityHashMap$ValueIterator done
Event: 13.813 Loading class java/nio/ShortBuffer
Event: 13.813 Loading class java/nio/ShortBuffer done
Event: 13.832 Loading class java/nio/ByteBufferAsShortBufferL
Event: 13.833 Loading class java/nio/ByteBufferAsShortBufferL done
Event: 13.861 Loading class java/util/zip/Adler32
Event: 13.862 Loading class java/util/zip/Adler32 done

Classes unloaded (5 events):
Event: 12.566 Thread 0x000001b7f8467680 Unloading class 0x000001b781d94400 'java/lang/invoke/LambdaForm$DMH+0x000001b781d94400'
Event: 13.355 Thread 0x000001b7f8467680 Unloading class 0x000001b781ead400 'java/lang/invoke/LambdaForm$MH+0x000001b781ead400'
Event: 13.355 Thread 0x000001b7f8467680 Unloading class 0x000001b781eacc00 'java/lang/invoke/LambdaForm$DMH+0x000001b781eacc00'
Event: 13.355 Thread 0x000001b7f8467680 Unloading class 0x000001b781eac400 'java/lang/invoke/LambdaForm$DMH+0x000001b781eac400'
Event: 13.355 Thread 0x000001b7f8467680 Unloading class 0x000001b781e98400 'java/lang/invoke/LambdaForm$DMH+0x000001b781e98400'

Classes redefined (0 events):
No events

Internal exceptions (20 events):
Event: 13.429 Thread 0x000001b7c57cf430 Exception <a 'java/lang/NoSuchMethodError'{0x00000000922436d0}: 'void java.lang.invoke.DirectMethodHandle$Holder.invokeStatic(java.lang.Object, int)'> (0x00000000922436d0) 
thrown [s\src\hotspot\share\interpreter\linkResolver.cpp, line 759]
Event: 13.438 Thread 0x000001b7c57cf430 Exception <a 'java/lang/IncompatibleClassChangeError'{0x0000000092110970}: Found class java.lang.Object, but interface was expected> (0x0000000092110970) 
thrown [s\src\hotspot\share\interpreter\linkResolver.cpp, line 826]
Event: 13.439 Thread 0x000001b7c57cf430 Exception <a 'java/lang/NoSuchMethodError'{0x0000000092130e10}: 'void java.lang.invoke.DirectMethodHandle$Holder.invokeSpecialIFC(java.lang.Object, java.lang.Object, java.lang.Object, java.lang.Object)'> (0x0000000092130e10) 
thrown [s\src\hotspot\share\interpreter\linkResolver.cpp, line 759]
Event: 13.525 Thread 0x000001b7c57cf430 Exception <a 'java/lang/NoSuchMethodError'{0x0000000091a62618}: 'java.lang.Object java.lang.invoke.DirectMethodHandle$Holder.invokeInterface(java.lang.Object, java.lang.Object, int)'> (0x0000000091a62618) 
thrown [s\src\hotspot\share\interpreter\linkResolver.cpp, line 759]
Event: 13.650 Thread 0x000001b7c3fbb380 Exception <a 'java/lang/NoSuchMethodError'{0x0000000090bde9d8}: 'java.lang.Object java.lang.invoke.DirectMethodHandle$Holder.newInvokeSpecial(java.lang.Object, int, java.lang.Object, java.lang.Object, java.lang.Object)'> (0x0000000090bde9d8) 
thrown [s\src\hotspot\share\interpreter\linkResolver.cpp, line 759]
Event: 13.651 Thread 0x000001b7c3fbb380 Exception <a 'java/lang/NoSuchMethodError'{0x0000000090a20c88}: 'void java.lang.invoke.DirectMethodHandle$Holder.invokeSpecial(java.lang.Object, java.lang.Object, java.lang.Object, int, java.lang.Object, java.lang.Object, java.lang.Object, java.lang.Object)'> (0x0000000090a20c88) 
thrown [s\src\hotspot\share\interpreter\linkResolver.cpp, line 759]
Event: 13.652 Thread 0x000001b7c3fbb380 Implicit null exception at 0x000001b7e8cb794f to 0x000001b7e8cb7a5c
Event: 13.653 Thread 0x000001b7c3fbb380 Exception <a 'java/lang/NoSuchMethodError'{0x0000000090a53bd8}: 'void java.lang.invoke.DirectMethodHandle$Holder.invokeStatic(java.lang.Object, java.lang.Object, java.lang.Object, java.lang.Object, java.lang.Object, java.lang.Object, java.lang.Object, java.lang.Object)'> (0x0000000090a53bd8) 
thrown [s\src\hotspot\share\interpreter\linkResolver.cpp, line 759]
Event: 13.669 Thread 0x000001b7c3fbb380 Exception <a 'java/lang/NoSuchMethodError'{0x00000000909da848}: 'void java.lang.invoke.DirectMethodHandle$Holder.invokeStatic(java.lang.Object, java.lang.Object, java.lang.Object, java.lang.Object, java.lang.Object, java.lang.Object, java.lang.Object, java.lang.Object, java.lang.Object)'> (0x00000000909da848) 
thrown [s\src\hotspot\share\interpreter\linkResolver.cpp, line 759]
Event: 13.747 Thread 0x000001b7c3fbb380 Exception <a 'java/lang/NoSuchMethodError'{0x000000008f919820}: 'java.lang.Object java.lang.invoke.DirectMethodHandle$Holder.invokeStatic(java.lang.Object, java.lang.Object, int, java.lang.Object)'> (0x000000008f919820) 
thrown [s\src\hotspot\share\interpreter\linkResolver.cpp, line 759]
Event: 13.833 Thread 0x000001b7c57ccbb0 Exception <a 'java/lang/NoSuchMethodError'{0x000000008e0b7300}: 'void java.lang.invoke.DirectMethodHandle$Holder.invokeSpecial(java.lang.Object, java.lang.Object, int)'> (0x000000008e0b7300) 
thrown [s\src\hotspot\share\interpreter\linkResolver.cpp, line 759]
Event: 13.833 Thread 0x000001b7c57d0360 Exception <a 'java/lang/NoSuchMethodError'{0x000000008e086288}: 'void java.lang.invoke.DirectMethodHandle$Holder.invokeSpecial(java.lang.Object, java.lang.Object, int)'> (0x000000008e086288) 
thrown [s\src\hotspot\share\interpreter\linkResolver.cpp, line 759]
Event: 13.834 Thread 0x000001b7c57cdff0 Exception <a 'java/lang/NoSuchMethodError'{0x000000008e192ef8}: 'void java.lang.invoke.DirectMethodHandle$Holder.invokeSpecial(java.lang.Object, java.lang.Object, int)'> (0x000000008e192ef8) 
thrown [s\src\hotspot\share\interpreter\linkResolver.cpp, line 759]
Event: 13.834 Thread 0x000001b7c57cea10 Exception <a 'java/lang/NoSuchMethodError'{0x000000008e055f10}: 'void java.lang.invoke.DirectMethodHandle$Holder.invokeSpecial(java.lang.Object, java.lang.Object, int)'> (0x000000008e055f10) 
thrown [s\src\hotspot\share\interpreter\linkResolver.cpp, line 759]
Event: 13.834 Thread 0x000001b7c57cf430 Exception <a 'java/lang/NoSuchMethodError'{0x000000008e12a270}: 'void java.lang.invoke.DirectMethodHandle$Holder.invokeSpecial(java.lang.Object, java.lang.Object, int)'> (0x000000008e12a270) 
thrown [s\src\hotspot\share\interpreter\linkResolver.cpp, line 759]
Event: 13.834 Thread 0x000001b7c57cd0c0 Exception <a 'java/lang/NoSuchMethodError'{0x000000008e020f70}: 'void java.lang.invoke.DirectMethodHandle$Holder.invokeSpecial(java.lang.Object, java.lang.Object, int)'> (0x000000008e020f70) 
thrown [s\src\hotspot\share\interpreter\linkResolver.cpp, line 759]
Event: 13.834 Thread 0x000001b7c57cdae0 Exception <a 'java/lang/NoSuchMethodError'{0x000000008e099e68}: 'void java.lang.invoke.DirectMethodHandle$Holder.invokeSpecial(java.lang.Object, java.lang.Object, int)'> (0x000000008e099e68) 
thrown [s\src\hotspot\share\interpreter\linkResolver.cpp, line 759]
Event: 13.834 Thread 0x000001b7c57ce500 Exception <a 'java/lang/NoSuchMethodError'{0x000000008e032168}: 'void java.lang.invoke.DirectMethodHandle$Holder.invokeSpecial(java.lang.Object, java.lang.Object, int)'> (0x000000008e032168) 
thrown [s\src\hotspot\share\interpreter\linkResolver.cpp, line 759]
Event: 13.834 Thread 0x000001b7c57cfe50 Exception <a 'java/lang/NoSuchMethodError'{0x000000008e0a8568}: 'void java.lang.invoke.DirectMethodHandle$Holder.invokeSpecial(java.lang.Object, java.lang.Object, int)'> (0x000000008e0a8568) 
thrown [s\src\hotspot\share\interpreter\linkResolver.cpp, line 759]
Event: 13.834 Thread 0x000001b7c57cf940 Exception <a 'java/lang/NoSuchMethodError'{0x000000008e3f3ea0}: 'void java.lang.invoke.DirectMethodHandle$Holder.invokeSpecial(java.lang.Object, java.lang.Object, int)'> (0x000000008e3f3ea0) 
thrown [s\src\hotspot\share\interpreter\linkResolver.cpp, line 759]

VM Operations (20 events):
Event: 13.535 Executing VM operation: ICBufferFull done
Event: 13.599 Executing VM operation: ICBufferFull
Event: 13.599 Executing VM operation: ICBufferFull done
Event: 13.661 Executing VM operation: HandshakeAllThreads
Event: 13.661 Executing VM operation: HandshakeAllThreads done
Event: 13.663 Executing VM operation: HandshakeAllThreads
Event: 13.663 Executing VM operation: HandshakeAllThreads done
Event: 13.727 Executing VM operation: ICBufferFull
Event: 13.727 Executing VM operation: ICBufferFull done
Event: 13.775 Executing VM operation: HandshakeAllThreads
Event: 13.775 Executing VM operation: HandshakeAllThreads done
Event: 13.776 Executing VM operation: HandshakeAllThreads
Event: 13.776 Executing VM operation: HandshakeAllThreads done
Event: 13.778 Executing VM operation: HandshakeAllThreads
Event: 13.778 Executing VM operation: HandshakeAllThreads done
Event: 13.865 Executing VM operation: G1CollectForAllocation
Event: 13.869 Executing VM operation: G1CollectForAllocation done
Event: 13.870 Executing VM operation: G1CollectForAllocation
Event: 13.875 Executing VM operation: G1CollectForAllocation done
Event: 13.883 Executing VM operation: G1CollectForAllocation

Memory protections (0 events):
No events

Nmethod flushes (20 events):
Event: 13.301 Thread 0x000001b7f8491640 flushing  nmethod 0x000001b7e247c110
Event: 13.301 Thread 0x000001b7f8491640 flushing  nmethod 0x000001b7e247c810
Event: 13.301 Thread 0x000001b7f8491640 flushing  nmethod 0x000001b7e247d410
Event: 13.301 Thread 0x000001b7f8491640 flushing  nmethod 0x000001b7e247e810
Event: 13.301 Thread 0x000001b7f8491640 flushing  nmethod 0x000001b7e247f510
Event: 13.301 Thread 0x000001b7f8491640 flushing  nmethod 0x000001b7e247f990
Event: 13.301 Thread 0x000001b7f8491640 flushing  nmethod 0x000001b7e247fe90
Event: 13.301 Thread 0x000001b7f8491640 flushing  nmethod 0x000001b7e2483290
Event: 13.301 Thread 0x000001b7f8491640 flushing  nmethod 0x000001b7e2483d10
Event: 13.301 Thread 0x000001b7f8491640 flushing  nmethod 0x000001b7e2484310
Event: 13.301 Thread 0x000001b7f8491640 flushing  nmethod 0x000001b7e2484810
Event: 13.301 Thread 0x000001b7f8491640 flushing  nmethod 0x000001b7e2485d10
Event: 13.301 Thread 0x000001b7f8491640 flushing  nmethod 0x000001b7e2486890
Event: 13.301 Thread 0x000001b7f8491640 flushing  nmethod 0x000001b7e2486f10
Event: 13.301 Thread 0x000001b7f8491640 flushing  nmethod 0x000001b7e2487390
Event: 13.301 Thread 0x000001b7f8491640 flushing  nmethod 0x000001b7e2487d10
Event: 13.301 Thread 0x000001b7f8491640 flushing  nmethod 0x000001b7e2488110
Event: 13.301 Thread 0x000001b7f8491640 flushing  nmethod 0x000001b7e2488910
Event: 13.301 Thread 0x000001b7f8491640 flushing  nmethod 0x000001b7e249f890
Event: 13.301 Thread 0x000001b7f8491640 flushing  nmethod 0x000001b7e249fc10

Events (20 events):
Event: 11.203 Thread 0x000001b7c3fbd1e0 Thread added: 0x000001b7c3fbc7c0
Event: 11.204 Thread 0x000001b7c3fbd1e0 Thread added: 0x000001b7c3fbe620
Event: 11.204 Thread 0x000001b7c3fbd1e0 Thread added: 0x000001b7c3fbeb30
Event: 11.204 Thread 0x000001b7c3fbd1e0 Thread added: 0x000001b7c3fbb380
Event: 11.204 Thread 0x000001b7c3fbd1e0 Thread added: 0x000001b7c3fbf040
Event: 11.204 Thread 0x000001b7c3fbd1e0 Thread added: 0x000001b7c2136470
Event: 11.228 Thread 0x000001b7c3fbe620 Thread added: 0x000001b7c57cef20
Event: 11.704 Thread 0x000001b7c3fbe620 Thread added: 0x000001b7c57cc6a0
Event: 12.118 Thread 0x000001b7c3fbb380 Thread added: 0x000001b7c57ce500
Event: 12.120 Thread 0x000001b7c57ce500 Thread added: 0x000001b7c57cd0c0
Event: 12.120 Thread 0x000001b7c57cd0c0 Thread added: 0x000001b7c57cdae0
Event: 12.121 Thread 0x000001b7c57cdae0 Thread added: 0x000001b7c57cdff0
Event: 12.122 Thread 0x000001b7c57cdff0 Thread added: 0x000001b7c57cea10
Event: 12.122 Thread 0x000001b7c57cea10 Thread added: 0x000001b7c57cf430
Event: 12.123 Thread 0x000001b7c57cf430 Thread added: 0x000001b7c57d0360
Event: 12.123 Thread 0x000001b7c57d0360 Thread added: 0x000001b7c57cf940
Event: 12.124 Thread 0x000001b7c57cf940 Thread added: 0x000001b7c57cfe50
Event: 12.125 Thread 0x000001b7c3fbb380 Thread added: 0x000001b7c57ccbb0
Event: 13.459 Thread 0x000001b7c33b8da0 Thread exited: 0x000001b7c33b8da0
Event: 13.679 Thread 0x000001b7f8490d30 Thread added: 0x000001b7c3fe8690


Dynamic libraries:
0x00007ff6e3ea0000 - 0x00007ff6e3eae000 	C:\Users\16696\.jdks\ms-17.0.19\bin\java.exe
0x00007ffa8e760000 - 0x00007ffa8e9c6000 	C:\Windows\SYSTEM32\ntdll.dll
0x00007ffa8cdd0000 - 0x00007ffa8ce99000 	C:\Windows\System32\KERNEL32.DLL
0x00007ffa8ba80000 - 0x00007ffa8be7a000 	C:\Windows\System32\KERNELBASE.dll
0x00007ffa69220000 - 0x00007ffa692cf000 	d:\Trea\Trae CN\resources\app\modules\sandbox\x64\sbox_core.dll
0x00007ffa8c090000 - 0x00007ffa8c1dc000 	C:\Windows\System32\ucrtbase.dll
0x00007ffa7cee0000 - 0x00007ffa7cefe000 	C:\Users\16696\.jdks\ms-17.0.19\bin\VCRUNTIME140.dll
0x00007ffa7cc50000 - 0x00007ffa7cc68000 	C:\Users\16696\.jdks\ms-17.0.19\bin\jli.dll
0x00007ffa8cff0000 - 0x00007ffa8d1b7000 	C:\Windows\System32\USER32.dll
0x00007ffa8be80000 - 0x00007ffa8bea7000 	C:\Windows\System32\win32u.dll
0x00007ffa6f9b0000 - 0x00007ffa6fc42000 	C:\Windows\WinSxS\amd64_microsoft.windows.common-controls_6595b64144ccf1df_6.0.26100.8521_none_3e08b75ce33403b3\COMCTL32.dll
0x00007ffa8cd20000 - 0x00007ffa8cd4b000 	C:\Windows\System32\GDI32.dll
0x00007ffa8ca70000 - 0x00007ffa8cb19000 	C:\Windows\System32\msvcrt.dll
0x00007ffa8beb0000 - 0x00007ffa8bfdb000 	C:\Windows\System32\gdi32full.dll
0x00007ffa8bfe0000 - 0x00007ffa8c083000 	C:\Windows\System32\msvcp_win.dll
0x00007ffa6d100000 - 0x00007ffa6d190000 	d:\Trea\Trae CN\resources\app\modules\sandbox\x64\sbox_ipc.dll
0x00007ffa8cb20000 - 0x00007ffa8cb52000 	C:\Windows\System32\IMM32.DLL
0x00007ffa88de0000 - 0x00007ffa89022000 	C:\Windows\SYSTEM32\dbghelp.dll
0x00007ffa8de90000 - 0x00007ffa8e213000 	C:\Windows\System32\combase.dll
0x00007ffa8dbc0000 - 0x00007ffa8dcd8000 	C:\Windows\System32\RPCRT4.dll
0x00007ffa8da50000 - 0x00007ffa8db29000 	C:\Windows\System32\OLEAUT32.dll
0x00007ffa7ced0000 - 0x00007ffa7cedc000 	C:\Users\16696\.jdks\ms-17.0.19\bin\vcruntime140_1.dll
0x00007ffa68e40000 - 0x00007ffa68e7b000 	C:\Windows\SYSTEM32\dbgcore.DLL
0x00007ffa68f80000 - 0x00007ffa69009000 	C:\Users\16696\.jdks\ms-17.0.19\bin\msvcp140.dll
0x00007ffa19700000 - 0x00007ffa1a37b000 	C:\Users\16696\.jdks\ms-17.0.19\bin\server\jvm.dll
0x00007ffa8e5d0000 - 0x00007ffa8e686000 	C:\Windows\System32\ADVAPI32.dll
0x00007ffa8c9c0000 - 0x00007ffa8ca6a000 	C:\Windows\System32\sechost.dll
0x00007ffa8e690000 - 0x00007ffa8e710000 	C:\Windows\System32\WS2_32.dll
0x00007ffa8b850000 - 0x00007ffa8b8ae000 	C:\Windows\SYSTEM32\POWRPROF.dll
0x00007ffa84500000 - 0x00007ffa84536000 	C:\Windows\SYSTEM32\WINMM.dll
0x00007ffa839c0000 - 0x00007ffa839cb000 	C:\Windows\SYSTEM32\VERSION.dll
0x00007ffa8b830000 - 0x00007ffa8b844000 	C:\Windows\SYSTEM32\UMPDC.dll
0x00007ffa8a750000 - 0x00007ffa8a76b000 	C:\Windows\SYSTEM32\kernel.appcore.dll
0x00007ffa7cb50000 - 0x00007ffa7cb5a000 	C:\Users\16696\.jdks\ms-17.0.19\bin\jimage.dll
0x00007ffa8c1e0000 - 0x00007ffa8c288000 	C:\Windows\System32\bcryptPrimitives.dll
0x00007ffa8a1b0000 - 0x00007ffa8a2fa000 	C:\Windows\SYSTEM32\dnsapi.dll
0x00007ffa8aac0000 - 0x00007ffa8aacd000 	C:\Windows\SYSTEM32\DSPARSE.dll
0x00007ffa8a120000 - 0x00007ffa8a153000 	C:\Windows\SYSTEM32\IPHLPAPI.DLL
0x00007ffa8dce0000 - 0x00007ffa8dcea000 	C:\Windows\System32\NSI.dll
0x00007ffa7cb40000 - 0x00007ffa7cb4f000 	C:\Users\16696\.jdks\ms-17.0.19\bin\instrument.dll
0x00007ffa7cb10000 - 0x00007ffa7cb36000 	C:\Users\16696\.jdks\ms-17.0.19\bin\java.dll
0x00007ffa8d1c0000 - 0x00007ffa8d944000 	C:\Windows\System32\Shell32.dll
0x00007ffa89590000 - 0x00007ffa89e10000 	C:\Windows\SYSTEM32\windows.storage.dll
0x00007ffa8cc20000 - 0x00007ffa8cd16000 	C:\Windows\System32\shcore.dll
0x00007ffa87d40000 - 0x00007ffa87dea000 	C:\Windows\system32\uxtheme.dll
0x00007ffa8e400000 - 0x00007ffa8e467000 	C:\Windows\System32\shlwapi.dll
0x00007ffa8cf30000 - 0x00007ffa8cfde000 	C:\Windows\System32\clbcatq.dll
0x00007ffa70d30000 - 0x00007ffa71387000 	C:\Windows\System32\OneCoreUAPCommonProxyStub.dll
0x00007ffa8dcf0000 - 0x00007ffa8de88000 	C:\Windows\System32\ole32.dll
0x00007ffa8b570000 - 0x00007ffa8b5c1000 	C:\Windows\SYSTEM32\CFGMGR32.dll
0x00007ffa6f370000 - 0x00007ffa6f54d000 	C:\Windows\System32\urlmon.dll
0x00007ffa71eb0000 - 0x00007ffa72175000 	C:\Windows\System32\iertutil.dll
0x00007ffa774b0000 - 0x00007ffa774d9000 	C:\Windows\System32\srvcli.dll
0x00007ffa8a110000 - 0x00007ffa8a11d000 	C:\Windows\System32\netutils.dll
0x00007ffa8a9f0000 - 0x00007ffa8aa39000 	C:\Windows\System32\SspiCli.dll
0x00007ffa85980000 - 0x00007ffa85a86000 	C:\Windows\System32\PROPSYS.dll
0x00007ffa839a0000 - 0x00007ffa839b7000 	C:\Windows\SYSTEM32\virtdisk.dll
0x00007ffa694a0000 - 0x00007ffa69618000 	C:\Windows\System32\Windows.System.Launcher.dll
0x00007ffa70d10000 - 0x00007ffa70d2d000 	C:\Windows\SYSTEM32\windows.staterepositorycore.dll
0x00007ffa85170000 - 0x00007ffa852da000 	C:\Windows\System32\wintypes.dll
0x00007ffa69b70000 - 0x00007ffa69c34000 	C:\Windows\System32\Windows.StateRepositoryPS.dll
0x00007ffa8a870000 - 0x00007ffa8a8a6000 	C:\Windows\SYSTEM32\ntmarta.dll
0x00007ffa68a50000 - 0x00007ffa68b10000 	C:\Windows\System32\Windows.FileExplorer.Common.dll
0x00007ffa70a90000 - 0x00007ffa70ad7000 	C:\Windows\SYSTEM32\windows.staterepositoryclient.dll
0x00007ffa64750000 - 0x00007ffa64780000 	C:\Windows\System32\cldapi.dll
0x00007ffa8b8e0000 - 0x00007ffa8b90a000 	C:\Windows\SYSTEM32\bcrypt.dll
0x00007ffa8b910000 - 0x00007ffa8b939000 	C:\Windows\SYSTEM32\profapi.dll
0x00007ffa63dd0000 - 0x00007ffa63ea6000 	C:\Users\16696\.jdks\ms-17.0.19\bin\jsvml.dll
0x00007ffa7caf0000 - 0x00007ffa7cb08000 	C:\Users\16696\.jdks\ms-17.0.19\bin\zip.dll
0x00007ffa7c760000 - 0x00007ffa7c77b000 	C:\Users\16696\.jdks\ms-17.0.19\bin\net.dll
0x00007ffa843b0000 - 0x00007ffa844d9000 	C:\Windows\SYSTEM32\WINHTTP.dll
0x00007ffa8acd0000 - 0x00007ffa8ad3c000 	C:\Windows\system32\mswsock.dll
0x00007ffa7c740000 - 0x00007ffa7c756000 	C:\Users\16696\.jdks\ms-17.0.19\bin\nio.dll
0x00007ffa7cae0000 - 0x00007ffa7caf0000 	C:\Users\16696\.jdks\ms-17.0.19\bin\verify.dll
0x00007ff9f88f0000 - 0x00007ff9f8917000 	C:\Users\16696\.gradle\native\660c5614fbf4a5f2a75b1949f50a0caf5cd603558e7d8a26e50b933a0cfb79d1\windows-amd64\native-platform.dll
0x00007ffa6d2e0000 - 0x00007ffa6d357000 	C:\Users\16696\.gradle\native\0.2.8\x86_64-windows-gnu\gradle-fileevents.dll
0x00007ffa7b470000 - 0x00007ffa7b47a000 	C:\Users\16696\.jdks\ms-17.0.19\bin\management.dll
0x00007ffa7b460000 - 0x00007ffa7b46c000 	C:\Users\16696\.jdks\ms-17.0.19\bin\management_ext.dll
0x00007ffa8cbc0000 - 0x00007ffa8cbc8000 	C:\Windows\System32\PSAPI.DLL
0x00007ffa84130000 - 0x00007ffa8414d000 	C:\Windows\SYSTEM32\dhcpcsvc6.DLL
0x00007ffa84100000 - 0x00007ffa84125000 	C:\Windows\SYSTEM32\dhcpcsvc.DLL
0x00007ffa78350000 - 0x00007ffa78359000 	C:\Users\16696\.jdks\ms-17.0.19\bin\extnet.dll
0x00007ffa8afe0000 - 0x00007ffa8affb000 	C:\Windows\SYSTEM32\CRYPTSP.dll
0x00007ffa8a6b0000 - 0x00007ffa8a6e9000 	C:\Windows\system32\rsaenh.dll
0x00007ffa8ad80000 - 0x00007ffa8adb3000 	C:\Windows\SYSTEM32\USERENV.dll
0x00007ffa8afd0000 - 0x00007ffa8afdc000 	C:\Windows\SYSTEM32\CRYPTBASE.dll
0x00007ffa77420000 - 0x00007ffa7742e000 	C:\Users\16696\.jdks\ms-17.0.19\bin\sunmscapi.dll
0x00007ffa8c350000 - 0x00007ffa8c4c8000 	C:\Windows\System32\CRYPT32.dll
0x00007ffa8b1f0000 - 0x00007ffa8b220000 	C:\Windows\SYSTEM32\ncrypt.dll
0x00007ffa8b1a0000 - 0x00007ffa8b1df000 	C:\Windows\SYSTEM32\NTASN1.dll
0x00007ffa7c1a0000 - 0x00007ffa7c1a8000 	C:\Windows\system32\wshunix.dll
0x00007ffa8cd50000 - 0x00007ffa8cdcc000 	C:\Windows\System32\coml2.dll

dbghelp: loaded successfully - version: 4.0.5 - missing functions: none
symbol engine: initialized successfully - sym options: 0x614 - pdb path: .;C:\Users\16696\.jdks\ms-17.0.19\bin;C:\Windows\SYSTEM32;d:\Trea\Trae CN\resources\app\modules\sandbox\x64;C:\Windows\WinSxS\amd64_microsoft.windows.common-controls_6595b64144ccf1df_6.0.26100.8521_none_3e08b75ce33403b3;C:\Users\16696\.jdks\ms-17.0.19\bin\server;C:\Users\16696\.gradle\native\660c5614fbf4a5f2a75b1949f50a0caf5cd603558e7d8a26e50b933a0cfb79d1\windows-amd64;C:\Users\16696\.gradle\native\0.2.8\x86_64-windows-gnu

VM Arguments:
jvm_args: --add-opens=java.base/java.lang=ALL-UNNAMED --add-opens=java.base/java.lang.invoke=ALL-UNNAMED --add-opens=java.base/java.util=ALL-UNNAMED --add-opens=java.prefs/java.util.prefs=ALL-UNNAMED --add-exports=jdk.compiler/com.sun.tools.javac.api=ALL-UNNAMED --add-exports=jdk.compiler/com.sun.tools.javac.util=ALL-UNNAMED --add-opens=java.base/java.util=ALL-UNNAMED --add-opens=java.prefs/java.util.prefs=ALL-UNNAMED --add-opens=java.base/java.nio.charset=ALL-UNNAMED --add-opens=java.base/java.net=ALL-UNNAMED --add-opens=java.base/java.util.concurrent=ALL-UNNAMED --add-opens=java.base/java.util.concurrent.atomic=ALL-UNNAMED --add-opens=java.xml/javax.xml.namespace=ALL-UNNAMED --add-opens=java.base/java.time=ALL-UNNAMED -Xmx2048m -Dfile.encoding=UTF-8 -Duser.country=CN -Duser.language=zh -Duser.variant -javaagent:C:\Users\16696\.gradle\wrapper\dists\gradle-9.4.1-bin\arn2x92ynaizyzdaamcbpbhtj\gradle-9.4.1\lib\agents\gradle-instrumentation-agent-9.4.1.jar 
java_command: org.gradle.launcher.daemon.bootstrap.GradleDaemon 9.4.1
java_class_path (initial): C:\Users\16696\.gradle\wrapper\dists\gradle-9.4.1-bin\arn2x92ynaizyzdaamcbpbhtj\gradle-9.4.1\lib\gradle-daemon-main-9.4.1.jar
Launcher Type: SUN_STANDARD

[Global flags]
     intx CICompilerCount                          = 4                                         {product} {ergonomic}
     uint ConcGCThreads                            = 2                                         {product} {ergonomic}
     uint G1ConcRefinementThreads                  = 9                                         {product} {ergonomic}
   size_t G1HeapRegionSize                         = 1048576                                   {product} {ergonomic}
    uintx GCDrainStackTargetSize                   = 64                                        {product} {ergonomic}
   size_t InitialHeapSize                          = 260046848                                 {product} {ergonomic}
   size_t MarkStackSize                            = 4194304                                   {product} {ergonomic}
   size_t MaxHeapSize                              = 2147483648                                {product} {command line}
   size_t MaxNewSize                               = 1287651328                                {product} {ergonomic}
   size_t MinHeapDeltaBytes                        = 1048576                                   {product} {ergonomic}
   size_t MinHeapSize                              = 8388608                                   {product} {ergonomic}
    uintx NonNMethodCodeHeapSize                   = 5839372                                {pd product} {ergonomic}
    uintx NonProfiledCodeHeapSize                  = 122909434                              {pd product} {ergonomic}
    uintx ProfiledCodeHeapSize                     = 122909434                              {pd product} {ergonomic}
    uintx ReservedCodeCacheSize                    = 251658240                              {pd product} {ergonomic}
     bool SegmentedCodeCache                       = true                                      {product} {ergonomic}
   size_t SoftMaxHeapSize                          = 2147483648                             {manageable} {ergonomic}
     bool UseCompressedClassPointers               = true                           {product lp64_product} {ergonomic}
     bool UseCompressedOops                        = true                           {product lp64_product} {ergonomic}
     bool UseG1GC                                  = true                                      {product} {ergonomic}
     bool UseLargePagesIndividualAllocation        = false                                  {pd product} {ergonomic}

Logging:
Log output configuration:
 #0: stdout all=warning uptime,level,tags
 #1: stderr all=off uptime,level,tags

Environment Variables:
PATH=d:\Trea\Trae CN\resources\app\modules\ai-agent\bin;c:\Users\16696\.trae-cn\tools\trae-gopls\current;c:\Users\16696\.trae-cn\sdks\workspaces\5d727ef8\versions\node\current;c:\Users\16696\.trae-cn\sdks\versions\node\current;D:\Android\jdk-8.0.492.9-hotspot\bin;C:\Program Files (x86)\VMware\VMware Workstation\bin\;C:\Windows\system32;C:\Windows;C:\Windows\System32\Wbem;C:\Windows\System32\WindowsPowerShell\v1.0\;C:\Windows\System32\OpenSSH\;D:\Git\Git\cmd;D:\Cmake\bin;D:\Windows Kits\10\Windows Performance Toolkit\;C:\Program Files\CMake\bin;C:\Program Files\TortoiseGit\bin;C:\NXP\S32DS.3.5\S32DS\build_tools\gcc-10.2-arm32-eabi\bin;D:\Xshell\;C:\Users\16696\AppData\Local\Programs\Python\Python314\Scripts\;C:\Users\16696\AppData\Local\Programs\Python\Python314\;C:\Users\16696\AppData\Local\Microsoft\WindowsApps;D:\pycharm\PyCharm 2026.1.2\bin;D:\vscode\Microsoft VS Code\bin;D:\Android\Sdk\platform-tools;;c:\Users\16696\.trae-cn\extensions\vscjava.vscode-java-debug-0.59.0-universal\bundled\scripts\noConfigScripts;d:\Trea\Trae CN\resources\app\modules\ai-agent\bin;D:\Android\jdk-8.0.492.9-hotspot\bin;C:\Program Files (x86)\VMware\VMware Workstation\bin\;C:\Windows\system32;C:\Windows;C:\Windows\System32\Wbem;C:\Windows\System32\WindowsPowerShell\v1.0\;C:\Windows\System32\OpenSSH\;D:\Git\Git\cmd;D:\Cmake\bin;D:\Windows Kits\10\Windows Performance Toolkit\;C:\Program Files\CMake\bin;C:\Program Files\TortoiseGit\bin;C:\NXP\S32DS.3.5\S32DS\build_tools\gcc-10.2-arm32-eabi\bin;D:\Xshell\;C:\Users\16696\AppData\Local\Programs\Python\Python314\Scripts\;C:\Users\16696\AppData\Local\Programs\Python\Python314\;C:\Users\16696\AppData\Local\Microsoft\WindowsApps;D:\pycharm\PyCharm 2026.1.2\bin;D:\vscode\Microsoft VS Code\bin;D:\Android\Sdk\platform-tools;;d:\Trea\Trae CN\resources\app\bin\lib;d:\Trea\Trae CN\resources\app\node_modules\@vscode\ripgrep\bin
USERNAME=16696
LANG=zh_CN.UTF-8
TERM=dumb
OS=Windows_NT
PROCESSOR_IDENTIFIER=Intel64 Family 6 Model 198 Stepping 2, GenuineIntel
TMP=C:\Users\16696\AppData\Local\Temp
TEMP=C:\Users\16696\AppData\Local\Temp



Periodic native trim disabled


---------------  S Y S T E M  ---------------

OS:
 Windows 11 , 64 bit Build 26100 (10.0.26100.8521)
OS uptime: 1 days 2:58 hours
Hyper-V role detected

CPU: total 10 (initial active 10) (10 cores per cpu, 1 threads per core) family 6 model 198 stepping 2 microcode 0x118, cx8, cmov, fxsr, mmx, 3dnowpref, sse, sse2, sse3, ssse3, sse4.1, sse4.2, popcnt, lzcnt, tsc, tscinvbit, avx, avx2, aes, erms, clmul, bmi1, bmi2, adx, sha, fma, vzeroupper, clflush, clflushopt, clwb, hv
Processor Information for processor 0
  Max Mhz: 3300, Current Mhz: 3300, Mhz Limit: 3300
Processor Information for processor 1
  Max Mhz: 3300, Current Mhz: 3300, Mhz Limit: 3300
Processor Information for processor 2
  Max Mhz: 2700, Current Mhz: 2700, Mhz Limit: 2700
Processor Information for processor 3
  Max Mhz: 2700, Current Mhz: 2700, Mhz Limit: 2700
Processor Information for processor 4
  Max Mhz: 2700, Current Mhz: 2700, Mhz Limit: 2700
Processor Information for processor 5
  Max Mhz: 2700, Current Mhz: 2700, Mhz Limit: 2700
Processor Information for processor 6
  Max Mhz: 3300, Current Mhz: 3300, Mhz Limit: 3300
Processor Information for processor 7
  Max Mhz: 3300, Current Mhz: 3300, Mhz Limit: 3300
Processor Information for processor 8
  Max Mhz: 3300, Current Mhz: 3300, Mhz Limit: 3300
Processor Information for processor 9
  Max Mhz: 3300, Current Mhz: 3300, Mhz Limit: 3300

Memory: 4k page, system-wide physical 15751M (803M free)
TotalPageFile size 54151M (AvailPageFile size 263M)
current process WorkingSet (physical memory assigned to process): 616M, peak: 616M
current process commit charge ("private bytes"): 641M, peak: 1227M

vm_info: OpenJDK 64-Bit Server VM (17.0.19+10-LTS) for windows-amd64 JRE (17.0.19+10-LTS), built on Apr 18 2026 18:24:40 by "MicrosoftCorporation" with MS VC++ 17.14 (VS2022)

END.
