#
# There is insufficient memory for the Java Runtime Environment to continue.
# Native memory allocation (mmap) failed to map 701497344 bytes. Error detail: G1 virtual space
# Possible reasons:
#   The system is out of physical RAM or swap space
#   This process is running with CompressedOops enabled, and the Java Heap may be blocking the growth of the native heap
# Possible solutions:
#   Reduce memory load on the system
#   Increase physical memory or swap space
#   Check if swap backing store is full
#   Decrease Java heap size (-Xmx/-Xms)
#   Decrease number of Java threads
#   Decrease Java thread stack sizes (-Xss)
#   Set larger code cache with -XX:ReservedCodeCacheSize=
#   JVM is running with Unscaled Compressed Oops mode in which the Java heap is
#     placed in the first 4GB address space. The Java Heap base address is the
#     maximum limit for the native heap growth. Please use -XX:HeapBaseMinAddress
#     to set the Java Heap base and to place the Java Heap above 4GB virtual address.
# This output file may be truncated or incomplete.
#
#  Out of Memory Error (os_windows.cpp:3690), pid=2528, tid=25272
#
# JRE version: OpenJDK Runtime Environment Microsoft-13877129 (17.0.19+10) (build 17.0.19+10-LTS)
# Java VM: OpenJDK 64-Bit Server VM Microsoft-13877129 (17.0.19+10-LTS, mixed mode, sharing, tiered, compressed oops, compressed class ptrs, g1 gc, windows-amd64)
# No core dump will be written. Minidumps are not enabled by default on client versions of Windows
#

---------------  S U M M A R Y ------------

Command Line: --add-opens=java.base/java.lang=ALL-UNNAMED --add-opens=java.base/java.lang.invoke=ALL-UNNAMED --add-opens=java.base/java.util=ALL-UNNAMED --add-opens=java.prefs/java.util.prefs=ALL-UNNAMED --add-exports=jdk.compiler/com.sun.tools.javac.api=ALL-UNNAMED --add-exports=jdk.compiler/com.sun.tools.javac.util=ALL-UNNAMED --add-opens=java.base/java.util=ALL-UNNAMED --add-opens=java.prefs/java.util.prefs=ALL-UNNAMED --add-opens=java.base/java.nio.charset=ALL-UNNAMED --add-opens=java.base/java.net=ALL-UNNAMED --add-opens=java.base/java.util.concurrent=ALL-UNNAMED --add-opens=java.base/java.util.concurrent.atomic=ALL-UNNAMED --add-opens=java.xml/javax.xml.namespace=ALL-UNNAMED --add-opens=java.base/java.time=ALL-UNNAMED -Xmx2048m -Dfile.encoding=UTF-8 -Duser.country=CN -Duser.language=zh -Duser.variant -javaagent:C:\Users\16696\.gradle\wrapper\dists\gradle-9.4.1-bin\arn2x92ynaizyzdaamcbpbhtj\gradle-9.4.1\lib\agents\gradle-instrumentation-agent-9.4.1.jar org.gradle.launcher.daemon.bootstrap.GradleDaemon 9.4.1

Host: Intel(R) Core(TM) Ultra 5 225, 10 cores, 15G,  Windows 11 , 64 bit Build 26100 (10.0.26100.8875)
Time: Wed Jul 29 21:17:26 2026  Windows 11 , 64 bit Build 26100 (10.0.26100.8875) elapsed time: 2043.359821 seconds (0d 0h 34m 3s)

---------------  T H R E A D  ---------------

Current thread (0x00000245d2012e80):  VMThread "VM Thread" [stack: 0x000000486e600000,0x000000486e700000] [id=25272]

Stack: [0x000000486e600000,0x000000486e700000]
Native frames: (J=compiled Java code, j=interpreted, Vv=VM code, C=native code)
V  [jvm.dll+0x68cc89]  (no source info available)
V  [jvm.dll+0x845d89]  (no source info available)
V  [jvm.dll+0x847af8]  (no source info available)
V  [jvm.dll+0x848183]  (no source info available)
V  [jvm.dll+0x24d0bf]  (no source info available)
V  [jvm.dll+0x68c089]  (no source info available)
V  [jvm.dll+0x68064a]  (no source info available)
V  [jvm.dll+0x3102f0]  (no source info available)
V  [jvm.dll+0x310192]  (no source info available)
V  [jvm.dll+0x317709]  (no source info available)
V  [jvm.dll+0x369b09]  (no source info available)
V  [jvm.dll+0x369d3d]  (no source info available)
V  [jvm.dll+0x2e6afa]  (no source info available)
V  [jvm.dll+0x2e4ef1]  (no source info available)
V  [jvm.dll+0x2e468c]  (no source info available)
V  [jvm.dll+0x32903b]  (no source info available)
V  [jvm.dll+0x84ca0d]  (no source info available)
V  [jvm.dll+0x84d723]  (no source info available)
V  [jvm.dll+0x84dc54]  (no source info available)
V  [jvm.dll+0x84e038]  (no source info available)
V  [jvm.dll+0x84e12e]  (no source info available)
V  [jvm.dll+0x7f62cc]  (no source info available)
V  [jvm.dll+0x68e227]  (no source info available)
C  [ucrtbase.dll+0x2cd30]  (no source info available)
C  [KERNEL32.DLL+0x2e957]  (no source info available)
C  [ntdll.dll+0xaad6c]  (no source info available)

VM_Operation (0x00000048704fea00): G1CollectForAllocation, mode: safepoint, requested by thread 0x00000245d875f8f0


---------------  P R O C E S S  ---------------

Threads class SMR info:
_java_thread_list=0x00000245dc83f540, length=76, elements={
0x00000245f267b460, 0x00000245d201c290, 0x00000245d201ed70, 0x00000245d20377a0,
0x00000245d2038070, 0x00000245d2038940, 0x00000245d2039210, 0x00000245d203c430,
0x00000245d203e160, 0x00000245d203ea70, 0x00000245ff66df50, 0x00000245d22515a0,
0x00000245d7afe470, 0x00000245d8556020, 0x00000245d7a614d0, 0x00000245d875d070,
0x00000245d8760310, 0x00000245d875f8f0, 0x00000245d875e4b0, 0x00000245d875e9c0,
0x00000245d875eed0, 0x00000245da1970a0, 0x00000245da197fd0, 0x00000245da197ac0,
0x00000245da19ad60, 0x00000245da19c1a0, 0x00000245da199920, 0x00000245da19b270,
0x00000245da199e30, 0x00000245da7fffb0, 0x00000245da19a850, 0x00000245dd773830,
0x00000245da803c70, 0x00000245da801e10, 0x00000245d875f3e0, 0x00000245d875fe00,
0x00000245d8760820, 0x00000245d875d580, 0x00000245d875dfa0, 0x00000245d875da90,
0x00000245da612b00, 0x00000245da6111b0, 0x00000245da6116c0, 0x00000245da611bd0,
0x00000245da610ca0, 0x00000245da6120e0, 0x00000245da613520, 0x00000245da6125f0,
0x00000245da60fd70, 0x00000245da613010, 0x00000245da024940, 0x00000245da613a30,
0x00000245da610280, 0x00000245da613f40, 0x00000245da610790, 0x00000245da614960,
0x00000245da615da0, 0x00000245da6162b0, 0x00000245da614e70, 0x00000245da6171e0,
0x00000245da614450, 0x00000245da6176f0, 0x00000245da6167c0, 0x00000245da615890,
0x00000245dd772900, 0x00000245dd772e10, 0x00000245dd770590, 0x00000245dd770aa0,
0x00000245dd773320, 0x00000245dd774250, 0x00000245dd774760, 0x00000245dd770fb0,
0x00000245dd777a00, 0x00000245dd7760b0, 0x00000245dd776ad0, 0x00000245dd775ba0
}

Java Threads: ( => current thread )
  0x00000245f267b460 JavaThread "main" [_thread_blocked, id=6196, stack(0x000000486e000000,0x000000486e100000)]
  0x00000245d201c290 JavaThread "Reference Handler" daemon [_thread_blocked, id=22328, stack(0x000000486e700000,0x000000486e800000)]
  0x00000245d201ed70 JavaThread "Finalizer" daemon [_thread_blocked, id=15516, stack(0x000000486e800000,0x000000486e900000)]
  0x00000245d20377a0 JavaThread "Signal Dispatcher" daemon [_thread_blocked, id=9612, stack(0x000000486e900000,0x000000486ea00000)]
  0x00000245d2038070 JavaThread "Attach Listener" daemon [_thread_blocked, id=19000, stack(0x000000486ea00000,0x000000486eb00000)]
  0x00000245d2038940 JavaThread "Service Thread" daemon [_thread_blocked, id=23380, stack(0x000000486eb00000,0x000000486ec00000)]
  0x00000245d2039210 JavaThread "Monitor Deflation Thread" daemon [_thread_blocked, id=19776, stack(0x000000486ec00000,0x000000486ed00000)]
  0x00000245d203c430 JavaThread "C2 CompilerThread0" daemon [_thread_blocked, id=21200, stack(0x000000486ed00000,0x000000486ee00000)]
  0x00000245d203e160 JavaThread "C1 CompilerThread0" daemon [_thread_blocked, id=26040, stack(0x000000486ee00000,0x000000486ef00000)]
  0x00000245d203ea70 JavaThread "Sweeper thread" daemon [_thread_blocked, id=2316, stack(0x000000486ef00000,0x000000486f000000)]
  0x00000245ff66df50 JavaThread "Common-Cleaner" daemon [_thread_blocked, id=16688, stack(0x000000486f000000,0x000000486f100000)]
  0x00000245d22515a0 JavaThread "Notification Thread" daemon [_thread_blocked, id=21284, stack(0x000000486f200000,0x000000486f300000)]
  0x00000245d7afe470 JavaThread "Daemon health stats" [_thread_blocked, id=23008, stack(0x000000486f800000,0x000000486f900000)]
  0x00000245d8556020 JavaThread "Incoming local TCP Connector on port 53735" [_thread_in_native, id=7808, stack(0x000000486f900000,0x000000486fa00000)]
  0x00000245d7a614d0 JavaThread "Daemon periodic checks" [_thread_blocked, id=25400, stack(0x000000486fa00000,0x000000486fb00000)]
  0x00000245d875d070 JavaThread "Cache worker for journal cache (C:\Users\16696\.gradle\caches\journal-1)" [_thread_blocked, id=14028, stack(0x0000004870200000,0x0000004870300000)]
  0x00000245d8760310 JavaThread "File lock request listener" [_thread_in_native, id=12432, stack(0x0000004870300000,0x0000004870400000)]
  0x00000245d875f8f0 JavaThread "Cache worker for file hash cache (C:\Users\16696\.gradle\caches\9.4.1\fileHashes)" [_thread_blocked, id=21600, stack(0x0000004870400000,0x0000004870500000)]
  0x00000245d875e4b0 JavaThread "File watcher server" daemon [_thread_blocked, id=18532, stack(0x000000486f100000,0x000000486f200000)]
  0x00000245d875e9c0 JavaThread "File watcher consumer" daemon [_thread_blocked, id=25676, stack(0x0000004870c00000,0x0000004870d00000)]
  0x00000245d875eed0 JavaThread "Cache worker for file content cache (C:\Users\16696\.gradle\caches\9.4.1\fileContent)" [_thread_blocked, id=21268, stack(0x0000004870d00000,0x0000004870e00000)]
  0x00000245da1970a0 JavaThread "jar transforms" [_thread_blocked, id=24628, stack(0x0000004871300000,0x0000004871400000)]
  0x00000245da197fd0 JavaThread "jar transforms Thread 2" [_thread_blocked, id=9028, stack(0x0000004871400000,0x0000004871500000)]
  0x00000245da197ac0 JavaThread "jar transforms Thread 3" [_thread_blocked, id=24444, stack(0x0000004871500000,0x0000004871600000)]
  0x00000245da19ad60 JavaThread "jar transforms Thread 4" [_thread_blocked, id=24920, stack(0x0000004872000000,0x0000004872100000)]
  0x00000245da19c1a0 JavaThread "jar transforms Thread 5" [_thread_blocked, id=7200, stack(0x0000004872100000,0x0000004872200000)]
  0x00000245da199920 JavaThread "jar transforms Thread 6" [_thread_blocked, id=14872, stack(0x0000004872200000,0x0000004872300000)]
  0x00000245da19b270 JavaThread "jar transforms Thread 7" [_thread_blocked, id=24072, stack(0x0000004872300000,0x0000004872400000)]
  0x00000245da199e30 JavaThread "jar transforms Thread 8" [_thread_blocked, id=3936, stack(0x0000004872400000,0x0000004872500000)]
  0x00000245da7fffb0 JavaThread "Memory manager" [_thread_blocked, id=1932, stack(0x0000004872500000,0x0000004872600000)]
  0x00000245da19a850 JavaThread "jar transforms Thread 9" [_thread_blocked, id=25940, stack(0x0000004871000000,0x0000004871100000)]
  0x00000245dd773830 JavaThread "jar transforms Thread 10" [_thread_blocked, id=24396, stack(0x0000004871100000,0x0000004871200000)]
  0x00000245da803c70 JavaThread "Daemon Thread 4" [_thread_blocked, id=24316, stack(0x000000486dd00000,0x000000486de00000)]
  0x00000245da801e10 JavaThread "Daemon worker Thread 4" [_thread_blocked, id=7180, stack(0x000000486fb00000,0x000000486fc00000)]
  0x00000245d875f3e0 JavaThread "ForkJoinPool.commonPool-worker-17" daemon [_thread_blocked, id=21084, stack(0x0000004873800000,0x0000004873900000)]
  0x00000245d875fe00 JavaThread "ForkJoinPool.commonPool-worker-18" daemon [_thread_blocked, id=25172, stack(0x0000004873900000,0x0000004873a00000)]
  0x00000245d8760820 JavaThread "ForkJoinPool.commonPool-worker-19" daemon [_thread_blocked, id=22232, stack(0x0000004873a00000,0x0000004873b00000)]
  0x00000245d875d580 JavaThread "ForkJoinPool.commonPool-worker-20" daemon [_thread_blocked, id=22104, stack(0x0000004873b00000,0x0000004873c00000)]
  0x00000245d875dfa0 JavaThread "ForkJoinPool.commonPool-worker-21" daemon [_thread_blocked, id=21308, stack(0x0000004873c00000,0x0000004873d00000)]
  0x00000245d875da90 JavaThread "ForkJoinPool.commonPool-worker-22" daemon [_thread_blocked, id=25532, stack(0x0000004873d00000,0x0000004873e00000)]
  0x00000245da612b00 JavaThread "ForkJoinPool.commonPool-worker-23" daemon [_thread_blocked, id=19396, stack(0x0000004873e00000,0x0000004873f00000)]
  0x00000245da6111b0 JavaThread "ForkJoinPool.commonPool-worker-24" daemon [_thread_blocked, id=22732, stack(0x0000004873f00000,0x0000004874000000)]
  0x00000245da6116c0 JavaThread "VFS cleanup Thread 4" [_thread_blocked, id=25320, stack(0x000000486fc00000,0x000000486fd00000)]
  0x00000245da611bd0 JavaThread "Handler for socket connection from /127.0.0.1:53735 to /127.0.0.1:64931" [_thread_in_native, id=10672, stack(0x000000486de00000,0x000000486df00000)]
  0x00000245da610ca0 JavaThread "Cancel handler" [_thread_blocked, id=22320, stack(0x000000486df00000,0x000000486e000000)]
  0x00000245da6120e0 JavaThread "Asynchronous log dispatcher for DefaultDaemonConnection: socket connection from /127.0.0.1:53735 to /127.0.0.1:64931" [_thread_blocked, id=22656, stack(0x000000486fd00000,0x000000486fe00000)]
  0x00000245da613520 JavaThread "Stdin handler" [_thread_blocked, id=7556, stack(0x000000486fe00000,0x000000486ff00000)]
  0x00000245da6125f0 JavaThread "Daemon client event forwarder" [_thread_blocked, id=25004, stack(0x000000486ff00000,0x0000004870000000)]
  0x00000245da60fd70 JavaThread "Cache worker for file hash cache (D:\Code\Application\music1\.gradle\9.4.1\fileHashes)" [_thread_blocked, id=24020, stack(0x0000004870000000,0x0000004870100000)]
  0x00000245da613010 JavaThread "Cache worker for Build Output Cleanup Cache (D:\Code\Application\music1\.gradle\buildOutputCleanup)" [_thread_blocked, id=25496, stack(0x0000004870100000,0x0000004870200000)]
  0x00000245da024940 JavaThread "C2 CompilerThread1" daemon [_thread_blocked, id=5424, stack(0x0000004870a00000,0x0000004870b00000)]
  0x00000245da613a30 JavaThread "Cache worker for checksums cache (D:\Code\Application\music1\.gradle\9.4.1\checksums)" [_thread_blocked, id=7740, stack(0x0000004870b00000,0x0000004870c00000)]
  0x00000245da610280 JavaThread "Cache worker for cache directory md-supplier (C:\Users\16696\.gradle\caches\9.4.1\md-supplier)" [_thread_blocked, id=26500, stack(0x0000004870f00000,0x0000004871000000)]
  0x00000245da613f40 JavaThread "Cache worker for cache directory md-rule (C:\Users\16696\.gradle\caches\9.4.1\md-rule)" [_thread_blocked, id=9480, stack(0x0000004871200000,0x0000004871300000)]
  0x00000245da610790 JavaThread "Build operations" [_thread_blocked, id=19908, stack(0x0000004871600000,0x0000004871700000)]
  0x00000245da614960 JavaThread "Build operations Thread 2" [_thread_blocked, id=7756, stack(0x0000004871700000,0x0000004871800000)]
  0x00000245da615da0 JavaThread "Build operations Thread 3" [_thread_blocked, id=15712, stack(0x0000004871800000,0x0000004871900000)]
  0x00000245da6162b0 JavaThread "Build operations Thread 4" [_thread_blocked, id=21368, stack(0x0000004871900000,0x0000004871a00000)]
  0x00000245da614e70 JavaThread "Build operations Thread 5" [_thread_blocked, id=22048, stack(0x0000004871a00000,0x0000004871b00000)]
  0x00000245da6171e0 JavaThread "Build operations Thread 6" [_thread_blocked, id=25176, stack(0x0000004871b00000,0x0000004871c00000)]
  0x00000245da614450 JavaThread "Build operations Thread 7" [_thread_blocked, id=22468, stack(0x0000004871c00000,0x0000004871d00000)]
  0x00000245da6176f0 JavaThread "Build operations Thread 8" [_thread_blocked, id=19188, stack(0x0000004871d00000,0x0000004871e00000)]
  0x00000245da6167c0 JavaThread "Build operations Thread 9" [_thread_blocked, id=26448, stack(0x0000004871e00000,0x0000004871f00000)]
  0x00000245da615890 JavaThread "Build operations Thread 10" [_thread_blocked, id=17552, stack(0x0000004871f00000,0x0000004872000000)]
  0x00000245dd772900 JavaThread "included builds" [_thread_blocked, id=20288, stack(0x0000004872600000,0x0000004872700000)]
  0x00000245dd772e10 JavaThread "Execution worker" [_thread_blocked, id=17808, stack(0x0000004872900000,0x0000004872a00000)]
  0x00000245dd770590 JavaThread "Execution worker Thread 2" [_thread_blocked, id=22716, stack(0x0000004872a00000,0x0000004872b00000)]
  0x00000245dd770aa0 JavaThread "Execution worker Thread 3" [_thread_blocked, id=23056, stack(0x0000004872b00000,0x0000004872c00000)]
  0x00000245dd773320 JavaThread "Execution worker Thread 4" [_thread_blocked, id=3332, stack(0x0000004872c00000,0x0000004872d00000)]
  0x00000245dd774250 JavaThread "Execution worker Thread 5" [_thread_blocked, id=22976, stack(0x0000004872d00000,0x0000004872e00000)]
  0x00000245dd774760 JavaThread "Execution worker Thread 6" [_thread_blocked, id=18816, stack(0x0000004872e00000,0x0000004872f00000)]
  0x00000245dd770fb0 JavaThread "Execution worker Thread 7" [_thread_blocked, id=18380, stack(0x0000004872f00000,0x0000004873000000)]
  0x00000245dd777a00 JavaThread "Execution worker Thread 8" [_thread_blocked, id=17488, stack(0x0000004873000000,0x0000004873100000)]
  0x00000245dd7760b0 JavaThread "Execution worker Thread 9" [_thread_blocked, id=26156, stack(0x0000004873100000,0x0000004873200000)]
  0x00000245dd776ad0 JavaThread "Cache worker for execution history cache (D:\Code\Application\music1\.gradle\9.4.1\executionHistory)" [_thread_blocked, id=25152, stack(0x0000004873200000,0x0000004873300000)]
  0x00000245dd775ba0 JavaThread "idea-tooling-model-converter" [_thread_blocked, id=7628, stack(0x0000004873300000,0x0000004873400000)]

Other Threads:
=>0x00000245d2012e80 VMThread "VM Thread" [stack: 0x000000486e600000,0x000000486e700000] [id=25272]
  0x00000245f267c1f0 WatcherThread [stack: 0x000000486f300000,0x000000486f400000] [id=24236]
  0x00000245f26da480 GCTaskThread "GC Thread#0" [stack: 0x000000486e100000,0x000000486e200000] [id=24560]
  0x00000245d714fad0 GCTaskThread "GC Thread#1" [stack: 0x000000486f400000,0x000000486f500000] [id=15252]
  0x00000245d72131f0 GCTaskThread "GC Thread#2" [stack: 0x000000486f500000,0x000000486f600000] [id=25596]
  0x00000245d72134c0 GCTaskThread "GC Thread#3" [stack: 0x000000486f600000,0x000000486f700000] [id=23628]
  0x00000245d76c8a40 GCTaskThread "GC Thread#4" [stack: 0x000000486f700000,0x000000486f800000] [id=18296]
  0x00000245d8ab7dd0 GCTaskThread "GC Thread#5" [stack: 0x0000004870500000,0x0000004870600000] [id=23352]
  0x00000245d8abada0 GCTaskThread "GC Thread#6" [stack: 0x0000004870600000,0x0000004870700000] [id=4832]
  0x00000245d8ab9cc0 GCTaskThread "GC Thread#7" [stack: 0x0000004870700000,0x0000004870800000] [id=18472]
  0x00000245d8abaad0 GCTaskThread "GC Thread#8" [stack: 0x0000004870800000,0x0000004870900000] [id=26292]
  0x00000245f272ab80 ConcurrentGCThread "G1 Main Marker" [stack: 0x000000486e200000,0x000000486e300000] [id=9668]
  0x00000245f272c760 ConcurrentGCThread "G1 Conc#0" [stack: 0x000000486e300000,0x000000486e400000] [id=19976]
  0x00000245d8aba260 ConcurrentGCThread "G1 Conc#1" [stack: 0x0000004870900000,0x0000004870a00000] [id=14328]
  0x00000245ff53de90 ConcurrentGCThread "G1 Refine#0" [stack: 0x000000486e400000,0x000000486e500000] [id=25064]
  0x00000245d8bec360 ConcurrentGCThread "G1 Refine#1" [stack: 0x0000004870e00000,0x0000004870f00000] [id=19424]
  0x00000245dcdc8270 ConcurrentGCThread "G1 Refine#2" [stack: 0x0000004872700000,0x0000004872800000] [id=24460]
  0x00000245dcdc6d70 ConcurrentGCThread "G1 Refine#3" [stack: 0x0000004872800000,0x0000004872900000] [id=18136]
  0x00000245ff53e680 ConcurrentGCThread "G1 Service" [stack: 0x000000486e500000,0x000000486e600000] [id=9208]

Threads with active compile tasks:
C2 CompilerThread0  2043385 20274       4       com.google.common.collect.MapMakerInternalMap$Segment::expand (276 bytes)

VM state: at safepoint (normal execution)

VM Mutex/Monitor currently owned by a thread:  ([mutex/lock_event])
[0x00000245f2678420] Threads_lock - owner thread: 0x00000245d2012e80
[0x00000245f26772b0] Heap_lock - owner thread: 0x00000245d875f8f0

Heap address: 0x0000000080000000, size: 2048 MB, Compressed Oops mode: 32-bit

CDS archive(s) mapped at: [0x0000024591000000-0x0000024591bb0000-0x0000024591bb0000), size 12255232, SharedBaseAddress: 0x0000024591000000, ArchiveRelocationMode: 1.
Compressed class space mapped at: 0x0000024592000000-0x00000245d2000000, reserved size: 1073741824
Narrow klass base: 0x0000024591000000, Narrow klass shift: 0, Narrow klass range: 0x100000000

GC Precious Log:
 CPUs: 10 total, 10 available
 Memory: 15751M
 Large Page Support: Disabled
 NUMA Support: Disabled
 Compressed Oops: Enabled (32-bit)
 Heap Region Size: 1M
 Heap Min Capacity: 8M
 Heap Initial Capacity: 248M
 Heap Max Capacity: 2G
 Pre-touch: Disabled
 Parallel Workers: 9
 Concurrent Workers: 2
 Concurrent Refinement Workers: 9
 Periodic GC: Disabled

Heap:
 garbage-first heap   total 385024K, used 164324K [0x0000000080000000, 0x0000000100000000)
  region size 1024K, 2 young (2048K), 2 survivors (2048K)
 Metaspace       used 116535K, committed 118016K, reserved 1179648K
  class space    used 15972K, committed 16768K, reserved 1048576K

Heap Regions: E=young(eden), S=young(survivor), O=old, HS=humongous(starts), HC=humongous(continues), CS=collection set, F=free, OA=open archive, CA=closed archive, TAMS=top-at-mark-start (previous, next)
|   0|0x0000000080000000, 0x0000000080100000, 0x0000000080100000|100%|HS|  |TAMS 0x0000000080100000, 0x0000000080000000| Complete 
|   1|0x0000000080100000, 0x0000000080200000, 0x0000000080200000|100%|HC|  |TAMS 0x0000000080200000, 0x0000000080100000| Complete 
|   2|0x0000000080200000, 0x0000000080300000, 0x0000000080300000|100%|HC|  |TAMS 0x0000000080300000, 0x0000000080200000| Complete 
|   3|0x0000000080300000, 0x0000000080400000, 0x0000000080400000|100%|HC|  |TAMS 0x0000000080400000, 0x0000000080300000| Complete 
|   4|0x0000000080400000, 0x0000000080500000, 0x0000000080500000|100%| O|  |TAMS 0x0000000080500000, 0x0000000080400000| Untracked 
|   5|0x0000000080500000, 0x0000000080600000, 0x0000000080600000|100%| O|  |TAMS 0x0000000080600000, 0x0000000080500000| Untracked 
|   6|0x0000000080600000, 0x0000000080700000, 0x0000000080700000|100%| O|  |TAMS 0x0000000080700000, 0x0000000080600000| Untracked 
|   7|0x0000000080700000, 0x0000000080800000, 0x0000000080800000|100%| O|  |TAMS 0x0000000080800000, 0x0000000080700000| Untracked 
|   8|0x0000000080800000, 0x0000000080900000, 0x0000000080900000|100%|HS|  |TAMS 0x0000000080900000, 0x0000000080800000| Complete 
|   9|0x0000000080900000, 0x0000000080a00000, 0x0000000080a00000|100%| O|  |TAMS 0x0000000080a00000, 0x0000000080900000| Untracked 
|  10|0x0000000080a00000, 0x0000000080b00000, 0x0000000080b00000|100%| O|  |TAMS 0x0000000080b00000, 0x0000000080a00000| Untracked 
|  11|0x0000000080b00000, 0x0000000080c00000, 0x0000000080c00000|100%| O|  |TAMS 0x0000000080c00000, 0x0000000080b00000| Untracked 
|  12|0x0000000080c00000, 0x0000000080d00000, 0x0000000080d00000|100%| O|  |TAMS 0x0000000080d00000, 0x0000000080c00000| Untracked 
|  13|0x0000000080d00000, 0x0000000080e00000, 0x0000000080e00000|100%| O|  |TAMS 0x0000000080e00000, 0x0000000080d00000| Untracked 
|  14|0x0000000080e00000, 0x0000000080f00000, 0x0000000080f00000|100%| O|  |TAMS 0x0000000080f00000, 0x0000000080e00000| Untracked 
|  15|0x0000000080f00000, 0x0000000081000000, 0x0000000081000000|100%| O|  |TAMS 0x0000000081000000, 0x0000000080f00000| Untracked 
|  16|0x0000000081000000, 0x0000000081100000, 0x0000000081100000|100%| O|  |TAMS 0x0000000081100000, 0x0000000081000000| Untracked 
|  17|0x0000000081100000, 0x0000000081200000, 0x0000000081200000|100%| O|  |TAMS 0x0000000081200000, 0x0000000081100000| Untracked 
|  18|0x0000000081200000, 0x0000000081300000, 0x0000000081300000|100%| O|  |TAMS 0x0000000081300000, 0x0000000081200000| Untracked 
|  19|0x0000000081300000, 0x0000000081400000, 0x0000000081400000|100%| O|  |TAMS 0x0000000081400000, 0x0000000081300000| Untracked 
|  20|0x0000000081400000, 0x0000000081500000, 0x0000000081500000|100%| O|  |TAMS 0x0000000081500000, 0x0000000081400000| Untracked 
|  21|0x0000000081500000, 0x0000000081600000, 0x0000000081600000|100%| O|  |TAMS 0x0000000081600000, 0x0000000081500000| Untracked 
|  22|0x0000000081600000, 0x0000000081700000, 0x0000000081700000|100%| O|  |TAMS 0x0000000081700000, 0x0000000081600000| Untracked 
|  23|0x0000000081700000, 0x0000000081800000, 0x0000000081800000|100%| O|  |TAMS 0x0000000081800000, 0x0000000081700000| Untracked 
|  24|0x0000000081800000, 0x0000000081900000, 0x0000000081900000|100%| O|  |TAMS 0x0000000081900000, 0x0000000081800000| Untracked 
|  25|0x0000000081900000, 0x0000000081a00000, 0x0000000081a00000|100%| O|  |TAMS 0x0000000081a00000, 0x0000000081900000| Untracked 
|  26|0x0000000081a00000, 0x0000000081b00000, 0x0000000081b00000|100%| O|  |TAMS 0x0000000081b00000, 0x0000000081a00000| Untracked 
|  27|0x0000000081b00000, 0x0000000081c00000, 0x0000000081c00000|100%| O|  |TAMS 0x0000000081c00000, 0x0000000081b00000| Untracked 
|  28|0x0000000081c00000, 0x0000000081d00000, 0x0000000081d00000|100%| O|  |TAMS 0x0000000081d00000, 0x0000000081c00000| Untracked 
|  29|0x0000000081d00000, 0x0000000081e00000, 0x0000000081e00000|100%| O|  |TAMS 0x0000000081e00000, 0x0000000081d00000| Untracked 
|  30|0x0000000081e00000, 0x0000000081f00000, 0x0000000081f00000|100%| O|  |TAMS 0x0000000081e00000, 0x0000000081e00000| Untracked 
|  31|0x0000000081f00000, 0x0000000082000000, 0x0000000082000000|100%| O|  |TAMS 0x0000000082000000, 0x0000000081f00000| Untracked 
|  32|0x0000000082000000, 0x0000000082100000, 0x0000000082100000|100%| O|  |TAMS 0x0000000082100000, 0x0000000082000000| Untracked 
|  33|0x0000000082100000, 0x0000000082200000, 0x0000000082200000|100%| O|  |TAMS 0x0000000082200000, 0x0000000082100000| Untracked 
|  34|0x0000000082200000, 0x0000000082300000, 0x0000000082300000|100%| O|  |TAMS 0x0000000082300000, 0x0000000082200000| Untracked 
|  35|0x0000000082300000, 0x0000000082400000, 0x0000000082400000|100%| O|  |TAMS 0x0000000082300000, 0x0000000082300000| Untracked 
|  36|0x0000000082400000, 0x0000000082500000, 0x0000000082500000|100%| O|  |TAMS 0x0000000082500000, 0x0000000082400000| Untracked 
|  37|0x0000000082500000, 0x0000000082600000, 0x0000000082600000|100%| O|  |TAMS 0x0000000082600000, 0x0000000082500000| Untracked 
|  38|0x0000000082600000, 0x0000000082700000, 0x0000000082700000|100%| O|  |TAMS 0x0000000082700000, 0x0000000082600000| Untracked 
|  39|0x0000000082700000, 0x0000000082800000, 0x0000000082800000|100%| O|  |TAMS 0x0000000082800000, 0x0000000082700000| Untracked 
|  40|0x0000000082800000, 0x0000000082900000, 0x0000000082900000|100%| O|  |TAMS 0x0000000082900000, 0x0000000082800000| Untracked 
|  41|0x0000000082900000, 0x0000000082a00000, 0x0000000082a00000|100%| O|  |TAMS 0x0000000082a00000, 0x0000000082900000| Untracked 
|  42|0x0000000082a00000, 0x0000000082b00000, 0x0000000082b00000|100%| O|  |TAMS 0x0000000082a00000, 0x0000000082a00000| Untracked 
|  43|0x0000000082b00000, 0x0000000082c00000, 0x0000000082c00000|100%|HS|  |TAMS 0x0000000082c00000, 0x0000000082b00000| Complete 
|  44|0x0000000082c00000, 0x0000000082d00000, 0x0000000082d00000|100%| O|  |TAMS 0x0000000082d00000, 0x0000000082c00000| Untracked 
|  45|0x0000000082d00000, 0x0000000082d00000, 0x0000000082e00000|  0%| F|  |TAMS 0x0000000082d00000, 0x0000000082d00000| Untracked 
|  46|0x0000000082e00000, 0x0000000082f00000, 0x0000000082f00000|100%|HS|  |TAMS 0x0000000082f00000, 0x0000000082e00000| Complete 
|  47|0x0000000082f00000, 0x0000000083000000, 0x0000000083000000|100%| O|  |TAMS 0x0000000083000000, 0x0000000082f00000| Untracked 
|  48|0x0000000083000000, 0x0000000083100000, 0x0000000083100000|100%| O|  |TAMS 0x0000000083100000, 0x0000000083000000| Untracked 
|  49|0x0000000083100000, 0x0000000083200000, 0x0000000083200000|100%|HS|  |TAMS 0x0000000083200000, 0x0000000083100000| Complete 
|  50|0x0000000083200000, 0x0000000083300000, 0x0000000083300000|100%| O|  |TAMS 0x0000000083200000, 0x0000000083200000| Untracked 
|  51|0x0000000083300000, 0x0000000083400000, 0x0000000083400000|100%| O|  |TAMS 0x0000000083400000, 0x0000000083300000| Untracked 
|  52|0x0000000083400000, 0x0000000083500000, 0x0000000083500000|100%|HS|  |TAMS 0x0000000083500000, 0x0000000083400000| Complete 
|  53|0x0000000083500000, 0x0000000083600000, 0x0000000083600000|100%|HC|  |TAMS 0x0000000083600000, 0x0000000083500000| Complete 
|  54|0x0000000083600000, 0x0000000083700000, 0x0000000083700000|100%|HS|  |TAMS 0x0000000083700000, 0x0000000083600000| Complete 
|  55|0x0000000083700000, 0x0000000083800000, 0x0000000083800000|100%|HS|  |TAMS 0x0000000083800000, 0x0000000083700000| Complete 
|  56|0x0000000083800000, 0x0000000083900000, 0x0000000083900000|100%|HS|  |TAMS 0x0000000083900000, 0x0000000083800000| Complete 
|  57|0x0000000083900000, 0x0000000083a00000, 0x0000000083a00000|100%| O|  |TAMS 0x0000000083a00000, 0x0000000083900000| Untracked 
|  58|0x0000000083a00000, 0x0000000083b00000, 0x0000000083b00000|100%| O|  |TAMS 0x0000000083b00000, 0x0000000083a00000| Untracked 
|  59|0x0000000083b00000, 0x0000000083c00000, 0x0000000083c00000|100%| O|  |TAMS 0x0000000083c00000, 0x0000000083b00000| Untracked 
|  60|0x0000000083c00000, 0x0000000083d00000, 0x0000000083d00000|100%|HS|  |TAMS 0x0000000083d00000, 0x0000000083c00000| Complete 
|  61|0x0000000083d00000, 0x0000000083e00000, 0x0000000083e00000|100%| O|  |TAMS 0x0000000083e00000, 0x0000000083d00000| Untracked 
|  62|0x0000000083e00000, 0x0000000083f00000, 0x0000000083f00000|100%|HS|  |TAMS 0x0000000083f00000, 0x0000000083e00000| Complete 
|  63|0x0000000083f00000, 0x0000000084000000, 0x0000000084000000|100%|HC|  |TAMS 0x0000000084000000, 0x0000000083f00000| Complete 
|  64|0x0000000084000000, 0x0000000084100000, 0x0000000084100000|100%| O|  |TAMS 0x0000000084100000, 0x0000000084000000| Untracked 
|  65|0x0000000084100000, 0x0000000084200000, 0x0000000084200000|100%| O|  |TAMS 0x0000000084200000, 0x0000000084100000| Untracked 
|  66|0x0000000084200000, 0x0000000084300000, 0x0000000084300000|100%| O|  |TAMS 0x0000000084300000, 0x0000000084200000| Untracked 
|  67|0x0000000084300000, 0x0000000084400000, 0x0000000084400000|100%|HS|  |TAMS 0x0000000084400000, 0x0000000084300000| Complete 
|  68|0x0000000084400000, 0x0000000084500000, 0x0000000084500000|100%| O|  |TAMS 0x0000000084500000, 0x0000000084400000| Untracked 
|  69|0x0000000084500000, 0x0000000084500000, 0x0000000084600000|  0%| F|  |TAMS 0x0000000084500000, 0x0000000084500000| Untracked 
|  70|0x0000000084600000, 0x0000000084600000, 0x0000000084700000|  0%| F|  |TAMS 0x0000000084600000, 0x0000000084600000| Untracked 
|  71|0x0000000084700000, 0x0000000084800000, 0x0000000084800000|100%| O|  |TAMS 0x0000000084800000, 0x0000000084700000| Untracked 
|  72|0x0000000084800000, 0x0000000084900000, 0x0000000084900000|100%| O|  |TAMS 0x0000000084900000, 0x0000000084800000| Untracked 
|  73|0x0000000084900000, 0x0000000084900000, 0x0000000084a00000|  0%| F|  |TAMS 0x0000000084900000, 0x0000000084900000| Untracked 
|  74|0x0000000084a00000, 0x0000000084b00000, 0x0000000084b00000|100%| O|  |TAMS 0x0000000084b00000, 0x0000000084a00000| Untracked 
|  75|0x0000000084b00000, 0x0000000084c00000, 0x0000000084c00000|100%| O|  |TAMS 0x0000000084c00000, 0x0000000084b00000| Untracked 
|  76|0x0000000084c00000, 0x0000000084d00000, 0x0000000084d00000|100%| O|  |TAMS 0x0000000084d00000, 0x0000000084c00000| Untracked 
|  77|0x0000000084d00000, 0x0000000084e00000, 0x0000000084e00000|100%| O|  |TAMS 0x0000000084e00000, 0x0000000084d00000| Untracked 
|  78|0x0000000084e00000, 0x0000000084f00000, 0x0000000084f00000|100%| O|  |TAMS 0x0000000084f00000, 0x0000000084e00000| Untracked 
|  79|0x0000000084f00000, 0x0000000085000000, 0x0000000085000000|100%| O|  |TAMS 0x0000000085000000, 0x0000000084f00000| Untracked 
|  80|0x0000000085000000, 0x0000000085000000, 0x0000000085100000|  0%| F|  |TAMS 0x0000000085000000, 0x0000000085000000| Untracked 
|  81|0x0000000085100000, 0x0000000085200000, 0x0000000085200000|100%| O|  |TAMS 0x0000000085200000, 0x0000000085100000| Untracked 
|  82|0x0000000085200000, 0x0000000085300000, 0x0000000085300000|100%| O|  |TAMS 0x0000000085300000, 0x0000000085200000| Untracked 
|  83|0x0000000085300000, 0x0000000085400000, 0x0000000085400000|100%| O|  |TAMS 0x0000000085400000, 0x0000000085300000| Untracked 
|  84|0x0000000085400000, 0x0000000085500000, 0x0000000085500000|100%| O|  |TAMS 0x0000000085500000, 0x0000000085400000| Untracked 
|  85|0x0000000085500000, 0x0000000085600000, 0x0000000085600000|100%| O|  |TAMS 0x0000000085600000, 0x0000000085500000| Untracked 
|  86|0x0000000085600000, 0x0000000085700000, 0x0000000085700000|100%| O|  |TAMS 0x0000000085700000, 0x0000000085600000| Untracked 
|  87|0x0000000085700000, 0x0000000085800000, 0x0000000085800000|100%| O|  |TAMS 0x0000000085800000, 0x0000000085700000| Untracked 
|  88|0x0000000085800000, 0x0000000085900000, 0x0000000085900000|100%| O|  |TAMS 0x0000000085900000, 0x0000000085800000| Untracked 
|  89|0x0000000085900000, 0x0000000085a00000, 0x0000000085a00000|100%| O|  |TAMS 0x0000000085a00000, 0x0000000085900000| Untracked 
|  90|0x0000000085a00000, 0x0000000085b00000, 0x0000000085b00000|100%| O|  |TAMS 0x0000000085b00000, 0x0000000085a00000| Untracked 
|  91|0x0000000085b00000, 0x0000000085c00000, 0x0000000085c00000|100%| O|  |TAMS 0x0000000085c00000, 0x0000000085b00000| Untracked 
|  92|0x0000000085c00000, 0x0000000085d00000, 0x0000000085d00000|100%| O|  |TAMS 0x0000000085d00000, 0x0000000085c00000| Untracked 
|  93|0x0000000085d00000, 0x0000000085e00000, 0x0000000085e00000|100%| O|  |TAMS 0x0000000085e00000, 0x0000000085d00000| Untracked 
|  94|0x0000000085e00000, 0x0000000085f00000, 0x0000000085f00000|100%| O|  |TAMS 0x0000000085f00000, 0x0000000085e00000| Untracked 
|  95|0x0000000085f00000, 0x0000000086000000, 0x0000000086000000|100%| O|  |TAMS 0x0000000086000000, 0x0000000085f00000| Untracked 
|  96|0x0000000086000000, 0x0000000086000000, 0x0000000086100000|  0%| F|  |TAMS 0x0000000086000000, 0x0000000086000000| Untracked 
|  97|0x0000000086100000, 0x0000000086200000, 0x0000000086200000|100%| O|  |TAMS 0x0000000086200000, 0x0000000086100000| Untracked 
|  98|0x0000000086200000, 0x0000000086300000, 0x0000000086300000|100%|HS|  |TAMS 0x0000000086200000, 0x0000000086200000| Complete 
|  99|0x0000000086300000, 0x0000000086300000, 0x0000000086400000|  0%| F|  |TAMS 0x0000000086300000, 0x0000000086300000| Untracked 
| 100|0x0000000086400000, 0x0000000086500000, 0x0000000086500000|100%| O|  |TAMS 0x0000000086500000, 0x0000000086400000| Untracked 
| 101|0x0000000086500000, 0x0000000086500000, 0x0000000086600000|  0%| F|  |TAMS 0x0000000086500000, 0x0000000086500000| Untracked 
| 102|0x0000000086600000, 0x0000000086600000, 0x0000000086700000|  0%| F|  |TAMS 0x0000000086600000, 0x0000000086600000| Untracked 
| 103|0x0000000086700000, 0x0000000086800000, 0x0000000086800000|100%| O|  |TAMS 0x0000000086800000, 0x0000000086700000| Untracked 
| 104|0x0000000086800000, 0x0000000086800000, 0x0000000086900000|  0%| F|  |TAMS 0x0000000086800000, 0x0000000086800000| Untracked 
| 105|0x0000000086900000, 0x0000000086a00000, 0x0000000086a00000|100%| O|  |TAMS 0x0000000086a00000, 0x0000000086900000| Untracked 
| 106|0x0000000086a00000, 0x0000000086b00000, 0x0000000086b00000|100%| O|  |TAMS 0x0000000086b00000, 0x0000000086a00000| Untracked 
| 107|0x0000000086b00000, 0x0000000086c00000, 0x0000000086c00000|100%|HS|  |TAMS 0x0000000086b00000, 0x0000000086b00000| Complete 
| 108|0x0000000086c00000, 0x0000000086c00000, 0x0000000086d00000|  0%| F|  |TAMS 0x0000000086c00000, 0x0000000086c00000| Untracked 
| 109|0x0000000086d00000, 0x0000000086d00000, 0x0000000086e00000|  0%| F|  |TAMS 0x0000000086d00000, 0x0000000086d00000| Untracked 
| 110|0x0000000086e00000, 0x0000000086f00000, 0x0000000086f00000|100%|HS|  |TAMS 0x0000000086e00000, 0x0000000086e00000| Complete 
| 111|0x0000000086f00000, 0x0000000087000000, 0x0000000087000000|100%| O|  |TAMS 0x0000000087000000, 0x0000000086f00000| Untracked 
| 112|0x0000000087000000, 0x0000000087100000, 0x0000000087100000|100%| O|  |TAMS 0x0000000087100000, 0x0000000087000000| Untracked 
| 113|0x0000000087100000, 0x0000000087200000, 0x0000000087200000|100%| O|  |TAMS 0x0000000087200000, 0x0000000087100000| Untracked 
| 114|0x0000000087200000, 0x0000000087300000, 0x0000000087300000|100%| O|  |TAMS 0x0000000087300000, 0x0000000087200000| Untracked 
| 115|0x0000000087300000, 0x0000000087300000, 0x0000000087400000|  0%| F|  |TAMS 0x0000000087300000, 0x0000000087300000| Untracked 
| 116|0x0000000087400000, 0x0000000087400000, 0x0000000087500000|  0%| F|  |TAMS 0x0000000087400000, 0x0000000087400000| Untracked 
| 117|0x0000000087500000, 0x0000000087600000, 0x0000000087600000|100%| O|  |TAMS 0x0000000087500000, 0x0000000087500000| Untracked 
| 118|0x0000000087600000, 0x0000000087700000, 0x0000000087700000|100%| O|  |TAMS 0x0000000087600000, 0x0000000087600000| Untracked 
| 119|0x0000000087700000, 0x0000000087800000, 0x0000000087800000|100%| O|  |TAMS 0x0000000087700000, 0x0000000087700000| Untracked 
| 120|0x0000000087800000, 0x0000000087900000, 0x0000000087900000|100%| O|  |TAMS 0x0000000087800000, 0x0000000087800000| Untracked 
| 121|0x0000000087900000, 0x0000000087a00000, 0x0000000087a00000|100%| O|  |TAMS 0x0000000087900000, 0x0000000087900000| Untracked 
| 122|0x0000000087a00000, 0x0000000087b00000, 0x0000000087b00000|100%| O|  |TAMS 0x0000000087a00000, 0x0000000087a00000| Untracked 
| 123|0x0000000087b00000, 0x0000000087c00000, 0x0000000087c00000|100%| O|  |TAMS 0x0000000087b00000, 0x0000000087b00000| Untracked 
| 124|0x0000000087c00000, 0x0000000087d00000, 0x0000000087d00000|100%| O|  |TAMS 0x0000000087c00000, 0x0000000087c00000| Untracked 
| 125|0x0000000087d00000, 0x0000000087d00000, 0x0000000087e00000|  0%| F|  |TAMS 0x0000000087d00000, 0x0000000087d00000| Untracked 
| 126|0x0000000087e00000, 0x0000000087e00000, 0x0000000087f00000|  0%| F|  |TAMS 0x0000000087e00000, 0x0000000087e00000| Untracked 
| 127|0x0000000087f00000, 0x0000000087f00000, 0x0000000088000000|  0%| F|  |TAMS 0x0000000087f00000, 0x0000000087f00000| Untracked 
| 128|0x0000000088000000, 0x0000000088000000, 0x0000000088100000|  0%| F|  |TAMS 0x0000000088000000, 0x0000000088000000| Untracked 
| 129|0x0000000088100000, 0x0000000088100000, 0x0000000088200000|  0%| F|  |TAMS 0x0000000088100000, 0x0000000088100000| Untracked 
| 130|0x0000000088200000, 0x0000000088300000, 0x0000000088300000|100%|HS|  |TAMS 0x0000000088200000, 0x0000000088200000| Complete 
| 131|0x0000000088300000, 0x0000000088300000, 0x0000000088400000|  0%| F|  |TAMS 0x0000000088300000, 0x0000000088300000| Untracked 
| 132|0x0000000088400000, 0x0000000088400000, 0x0000000088500000|  0%| F|  |TAMS 0x0000000088400000, 0x0000000088400000| Untracked 
| 133|0x0000000088500000, 0x0000000088500000, 0x0000000088600000|  0%| F|  |TAMS 0x0000000088500000, 0x0000000088500000| Untracked 
| 134|0x0000000088600000, 0x0000000088600000, 0x0000000088700000|  0%| F|  |TAMS 0x0000000088600000, 0x0000000088600000| Untracked 
| 135|0x0000000088700000, 0x0000000088700000, 0x0000000088800000|  0%| F|  |TAMS 0x0000000088700000, 0x0000000088700000| Untracked 
| 136|0x0000000088800000, 0x0000000088800000, 0x0000000088900000|  0%| F|  |TAMS 0x0000000088800000, 0x0000000088800000| Untracked 
| 137|0x0000000088900000, 0x0000000088900000, 0x0000000088a00000|  0%| F|  |TAMS 0x0000000088900000, 0x0000000088900000| Untracked 
| 138|0x0000000088a00000, 0x0000000088a00000, 0x0000000088b00000|  0%| F|  |TAMS 0x0000000088a00000, 0x0000000088a00000| Untracked 
| 139|0x0000000088b00000, 0x0000000088b00000, 0x0000000088c00000|  0%| F|  |TAMS 0x0000000088b00000, 0x0000000088b00000| Untracked 
| 140|0x0000000088c00000, 0x0000000088c00000, 0x0000000088d00000|  0%| F|  |TAMS 0x0000000088c00000, 0x0000000088c00000| Untracked 
| 141|0x0000000088d00000, 0x0000000088d00000, 0x0000000088e00000|  0%| F|  |TAMS 0x0000000088d00000, 0x0000000088d00000| Untracked 
| 142|0x0000000088e00000, 0x0000000088e00000, 0x0000000088f00000|  0%| F|  |TAMS 0x0000000088e00000, 0x0000000088e00000| Untracked 
| 143|0x0000000088f00000, 0x0000000088f00000, 0x0000000089000000|  0%| F|  |TAMS 0x0000000088f00000, 0x0000000088f00000| Untracked 
| 144|0x0000000089000000, 0x0000000089000000, 0x0000000089100000|  0%| F|  |TAMS 0x0000000089000000, 0x0000000089000000| Untracked 
| 145|0x0000000089100000, 0x0000000089100000, 0x0000000089200000|  0%| F|  |TAMS 0x0000000089100000, 0x0000000089100000| Untracked 
| 146|0x0000000089200000, 0x0000000089300000, 0x0000000089300000|100%| O|  |TAMS 0x0000000089300000, 0x0000000089200000| Untracked 
| 147|0x0000000089300000, 0x0000000089300000, 0x0000000089400000|  0%| F|  |TAMS 0x0000000089300000, 0x0000000089300000| Untracked 
| 148|0x0000000089400000, 0x0000000089500000, 0x0000000089500000|100%| O|  |TAMS 0x0000000089500000, 0x0000000089400000| Untracked 
| 149|0x0000000089500000, 0x0000000089500000, 0x0000000089600000|  0%| F|  |TAMS 0x0000000089500000, 0x0000000089500000| Untracked 
| 150|0x0000000089600000, 0x0000000089600000, 0x0000000089700000|  0%| F|  |TAMS 0x0000000089600000, 0x0000000089600000| Untracked 
| 151|0x0000000089700000, 0x0000000089700000, 0x0000000089800000|  0%| F|  |TAMS 0x0000000089700000, 0x0000000089700000| Untracked 
| 152|0x0000000089800000, 0x0000000089900000, 0x0000000089900000|100%| O|  |TAMS 0x0000000089800000, 0x0000000089800000| Untracked 
| 153|0x0000000089900000, 0x0000000089a00000, 0x0000000089a00000|100%| O|  |TAMS 0x0000000089a00000, 0x0000000089900000| Untracked 
| 154|0x0000000089a00000, 0x0000000089b00000, 0x0000000089b00000|100%| O|  |TAMS 0x0000000089a00000, 0x0000000089a00000| Untracked 
| 155|0x0000000089b00000, 0x0000000089b00000, 0x0000000089c00000|  0%| F|  |TAMS 0x0000000089b00000, 0x0000000089b00000| Untracked 
| 156|0x0000000089c00000, 0x0000000089c00000, 0x0000000089d00000|  0%| F|  |TAMS 0x0000000089c00000, 0x0000000089c00000| Untracked 
| 157|0x0000000089d00000, 0x0000000089e00000, 0x0000000089e00000|100%| O|  |TAMS 0x0000000089d35600, 0x0000000089d00000| Untracked 
| 158|0x0000000089e00000, 0x0000000089f00000, 0x0000000089f00000|100%| O|  |TAMS 0x0000000089e00000, 0x0000000089e00000| Untracked 
| 159|0x0000000089f00000, 0x000000008a000000, 0x000000008a000000|100%| O|  |TAMS 0x0000000089f00000, 0x0000000089f00000| Untracked 
| 160|0x000000008a000000, 0x000000008a100000, 0x000000008a100000|100%| O|  |TAMS 0x000000008a000000, 0x000000008a000000| Untracked 
| 161|0x000000008a100000, 0x000000008a200000, 0x000000008a200000|100%| O|  |TAMS 0x000000008a100000, 0x000000008a100000| Untracked 
| 162|0x000000008a200000, 0x000000008a300000, 0x000000008a300000|100%| O|  |TAMS 0x000000008a200000, 0x000000008a200000| Untracked 
| 163|0x000000008a300000, 0x000000008a400000, 0x000000008a400000|100%| O|  |TAMS 0x000000008a300000, 0x000000008a300000| Untracked 
| 164|0x000000008a400000, 0x000000008a500000, 0x000000008a500000|100%|HS|  |TAMS 0x000000008a400000, 0x000000008a400000| Complete 
| 165|0x000000008a500000, 0x000000008a600000, 0x000000008a600000|100%|HC|  |TAMS 0x000000008a500000, 0x000000008a500000| Complete 
| 166|0x000000008a600000, 0x000000008a700000, 0x000000008a700000|100%|HC|  |TAMS 0x000000008a600000, 0x000000008a600000| Complete 
| 167|0x000000008a700000, 0x000000008a800000, 0x000000008a800000|100%|HC|  |TAMS 0x000000008a700000, 0x000000008a700000| Complete 
| 168|0x000000008a800000, 0x000000008a900000, 0x000000008a900000|100%|HC|  |TAMS 0x000000008a800000, 0x000000008a800000| Complete 
| 169|0x000000008a900000, 0x000000008aa00000, 0x000000008aa00000|100%|HC|  |TAMS 0x000000008a900000, 0x000000008a900000| Complete 
| 170|0x000000008aa00000, 0x000000008ab00000, 0x000000008ab00000|100%|HS|  |TAMS 0x000000008aa00000, 0x000000008aa00000| Complete 
| 171|0x000000008ab00000, 0x000000008ac00000, 0x000000008ac00000|100%|HC|  |TAMS 0x000000008ab00000, 0x000000008ab00000| Complete 
| 172|0x000000008ac00000, 0x000000008ad00000, 0x000000008ad00000|100%|HC|  |TAMS 0x000000008ac00000, 0x000000008ac00000| Complete 
| 173|0x000000008ad00000, 0x000000008ae00000, 0x000000008ae00000|100%|HC|  |TAMS 0x000000008ad00000, 0x000000008ad00000| Complete 
| 174|0x000000008ae00000, 0x000000008af00000, 0x000000008af00000|100%|HC|  |TAMS 0x000000008ae00000, 0x000000008ae00000| Complete 
| 175|0x000000008af00000, 0x000000008b000000, 0x000000008b000000|100%|HC|  |TAMS 0x000000008af00000, 0x000000008af00000| Complete 
| 176|0x000000008b000000, 0x000000008b100000, 0x000000008b100000|100%| O|  |TAMS 0x000000008b000000, 0x000000008b000000| Untracked 
| 177|0x000000008b100000, 0x000000008b200000, 0x000000008b200000|100%| O|  |TAMS 0x000000008b100000, 0x000000008b100000| Untracked 
| 178|0x000000008b200000, 0x000000008b300000, 0x000000008b300000|100%| O|  |TAMS 0x000000008b200000, 0x000000008b200000| Untracked 
| 179|0x000000008b300000, 0x000000008b400000, 0x000000008b400000|100%| O|  |TAMS 0x000000008b300000, 0x000000008b300000| Untracked 
| 180|0x000000008b400000, 0x000000008b500000, 0x000000008b500000|100%| O|  |TAMS 0x000000008b400000, 0x000000008b400000| Untracked 
| 181|0x000000008b500000, 0x000000008b600000, 0x000000008b600000|100%| O|  |TAMS 0x000000008b500000, 0x000000008b500000| Untracked 
| 182|0x000000008b600000, 0x000000008b700000, 0x000000008b700000|100%| O|  |TAMS 0x000000008b600000, 0x000000008b600000| Untracked 
| 183|0x000000008b700000, 0x000000008b800000, 0x000000008b800000|100%| O|  |TAMS 0x000000008b700000, 0x000000008b700000| Untracked 
| 184|0x000000008b800000, 0x000000008b900000, 0x000000008b900000|100%| O|  |TAMS 0x000000008b800000, 0x000000008b800000| Untracked 
| 185|0x000000008b900000, 0x000000008ba00000, 0x000000008ba00000|100%| O|  |TAMS 0x000000008b900000, 0x000000008b900000| Untracked 
| 186|0x000000008ba00000, 0x000000008bb00000, 0x000000008bb00000|100%| O|  |TAMS 0x000000008ba00000, 0x000000008ba00000| Untracked 
| 187|0x000000008bb00000, 0x000000008bc00000, 0x000000008bc00000|100%| O|  |TAMS 0x000000008bb00000, 0x000000008bb00000| Untracked 
| 188|0x000000008bc00000, 0x000000008bd00000, 0x000000008bd00000|100%| O|  |TAMS 0x000000008bc00000, 0x000000008bc00000| Untracked 
| 189|0x000000008bd00000, 0x000000008be00000, 0x000000008be00000|100%| O|  |TAMS 0x000000008bd00000, 0x000000008bd00000| Untracked 
| 190|0x000000008be00000, 0x000000008bf00000, 0x000000008bf00000|100%| O|  |TAMS 0x000000008be00000, 0x000000008be00000| Untracked 
| 191|0x000000008bf00000, 0x000000008c000000, 0x000000008c000000|100%| O|  |TAMS 0x000000008bf00000, 0x000000008bf00000| Untracked 
| 192|0x000000008c000000, 0x000000008c100000, 0x000000008c100000|100%| O|  |TAMS 0x000000008c000000, 0x000000008c000000| Untracked 
| 193|0x000000008c100000, 0x000000008c200000, 0x000000008c200000|100%| O|  |TAMS 0x000000008c100000, 0x000000008c100000| Untracked 
| 194|0x000000008c200000, 0x000000008c300000, 0x000000008c300000|100%| O|  |TAMS 0x000000008c200000, 0x000000008c200000| Untracked 
| 195|0x000000008c300000, 0x000000008c400000, 0x000000008c400000|100%| O|  |TAMS 0x000000008c300000, 0x000000008c300000| Untracked 
| 196|0x000000008c400000, 0x000000008c500000, 0x000000008c500000|100%| O|  |TAMS 0x000000008c400000, 0x000000008c400000| Untracked 
| 197|0x000000008c500000, 0x000000008c600000, 0x000000008c600000|100%| O|  |TAMS 0x000000008c500000, 0x000000008c500000| Untracked 
| 198|0x000000008c600000, 0x000000008c700000, 0x000000008c700000|100%| O|  |TAMS 0x000000008c600000, 0x000000008c600000| Untracked 
| 199|0x000000008c700000, 0x000000008c700000, 0x000000008c800000|  0%| F|  |TAMS 0x000000008c700000, 0x000000008c700000| Untracked 
| 200|0x000000008c800000, 0x000000008c800000, 0x000000008c900000|  0%| F|  |TAMS 0x000000008c800000, 0x000000008c800000| Untracked 
| 201|0x000000008c900000, 0x000000008c900000, 0x000000008ca00000|  0%| F|  |TAMS 0x000000008c900000, 0x000000008c900000| Untracked 
| 202|0x000000008ca00000, 0x000000008ca00000, 0x000000008cb00000|  0%| F|  |TAMS 0x000000008ca00000, 0x000000008ca00000| Untracked 
| 203|0x000000008cb00000, 0x000000008cb00000, 0x000000008cc00000|  0%| F|  |TAMS 0x000000008cb00000, 0x000000008cb00000| Untracked 
| 204|0x000000008cc00000, 0x000000008cc00000, 0x000000008cd00000|  0%| F|  |TAMS 0x000000008cc00000, 0x000000008cc00000| Untracked 
| 205|0x000000008cd00000, 0x000000008cd00000, 0x000000008ce00000|  0%| F|  |TAMS 0x000000008cd00000, 0x000000008cd00000| Untracked 
| 206|0x000000008ce00000, 0x000000008ce00000, 0x000000008cf00000|  0%| F|  |TAMS 0x000000008ce00000, 0x000000008ce00000| Untracked 
| 207|0x000000008cf00000, 0x000000008cf00000, 0x000000008d000000|  0%| F|  |TAMS 0x000000008cf00000, 0x000000008cf00000| Untracked 
| 208|0x000000008d000000, 0x000000008d000000, 0x000000008d100000|  0%| F|  |TAMS 0x000000008d000000, 0x000000008d000000| Untracked 
| 209|0x000000008d100000, 0x000000008d100000, 0x000000008d200000|  0%| F|  |TAMS 0x000000008d100000, 0x000000008d100000| Untracked 
| 210|0x000000008d200000, 0x000000008d200000, 0x000000008d300000|  0%| F|  |TAMS 0x000000008d200000, 0x000000008d200000| Untracked 
| 211|0x000000008d300000, 0x000000008d300000, 0x000000008d400000|  0%| F|  |TAMS 0x000000008d300000, 0x000000008d300000| Untracked 
| 212|0x000000008d400000, 0x000000008d400000, 0x000000008d500000|  0%| F|  |TAMS 0x000000008d400000, 0x000000008d400000| Untracked 
| 213|0x000000008d500000, 0x000000008d500000, 0x000000008d600000|  0%| F|  |TAMS 0x000000008d500000, 0x000000008d500000| Untracked 
| 214|0x000000008d600000, 0x000000008d600000, 0x000000008d700000|  0%| F|  |TAMS 0x000000008d600000, 0x000000008d600000| Untracked 
| 215|0x000000008d700000, 0x000000008d700000, 0x000000008d800000|  0%| F|  |TAMS 0x000000008d700000, 0x000000008d700000| Untracked 
| 216|0x000000008d800000, 0x000000008d800000, 0x000000008d900000|  0%| F|  |TAMS 0x000000008d800000, 0x000000008d800000| Untracked 
| 217|0x000000008d900000, 0x000000008d900000, 0x000000008da00000|  0%| F|  |TAMS 0x000000008d900000, 0x000000008d900000| Untracked 
| 218|0x000000008da00000, 0x000000008da00000, 0x000000008db00000|  0%| F|  |TAMS 0x000000008da00000, 0x000000008da00000| Untracked 
| 219|0x000000008db00000, 0x000000008db00000, 0x000000008dc00000|  0%| F|  |TAMS 0x000000008db00000, 0x000000008db00000| Untracked 
| 220|0x000000008dc00000, 0x000000008dc00000, 0x000000008dd00000|  0%| F|  |TAMS 0x000000008dc00000, 0x000000008dc00000| Untracked 
| 221|0x000000008dd00000, 0x000000008dd00000, 0x000000008de00000|  0%| F|  |TAMS 0x000000008dd00000, 0x000000008dd00000| Untracked 
| 222|0x000000008de00000, 0x000000008de00000, 0x000000008df00000|  0%| F|  |TAMS 0x000000008de00000, 0x000000008de00000| Untracked 
| 223|0x000000008df00000, 0x000000008df00000, 0x000000008e000000|  0%| F|  |TAMS 0x000000008df00000, 0x000000008df00000| Untracked 
| 224|0x000000008e000000, 0x000000008e000000, 0x000000008e100000|  0%| F|  |TAMS 0x000000008e000000, 0x000000008e000000| Untracked 
| 225|0x000000008e100000, 0x000000008e100000, 0x000000008e200000|  0%| F|  |TAMS 0x000000008e100000, 0x000000008e100000| Untracked 
| 226|0x000000008e200000, 0x000000008e200000, 0x000000008e300000|  0%| F|  |TAMS 0x000000008e200000, 0x000000008e200000| Untracked 
| 227|0x000000008e300000, 0x000000008e300000, 0x000000008e400000|  0%| F|  |TAMS 0x000000008e300000, 0x000000008e300000| Untracked 
| 228|0x000000008e400000, 0x000000008e400000, 0x000000008e500000|  0%| F|  |TAMS 0x000000008e400000, 0x000000008e400000| Untracked 
| 229|0x000000008e500000, 0x000000008e500000, 0x000000008e600000|  0%| F|  |TAMS 0x000000008e500000, 0x000000008e500000| Untracked 
| 230|0x000000008e600000, 0x000000008e600000, 0x000000008e700000|  0%| F|  |TAMS 0x000000008e600000, 0x000000008e600000| Untracked 
| 231|0x000000008e700000, 0x000000008e700000, 0x000000008e800000|  0%| F|  |TAMS 0x000000008e700000, 0x000000008e700000| Untracked 
| 232|0x000000008e800000, 0x000000008e800000, 0x000000008e900000|  0%| F|  |TAMS 0x000000008e800000, 0x000000008e800000| Untracked 
| 233|0x000000008e900000, 0x000000008e900000, 0x000000008ea00000|  0%| F|  |TAMS 0x000000008e900000, 0x000000008e900000| Untracked 
| 234|0x000000008ea00000, 0x000000008ea00000, 0x000000008eb00000|  0%| F|  |TAMS 0x000000008ea00000, 0x000000008ea00000| Untracked 
| 235|0x000000008eb00000, 0x000000008eb00000, 0x000000008ec00000|  0%| F|  |TAMS 0x000000008eb00000, 0x000000008eb00000| Untracked 
| 236|0x000000008ec00000, 0x000000008ec00000, 0x000000008ed00000|  0%| F|  |TAMS 0x000000008ec00000, 0x000000008ec00000| Untracked 
| 237|0x000000008ed00000, 0x000000008ed00000, 0x000000008ee00000|  0%| F|  |TAMS 0x000000008ed00000, 0x000000008ed00000| Untracked 
| 238|0x000000008ee00000, 0x000000008ee00000, 0x000000008ef00000|  0%| F|  |TAMS 0x000000008ee00000, 0x000000008ee00000| Untracked 
| 239|0x000000008ef00000, 0x000000008ef00000, 0x000000008f000000|  0%| F|  |TAMS 0x000000008ef00000, 0x000000008ef00000| Untracked 
| 240|0x000000008f000000, 0x000000008f000000, 0x000000008f100000|  0%| F|  |TAMS 0x000000008f000000, 0x000000008f000000| Untracked 
| 241|0x000000008f100000, 0x000000008f100000, 0x000000008f200000|  0%| F|  |TAMS 0x000000008f100000, 0x000000008f100000| Untracked 
| 242|0x000000008f200000, 0x000000008f200000, 0x000000008f300000|  0%| F|  |TAMS 0x000000008f200000, 0x000000008f200000| Untracked 
| 243|0x000000008f300000, 0x000000008f300000, 0x000000008f400000|  0%| F|  |TAMS 0x000000008f300000, 0x000000008f300000| Untracked 
| 244|0x000000008f400000, 0x000000008f400000, 0x000000008f500000|  0%| F|  |TAMS 0x000000008f400000, 0x000000008f400000| Untracked 
| 245|0x000000008f500000, 0x000000008f500000, 0x000000008f600000|  0%| F|  |TAMS 0x000000008f500000, 0x000000008f500000| Untracked 
| 246|0x000000008f600000, 0x000000008f600000, 0x000000008f700000|  0%| F|  |TAMS 0x000000008f600000, 0x000000008f600000| Untracked 
| 247|0x000000008f700000, 0x000000008f700000, 0x000000008f800000|  0%| F|  |TAMS 0x000000008f700000, 0x000000008f700000| Untracked 
| 248|0x000000008f800000, 0x000000008f800000, 0x000000008f900000|  0%| F|  |TAMS 0x000000008f800000, 0x000000008f800000| Untracked 
| 249|0x000000008f900000, 0x000000008f900000, 0x000000008fa00000|  0%| F|  |TAMS 0x000000008f900000, 0x000000008f900000| Untracked 
| 250|0x000000008fa00000, 0x000000008fa00000, 0x000000008fb00000|  0%| F|  |TAMS 0x000000008fa00000, 0x000000008fa00000| Untracked 
| 251|0x000000008fb00000, 0x000000008fb00000, 0x000000008fc00000|  0%| F|  |TAMS 0x000000008fb00000, 0x000000008fb00000| Untracked 
| 252|0x000000008fc00000, 0x000000008fc00000, 0x000000008fd00000|  0%| F|  |TAMS 0x000000008fc00000, 0x000000008fc00000| Untracked 
| 253|0x000000008fd00000, 0x000000008fd00000, 0x000000008fe00000|  0%| F|  |TAMS 0x000000008fd00000, 0x000000008fd00000| Untracked 
| 254|0x000000008fe00000, 0x000000008fe00000, 0x000000008ff00000|  0%| F|  |TAMS 0x000000008fe00000, 0x000000008fe00000| Untracked 
| 255|0x000000008ff00000, 0x000000008ff00000, 0x0000000090000000|  0%| F|  |TAMS 0x000000008ff00000, 0x000000008ff00000| Untracked 
| 256|0x0000000090000000, 0x0000000090000000, 0x0000000090100000|  0%| F|  |TAMS 0x0000000090000000, 0x0000000090000000| Untracked 
| 257|0x0000000090100000, 0x0000000090100000, 0x0000000090200000|  0%| F|  |TAMS 0x0000000090100000, 0x0000000090100000| Untracked 
| 258|0x0000000090200000, 0x0000000090200000, 0x0000000090300000|  0%| F|  |TAMS 0x0000000090200000, 0x0000000090200000| Untracked 
| 259|0x0000000090300000, 0x0000000090300000, 0x0000000090400000|  0%| F|  |TAMS 0x0000000090300000, 0x0000000090300000| Untracked 
| 260|0x0000000090400000, 0x0000000090400000, 0x0000000090500000|  0%| F|  |TAMS 0x0000000090400000, 0x0000000090400000| Untracked 
| 261|0x0000000090500000, 0x0000000090500000, 0x0000000090600000|  0%| F|  |TAMS 0x0000000090500000, 0x0000000090500000| Untracked 
| 262|0x0000000090600000, 0x0000000090600000, 0x0000000090700000|  0%| F|  |TAMS 0x0000000090600000, 0x0000000090600000| Untracked 
| 263|0x0000000090700000, 0x0000000090700000, 0x0000000090800000|  0%| F|  |TAMS 0x0000000090700000, 0x0000000090700000| Untracked 
| 264|0x0000000090800000, 0x0000000090800000, 0x0000000090900000|  0%| F|  |TAMS 0x0000000090800000, 0x0000000090800000| Untracked 
| 265|0x0000000090900000, 0x0000000090900000, 0x0000000090a00000|  0%| F|  |TAMS 0x0000000090900000, 0x0000000090900000| Untracked 
| 266|0x0000000090a00000, 0x0000000090a00000, 0x0000000090b00000|  0%| F|  |TAMS 0x0000000090a00000, 0x0000000090a00000| Untracked 
| 267|0x0000000090b00000, 0x0000000090b00000, 0x0000000090c00000|  0%| F|  |TAMS 0x0000000090b00000, 0x0000000090b00000| Untracked 
| 268|0x0000000090c00000, 0x0000000090c00000, 0x0000000090d00000|  0%| F|  |TAMS 0x0000000090c00000, 0x0000000090c00000| Untracked 
| 269|0x0000000090d00000, 0x0000000090d00000, 0x0000000090e00000|  0%| F|  |TAMS 0x0000000090d00000, 0x0000000090d00000| Untracked 
| 270|0x0000000090e00000, 0x0000000090e00000, 0x0000000090f00000|  0%| F|  |TAMS 0x0000000090e00000, 0x0000000090e00000| Untracked 
| 271|0x0000000090f00000, 0x0000000090f00000, 0x0000000091000000|  0%| F|  |TAMS 0x0000000090f00000, 0x0000000090f00000| Untracked 
| 272|0x0000000091000000, 0x0000000091000000, 0x0000000091100000|  0%| F|  |TAMS 0x0000000091000000, 0x0000000091000000| Untracked 
| 273|0x0000000091100000, 0x0000000091100000, 0x0000000091200000|  0%| F|  |TAMS 0x0000000091100000, 0x0000000091100000| Untracked 
| 274|0x0000000091200000, 0x0000000091200000, 0x0000000091300000|  0%| F|  |TAMS 0x0000000091200000, 0x0000000091200000| Untracked 
| 275|0x0000000091300000, 0x0000000091300000, 0x0000000091400000|  0%| F|  |TAMS 0x0000000091300000, 0x0000000091300000| Untracked 
| 276|0x0000000091400000, 0x0000000091400000, 0x0000000091500000|  0%| F|  |TAMS 0x0000000091400000, 0x0000000091400000| Untracked 
| 277|0x0000000091500000, 0x0000000091500000, 0x0000000091600000|  0%| F|  |TAMS 0x0000000091500000, 0x0000000091500000| Untracked 
| 278|0x0000000091600000, 0x0000000091600000, 0x0000000091700000|  0%| F|  |TAMS 0x0000000091600000, 0x0000000091600000| Untracked 
| 279|0x0000000091700000, 0x0000000091700000, 0x0000000091800000|  0%| F|  |TAMS 0x0000000091700000, 0x0000000091700000| Untracked 
| 280|0x0000000091800000, 0x0000000091800000, 0x0000000091900000|  0%| F|  |TAMS 0x0000000091800000, 0x0000000091800000| Untracked 
| 281|0x0000000091900000, 0x0000000091900000, 0x0000000091a00000|  0%| F|  |TAMS 0x0000000091900000, 0x0000000091900000| Untracked 
| 282|0x0000000091a00000, 0x0000000091a00000, 0x0000000091b00000|  0%| F|  |TAMS 0x0000000091a00000, 0x0000000091a00000| Untracked 
| 283|0x0000000091b00000, 0x0000000091b00000, 0x0000000091c00000|  0%| F|  |TAMS 0x0000000091b00000, 0x0000000091b00000| Untracked 
| 284|0x0000000091c00000, 0x0000000091c00000, 0x0000000091d00000|  0%| F|  |TAMS 0x0000000091c00000, 0x0000000091c00000| Untracked 
| 285|0x0000000091d00000, 0x0000000091d00000, 0x0000000091e00000|  0%| F|  |TAMS 0x0000000091d00000, 0x0000000091d00000| Untracked 
| 286|0x0000000091e00000, 0x0000000091e00000, 0x0000000091f00000|  0%| F|  |TAMS 0x0000000091e00000, 0x0000000091e00000| Untracked 
| 287|0x0000000091f00000, 0x0000000091f00000, 0x0000000092000000|  0%| F|  |TAMS 0x0000000091f00000, 0x0000000091f00000| Untracked 
| 288|0x0000000092000000, 0x0000000092000000, 0x0000000092100000|  0%| F|  |TAMS 0x0000000092000000, 0x0000000092000000| Untracked 
| 289|0x0000000092100000, 0x0000000092100000, 0x0000000092200000|  0%| F|  |TAMS 0x0000000092100000, 0x0000000092100000| Untracked 
| 290|0x0000000092200000, 0x0000000092200000, 0x0000000092300000|  0%| F|  |TAMS 0x0000000092200000, 0x0000000092200000| Untracked 
| 291|0x0000000092300000, 0x0000000092300000, 0x0000000092400000|  0%| F|  |TAMS 0x0000000092300000, 0x0000000092300000| Untracked 
| 292|0x0000000092400000, 0x0000000092400000, 0x0000000092500000|  0%| F|  |TAMS 0x0000000092400000, 0x0000000092400000| Untracked 
| 293|0x0000000092500000, 0x0000000092500000, 0x0000000092600000|  0%| F|  |TAMS 0x0000000092500000, 0x0000000092500000| Untracked 
| 294|0x0000000092600000, 0x0000000092600000, 0x0000000092700000|  0%| F|  |TAMS 0x0000000092600000, 0x0000000092600000| Untracked 
| 295|0x0000000092700000, 0x0000000092700000, 0x0000000092800000|  0%| F|  |TAMS 0x0000000092700000, 0x0000000092700000| Untracked 
| 296|0x0000000092800000, 0x0000000092800000, 0x0000000092900000|  0%| F|  |TAMS 0x0000000092800000, 0x0000000092800000| Untracked 
| 297|0x0000000092900000, 0x0000000092900000, 0x0000000092a00000|  0%| F|  |TAMS 0x0000000092900000, 0x0000000092900000| Untracked 
| 298|0x0000000092a00000, 0x0000000092a00000, 0x0000000092b00000|  0%| F|  |TAMS 0x0000000092a00000, 0x0000000092a00000| Untracked 
| 299|0x0000000092b00000, 0x0000000092b00000, 0x0000000092c00000|  0%| F|  |TAMS 0x0000000092b00000, 0x0000000092b00000| Untracked 
| 300|0x0000000092c00000, 0x0000000092c00000, 0x0000000092d00000|  0%| F|  |TAMS 0x0000000092c00000, 0x0000000092c00000| Untracked 
| 301|0x0000000092d00000, 0x0000000092d00000, 0x0000000092e00000|  0%| F|  |TAMS 0x0000000092d00000, 0x0000000092d00000| Untracked 
| 302|0x0000000092e00000, 0x0000000092e00000, 0x0000000092f00000|  0%| F|  |TAMS 0x0000000092e00000, 0x0000000092e00000| Untracked 
| 303|0x0000000092f00000, 0x0000000092f00000, 0x0000000093000000|  0%| F|  |TAMS 0x0000000092f00000, 0x0000000092f00000| Untracked 
| 304|0x0000000093000000, 0x0000000093000000, 0x0000000093100000|  0%| F|  |TAMS 0x0000000093000000, 0x0000000093000000| Untracked 
| 305|0x0000000093100000, 0x0000000093100000, 0x0000000093200000|  0%| F|  |TAMS 0x0000000093100000, 0x0000000093100000| Untracked 
| 306|0x0000000093200000, 0x0000000093200000, 0x0000000093300000|  0%| F|  |TAMS 0x0000000093200000, 0x0000000093200000| Untracked 
| 307|0x0000000093300000, 0x0000000093300000, 0x0000000093400000|  0%| F|  |TAMS 0x0000000093300000, 0x0000000093300000| Untracked 
| 308|0x0000000093400000, 0x0000000093400000, 0x0000000093500000|  0%| F|  |TAMS 0x0000000093400000, 0x0000000093400000| Untracked 
| 309|0x0000000093500000, 0x0000000093500000, 0x0000000093600000|  0%| F|  |TAMS 0x0000000093500000, 0x0000000093500000| Untracked 
| 310|0x0000000093600000, 0x0000000093600000, 0x0000000093700000|  0%| F|  |TAMS 0x0000000093600000, 0x0000000093600000| Untracked 
| 311|0x0000000093700000, 0x0000000093700000, 0x0000000093800000|  0%| F|  |TAMS 0x0000000093700000, 0x0000000093700000| Untracked 
| 312|0x0000000093800000, 0x0000000093800000, 0x0000000093900000|  0%| F|  |TAMS 0x0000000093800000, 0x0000000093800000| Untracked 
| 313|0x0000000093900000, 0x0000000093900000, 0x0000000093a00000|  0%| F|  |TAMS 0x0000000093900000, 0x0000000093900000| Untracked 
| 314|0x0000000093a00000, 0x0000000093a00000, 0x0000000093b00000|  0%| F|  |TAMS 0x0000000093a00000, 0x0000000093a00000| Untracked 
| 315|0x0000000093b00000, 0x0000000093b00000, 0x0000000093c00000|  0%| F|  |TAMS 0x0000000093b00000, 0x0000000093b00000| Untracked 
| 316|0x0000000093c00000, 0x0000000093c00000, 0x0000000093d00000|  0%| F|  |TAMS 0x0000000093c00000, 0x0000000093c00000| Untracked 
| 317|0x0000000093d00000, 0x0000000093d00000, 0x0000000093e00000|  0%| F|  |TAMS 0x0000000093d00000, 0x0000000093d00000| Untracked 
| 318|0x0000000093e00000, 0x0000000093e00000, 0x0000000093f00000|  0%| F|  |TAMS 0x0000000093e00000, 0x0000000093e00000| Untracked 
| 319|0x0000000093f00000, 0x0000000093f00000, 0x0000000094000000|  0%| F|  |TAMS 0x0000000093f00000, 0x0000000093f00000| Untracked 
| 320|0x0000000094000000, 0x0000000094000000, 0x0000000094100000|  0%| F|  |TAMS 0x0000000094000000, 0x0000000094000000| Untracked 
| 321|0x0000000094100000, 0x0000000094100000, 0x0000000094200000|  0%| F|  |TAMS 0x0000000094100000, 0x0000000094100000| Untracked 
| 322|0x0000000094200000, 0x0000000094200000, 0x0000000094300000|  0%| F|  |TAMS 0x0000000094200000, 0x0000000094200000| Untracked 
| 323|0x0000000094300000, 0x0000000094300000, 0x0000000094400000|  0%| F|  |TAMS 0x0000000094300000, 0x0000000094300000| Untracked 
| 324|0x0000000094400000, 0x0000000094400000, 0x0000000094500000|  0%| F|  |TAMS 0x0000000094400000, 0x0000000094400000| Untracked 
| 325|0x0000000094500000, 0x0000000094500000, 0x0000000094600000|  0%| F|  |TAMS 0x0000000094500000, 0x0000000094500000| Untracked 
| 326|0x0000000094600000, 0x0000000094600000, 0x0000000094700000|  0%| F|  |TAMS 0x0000000094600000, 0x0000000094600000| Untracked 
| 327|0x0000000094700000, 0x0000000094700000, 0x0000000094800000|  0%| F|  |TAMS 0x0000000094700000, 0x0000000094700000| Untracked 
| 328|0x0000000094800000, 0x0000000094800000, 0x0000000094900000|  0%| F|  |TAMS 0x0000000094800000, 0x0000000094800000| Untracked 
| 329|0x0000000094900000, 0x0000000094900000, 0x0000000094a00000|  0%| F|  |TAMS 0x0000000094900000, 0x0000000094900000| Untracked 
| 330|0x0000000094a00000, 0x0000000094a00000, 0x0000000094b00000|  0%| F|  |TAMS 0x0000000094a00000, 0x0000000094a00000| Untracked 
| 331|0x0000000094b00000, 0x0000000094b00000, 0x0000000094c00000|  0%| F|  |TAMS 0x0000000094b00000, 0x0000000094b00000| Untracked 
| 332|0x0000000094c00000, 0x0000000094c00000, 0x0000000094d00000|  0%| F|  |TAMS 0x0000000094c00000, 0x0000000094c00000| Untracked 
| 333|0x0000000094d00000, 0x0000000094d00000, 0x0000000094e00000|  0%| F|  |TAMS 0x0000000094d00000, 0x0000000094d00000| Untracked 
| 334|0x0000000094e00000, 0x0000000094e00000, 0x0000000094f00000|  0%| F|  |TAMS 0x0000000094e00000, 0x0000000094e00000| Untracked 
| 335|0x0000000094f00000, 0x0000000094f00000, 0x0000000095000000|  0%| F|  |TAMS 0x0000000094f00000, 0x0000000094f00000| Untracked 
| 336|0x0000000095000000, 0x0000000095000000, 0x0000000095100000|  0%| F|  |TAMS 0x0000000095000000, 0x0000000095000000| Untracked 
| 337|0x0000000095100000, 0x0000000095100000, 0x0000000095200000|  0%| F|  |TAMS 0x0000000095100000, 0x0000000095100000| Untracked 
| 338|0x0000000095200000, 0x0000000095200000, 0x0000000095300000|  0%| F|  |TAMS 0x0000000095200000, 0x0000000095200000| Untracked 
| 339|0x0000000095300000, 0x0000000095300000, 0x0000000095400000|  0%| F|  |TAMS 0x0000000095300000, 0x0000000095300000| Untracked 
| 340|0x0000000095400000, 0x0000000095400000, 0x0000000095500000|  0%| F|  |TAMS 0x0000000095400000, 0x0000000095400000| Untracked 
| 341|0x0000000095500000, 0x0000000095500000, 0x0000000095600000|  0%| F|  |TAMS 0x0000000095500000, 0x0000000095500000| Untracked 
| 342|0x0000000095600000, 0x0000000095600000, 0x0000000095700000|  0%| F|  |TAMS 0x0000000095600000, 0x0000000095600000| Untracked 
| 343|0x0000000095700000, 0x0000000095700000, 0x0000000095800000|  0%| F|  |TAMS 0x0000000095700000, 0x0000000095700000| Untracked 
| 344|0x0000000095800000, 0x0000000095800000, 0x0000000095900000|  0%| F|  |TAMS 0x0000000095800000, 0x0000000095800000| Untracked 
| 345|0x0000000095900000, 0x0000000095900000, 0x0000000095a00000|  0%| F|  |TAMS 0x0000000095900000, 0x0000000095900000| Untracked 
| 346|0x0000000095a00000, 0x0000000095a00000, 0x0000000095b00000|  0%| F|  |TAMS 0x0000000095a00000, 0x0000000095a00000| Untracked 
| 347|0x0000000095b00000, 0x0000000095b00000, 0x0000000095c00000|  0%| F|  |TAMS 0x0000000095b00000, 0x0000000095b00000| Untracked 
| 348|0x0000000095c00000, 0x0000000095c00000, 0x0000000095d00000|  0%| F|  |TAMS 0x0000000095c00000, 0x0000000095c00000| Untracked 
| 349|0x0000000095d00000, 0x0000000095d00000, 0x0000000095e00000|  0%| F|  |TAMS 0x0000000095d00000, 0x0000000095d00000| Untracked 
| 350|0x0000000095e00000, 0x0000000095e00000, 0x0000000095f00000|  0%| F|  |TAMS 0x0000000095e00000, 0x0000000095e00000| Untracked 
| 351|0x0000000095f00000, 0x0000000095f00000, 0x0000000096000000|  0%| F|  |TAMS 0x0000000095f00000, 0x0000000095f00000| Untracked 
| 352|0x0000000096000000, 0x0000000096000000, 0x0000000096100000|  0%| F|  |TAMS 0x0000000096000000, 0x0000000096000000| Untracked 
| 353|0x0000000096100000, 0x0000000096100000, 0x0000000096200000|  0%| F|  |TAMS 0x0000000096100000, 0x0000000096100000| Untracked 
| 354|0x0000000096200000, 0x0000000096200000, 0x0000000096300000|  0%| F|  |TAMS 0x0000000096200000, 0x0000000096200000| Untracked 
| 355|0x0000000096300000, 0x0000000096300000, 0x0000000096400000|  0%| F|  |TAMS 0x0000000096300000, 0x0000000096300000| Untracked 
| 356|0x0000000096400000, 0x0000000096479180, 0x0000000096500000| 47%| S|CS|TAMS 0x0000000096400000, 0x0000000096400000| Complete 
| 357|0x0000000096500000, 0x0000000096600000, 0x0000000096600000|100%| S|CS|TAMS 0x0000000096500000, 0x0000000096500000| Complete 
| 358|0x0000000096600000, 0x0000000096600000, 0x0000000096700000|  0%| F|  |TAMS 0x0000000096600000, 0x0000000096600000| Untracked 
| 359|0x0000000096700000, 0x0000000096700000, 0x0000000096800000|  0%| F|  |TAMS 0x0000000096700000, 0x0000000096700000| Untracked 
| 360|0x0000000096800000, 0x0000000096800000, 0x0000000096900000|  0%| F|  |TAMS 0x0000000096800000, 0x0000000096800000| Untracked 
| 361|0x0000000096900000, 0x0000000096900000, 0x0000000096a00000|  0%| F|  |TAMS 0x0000000096900000, 0x0000000096900000| Untracked 
| 362|0x0000000096a00000, 0x0000000096a00000, 0x0000000096b00000|  0%| F|  |TAMS 0x0000000096a00000, 0x0000000096a00000| Untracked 
| 363|0x0000000096b00000, 0x0000000096b00000, 0x0000000096c00000|  0%| F|  |TAMS 0x0000000096b00000, 0x0000000096b00000| Untracked 
| 364|0x0000000096c00000, 0x0000000096c00000, 0x0000000096d00000|  0%| F|  |TAMS 0x0000000096c00000, 0x0000000096c00000| Untracked 
| 365|0x0000000096d00000, 0x0000000096d00000, 0x0000000096e00000|  0%| F|  |TAMS 0x0000000096d00000, 0x0000000096d00000| Untracked 
| 366|0x0000000096e00000, 0x0000000096e00000, 0x0000000096f00000|  0%| F|  |TAMS 0x0000000096e00000, 0x0000000096e00000| Untracked 
| 367|0x0000000096f00000, 0x0000000096f00000, 0x0000000097000000|  0%| F|  |TAMS 0x0000000096f00000, 0x0000000096f00000| Untracked 
| 368|0x0000000097000000, 0x0000000097000000, 0x0000000097100000|  0%| F|  |TAMS 0x0000000097000000, 0x0000000097000000| Untracked 
| 369|0x0000000097100000, 0x0000000097100000, 0x0000000097200000|  0%| F|  |TAMS 0x0000000097100000, 0x0000000097100000| Untracked 
| 370|0x0000000097200000, 0x0000000097200000, 0x0000000097300000|  0%| F|  |TAMS 0x0000000097200000, 0x0000000097200000| Untracked 
| 371|0x0000000097300000, 0x0000000097300000, 0x0000000097400000|  0%| F|  |TAMS 0x0000000097300000, 0x0000000097300000| Untracked 
| 372|0x0000000097400000, 0x0000000097400000, 0x0000000097500000|  0%| F|  |TAMS 0x0000000097400000, 0x0000000097400000| Untracked 
| 373|0x0000000097500000, 0x0000000097500000, 0x0000000097600000|  0%| F|  |TAMS 0x0000000097500000, 0x0000000097500000| Untracked 
| 374|0x0000000097600000, 0x0000000097600000, 0x0000000097700000|  0%| F|  |TAMS 0x0000000097600000, 0x0000000097600000| Untracked 
| 375|0x0000000097700000, 0x0000000097700000, 0x0000000097800000|  0%| F|  |TAMS 0x0000000097700000, 0x0000000097700000| Untracked 

Card table byte_map: [0x00000245faa50000,0x00000245fae50000] _byte_map_base: 0x00000245fa650000

Marking Bits (Prev, Next): (CMBitMap*) 0x00000245f26daa00, (CMBitMap*) 0x00000245f26da9c0
 Prev Bits: [0x00000245fd250000, 0x00000245ff250000)
 Next Bits: [0x00000245fb250000, 0x00000245fd250000)

Polling page: 0x00000245f0260000

Metaspace:

Usage:
  Non-class:     98.21 MB used.
      Class:     15.60 MB used.
       Both:    113.80 MB used.

Virtual space:
  Non-class space:      128.00 MB reserved,      98.88 MB ( 77%) committed,  2 nodes.
      Class space:        1.00 GB reserved,      16.38 MB (  2%) committed,  1 nodes.
             Both:        1.12 GB reserved,     115.25 MB ( 10%) committed. 

Chunk freelists:
   Non-Class:  12.77 MB
       Class:  15.61 MB
        Both:  28.38 MB

MaxMetaspaceSize: unlimited
CompressedClassSpaceSize: 1.00 GB
Initial GC threshold: 21.00 MB
Current GC threshold: 183.06 MB
CDS: on
MetaspaceReclaimPolicy: balanced
 - commit_granule_bytes: 65536.
 - commit_granule_words: 8192.
 - virtual_space_node_default_size: 8388608.
 - enlarge_chunks_in_place: 1.
 - new_chunks_are_fully_committed: 0.
 - uncommit_free_chunks: 1.
 - use_allocation_guard: 0.
 - handle_deallocations: 1.


Internal statistics:

num_allocs_failed_limit: 6.
num_arena_births: 2818.
num_arena_deaths: 308.
num_vsnodes_births: 3.
num_vsnodes_deaths: 0.
num_space_committed: 1843.
num_space_uncommitted: 0.
num_chunks_returned_to_freelist: 395.
num_chunks_taken_from_freelist: 8534.
num_chunk_merges: 119.
num_chunk_splits: 5142.
num_chunks_enlarged: 2928.
num_inconsistent_stats: 0.

CodeHeap 'non-profiled nmethods': size=120000Kb used=13500Kb max_used=13500Kb free=106499Kb
 bounds [0x0000024587ad0000, 0x0000024588800000, 0x000002458f000000]
CodeHeap 'profiled nmethods': size=120000Kb used=31613Kb max_used=31613Kb free=88387Kb
 bounds [0x0000024580000000, 0x0000024581ef0000, 0x0000024587530000]
CodeHeap 'non-nmethods': size=5760Kb used=1798Kb max_used=1867Kb free=3961Kb
 bounds [0x0000024587530000, 0x00000245877a0000, 0x0000024587ad0000]
 total_blobs=17866 nmethods=16961 adapters=816
 compilation: enabled
              stopped_count=0, restarted_count=0
 full_count=0

Compilation events (20 events):
Event: 2041.044 Thread 0x00000245da024940 20265   !   4       java.nio.file.FileTreeWalker::visit (204 bytes)
Event: 2041.160 Thread 0x00000245d203c430 nmethod 20257 0x00000245887ced90 code [0x00000245887cf400, 0x00000245887d65b0]
Event: 2041.160 Thread 0x00000245d203c430 20266       4       org.gradle.internal.snapshot.impl.DirectorySnapshotter$PathVisitor::doPostVisitDirectory (84 bytes)
Event: 2041.164 Thread 0x00000245da024940 nmethod 20265 0x00000245887d9d90 code [0x00000245887da320, 0x00000245887e13d0]
Event: 2041.172 Thread 0x00000245da024940 20267       4       org.gradle.internal.snapshot.MerkleDirectorySnapshotBuilder::collectEntry (52 bytes)
Event: 2041.176 Thread 0x00000245da024940 nmethod 20267 0x00000245887e4510 code [0x00000245887e46c0, 0x00000245887e5058]
Event: 2041.178 Thread 0x00000245da024940 20268       4       org.gradle.internal.snapshot.impl.DirectorySnapshotterStatistics$CollectingFileVisitor::preVisitDirectory (10 bytes)
Event: 2041.179 Thread 0x00000245d203e160 20269       3       java.nio.file.FileTreeWalker$DirectoryNode::<init> (30 bytes)
Event: 2041.179 Thread 0x00000245d203e160 nmethod 20269 0x0000024581ee0b90 code [0x0000024581ee0d60, 0x0000024581ee1108]
Event: 2041.201 Thread 0x00000245da024940 nmethod 20268 0x00000245887e5410 code [0x00000245887e5720, 0x00000245887e78c0]
Event: 2041.201 Thread 0x00000245da024940 20270       4       org.gradle.internal.snapshot.impl.DirectorySnapshotter$PathVisitor::doPreVisitDirectory (182 bytes)
Event: 2041.223 Thread 0x00000245da024940 nmethod 20270 0x00000245887e8b10 code [0x00000245887e8e00, 0x00000245887eae60]
Event: 2041.223 Thread 0x00000245da024940 20271       4       org.gradle.internal.snapshot.MerkleDirectorySnapshotBuilder$Directory::fold (145 bytes)
Event: 2041.273 Thread 0x00000245da024940 nmethod 20271 0x00000245887ec010 code [0x00000245887ec400, 0x00000245887ef398]
Event: 2041.273 Thread 0x00000245da024940 20272       4       org.gradle.internal.snapshot.MerkleDirectorySnapshotBuilder::leaveDirectory (27 bytes)
Event: 2041.278 Thread 0x00000245da024940 nmethod 20272 0x00000245887f2c90 code [0x00000245887f2e60, 0x00000245887f3948]
Event: 2041.294 Thread 0x00000245d203c430 nmethod 20266 0x00000245887f3f10 code [0x00000245887f44a0, 0x00000245887fa478]
Event: 2041.320 Thread 0x00000245d203c430 20273       4       com.google.common.collect.MapMakerInternalMap$WeakKeyDummyValueSegment::maybeDrainReferenceQueues (9 bytes)
Event: 2041.320 Thread 0x00000245d203c430 nmethod 20273 0x00000245887ff010 code [0x00000245887ff1a0, 0x00000245887ff248]
Event: 2041.327 Thread 0x00000245d203c430 20274       4       com.google.common.collect.MapMakerInternalMap$Segment::expand (276 bytes)

GC Heap History (20 events):
Event: 810.576 GC heap after
{Heap after GC invocations=74 (full 0):
 garbage-first heap   total 385024K, used 137649K [0x0000000080000000, 0x0000000100000000)
  region size 1024K, 3 young (3072K), 3 survivors (3072K)
 Metaspace       used 103235K, committed 104512K, reserved 1179648K
  class space    used 14331K, committed 14976K, reserved 1048576K
}
Event: 811.345 GC heap before
{Heap before GC invocations=74 (full 0):
 garbage-first heap   total 385024K, used 198065K [0x0000000080000000, 0x0000000100000000)
  region size 1024K, 63 young (64512K), 3 survivors (3072K)
 Metaspace       used 105718K, committed 107072K, reserved 1179648K
  class space    used 14677K, committed 15360K, reserved 1048576K
}
Event: 811.351 GC heap after
{Heap after GC invocations=75 (full 0):
 garbage-first heap   total 385024K, used 142129K [0x0000000080000000, 0x0000000100000000)
  region size 1024K, 8 young (8192K), 8 survivors (8192K)
 Metaspace       used 105718K, committed 107072K, reserved 1179648K
  class space    used 14677K, committed 15360K, reserved 1048576K
}
Event: 1393.598 GC heap before
{Heap before GC invocations=76 (full 0):
 garbage-first heap   total 385024K, used 304945K [0x0000000080000000, 0x0000000100000000)
  region size 1024K, 166 young (169984K), 8 survivors (8192K)
 Metaspace       used 109942K, committed 111296K, reserved 1179648K
  class space    used 15188K, committed 15872K, reserved 1048576K
}
Event: 1393.628 GC heap after
{Heap after GC invocations=77 (full 0):
 garbage-first heap   total 385024K, used 153697K [0x0000000080000000, 0x0000000100000000)
  region size 1024K, 18 young (18432K), 18 survivors (18432K)
 Metaspace       used 109942K, committed 111296K, reserved 1179648K
  class space    used 15188K, committed 15872K, reserved 1048576K
}
Event: 1393.643 GC heap before
{Heap before GC invocations=77 (full 0):
 garbage-first heap   total 385024K, used 154721K [0x0000000080000000, 0x0000000100000000)
  region size 1024K, 19 young (19456K), 18 survivors (18432K)
 Metaspace       used 109942K, committed 111296K, reserved 1179648K
  class space    used 15188K, committed 15872K, reserved 1048576K
}
Event: 1393.701 GC heap after
{Heap after GC invocations=78 (full 0):
 garbage-first heap   total 385024K, used 145114K [0x0000000080000000, 0x0000000100000000)
  region size 1024K, 3 young (3072K), 3 survivors (3072K)
 Metaspace       used 109942K, committed 111296K, reserved 1179648K
  class space    used 15188K, committed 15872K, reserved 1048576K
}
Event: 1394.183 GC heap before
{Heap before GC invocations=78 (full 0):
 garbage-first heap   total 385024K, used 237274K [0x0000000080000000, 0x0000000100000000)
  region size 1024K, 95 young (97280K), 3 survivors (3072K)
 Metaspace       used 110131K, committed 111552K, reserved 1179648K
  class space    used 15201K, committed 15936K, reserved 1048576K
}
Event: 1394.189 GC heap after
{Heap after GC invocations=79 (full 0):
 garbage-first heap   total 385024K, used 146925K [0x0000000080000000, 0x0000000100000000)
  region size 1024K, 5 young (5120K), 5 survivors (5120K)
 Metaspace       used 110131K, committed 111552K, reserved 1179648K
  class space    used 15201K, committed 15936K, reserved 1048576K
}
Event: 2035.179 GC heap before
{Heap before GC invocations=80 (full 0):
 garbage-first heap   total 385024K, used 325101K [0x0000000080000000, 0x0000000100000000)
  region size 1024K, 165 young (168960K), 5 survivors (5120K)
 Metaspace       used 110743K, committed 112256K, reserved 1179648K
  class space    used 15252K, committed 16000K, reserved 1048576K
}
Event: 2035.204 GC heap after
{Heap after GC invocations=81 (full 0):
 garbage-first heap   total 385024K, used 156018K [0x0000000080000000, 0x0000000100000000)
  region size 1024K, 13 young (13312K), 13 survivors (13312K)
 Metaspace       used 110743K, committed 112256K, reserved 1179648K
  class space    used 15252K, committed 16000K, reserved 1048576K
}
Event: 2035.257 GC heap before
{Heap before GC invocations=81 (full 0):
 garbage-first heap   total 385024K, used 160114K [0x0000000080000000, 0x0000000100000000)
  region size 1024K, 18 young (18432K), 13 survivors (13312K)
 Metaspace       used 110743K, committed 112256K, reserved 1179648K
  class space    used 15252K, committed 16000K, reserved 1048576K
}
Event: 2035.279 GC heap after
{Heap after GC invocations=82 (full 0):
 garbage-first heap   total 385024K, used 150187K [0x0000000080000000, 0x0000000100000000)
  region size 1024K, 3 young (3072K), 3 survivors (3072K)
 Metaspace       used 110743K, committed 112256K, reserved 1179648K
  class space    used 15252K, committed 16000K, reserved 1048576K
}
Event: 2035.717 GC heap before
{Heap before GC invocations=82 (full 0):
 garbage-first heap   total 385024K, used 231083K [0x0000000080000000, 0x0000000100000000)
  region size 1024K, 83 young (84992K), 3 survivors (3072K)
 Metaspace       used 111003K, committed 112448K, reserved 1179648K
  class space    used 15256K, committed 16000K, reserved 1048576K
}
Event: 2035.725 GC heap after
{Heap after GC invocations=83 (full 0):
 garbage-first heap   total 385024K, used 156601K [0x0000000080000000, 0x0000000100000000)
  region size 1024K, 9 young (9216K), 9 survivors (9216K)
 Metaspace       used 111003K, committed 112448K, reserved 1179648K
  class space    used 15256K, committed 16000K, reserved 1048576K
}
Event: 2041.088 GC heap before
{Heap before GC invocations=84 (full 0):
 garbage-first heap   total 385024K, used 330681K [0x0000000080000000, 0x0000000100000000)
  region size 1024K, 151 young (154624K), 9 survivors (9216K)
 Metaspace       used 116535K, committed 118016K, reserved 1179648K
  class space    used 15972K, committed 16768K, reserved 1048576K
}
Event: 2041.107 GC heap after
{Heap after GC invocations=85 (full 0):
 garbage-first heap   total 385024K, used 189739K [0x0000000080000000, 0x0000000100000000)
  region size 1024K, 19 young (19456K), 19 survivors (19456K)
 Metaspace       used 116535K, committed 118016K, reserved 1179648K
  class space    used 15972K, committed 16768K, reserved 1048576K
}
Event: 2041.119 GC heap before
{Heap before GC invocations=85 (full 0):
 garbage-first heap   total 385024K, used 190763K [0x0000000080000000, 0x0000000100000000)
  region size 1024K, 20 young (20480K), 19 survivors (19456K)
 Metaspace       used 116535K, committed 118016K, reserved 1179648K
  class space    used 15972K, committed 16768K, reserved 1048576K
}
Event: 2041.160 GC heap after
{Heap after GC invocations=86 (full 0):
 garbage-first heap   total 385024K, used 165739K [0x0000000080000000, 0x0000000100000000)
  region size 1024K, 2 young (2048K), 2 survivors (2048K)
 Metaspace       used 116535K, committed 118016K, reserved 1179648K
  class space    used 15972K, committed 16768K, reserved 1048576K
}
Event: 2041.331 GC heap before
{Heap before GC invocations=86 (full 0):
 garbage-first heap   total 385024K, used 182123K [0x0000000080000000, 0x0000000100000000)
  region size 1024K, 18 young (18432K), 2 survivors (2048K)
 Metaspace       used 116535K, committed 118016K, reserved 1179648K
  class space    used 15972K, committed 16768K, reserved 1048576K
}

Dll operation events (15 events):
Event: 0.009 Loaded shared library C:\Users\16696\.jdks\ms-17.0.19\bin\java.dll
Event: 0.021 Loaded shared library C:\Users\16696\.jdks\ms-17.0.19\bin\jsvml.dll
Event: 0.055 Loaded shared library C:\Users\16696\.jdks\ms-17.0.19\bin\zip.dll
Event: 0.061 Loaded shared library C:\Users\16696\.jdks\ms-17.0.19\bin\instrument.dll
Event: 0.063 Loaded shared library C:\Users\16696\.jdks\ms-17.0.19\bin\net.dll
Event: 0.065 Loaded shared library C:\Users\16696\.jdks\ms-17.0.19\bin\nio.dll
Event: 0.068 Loaded shared library C:\Users\16696\.jdks\ms-17.0.19\bin\zip.dll
Event: 0.207 Loaded shared library C:\Users\16696\.jdks\ms-17.0.19\bin\jimage.dll
Event: 0.425 Loaded shared library C:\Users\16696\.jdks\ms-17.0.19\bin\verify.dll
Event: 0.446 Loaded shared library C:\Users\16696\.gradle\native\660c5614fbf4a5f2a75b1949f50a0caf5cd603558e7d8a26e50b933a0cfb79d1\windows-amd64\native-platform.dll
Event: 0.455 Loaded shared library C:\Users\16696\.gradle\native\0.2.8\x86_64-windows-gnu\gradle-fileevents.dll
Event: 0.969 Loaded shared library C:\Users\16696\.jdks\ms-17.0.19\bin\management.dll
Event: 0.972 Loaded shared library C:\Users\16696\.jdks\ms-17.0.19\bin\management_ext.dll
Event: 1.140 Loaded shared library C:\Users\16696\.jdks\ms-17.0.19\bin\extnet.dll
Event: 1.280 Loaded shared library C:\Users\16696\.jdks\ms-17.0.19\bin\sunmscapi.dll

Deoptimization events (20 events):
Event: 2040.718 Thread 0x00000245da801e10 Uncommon trap: trap_request=0xffffff45 fr.pc=0x0000024587b3a8b4 relative=0x0000000000000674
Event: 2040.718 Thread 0x00000245da801e10 Uncommon trap: reason=unstable_if action=reinterpret pc=0x0000024587b3a8b4 method=java.lang.Integer.stringSize(I)I @ 3 c2
Event: 2040.718 Thread 0x00000245da801e10 DEOPT PACKING pc=0x0000024587b3a8b4 sp=0x000000486fbfaaa0
Event: 2040.718 Thread 0x00000245da801e10 DEOPT UNPACKING pc=0x00000245875869a3 sp=0x000000486fbfaa00 mode 2
Event: 2040.732 Thread 0x00000245da801e10 Uncommon trap: trap_request=0xffffff45 fr.pc=0x0000024587cf3018 relative=0x0000000000000098
Event: 2040.732 Thread 0x00000245da801e10 Uncommon trap: reason=unstable_if action=reinterpret pc=0x0000024587cf3018 method=java.lang.Integer.stringSize(I)I @ 3 c2
Event: 2040.732 Thread 0x00000245da801e10 DEOPT PACKING pc=0x0000024587cf3018 sp=0x000000486fbfaa70
Event: 2040.732 Thread 0x00000245da801e10 DEOPT UNPACKING pc=0x00000245875869a3 sp=0x000000486fbfa9f8 mode 2
Event: 2040.842 Thread 0x00000245dd775ba0 Uncommon trap: trap_request=0xffffff45 fr.pc=0x0000024588290a24 relative=0x0000000000000844
Event: 2040.842 Thread 0x00000245dd775ba0 Uncommon trap: reason=unstable_if action=reinterpret pc=0x0000024588290a24 method=java.nio.charset.CharsetEncoder.encode(Ljava/nio/CharBuffer;Ljava/nio/ByteBuffer;Z)Ljava/nio/charset/CoderResult; @ 23 c2
Event: 2040.842 Thread 0x00000245dd775ba0 DEOPT PACKING pc=0x0000024588290a24 sp=0x00000048733fd810
Event: 2040.842 Thread 0x00000245dd775ba0 DEOPT UNPACKING pc=0x00000245875869a3 sp=0x00000048733fd7e0 mode 2
Event: 2040.882 Thread 0x00000245da801e10 DEOPT PACKING pc=0x0000024581805cf4 sp=0x000000486fbf78b0
Event: 2040.882 Thread 0x00000245da801e10 DEOPT UNPACKING pc=0x0000024587587143 sp=0x000000486fbf6dc0 mode 0
Event: 2040.891 Thread 0x00000245da801e10 DEOPT PACKING pc=0x00000245812f43fc sp=0x000000486fbf7bf0
Event: 2040.891 Thread 0x00000245da801e10 DEOPT UNPACKING pc=0x0000024587587143 sp=0x000000486fbf7128 mode 0
Event: 2040.894 Thread 0x00000245da801e10 DEOPT PACKING pc=0x0000024580ab6fbc sp=0x000000486fbf7be0
Event: 2040.894 Thread 0x00000245da801e10 DEOPT UNPACKING pc=0x0000024587587143 sp=0x000000486fbf7108 mode 0
Event: 2041.327 Thread 0x00000245da801e10 DEOPT PACKING pc=0x000002458196918a sp=0x000000486fbf5ea0
Event: 2041.327 Thread 0x00000245da801e10 DEOPT UNPACKING pc=0x0000024587587143 sp=0x000000486fbf5528 mode 0

Classes loaded (20 events):
Event: 2039.756 Loading class java/util/function/LongBinaryOperator
Event: 2039.757 Loading class java/util/function/LongBinaryOperator done
Event: 2039.757 Loading class java/util/function/ToIntBiFunction
Event: 2039.757 Loading class java/util/function/ToIntBiFunction done
Event: 2039.838 Loading class java/util/concurrent/Executors$FinalizableDelegatedExecutorService
Event: 2039.838 Loading class java/util/concurrent/Executors$DelegatedExecutorService
Event: 2039.838 Loading class java/util/concurrent/Executors$DelegatedExecutorService done
Event: 2039.838 Loading class java/util/concurrent/Executors$FinalizableDelegatedExecutorService done
Event: 2040.157 Loading class java/lang/ClassBeanInfo
Event: 2040.157 Loading class java/lang/ClassBeanInfo done
Event: 2040.157 Loading class java/lang/ClassBeanInfo
Event: 2040.157 Loading class java/lang/ClassBeanInfo done
Event: 2040.157 Loading class java/lang/ClassCustomizer
Event: 2040.157 Loading class java/lang/ClassCustomizer done
Event: 2040.157 Loading class java/lang/ClassCustomizer
Event: 2040.157 Loading class java/lang/ClassCustomizer done
Event: 2040.517 Loading class java/io/NotSerializableException
Event: 2040.517 Loading class java/io/NotSerializableException done
Event: 2040.752 Loading class java/io/PushbackInputStream
Event: 2040.752 Loading class java/io/PushbackInputStream done

Classes unloaded (20 events):
Event: 2035.833 Thread 0x00000245d2012e80 Unloading class 0x0000024592511800 'java/lang/invoke/LambdaForm$DMH+0x0000024592511800'
Event: 2035.833 Thread 0x00000245d2012e80 Unloading class 0x00000245924b8400 'java/lang/invoke/LambdaForm$DMH+0x00000245924b8400'
Event: 2035.833 Thread 0x00000245d2012e80 Unloading class 0x0000024592499400 'java/lang/invoke/LambdaForm$MH+0x0000024592499400'
Event: 2035.833 Thread 0x00000245d2012e80 Unloading class 0x00000245921efc00 'java/lang/invoke/LambdaForm$MH+0x00000245921efc00'
Event: 2035.833 Thread 0x00000245d2012e80 Unloading class 0x00000245921ef800 'java/lang/invoke/LambdaForm$MH+0x00000245921ef800'
Event: 2035.833 Thread 0x00000245d2012e80 Unloading class 0x00000245921ef400 'java/lang/invoke/LambdaForm$MH+0x00000245921ef400'
Event: 2035.833 Thread 0x00000245d2012e80 Unloading class 0x00000245921ef000 'java/lang/invoke/LambdaForm$MH+0x00000245921ef000'
Event: 2035.833 Thread 0x00000245d2012e80 Unloading class 0x00000245921eec00 'java/lang/invoke/LambdaForm$MH+0x00000245921eec00'
Event: 2035.833 Thread 0x00000245d2012e80 Unloading class 0x00000245921ee800 'java/lang/invoke/LambdaForm$MH+0x00000245921ee800'
Event: 2035.833 Thread 0x00000245d2012e80 Unloading class 0x00000245921ee400 'java/lang/invoke/LambdaForm$MH+0x00000245921ee400'
Event: 2035.833 Thread 0x00000245d2012e80 Unloading class 0x00000245921ee000 'java/lang/invoke/LambdaForm$MH+0x00000245921ee000'
Event: 2035.833 Thread 0x00000245d2012e80 Unloading class 0x00000245921edc00 'java/lang/invoke/LambdaForm$MH+0x00000245921edc00'
Event: 2035.833 Thread 0x00000245d2012e80 Unloading class 0x00000245921ed800 'java/lang/invoke/LambdaForm$MH+0x00000245921ed800'
Event: 2035.833 Thread 0x00000245d2012e80 Unloading class 0x00000245921ec800 'java/lang/invoke/LambdaForm$MH+0x00000245921ec800'
Event: 2035.833 Thread 0x00000245d2012e80 Unloading class 0x00000245921ec400 'java/lang/invoke/LambdaForm$BMH+0x00000245921ec400'
Event: 2035.833 Thread 0x00000245d2012e80 Unloading class 0x000002459211c800 'java/lang/invoke/LambdaForm$DMH+0x000002459211c800'
Event: 2035.833 Thread 0x00000245d2012e80 Unloading class 0x000002459211c000 'java/lang/invoke/LambdaForm$DMH+0x000002459211c000'
Event: 2035.833 Thread 0x00000245d2012e80 Unloading class 0x0000024592036800 'java/lang/invoke/LambdaForm$MH+0x0000024592036800'
Event: 2035.833 Thread 0x00000245d2012e80 Unloading class 0x0000024592036400 'java/lang/invoke/LambdaForm$MH+0x0000024592036400'
Event: 2035.833 Thread 0x00000245d2012e80 Unloading class 0x0000024592034000 'java/lang/invoke/LambdaForm$MH+0x0000024592034000'

Classes redefined (0 events):
No events

Internal exceptions (20 events):
Event: 2040.181 Thread 0x00000245da801e10 Exception <a 'java/lang/NoSuchMethodError'{0x0000000094229ba8}: 'java.lang.Object java.lang.invoke.DelegatingMethodHandle$Holder.reinvoke_L(java.lang.Object, java.lang.Object, java.lang.Object, int, java.lang.Object, java.lang.Object)'> (0x0000000094229ba8) 
thrown [s\src\hotspot\share\interpreter\linkResolver.cpp, line 759]
Event: 2040.186 Thread 0x00000245da801e10 Exception <a 'java/lang/ClassNotFoundException'{0x000000009427f3b0}: com/intellij/gradle/toolingExtension/impl/modelBuilder/ExtraModelBuilderBeanInfo> (0x000000009427f3b0) 
thrown [s\src\hotspot\share\classfile\systemDictionary.cpp, line 256]
Event: 2040.186 Thread 0x00000245da801e10 Exception <a 'java/lang/ClassNotFoundException'{0x000000009428c780}: com/intellij/gradle/toolingExtension/impl/modelBuilder/ExtraModelBuilderCustomizer> (0x000000009428c780) 
thrown [s\src\hotspot\share\classfile\systemDictionary.cpp, line 256]
Event: 2040.274 Thread 0x00000245da801e10 Exception <a 'sun/nio/fs/WindowsException'{0x0000000093c56da0}> (0x0000000093c56da0) 
thrown [s\src\hotspot\share\prims\jni.cpp, line 516]
Event: 2040.275 Thread 0x00000245da801e10 Exception <a 'sun/nio/fs/WindowsException'{0x0000000093c58798}> (0x0000000093c58798) 
thrown [s\src\hotspot\share\prims\jni.cpp, line 516]
Event: 2040.275 Thread 0x00000245da801e10 Exception <a 'sun/nio/fs/WindowsException'{0x0000000093c5a180}> (0x0000000093c5a180) 
thrown [s\src\hotspot\share\prims\jni.cpp, line 516]
Event: 2040.275 Thread 0x00000245da801e10 Exception <a 'sun/nio/fs/WindowsException'{0x0000000093c5bb48}> (0x0000000093c5bb48) 
thrown [s\src\hotspot\share\prims\jni.cpp, line 516]
Event: 2040.317 Thread 0x00000245da801e10 Implicit null exception at 0x0000024587cce8ea to 0x0000024587ccecc8
Event: 2040.324 Thread 0x00000245da6125f0 Exception <a 'java/lang/NoSuchMethodError'{0x0000000096a4c4f8}: static Lorg/gradle/internal/build/event/types/DefaultBuildPhaseDescriptor;.<clinit>()V> (0x0000000096a4c4f8) 
thrown [s\src\hotspot\share\prims\jni.cpp, line 1112]
Event: 2040.326 Thread 0x00000245da801e10 Exception <a 'sun/nio/fs/WindowsException'{0x0000000092ff54a8}> (0x0000000092ff54a8) 
thrown [s\src\hotspot\share\prims\jni.cpp, line 516]
Event: 2040.326 Thread 0x00000245da801e10 Exception <a 'sun/nio/fs/WindowsException'{0x0000000092ff6d58}> (0x0000000092ff6d58) 
thrown [s\src\hotspot\share\prims\jni.cpp, line 516]
Event: 2040.327 Thread 0x00000245da801e10 Exception <a 'sun/nio/fs/WindowsException'{0x0000000092ff91e0}> (0x0000000092ff91e0) 
thrown [s\src\hotspot\share\prims\jni.cpp, line 516]
Event: 2040.510 Thread 0x00000245da6125f0 Exception <a 'java/lang/NoSuchMethodError'{0x0000000096a56210}: static Lorg/gradle/internal/build/event/types/DefaultSuccessResult;.<clinit>()V> (0x0000000096a56210) 
thrown [s\src\hotspot\share\prims\jni.cpp, line 1112]
Event: 2040.583 Thread 0x00000245da801e10 Implicit null exception at 0x00000245881d527a to 0x00000245881da4cc
Event: 2040.682 Thread 0x00000245da6125f0 Exception <a 'java/lang/NoSuchMethodError'{0x0000000096a5e628}: static Lorg/gradle/tooling/internal/provider/PhasedBuildActionResult;.<clinit>()V> (0x0000000096a5e628) 
thrown [s\src\hotspot\share\prims\jni.cpp, line 1112]
Event: 2040.683 Thread 0x00000245da6125f0 Exception <a 'java/lang/NoSuchMethodError'{0x000000008fa06648}: static Lorg/gradle/tooling/internal/provider/serialization/SerializedPayload;.<clinit>()V> (0x000000008fa06648) 
thrown [s\src\hotspot\share\prims\jni.cpp, line 1112]
Event: 2040.683 Thread 0x00000245da6125f0 Exception <a 'java/lang/NoSuchMethodError'{0x000000008fa0bfe0}: static [B.<clinit>()V> (0x000000008fa0bfe0) 
thrown [s\src\hotspot\share\prims\jni.cpp, line 1112]
Event: 2040.783 Thread 0x00000245dd775ba0 Exception <a 'java/lang/NoSuchMethodError'{0x000000008f3e00b8}: 'void java.lang.invoke.DirectMethodHandle$Holder.invokeStaticInit(java.lang.Object)'> (0x000000008f3e00b8) 
thrown [s\src\hotspot\share\interpreter\linkResolver.cpp, line 759]
Event: 2040.790 Thread 0x00000245dd775ba0 Exception <a 'java/lang/NoSuchMethodError'{0x000000008f3f3610}: 'void java.lang.invoke.DirectMethodHandle$Holder.invokeStatic(java.lang.Object, int)'> (0x000000008f3f3610) 
thrown [s\src\hotspot\share\interpreter\linkResolver.cpp, line 759]
Event: 2040.791 Thread 0x00000245dd775ba0 Exception <a 'java/lang/NoSuchMethodError'{0x000000008f3f6cd0}: 'void java.lang.invoke.DirectMethodHandle$Holder.invokeStaticInit(java.lang.Object, int)'> (0x000000008f3f6cd0) 
thrown [s\src\hotspot\share\interpreter\linkResolver.cpp, line 759]

VM Operations (20 events):
Event: 2040.864 Executing VM operation: HandshakeAllThreads done
Event: 2040.876 Executing VM operation: HandshakeAllThreads
Event: 2040.877 Executing VM operation: HandshakeAllThreads done
Event: 2040.882 Executing VM operation: HandshakeAllThreads
Event: 2040.882 Executing VM operation: HandshakeAllThreads done
Event: 2040.885 Executing VM operation: HandshakeAllThreads
Event: 2040.885 Executing VM operation: HandshakeAllThreads done
Event: 2040.887 Executing VM operation: HandshakeAllThreads
Event: 2040.887 Executing VM operation: HandshakeAllThreads done
Event: 2040.890 Executing VM operation: HandshakeAllThreads
Event: 2040.890 Executing VM operation: HandshakeAllThreads done
Event: 2040.894 Executing VM operation: HandshakeAllThreads
Event: 2040.894 Executing VM operation: HandshakeAllThreads done
Event: 2040.899 Executing VM operation: HandshakeAllThreads
Event: 2040.899 Executing VM operation: HandshakeAllThreads done
Event: 2041.088 Executing VM operation: G1CollectForAllocation
Event: 2041.107 Executing VM operation: G1CollectForAllocation done
Event: 2041.119 Executing VM operation: G1CollectForAllocation
Event: 2041.160 Executing VM operation: G1CollectForAllocation done
Event: 2041.331 Executing VM operation: G1CollectForAllocation

Memory protections (0 events):
No events

Nmethod flushes (20 events):
Event: 1394.005 Thread 0x00000245d203ea70 flushing  nmethod 0x00000245818c6c90
Event: 1394.005 Thread 0x00000245d203ea70 flushing  nmethod 0x00000245818c7810
Event: 1394.005 Thread 0x00000245d203ea70 flushing  nmethod 0x00000245818ccf90
Event: 1394.005 Thread 0x00000245d203ea70 flushing  nmethod 0x00000245818d1f90
Event: 1394.006 Thread 0x00000245d203ea70 flushing  nmethod 0x00000245819ee810
Event: 1394.006 Thread 0x00000245d203ea70 flushing  nmethod 0x00000245819f7090
Event: 1394.006 Thread 0x00000245d203ea70 flushing  nmethod 0x0000024581a63410
Event: 1394.006 Thread 0x00000245d203ea70 flushing  nmethod 0x0000024581a6d210
Event: 1394.006 Thread 0x00000245d203ea70 flushing  nmethod 0x0000024581aa4710
Event: 1394.006 Thread 0x00000245d203ea70 flushing  nmethod 0x0000024581aac310
Event: 1394.007 Thread 0x00000245d203ea70 flushing  nmethod 0x0000024581cd5d90
Event: 2039.970 Thread 0x00000245d203ea70 flushing  nmethod 0x0000024587f7bf10
Event: 2039.981 Thread 0x00000245d203ea70 flushing  nmethod 0x0000024580a96b10
Event: 2039.981 Thread 0x00000245d203ea70 flushing  nmethod 0x0000024580b82f10
Event: 2039.981 Thread 0x00000245d203ea70 flushing  nmethod 0x0000024580b87a90
Event: 2039.981 Thread 0x00000245d203ea70 flushing  nmethod 0x0000024580bd3610
Event: 2039.981 Thread 0x00000245d203ea70 flushing  nmethod 0x0000024580c3b010
Event: 2039.982 Thread 0x00000245d203ea70 flushing  nmethod 0x0000024580c7db10
Event: 2039.985 Thread 0x00000245d203ea70 flushing  nmethod 0x000002458139b510
Event: 2039.985 Thread 0x00000245d203ea70 flushing  nmethod 0x00000245813a5710

Events (20 events):
Event: 2040.080 Thread 0x00000245da801e10 Thread added: 0x00000245da614e70
Event: 2040.086 Thread 0x00000245da801e10 Thread added: 0x00000245da6171e0
Event: 2040.086 Thread 0x00000245da801e10 Thread added: 0x00000245da614450
Event: 2040.086 Thread 0x00000245da801e10 Thread added: 0x00000245da6176f0
Event: 2040.086 Thread 0x00000245da801e10 Thread added: 0x00000245da6167c0
Event: 2040.087 Thread 0x00000245da801e10 Thread added: 0x00000245da615890
Event: 2040.608 Thread 0x00000245da801e10 Thread added: 0x00000245dd772900
Event: 2040.680 Thread 0x00000245dd772900 Thread exited: 0x00000245dd772900
Event: 2040.684 Thread 0x00000245da801e10 Thread added: 0x00000245dd772900
Event: 2040.685 Thread 0x00000245dd772900 Thread added: 0x00000245dd772e10
Event: 2040.685 Thread 0x00000245dd772900 Thread added: 0x00000245dd770590
Event: 2040.685 Thread 0x00000245dd772900 Thread added: 0x00000245dd770aa0
Event: 2040.685 Thread 0x00000245dd772900 Thread added: 0x00000245dd773320
Event: 2040.685 Thread 0x00000245dd772900 Thread added: 0x00000245dd774250
Event: 2040.685 Thread 0x00000245dd772900 Thread added: 0x00000245dd774760
Event: 2040.685 Thread 0x00000245dd772900 Thread added: 0x00000245dd770fb0
Event: 2040.685 Thread 0x00000245dd772900 Thread added: 0x00000245dd777a00
Event: 2040.685 Thread 0x00000245dd772900 Thread added: 0x00000245dd7760b0
Event: 2040.688 Thread 0x00000245dd772e10 Thread added: 0x00000245dd776ad0
Event: 2040.717 Thread 0x00000245da801e10 Thread added: 0x00000245dd775ba0


Dynamic libraries:
0x00007ff76aa40000 - 0x00007ff76aa4e000 	C:\Users\16696\.jdks\ms-17.0.19\bin\java.exe
0x00007ffa768e0000 - 0x00007ffa76b46000 	C:\Windows\SYSTEM32\ntdll.dll
0x00007ffa75840000 - 0x00007ffa75909000 	C:\Windows\System32\KERNEL32.DLL
0x00007ffa73b00000 - 0x00007ffa73efe000 	C:\Windows\System32\KERNELBASE.dll
0x00007ffa73fa0000 - 0x00007ffa740ec000 	C:\Windows\System32\ucrtbase.dll
0x00007ffa6c600000 - 0x00007ffa6c618000 	C:\Users\16696\.jdks\ms-17.0.19\bin\jli.dll
0x00007ffa64ef0000 - 0x00007ffa64f0e000 	C:\Users\16696\.jdks\ms-17.0.19\bin\VCRUNTIME140.dll
0x00007ffa74f70000 - 0x00007ffa75137000 	C:\Windows\System32\USER32.dll
0x00007ffa74280000 - 0x00007ffa742a7000 	C:\Windows\System32\win32u.dll
0x00007ffa56e20000 - 0x00007ffa570b2000 	C:\Windows\WinSxS\amd64_microsoft.windows.common-controls_6595b64144ccf1df_6.0.26100.8875_none_3e0d5d42e32fe9dd\COMCTL32.dll
0x00007ffa76570000 - 0x00007ffa7659b000 	C:\Windows\System32\GDI32.dll
0x00007ffa747b0000 - 0x00007ffa74859000 	C:\Windows\System32\msvcrt.dll
0x00007ffa744e0000 - 0x00007ffa7460a000 	C:\Windows\System32\gdi32full.dll
0x00007ffa742b0000 - 0x00007ffa74353000 	C:\Windows\System32\msvcp_win.dll
0x00007ffa74860000 - 0x00007ffa74892000 	C:\Windows\System32\IMM32.DLL
0x00007ffa6e280000 - 0x00007ffa6e28c000 	C:\Users\16696\.jdks\ms-17.0.19\bin\vcruntime140_1.dll
0x00007ffa561b0000 - 0x00007ffa56239000 	C:\Users\16696\.jdks\ms-17.0.19\bin\msvcp140.dll
0x00007ff991500000 - 0x00007ff99217b000 	C:\Users\16696\.jdks\ms-17.0.19\bin\server\jvm.dll
0x00007ffa751c0000 - 0x00007ffa75277000 	C:\Windows\System32\ADVAPI32.dll
0x00007ffa765a0000 - 0x00007ffa7664a000 	C:\Windows\System32\sechost.dll
0x00007ffa76660000 - 0x00007ffa76778000 	C:\Windows\System32\RPCRT4.dll
0x00007ffa748b0000 - 0x00007ffa74930000 	C:\Windows\System32\WS2_32.dll
0x00007ffa73960000 - 0x00007ffa739be000 	C:\Windows\SYSTEM32\POWRPROF.dll
0x00007ffa6ac10000 - 0x00007ffa6ac1b000 	C:\Windows\SYSTEM32\VERSION.dll
0x00007ffa6b7e0000 - 0x00007ffa6b816000 	C:\Windows\SYSTEM32\WINMM.dll
0x00007ffa73940000 - 0x00007ffa73954000 	C:\Windows\SYSTEM32\UMPDC.dll
0x00007ffa727b0000 - 0x00007ffa727cb000 	C:\Windows\SYSTEM32\kernel.appcore.dll
0x00007ffa6c5f0000 - 0x00007ffa6c5fa000 	C:\Users\16696\.jdks\ms-17.0.19\bin\jimage.dll
0x00007ffa70dc0000 - 0x00007ffa71002000 	C:\Windows\SYSTEM32\DBGHELP.DLL
0x00007ffa74be0000 - 0x00007ffa74f63000 	C:\Windows\System32\combase.dll
0x00007ffa75760000 - 0x00007ffa75839000 	C:\Windows\System32\OLEAUT32.dll
0x00007ffa49c50000 - 0x00007ffa49c8b000 	C:\Windows\SYSTEM32\dbgcore.DLL
0x00007ffa741c0000 - 0x00007ffa7426c000 	C:\Windows\System32\bcryptPrimitives.dll
0x00007ffa64ee0000 - 0x00007ffa64eef000 	C:\Users\16696\.jdks\ms-17.0.19\bin\instrument.dll
0x00007ffa64020000 - 0x00007ffa64046000 	C:\Users\16696\.jdks\ms-17.0.19\bin\java.dll
0x00007ffa2bb60000 - 0x00007ffa2bc36000 	C:\Users\16696\.jdks\ms-17.0.19\bin\jsvml.dll
0x00007ffa75910000 - 0x00007ffa760a2000 	C:\Windows\System32\SHELL32.dll
0x00007ffa71570000 - 0x00007ffa71e02000 	C:\Windows\SYSTEM32\windows.storage.dll
0x00007ffa76780000 - 0x00007ffa76877000 	C:\Windows\System32\SHCORE.dll
0x00007ffa76440000 - 0x00007ffa764a7000 	C:\Windows\System32\shlwapi.dll
0x00007ffa73a20000 - 0x00007ffa73a49000 	C:\Windows\SYSTEM32\profapi.dll
0x00007ffa64ec0000 - 0x00007ffa64ed8000 	C:\Users\16696\.jdks\ms-17.0.19\bin\zip.dll
0x00007ffa64bc0000 - 0x00007ffa64bdb000 	C:\Users\16696\.jdks\ms-17.0.19\bin\net.dll
0x00007ffa6b340000 - 0x00007ffa6b467000 	C:\Windows\SYSTEM32\WINHTTP.dll
0x00007ffa72d70000 - 0x00007ffa72ddc000 	C:\Windows\system32\mswsock.dll
0x00007ffa5f0d0000 - 0x00007ffa5f0e6000 	C:\Users\16696\.jdks\ms-17.0.19\bin\nio.dll
0x00007ffa64010000 - 0x00007ffa64020000 	C:\Users\16696\.jdks\ms-17.0.19\bin\verify.dll
0x00007ffa540a0000 - 0x00007ffa540c7000 	C:\Users\16696\.gradle\native\660c5614fbf4a5f2a75b1949f50a0caf5cd603558e7d8a26e50b933a0cfb79d1\windows-amd64\native-platform.dll
0x00007ffa2bda0000 - 0x00007ffa2be17000 	C:\Users\16696\.gradle\native\0.2.8\x86_64-windows-gnu\gradle-fileevents.dll
0x00007ffa57f20000 - 0x00007ffa57f2a000 	C:\Users\16696\.jdks\ms-17.0.19\bin\management.dll
0x00007ffa57f10000 - 0x00007ffa57f1c000 	C:\Users\16696\.jdks\ms-17.0.19\bin\management_ext.dll
0x00007ffa74bd0000 - 0x00007ffa74bd8000 	C:\Windows\System32\PSAPI.DLL
0x00007ffa72140000 - 0x00007ffa72173000 	C:\Windows\SYSTEM32\IPHLPAPI.DLL
0x00007ffa76650000 - 0x00007ffa7665a000 	C:\Windows\System32\NSI.dll
0x00007ffa6b770000 - 0x00007ffa6b78d000 	C:\Windows\SYSTEM32\dhcpcsvc6.DLL
0x00007ffa6b740000 - 0x00007ffa6b765000 	C:\Windows\SYSTEM32\dhcpcsvc.DLL
0x00007ffa721d0000 - 0x00007ffa72326000 	C:\Windows\SYSTEM32\DNSAPI.dll
0x00007ffa72b40000 - 0x00007ffa72b4d000 	C:\Windows\SYSTEM32\DSPARSE.dll
0x00007ffa562c0000 - 0x00007ffa562c9000 	C:\Users\16696\.jdks\ms-17.0.19\bin\extnet.dll
0x00007ffa730b0000 - 0x00007ffa730cb000 	C:\Windows\SYSTEM32\CRYPTSP.dll
0x00007ffa72710000 - 0x00007ffa72749000 	C:\Windows\system32\rsaenh.dll
0x00007ffa72e30000 - 0x00007ffa72e62000 	C:\Windows\SYSTEM32\USERENV.dll
0x00007ffa739f0000 - 0x00007ffa73a1a000 	C:\Windows\SYSTEM32\bcrypt.dll
0x00007ffa73090000 - 0x00007ffa7309c000 	C:\Windows\SYSTEM32\CRYPTBASE.dll
0x00007ffa562b0000 - 0x00007ffa562be000 	C:\Users\16696\.jdks\ms-17.0.19\bin\sunmscapi.dll
0x00007ffa74360000 - 0x00007ffa744d8000 	C:\Windows\System32\CRYPT32.dll
0x00007ffa732d0000 - 0x00007ffa73300000 	C:\Windows\SYSTEM32\ncrypt.dll
0x00007ffa73280000 - 0x00007ffa732bf000 	C:\Windows\SYSTEM32\NTASN1.dll
0x00007ffa3c240000 - 0x00007ffa3c248000 	C:\Windows\system32\wshunix.dll
0x00007ffa728e0000 - 0x00007ffa72916000 	C:\Windows\SYSTEM32\ntmarta.dll

dbghelp: loaded successfully - version: 4.0.5 - missing functions: none
symbol engine: initialized successfully - sym options: 0x614 - pdb path: .;C:\Users\16696\.jdks\ms-17.0.19\bin;C:\Windows\SYSTEM32;C:\Windows\WinSxS\amd64_microsoft.windows.common-controls_6595b64144ccf1df_6.0.26100.8875_none_3e0d5d42e32fe9dd;C:\Users\16696\.jdks\ms-17.0.19\bin\server;C:\Users\16696\.gradle\native\660c5614fbf4a5f2a75b1949f50a0caf5cd603558e7d8a26e50b933a0cfb79d1\windows-amd64;C:\Users\16696\.gradle\native\0.2.8\x86_64-windows-gnu

VM Arguments:
jvm_args: --add-opens=java.base/java.lang=ALL-UNNAMED --add-opens=java.base/java.lang.invoke=ALL-UNNAMED --add-opens=java.base/java.util=ALL-UNNAMED --add-opens=java.prefs/java.util.prefs=ALL-UNNAMED --add-exports=jdk.compiler/com.sun.tools.javac.api=ALL-UNNAMED --add-exports=jdk.compiler/com.sun.tools.javac.util=ALL-UNNAMED --add-opens=java.base/java.util=ALL-UNNAMED --add-opens=java.prefs/java.util.prefs=ALL-UNNAMED --add-opens=java.base/java.nio.charset=ALL-UNNAMED --add-opens=java.base/java.net=ALL-UNNAMED --add-opens=java.base/java.util.concurrent=ALL-UNNAMED --add-opens=java.base/java.util.concurrent.atomic=ALL-UNNAMED --add-opens=java.xml/javax.xml.namespace=ALL-UNNAMED --add-opens=java.base/java.time=ALL-UNNAMED -Xmx2048m -Dfile.encoding=UTF-8 -Duser.country=CN -Duser.language=zh -Duser.variant -javaagent:C:\Users\16696\.gradle\wrapper\dists\gradle-9.4.1-bin\arn2x92ynaizyzdaamcbpbhtj\gradle-9.4.1\lib\agents\gradle-instrumentation-agent-9.4.1.jar 
java_command: org.gradle.launcher.daemon.bootstrap.GradleDaemon 9.4.1
java_class_path (initial): C:\Users\16696\.gradle\wrapper\dists\gradle-9.4.1-bin\arn2x92ynaizyzdaamcbpbhtj\gradle-9.4.1\lib\gradle-daemon-main-9.4.1.jar
Launcher Type: SUN_STANDARD

[Global flags]
     intx CICompilerCount                          = 4                                         {product} {ergonomic}
     uint ConcGCThreads                            = 2                                         {product} {ergonomic}
     uint G1ConcRefinementThreads                  = 9                                         {product} {ergonomic}
   size_t G1HeapRegionSize                         = 1048576                                   {product} {ergonomic}
    uintx GCDrainStackTargetSize                   = 64                                        {product} {ergonomic}
   size_t InitialHeapSize                          = 260046848                                 {product} {ergonomic}
   size_t MarkStackSize                            = 4194304                                   {product} {ergonomic}
   size_t MaxHeapSize                              = 2147483648                                {product} {command line}
   size_t MaxNewSize                               = 1287651328                                {product} {ergonomic}
   size_t MinHeapDeltaBytes                        = 1048576                                   {product} {ergonomic}
   size_t MinHeapSize                              = 8388608                                   {product} {ergonomic}
    uintx NonNMethodCodeHeapSize                   = 5839372                                {pd product} {ergonomic}
    uintx NonProfiledCodeHeapSize                  = 122909434                              {pd product} {ergonomic}
    uintx ProfiledCodeHeapSize                     = 122909434                              {pd product} {ergonomic}
    uintx ReservedCodeCacheSize                    = 251658240                              {pd product} {ergonomic}
     bool SegmentedCodeCache                       = true                                      {product} {ergonomic}
   size_t SoftMaxHeapSize                          = 2147483648                             {manageable} {ergonomic}
     bool UseCompressedClassPointers               = true                           {product lp64_product} {ergonomic}
     bool UseCompressedOops                        = true                           {product lp64_product} {ergonomic}
     bool UseG1GC                                  = true                                      {product} {ergonomic}
     bool UseLargePagesIndividualAllocation        = false                                  {pd product} {ergonomic}

Logging:
Log output configuration:
 #0: stdout all=warning uptime,level,tags
 #1: stderr all=off uptime,level,tags

Environment Variables:
PATH=D:\Android\jdk-8.0.492.9-hotspot\bin;C:\Program Files (x86)\VMware\VMware Workstation\bin\;C:\Windows\system32;C:\Windows;C:\Windows\System32\Wbem;C:\Windows\System32\WindowsPowerShell\v1.0\;C:\Windows\System32\OpenSSH\;D:\Git\Git\cmd;D:\Cmake\bin;D:\Windows Kits\10\Windows Performance Toolkit\;C:\Program Files\TortoiseGit\bin;C:\NXP\S32DS.3.5\S32DS\build_tools\gcc-10.2-arm32-eabi\bin;D:\Xshell\;C:\Users\16696\AppData\Local\Programs\Python\Python314\Scripts\;C:\Users\16696\AppData\Local\Programs\Python\Python314\;C:\Users\16696\AppData\Local\Microsoft\WindowsApps;D:\pycharm\PyCharm 2026.1.2\bin;D:\vscode\Microsoft VS Code\bin;D:\Android\Sdk\platform-tools;D:\Android\Sdk;
USERNAME=16696
OS=Windows_NT
PROCESSOR_IDENTIFIER=Intel64 Family 6 Model 198 Stepping 2, GenuineIntel
TMP=C:\Users\16696\AppData\Local\Temp
TEMP=C:\Users\16696\AppData\Local\Temp



Periodic native trim disabled


---------------  S Y S T E M  ---------------

OS:
 Windows 11 , 64 bit Build 26100 (10.0.26100.8875)
OS uptime: 1 days 0:22 hours
Hyper-V role detected

CPU: total 10 (initial active 10) (10 cores per cpu, 1 threads per core) family 6 model 198 stepping 2 microcode 0x118, cx8, cmov, fxsr, mmx, 3dnowpref, sse, sse2, sse3, ssse3, sse4.1, sse4.2, popcnt, lzcnt, tsc, tscinvbit, avx, avx2, aes, erms, clmul, bmi1, bmi2, adx, sha, fma, vzeroupper, clflush, clflushopt, clwb, hv
Processor Information for processor 0
  Max Mhz: 3300, Current Mhz: 3300, Mhz Limit: 3300
Processor Information for processor 1
  Max Mhz: 3300, Current Mhz: 3300, Mhz Limit: 3300
Processor Information for processor 2
  Max Mhz: 2700, Current Mhz: 2700, Mhz Limit: 2700
Processor Information for processor 3
  Max Mhz: 2700, Current Mhz: 2700, Mhz Limit: 2700
Processor Information for processor 4
  Max Mhz: 2700, Current Mhz: 2700, Mhz Limit: 2700
Processor Information for processor 5
  Max Mhz: 2700, Current Mhz: 2700, Mhz Limit: 2700
Processor Information for processor 6
  Max Mhz: 3300, Current Mhz: 3300, Mhz Limit: 3300
Processor Information for processor 7
  Max Mhz: 3300, Current Mhz: 3300, Mhz Limit: 3300
Processor Information for processor 8
  Max Mhz: 3300, Current Mhz: 3300, Mhz Limit: 3300
Processor Information for processor 9
  Max Mhz: 3300, Current Mhz: 3300, Mhz Limit: 3300

Memory: 4k page, system-wide physical 15751M (580M free)
TotalPageFile size 54151M (AvailPageFile size 129M)
current process WorkingSet (physical memory assigned to process): 620M, peak: 620M
current process commit charge ("private bytes"): 760M, peak: 1429M

vm_info: OpenJDK 64-Bit Server VM (17.0.19+10-LTS) for windows-amd64 JRE (17.0.19+10-LTS), built on Apr 18 2026 18:24:40 by "MicrosoftCorporation" with MS VC++ 17.14 (VS2022)

END.
