#
# There is insufficient memory for the Java Runtime Environment to continue.
# Native memory allocation (malloc) failed to allocate 1645616 bytes. Error detail: Chunk::new
# Possible reasons:
#   The system is out of physical RAM or swap space
#   This process is running with CompressedOops enabled, and the Java Heap may be blocking the growth of the native heap
# Possible solutions:
#   Reduce memory load on the system
#   Increase physical memory or swap space
#   Check if swap backing store is full
#   Decrease Java heap size (-Xmx/-Xms)
#   Decrease number of Java threads
#   Decrease Java thread stack sizes (-Xss)
#   Set larger code cache with -XX:ReservedCodeCacheSize=
#   JVM is running with Unscaled Compressed Oops mode in which the Java heap is
#     placed in the first 4GB address space. The Java Heap base address is the
#     maximum limit for the native heap growth. Please use -XX:HeapBaseMinAddress
#     to set the Java Heap base and to place the Java Heap above 4GB virtual address.
# This output file may be truncated or incomplete.
#
#  Out of Memory Error (arena.cpp:191), pid=9040, tid=4024
#
# JRE version: OpenJDK Runtime Environment Microsoft-13877129 (17.0.19+10) (build 17.0.19+10-LTS)
# Java VM: OpenJDK 64-Bit Server VM Microsoft-13877129 (17.0.19+10-LTS, mixed mode, sharing, tiered, compressed oops, compressed class ptrs, g1 gc, windows-amd64)
# No core dump will be written. Minidumps are not enabled by default on client versions of Windows
#

---------------  S U M M A R Y ------------

Command Line: --add-opens=java.base/java.lang=ALL-UNNAMED --add-opens=java.base/java.lang.invoke=ALL-UNNAMED --add-opens=java.base/java.util=ALL-UNNAMED --add-opens=java.prefs/java.util.prefs=ALL-UNNAMED --add-exports=jdk.compiler/com.sun.tools.javac.api=ALL-UNNAMED --add-exports=jdk.compiler/com.sun.tools.javac.util=ALL-UNNAMED --add-opens=java.base/java.util=ALL-UNNAMED --add-opens=java.prefs/java.util.prefs=ALL-UNNAMED --add-opens=java.base/java.nio.charset=ALL-UNNAMED --add-opens=java.base/java.net=ALL-UNNAMED --add-opens=java.base/java.util.concurrent=ALL-UNNAMED --add-opens=java.base/java.util.concurrent.atomic=ALL-UNNAMED --add-opens=java.xml/javax.xml.namespace=ALL-UNNAMED --add-opens=java.base/java.time=ALL-UNNAMED -Xmx2048m -Dfile.encoding=UTF-8 -Duser.country=CN -Duser.language=zh -Duser.variant -javaagent:C:\Users\16696\.gradle\wrapper\dists\gradle-9.4.1-bin\arn2x92ynaizyzdaamcbpbhtj\gradle-9.4.1\lib\agents\gradle-instrumentation-agent-9.4.1.jar org.gradle.launcher.daemon.bootstrap.GradleDaemon 9.4.1

Host: Intel(R) Core(TM) Ultra 5 225, 10 cores, 15G,  Windows 11 , 64 bit Build 26100 (10.0.26100.8521)
Time: Thu Jul 16 10:36:00 2026  Windows 11 , 64 bit Build 26100 (10.0.26100.8521) elapsed time: 166.094417 seconds (0d 0h 2m 46s)

---------------  T H R E A D  ---------------

Current thread (0x000002a9db12a160):  JavaThread "C2 CompilerThread0" daemon [_thread_in_native, id=4024, stack(0x000000c0f6400000,0x000000c0f6500000)]


Current CompileTask:
C2:166094 30516       4       org.gradle.internal.serialize.HierarchicalNameSerializer::readFirstOccurrenceOfName (60 bytes)

Stack: [0x000000c0f6400000,0x000000c0f6500000]
Native frames: (J=compiled Java code, j=interpreted, Vv=VM code, C=native code)
V  [jvm.dll+0x68cc89]  (no source info available)
V  [jvm.dll+0x845d89]  (no source info available)
V  [jvm.dll+0x847af8]  (no source info available)
V  [jvm.dll+0x848183]  (no source info available)
V  [jvm.dll+0x24d0bf]  (no source info available)
V  [jvm.dll+0xaed56]  (no source info available)
V  [jvm.dll+0xaf3fc]  (no source info available)
V  [jvm.dll+0x3718be]  (no source info available)
V  [jvm.dll+0x1c07d3]  (no source info available)
V  [jvm.dll+0x21e120]  (no source info available)
V  [jvm.dll+0x21d412]  (no source info available)
V  [jvm.dll+0x1a8db6]  (no source info available)
V  [jvm.dll+0x22dc6b]  (no source info available)
V  [jvm.dll+0x22bdf6]  (no source info available)
V  [jvm.dll+0x7fbecb]  (no source info available)
V  [jvm.dll+0x7f62cc]  (no source info available)
V  [jvm.dll+0x68e227]  (no source info available)
C  [ucrtbase.dll+0x2cd30]  (no source info available)
C  [KERNEL32.DLL+0x2e957]  (no source info available)
C  [ntdll.dll+0x87c1c]  (no source info available)


---------------  P R O C E S S  ---------------

Threads class SMR info:
_java_thread_list=0x000002aa2ef7eed0, length=90, elements={
0x000002a9bc98cd40, 0x000002a9db113360, 0x000002a9db115e40, 0x000002a9db13a0e0,
0x000002a9db13a9b0, 0x000002a9db128c90, 0x000002a9db129560, 0x000002a9db12a160,
0x000002a9db135b50, 0x000002a9db136460, 0x000002a9db252fb0, 0x000002a9db320650,
0x000002aa22557210, 0x000002a9dba7a3e0, 0x000002aa22b4a0a0, 0x000002aa214f4560,
0x000002aa229beda0, 0x000002aa229e2800, 0x000002aa229e2d10, 0x000002aa229e13c0,
0x000002aa229e3220, 0x000002aa229dff80, 0x000002aa229e22f0, 0x000002aa258a6b20,
0x000002aa258aa7e0, 0x000002aa258a9dc0, 0x000002aa258a7f60, 0x000002aa258a7a50,
0x000002aa258a8e90, 0x000002aa258a8980, 0x000002aa258aa2d0, 0x000002aa258a98b0,
0x000002aa258a7030, 0x000002aa247c81b0, 0x000002aa25033110, 0x000002aa2ebea1f0,
0x000002aa23b04780, 0x000002aa23b051a0, 0x000002aa282ae740, 0x000002aa27befe00,
0x000002aa21af8200, 0x000002aa25e22070, 0x000002aa23b00fd0, 0x000002aa27bf1750,
0x000002aa27bf1240, 0x000002aa27748a80, 0x000002aa2602f880, 0x000002aa260307b0,
0x000002aa260316e0, 0x000002aa26032610, 0x000002aa2da93f90, 0x000002aa2da944a0,
0x000002aa2da949b0, 0x000002aa2da93060, 0x000002aa2da93570, 0x000002aa2da93a80,
0x000002aa24a95330, 0x000002aa24a96c80, 0x000002aa27748f90, 0x000002aa277499b0,
0x000002aa27748060, 0x000002aa277494a0, 0x000002aa27bf0820, 0x000002aa27749ec0,
0x000002aa2774b810, 0x000002aa2774b300, 0x000002aa27bf0d30, 0x000002aa2d58db10,
0x000002aa2d58f460, 0x000002aa2d58fe80, 0x000002aa2d590db0, 0x000002aa2d58ea40,
0x000002aa2d590390, 0x000002aa25e22580, 0x000002aa267e4500, 0x000002aa267e6360,
0x000002aa282ae230, 0x000002aa2eb6d810, 0x000002aa260311d0, 0x000002aa26032b20,
0x000002aa26032100, 0x000002aa260302a0, 0x000002aa2602f370, 0x000002aa2602fd90,
0x000002aa25e44620, 0x000002aa24fe53e0, 0x000002aa2eb6a060, 0x000002aa2eb6c8e0,
0x000002aa24d34b00, 0x000002aa2ecfe060
}

Java Threads: ( => current thread )
  0x000002a9bc98cd40 JavaThread "main" [_thread_blocked, id=6280, stack(0x000000c0f5700000,0x000000c0f5800000)]
  0x000002a9db113360 JavaThread "Reference Handler" daemon [_thread_blocked, id=23628, stack(0x000000c0f5e00000,0x000000c0f5f00000)]
  0x000002a9db115e40 JavaThread "Finalizer" daemon [_thread_blocked, id=26608, stack(0x000000c0f5f00000,0x000000c0f6000000)]
  0x000002a9db13a0e0 JavaThread "Signal Dispatcher" daemon [_thread_blocked, id=28400, stack(0x000000c0f6000000,0x000000c0f6100000)]
  0x000002a9db13a9b0 JavaThread "Attach Listener" daemon [_thread_blocked, id=25420, stack(0x000000c0f6100000,0x000000c0f6200000)]
  0x000002a9db128c90 JavaThread "Service Thread" daemon [_thread_blocked, id=27076, stack(0x000000c0f6200000,0x000000c0f6300000)]
  0x000002a9db129560 JavaThread "Monitor Deflation Thread" daemon [_thread_blocked, id=9044, stack(0x000000c0f6300000,0x000000c0f6400000)]
=>0x000002a9db12a160 JavaThread "C2 CompilerThread0" daemon [_thread_in_native, id=4024, stack(0x000000c0f6400000,0x000000c0f6500000)]
  0x000002a9db135b50 JavaThread "C1 CompilerThread0" daemon [_thread_blocked, id=26292, stack(0x000000c0f6500000,0x000000c0f6600000)]
  0x000002a9db136460 JavaThread "Sweeper thread" daemon [_thread_blocked, id=16312, stack(0x000000c0f6600000,0x000000c0f6700000)]
  0x000002a9db252fb0 JavaThread "Common-Cleaner" daemon [_thread_blocked, id=2616, stack(0x000000c0f6700000,0x000000c0f6800000)]
  0x000002a9db320650 JavaThread "Notification Thread" daemon [_thread_blocked, id=16028, stack(0x000000c0f6800000,0x000000c0f6900000)]
  0x000002aa22557210 JavaThread "Daemon health stats" [_thread_blocked, id=26760, stack(0x000000c0f7000000,0x000000c0f7100000)]
  0x000002a9dba7a3e0 JavaThread "Incoming local TCP Connector on port 61092" [_thread_in_native, id=6188, stack(0x000000c0f7100000,0x000000c0f7200000)]
  0x000002aa22b4a0a0 JavaThread "Daemon periodic checks" [_thread_blocked, id=23100, stack(0x000000c0f7200000,0x000000c0f7300000)]
  0x000002aa214f4560 JavaThread "Daemon" [_thread_blocked, id=23720, stack(0x000000c0f7300000,0x000000c0f7400000)]
  0x000002aa229beda0 JavaThread "Daemon worker" [_thread_blocked, id=17684, stack(0x000000c0f7600000,0x000000c0f7700000)]
  0x000002aa229e2800 JavaThread "Cache worker for journal cache (C:\Users\16696\.gradle\caches\journal-1)" [_thread_blocked, id=28464, stack(0x000000c0f7a00000,0x000000c0f7b00000)]
  0x000002aa229e2d10 JavaThread "File lock request listener" [_thread_in_native, id=18492, stack(0x000000c0f7b00000,0x000000c0f7c00000)]
  0x000002aa229e13c0 JavaThread "Cache worker for file hash cache (C:\Users\16696\.gradle\caches\9.4.1\fileHashes)" [_thread_blocked, id=2984, stack(0x000000c0f7c00000,0x000000c0f7d00000)]
  0x000002aa229e3220 JavaThread "File watcher server" daemon [_thread_in_native, id=27884, stack(0x000000c0f8400000,0x000000c0f8500000)]
  0x000002aa229dff80 JavaThread "File watcher consumer" daemon [_thread_blocked, id=6800, stack(0x000000c0f8500000,0x000000c0f8600000)]
  0x000002aa229e22f0 JavaThread "jar transforms" [_thread_blocked, id=16968, stack(0x000000c0f8600000,0x000000c0f8700000)]
  0x000002aa258a6b20 JavaThread "jar transforms Thread 2" [_thread_blocked, id=23924, stack(0x000000c0f8700000,0x000000c0f8800000)]
  0x000002aa258aa7e0 JavaThread "jar transforms Thread 3" [_thread_blocked, id=17672, stack(0x000000c0f8800000,0x000000c0f8900000)]
  0x000002aa258a9dc0 JavaThread "jar transforms Thread 4" [_thread_blocked, id=10484, stack(0x000000c0f8900000,0x000000c0f8a00000)]
  0x000002aa258a7f60 JavaThread "jar transforms Thread 5" [_thread_blocked, id=24020, stack(0x000000c0f8a00000,0x000000c0f8b00000)]
  0x000002aa258a7a50 JavaThread "jar transforms Thread 6" [_thread_blocked, id=25916, stack(0x000000c0f8b00000,0x000000c0f8c00000)]
  0x000002aa258a8e90 JavaThread "jar transforms Thread 7" [_thread_blocked, id=11332, stack(0x000000c0f8c00000,0x000000c0f8d00000)]
  0x000002aa258a8980 JavaThread "jar transforms Thread 8" [_thread_blocked, id=15692, stack(0x000000c0f8d00000,0x000000c0f8e00000)]
  0x000002aa258aa2d0 JavaThread "jar transforms Thread 9" [_thread_blocked, id=12492, stack(0x000000c0f8e00000,0x000000c0f8f00000)]
  0x000002aa258a98b0 JavaThread "jar transforms Thread 10" [_thread_blocked, id=27652, stack(0x000000c0f8f00000,0x000000c0f9000000)]
  0x000002aa258a7030 JavaThread "Cache worker for file content cache (C:\Users\16696\.gradle\caches\9.4.1\fileContent)" [_thread_blocked, id=6720, stack(0x000000c0f9000000,0x000000c0f9100000)]
  0x000002aa247c81b0 JavaThread "Memory manager" [_thread_blocked, id=24840, stack(0x000000c0f6a00000,0x000000c0f6b00000)]
  0x000002aa25033110 JavaThread "VFS cleanup" [_thread_blocked, id=10388, stack(0x000000c0f7700000,0x000000c0f7800000)]
  0x000002aa2ebea1f0 JavaThread "ForkJoinPool.commonPool-worker-2" daemon [_thread_blocked, id=17756, stack(0x000000c0fbc00000,0x000000c0fbd00000)]
  0x000002aa23b04780 JavaThread "ForkJoinPool.commonPool-worker-3" daemon [_thread_blocked, id=25768, stack(0x000000c0fbd00000,0x000000c0fbe00000)]
  0x000002aa23b051a0 JavaThread "ForkJoinPool.commonPool-worker-4" daemon [_thread_blocked, id=3780, stack(0x000000c0fbe00000,0x000000c0fbf00000)]
  0x000002aa282ae740 JavaThread "ForkJoinPool.commonPool-worker-5" daemon [_thread_blocked, id=26588, stack(0x000000c0fbf00000,0x000000c0fc000000)]
  0x000002aa27befe00 JavaThread "ForkJoinPool.commonPool-worker-6" daemon [_thread_blocked, id=3240, stack(0x000000c0fc000000,0x000000c0fc100000)]
  0x000002aa21af8200 JavaThread "ForkJoinPool.commonPool-worker-7" daemon [_thread_blocked, id=22404, stack(0x000000c0fc100000,0x000000c0fc200000)]
  0x000002aa25e22070 JavaThread "ForkJoinPool.commonPool-worker-9" daemon [_thread_blocked, id=21168, stack(0x000000c0fc300000,0x000000c0fc400000)]
  0x000002aa23b00fd0 JavaThread "File lock release action executor" [_thread_blocked, id=3184, stack(0x000000c0fa900000,0x000000c0faa00000)]
  0x000002aa27bf1750 JavaThread "Handler for socket connection from /127.0.0.1:61092 to /127.0.0.1:61440" [_thread_in_native, id=21964, stack(0x000000c0f5400000,0x000000c0f5500000)]
  0x000002aa27bf1240 JavaThread "Cancel handler" [_thread_blocked, id=17400, stack(0x000000c0f5500000,0x000000c0f5600000)]
  0x000002aa27748a80 JavaThread "Asynchronous log dispatcher for DefaultDaemonConnection: socket connection from /127.0.0.1:61092 to /127.0.0.1:61440" [_thread_blocked, id=14724, stack(0x000000c0f5600000,0x000000c0f5700000)]
  0x000002aa2602f880 JavaThread "Stdin handler" [_thread_blocked, id=27432, stack(0x000000c0f6b00000,0x000000c0f6c00000)]
  0x000002aa260307b0 JavaThread "Daemon client event forwarder" [_thread_blocked, id=25472, stack(0x000000c0f7400000,0x000000c0f7500000)]
  0x000002aa260316e0 JavaThread "Cache worker for file hash cache (D:\Code\Application\music1\.gradle\9.4.1\fileHashes)" [_thread_blocked, id=27560, stack(0x000000c0f7500000,0x000000c0f7600000)]
  0x000002aa26032610 JavaThread "Cache worker for Build Output Cleanup Cache (D:\Code\Application\music1\.gradle\buildOutputCleanup)" [_thread_blocked, id=24052, stack(0x000000c0f7800000,0x000000c0f7900000)]
  0x000002aa2da93f90 JavaThread "Cache worker for checksums cache (D:\Code\Application\music1\.gradle\9.4.1\checksums)" [_thread_blocked, id=11856, stack(0x000000c0f7900000,0x000000c0f7a00000)]
  0x000002aa2da944a0 JavaThread "Cache worker for cache directory md-supplier (C:\Users\16696\.gradle\caches\9.4.1\md-supplier)" [_thread_blocked, id=25528, stack(0x000000c0f8200000,0x000000c0f8300000)]
  0x000002aa2da949b0 JavaThread "Cache worker for cache directory md-rule (C:\Users\16696\.gradle\caches\9.4.1\md-rule)" [_thread_blocked, id=23564, stack(0x000000c0f8300000,0x000000c0f8400000)]
  0x000002aa2da93060 JavaThread "Build operations" [_thread_blocked, id=13488, stack(0x000000c0f9100000,0x000000c0f9200000)]
  0x000002aa2da93570 JavaThread "Build operations Thread 2" [_thread_blocked, id=25936, stack(0x000000c0f9200000,0x000000c0f9300000)]
  0x000002aa2da93a80 JavaThread "Build operations Thread 3" [_thread_blocked, id=3524, stack(0x000000c0f9300000,0x000000c0f9400000)]
  0x000002aa24a95330 JavaThread "Build operations Thread 4" [_thread_blocked, id=20684, stack(0x000000c0f9400000,0x000000c0f9500000)]
  0x000002aa24a96c80 JavaThread "Build operations Thread 5" [_thread_blocked, id=22704, stack(0x000000c0f9500000,0x000000c0f9600000)]
  0x000002aa27748f90 JavaThread "Build operations Thread 6" [_thread_blocked, id=28248, stack(0x000000c0f9600000,0x000000c0f9700000)]
  0x000002aa277499b0 JavaThread "Build operations Thread 7" [_thread_blocked, id=25716, stack(0x000000c0f9700000,0x000000c0f9800000)]
  0x000002aa27748060 JavaThread "Build operations Thread 8" [_thread_blocked, id=28432, stack(0x000000c0f9800000,0x000000c0f9900000)]
  0x000002aa277494a0 JavaThread "Build operations Thread 9" [_thread_blocked, id=26984, stack(0x000000c0f9900000,0x000000c0f9a00000)]
  0x000002aa27bf0820 JavaThread "Build operations Thread 10" [_thread_blocked, id=18960, stack(0x000000c0f9a00000,0x000000c0f9b00000)]
  0x000002aa27749ec0 JavaThread "build event listener" [_thread_blocked, id=18612, stack(0x000000c0f9b00000,0x000000c0f9c00000)]
  0x000002aa2774b810 JavaThread "build event listener" [_thread_blocked, id=21996, stack(0x000000c0f9c00000,0x000000c0f9d00000)]
  0x000002aa2774b300 JavaThread "included builds" [_thread_blocked, id=26376, stack(0x000000c0f9e00000,0x000000c0f9f00000)]
  0x000002aa27bf0d30 JavaThread "Execution worker" [_thread_blocked, id=24060, stack(0x000000c0f9f00000,0x000000c0fa000000)]
  0x000002aa2d58db10 JavaThread "Execution worker Thread 2" [_thread_blocked, id=22204, stack(0x000000c0fa000000,0x000000c0fa100000)]
  0x000002aa2d58f460 JavaThread "Execution worker Thread 3" [_thread_blocked, id=6136, stack(0x000000c0fa100000,0x000000c0fa200000)]
  0x000002aa2d58fe80 JavaThread "Execution worker Thread 4" [_thread_blocked, id=18364, stack(0x000000c0fa200000,0x000000c0fa300000)]
  0x000002aa2d590db0 JavaThread "Execution worker Thread 5" [_thread_blocked, id=13384, stack(0x000000c0fa300000,0x000000c0fa400000)]
  0x000002aa2d58ea40 JavaThread "Execution worker Thread 6" [_thread_in_Java, id=28420, stack(0x000000c0fa400000,0x000000c0fa500000)]
  0x000002aa2d590390 JavaThread "Execution worker Thread 7" [_thread_blocked, id=18656, stack(0x000000c0fa500000,0x000000c0fa600000)]
  0x000002aa25e22580 JavaThread "Cache worker for execution history cache (D:\Code\Application\music1\.gradle\9.4.1\executionHistory)" [_thread_blocked, id=10272, stack(0x000000c0fa600000,0x000000c0fa700000)]
  0x000002aa267e4500 JavaThread "Execution worker Thread 8" [_thread_blocked, id=6560, stack(0x000000c0fa700000,0x000000c0fa800000)]
  0x000002aa267e6360 JavaThread "Execution worker Thread 9" [_thread_blocked, id=14276, stack(0x000000c0fa800000,0x000000c0fa900000)]
  0x000002aa282ae230 JavaThread "WorkerExecutor Queue" [_thread_blocked, id=19432, stack(0x000000c0faa00000,0x000000c0fab00000)]
  0x000002aa2eb6d810 JavaThread "WorkerExecutor Queue Thread 2" [_thread_blocked, id=10644, stack(0x000000c0fab00000,0x000000c0fac00000)]
  0x000002aa260311d0 JavaThread "WorkerExecutor Queue Thread 3" [_thread_blocked, id=12304, stack(0x000000c0fae00000,0x000000c0faf00000)]
  0x000002aa26032b20 JavaThread "WorkerExecutor Queue Thread 4" [_thread_blocked, id=25308, stack(0x000000c0faf00000,0x000000c0fb000000)]
  0x000002aa26032100 JavaThread "WorkerExecutor Queue Thread 5" [_thread_blocked, id=27736, stack(0x000000c0fb000000,0x000000c0fb100000)]
  0x000002aa260302a0 JavaThread "WorkerExecutor Queue Thread 6" [_thread_blocked, id=9248, stack(0x000000c0fb100000,0x000000c0fb200000)]
  0x000002aa2602f370 JavaThread "WorkerExecutor Queue Thread 7" [_thread_blocked, id=19736, stack(0x000000c0fb200000,0x000000c0fb300000)]
  0x000002aa2602fd90 JavaThread "WorkerExecutor Queue Thread 8" [_thread_blocked, id=16944, stack(0x000000c0fb300000,0x000000c0fb400000)]
  0x000002aa25e44620 JavaThread "WorkerExecutor Queue Thread 9" [_thread_blocked, id=15476, stack(0x000000c0fb400000,0x000000c0fb500000)]
  0x000002aa24fe53e0 JavaThread "WorkerExecutor Queue Thread 11" [_thread_blocked, id=8000, stack(0x000000c0fb600000,0x000000c0fb700000)]
  0x000002aa2eb6a060 JavaThread "Cache worker for Java compile cache (C:\Users\16696\.gradle\caches\9.4.1\javaCompile)" [_thread_blocked, id=10364, stack(0x000000c0fac00000,0x000000c0fad00000)]
  0x000002aa2eb6c8e0 JavaThread "Problems report writer" [_thread_blocked, id=21796, stack(0x000000c0fb700000,0x000000c0fb800000)]
  0x000002aa24d34b00 JavaThread "C2 CompilerThread1" daemon [_thread_in_vm, id=23356, stack(0x000000c0fad00000,0x000000c0fae00000)]
  0x000002aa2ecfe060 JavaThread "C2 CompilerThread2" daemon [_thread_in_native, id=624, stack(0x000000c0fb500000,0x000000c0fb600000)]

Other Threads:
  0x000002a9db10bbf0 VMThread "VM Thread" [stack: 0x000000c0f5d00000,0x000000c0f5e00000] [id=21152]
  0x000002a9db324b50 WatcherThread [stack: 0x000000c0f6900000,0x000000c0f6a00000] [id=8632]
  0x000002a9ba5faff0 GCTaskThread "GC Thread#0" [stack: 0x000000c0f5800000,0x000000c0f5900000] [id=10736]
  0x000002aa2185e0f0 GCTaskThread "GC Thread#1" [stack: 0x000000c0f6c00000,0x000000c0f6d00000] [id=26176]
  0x000002aa21208680 GCTaskThread "GC Thread#2" [stack: 0x000000c0f6d00000,0x000000c0f6e00000] [id=18884]
  0x000002aa21209fd0 GCTaskThread "GC Thread#3" [stack: 0x000000c0f6e00000,0x000000c0f6f00000] [id=25784]
  0x000002aa21209760 GCTaskThread "GC Thread#4" [stack: 0x000000c0f6f00000,0x000000c0f7000000] [id=26928]
  0x000002aa212083b0 GCTaskThread "GC Thread#5" [stack: 0x000000c0f7d00000,0x000000c0f7e00000] [id=3976]
  0x000002aa212091c0 GCTaskThread "GC Thread#6" [stack: 0x000000c0f7e00000,0x000000c0f7f00000] [id=28008]
  0x000002aa23ea3570 GCTaskThread "GC Thread#7" [stack: 0x000000c0f7f00000,0x000000c0f8000000] [id=16956]
  0x000002aa23ea1ef0 GCTaskThread "GC Thread#8" [stack: 0x000000c0f8000000,0x000000c0f8100000] [id=11940]
  0x000002a9bc9fce20 ConcurrentGCThread "G1 Main Marker" [stack: 0x000000c0f5900000,0x000000c0f5a00000] [id=4396]
  0x000002a9bc9fe600 ConcurrentGCThread "G1 Conc#0" [stack: 0x000000c0f5a00000,0x000000c0f5b00000] [id=23676]
  0x000002aa23ea2d00 ConcurrentGCThread "G1 Conc#1" [stack: 0x000000c0f8100000,0x000000c0f8200000] [id=27128]
  0x000002a9bca3e110 ConcurrentGCThread "G1 Refine#0" [stack: 0x000000c0f5b00000,0x000000c0f5c00000] [id=19576]
  0x000002aa26120a50 ConcurrentGCThread "G1 Refine#1" [stack: 0x000000c0fc900000,0x000000c0fca00000] [id=26716]
  0x000002aa26c2f670 ConcurrentGCThread "G1 Refine#2" [stack: 0x000000c0fca00000,0x000000c0fcb00000] [id=11616]
  0x000002aa239858e0 ConcurrentGCThread "G1 Refine#3" [stack: 0x000000c0fcb00000,0x000000c0fcc00000] [id=27832]
  0x000002aa275fbc40 ConcurrentGCThread "G1 Refine#4" [stack: 0x000000c0fcc00000,0x000000c0fcd00000] [id=12268]
  0x000002aa27451010 ConcurrentGCThread "G1 Refine#5" [stack: 0x000000c0fcd00000,0x000000c0fce00000] [id=23296]
  0x000002a9bca3e900 ConcurrentGCThread "G1 Service" [stack: 0x000000c0f5c00000,0x000000c0f5d00000] [id=23208]

Threads with active compile tasks:
C2 CompilerThread0  166112 30516       4       org.gradle.internal.serialize.HierarchicalNameSerializer::readFirstOccurrenceOfName (60 bytes)
C2 CompilerThread1  166112 30528       4       it.unimi.dsi.fastutil.ints.IntOpenHashSet::add (120 bytes)
C2 CompilerThread2  166112 30522       4       org.gradle.api.internal.tasks.compile.incremental.compilerapi.deps.DependentSetSerializer::read (198 bytes)

VM state: not at safepoint (normal execution)

VM Mutex/Monitor currently owned by a thread: None

Heap address: 0x0000000080000000, size: 2048 MB, Compressed Oops mode: 32-bit

CDS archive(s) mapped at: [0x000002a9dc000000-0x000002a9dcbb0000-0x000002a9dcbb0000), size 12255232, SharedBaseAddress: 0x000002a9dc000000, ArchiveRelocationMode: 1.
Compressed class space mapped at: 0x000002a9dd000000-0x000002aa1d000000, reserved size: 1073741824
Narrow klass base: 0x000002a9dc000000, Narrow klass shift: 0, Narrow klass range: 0x100000000

GC Precious Log:
 CPUs: 10 total, 10 available
 Memory: 15751M
 Large Page Support: Disabled
 NUMA Support: Disabled
 Compressed Oops: Enabled (32-bit)
 Heap Region Size: 1M
 Heap Min Capacity: 8M
 Heap Initial Capacity: 248M
 Heap Max Capacity: 2G
 Pre-touch: Disabled
 Parallel Workers: 9
 Concurrent Workers: 2
 Concurrent Refinement Workers: 9
 Periodic GC: Disabled

Heap:
 garbage-first heap   total 611328K, used 408001K [0x0000000080000000, 0x0000000100000000)
  region size 1024K, 81 young (82944K), 16 survivors (16384K)
 Metaspace       used 182142K, committed 184448K, reserved 1245184K
  class space    used 25120K, committed 26240K, reserved 1048576K

Heap Regions: E=young(eden), S=young(survivor), O=old, HS=humongous(starts), HC=humongous(continues), CS=collection set, F=free, OA=open archive, CA=closed archive, TAMS=top-at-mark-start (previous, next)
|   0|0x0000000080000000, 0x0000000080100000, 0x0000000080100000|100%|HS|  |TAMS 0x0000000080100000, 0x0000000080000000| Complete 
|   1|0x0000000080100000, 0x0000000080200000, 0x0000000080200000|100%|HC|  |TAMS 0x0000000080200000, 0x0000000080100000| Complete 
|   2|0x0000000080200000, 0x0000000080300000, 0x0000000080300000|100%|HC|  |TAMS 0x0000000080300000, 0x0000000080200000| Complete 
|   3|0x0000000080300000, 0x0000000080400000, 0x0000000080400000|100%|HC|  |TAMS 0x0000000080400000, 0x0000000080300000| Complete 
|   4|0x0000000080400000, 0x0000000080500000, 0x0000000080500000|100%| O|  |TAMS 0x0000000080500000, 0x0000000080400000| Untracked 
|   5|0x0000000080500000, 0x0000000080600000, 0x0000000080600000|100%| O|  |TAMS 0x0000000080600000, 0x0000000080500000| Untracked 
|   6|0x0000000080600000, 0x0000000080700000, 0x0000000080700000|100%| O|  |TAMS 0x0000000080700000, 0x0000000080600000| Untracked 
|   7|0x0000000080700000, 0x0000000080800000, 0x0000000080800000|100%| O|  |TAMS 0x0000000080800000, 0x0000000080700000| Untracked 
|   8|0x0000000080800000, 0x0000000080900000, 0x0000000080900000|100%|HS|  |TAMS 0x0000000080900000, 0x0000000080800000| Complete 
|   9|0x0000000080900000, 0x0000000080a00000, 0x0000000080a00000|100%| O|  |TAMS 0x0000000080a00000, 0x0000000080900000| Untracked 
|  10|0x0000000080a00000, 0x0000000080b00000, 0x0000000080b00000|100%| O|  |TAMS 0x0000000080b00000, 0x0000000080a00000| Untracked 
|  11|0x0000000080b00000, 0x0000000080c00000, 0x0000000080c00000|100%| O|  |TAMS 0x0000000080c00000, 0x0000000080b00000| Untracked 
|  12|0x0000000080c00000, 0x0000000080ce9600, 0x0000000080d00000| 91%| O|  |TAMS 0x0000000080ce9600, 0x0000000080c00000| Untracked 
|  13|0x0000000080d00000, 0x0000000080e00000, 0x0000000080e00000|100%| O|  |TAMS 0x0000000080e00000, 0x0000000080d00000| Untracked 
|  14|0x0000000080e00000, 0x0000000080f00000, 0x0000000080f00000|100%| O|  |TAMS 0x0000000080f00000, 0x0000000080e00000| Untracked 
|  15|0x0000000080f00000, 0x0000000081000000, 0x0000000081000000|100%| O|  |TAMS 0x0000000081000000, 0x0000000080f00000| Untracked 
|  16|0x0000000081000000, 0x0000000081100000, 0x0000000081100000|100%| O|  |TAMS 0x0000000081100000, 0x0000000081000000| Untracked 
|  17|0x0000000081100000, 0x0000000081200000, 0x0000000081200000|100%| O|  |TAMS 0x0000000081200000, 0x0000000081100000| Untracked 
|  18|0x0000000081200000, 0x0000000081300000, 0x0000000081300000|100%| O|  |TAMS 0x0000000081300000, 0x0000000081200000| Untracked 
|  19|0x0000000081300000, 0x0000000081400000, 0x0000000081400000|100%| O|  |TAMS 0x0000000081400000, 0x0000000081300000| Untracked 
|  20|0x0000000081400000, 0x0000000081500000, 0x0000000081500000|100%| O|  |TAMS 0x0000000081500000, 0x0000000081400000| Untracked 
|  21|0x0000000081500000, 0x0000000081600000, 0x0000000081600000|100%| O|  |TAMS 0x0000000081600000, 0x0000000081500000| Untracked 
|  22|0x0000000081600000, 0x0000000081700000, 0x0000000081700000|100%| O|  |TAMS 0x0000000081700000, 0x0000000081600000| Untracked 
|  23|0x0000000081700000, 0x0000000081800000, 0x0000000081800000|100%| O|  |TAMS 0x0000000081800000, 0x0000000081700000| Untracked 
|  24|0x0000000081800000, 0x0000000081900000, 0x0000000081900000|100%|HS|  |TAMS 0x0000000081900000, 0x0000000081800000| Complete 
|  25|0x0000000081900000, 0x0000000081a00000, 0x0000000081a00000|100%|HC|  |TAMS 0x0000000081a00000, 0x0000000081900000| Complete 
|  26|0x0000000081a00000, 0x0000000081b00000, 0x0000000081b00000|100%|HC|  |TAMS 0x0000000081b00000, 0x0000000081a00000| Complete 
|  27|0x0000000081b00000, 0x0000000081c00000, 0x0000000081c00000|100%|HC|  |TAMS 0x0000000081c00000, 0x0000000081b00000| Complete 
|  28|0x0000000081c00000, 0x0000000081d00000, 0x0000000081d00000|100%|HC|  |TAMS 0x0000000081d00000, 0x0000000081c00000| Complete 
|  29|0x0000000081d00000, 0x0000000081e00000, 0x0000000081e00000|100%|HC|  |TAMS 0x0000000081e00000, 0x0000000081d00000| Complete 
|  30|0x0000000081e00000, 0x0000000081f00000, 0x0000000081f00000|100%|HS|  |TAMS 0x0000000081f00000, 0x0000000081e00000| Complete 
|  31|0x0000000081f00000, 0x0000000082000000, 0x0000000082000000|100%| O|  |TAMS 0x0000000082000000, 0x0000000081f00000| Untracked 
|  32|0x0000000082000000, 0x0000000082100000, 0x0000000082100000|100%| O|  |TAMS 0x0000000082100000, 0x0000000082000000| Untracked 
|  33|0x0000000082100000, 0x0000000082200000, 0x0000000082200000|100%| O|  |TAMS 0x0000000082200000, 0x0000000082100000| Untracked 
|  34|0x0000000082200000, 0x0000000082300000, 0x0000000082300000|100%|HS|  |TAMS 0x0000000082300000, 0x0000000082200000| Complete 
|  35|0x0000000082300000, 0x0000000082400000, 0x0000000082400000|100%|HS|  |TAMS 0x0000000082400000, 0x0000000082300000| Complete 
|  36|0x0000000082400000, 0x0000000082500000, 0x0000000082500000|100%|HS|  |TAMS 0x0000000082500000, 0x0000000082400000| Complete 
|  37|0x0000000082500000, 0x0000000082600000, 0x0000000082600000|100%|HC|  |TAMS 0x0000000082600000, 0x0000000082500000| Complete 
|  38|0x0000000082600000, 0x0000000082700000, 0x0000000082700000|100%|HC|  |TAMS 0x0000000082700000, 0x0000000082600000| Complete 
|  39|0x0000000082700000, 0x0000000082800000, 0x0000000082800000|100%|HC|  |TAMS 0x0000000082800000, 0x0000000082700000| Complete 
|  40|0x0000000082800000, 0x0000000082900000, 0x0000000082900000|100%|HC|  |TAMS 0x0000000082900000, 0x0000000082800000| Complete 
|  41|0x0000000082900000, 0x0000000082a00000, 0x0000000082a00000|100%|HC|  |TAMS 0x0000000082a00000, 0x0000000082900000| Complete 
|  42|0x0000000082a00000, 0x0000000082b00000, 0x0000000082b00000|100%| O|  |TAMS 0x0000000082b00000, 0x0000000082a00000| Untracked 
|  43|0x0000000082b00000, 0x0000000082c00000, 0x0000000082c00000|100%| O|  |TAMS 0x0000000082c00000, 0x0000000082b00000| Untracked 
|  44|0x0000000082c00000, 0x0000000082d00000, 0x0000000082d00000|100%| O|  |TAMS 0x0000000082d00000, 0x0000000082c00000| Untracked 
|  45|0x0000000082d00000, 0x0000000082e00000, 0x0000000082e00000|100%| O|  |TAMS 0x0000000082e00000, 0x0000000082d00000| Untracked 
|  46|0x0000000082e00000, 0x0000000082f00000, 0x0000000082f00000|100%|HS|  |TAMS 0x0000000082f00000, 0x0000000082e00000| Complete 
|  47|0x0000000082f00000, 0x0000000083000000, 0x0000000083000000|100%| O|  |TAMS 0x0000000083000000, 0x0000000082f00000| Untracked 
|  48|0x0000000083000000, 0x0000000083100000, 0x0000000083100000|100%| O|  |TAMS 0x0000000083100000, 0x0000000083000000| Untracked 
|  49|0x0000000083100000, 0x0000000083200000, 0x0000000083200000|100%| O|  |TAMS 0x0000000083200000, 0x0000000083100000| Untracked 
|  50|0x0000000083200000, 0x0000000083300000, 0x0000000083300000|100%| O|  |TAMS 0x0000000083300000, 0x0000000083200000| Untracked 
|  51|0x0000000083300000, 0x0000000083400000, 0x0000000083400000|100%| O|  |TAMS 0x0000000083400000, 0x0000000083300000| Untracked 
|  52|0x0000000083400000, 0x0000000083500000, 0x0000000083500000|100%| O|  |TAMS 0x0000000083500000, 0x0000000083400000| Untracked 
|  53|0x0000000083500000, 0x0000000083600000, 0x0000000083600000|100%| O|  |TAMS 0x0000000083600000, 0x0000000083500000| Untracked 
|  54|0x0000000083600000, 0x0000000083700000, 0x0000000083700000|100%| O|  |TAMS 0x0000000083700000, 0x0000000083600000| Untracked 
|  55|0x0000000083700000, 0x0000000083800000, 0x0000000083800000|100%| O|  |TAMS 0x0000000083800000, 0x0000000083700000| Untracked 
|  56|0x0000000083800000, 0x0000000083900000, 0x0000000083900000|100%| O|  |TAMS 0x0000000083900000, 0x0000000083800000| Untracked 
|  57|0x0000000083900000, 0x0000000083a00000, 0x0000000083a00000|100%| O|  |TAMS 0x0000000083a00000, 0x0000000083900000| Untracked 
|  58|0x0000000083a00000, 0x0000000083b00000, 0x0000000083b00000|100%| O|  |TAMS 0x0000000083b00000, 0x0000000083a00000| Untracked 
|  59|0x0000000083b00000, 0x0000000083c00000, 0x0000000083c00000|100%| O|  |TAMS 0x0000000083c00000, 0x0000000083b00000| Untracked 
|  60|0x0000000083c00000, 0x0000000083d00000, 0x0000000083d00000|100%| O|  |TAMS 0x0000000083d00000, 0x0000000083c00000| Untracked 
|  61|0x0000000083d00000, 0x0000000083e00000, 0x0000000083e00000|100%| O|  |TAMS 0x0000000083e00000, 0x0000000083d00000| Untracked 
|  62|0x0000000083e00000, 0x0000000083f00000, 0x0000000083f00000|100%| O|  |TAMS 0x0000000083f00000, 0x0000000083e00000| Untracked 
|  63|0x0000000083f00000, 0x0000000084000000, 0x0000000084000000|100%| O|  |TAMS 0x0000000084000000, 0x0000000083f00000| Untracked 
|  64|0x0000000084000000, 0x0000000084100000, 0x0000000084100000|100%| O|  |TAMS 0x0000000084100000, 0x0000000084000000| Untracked 
|  65|0x0000000084100000, 0x0000000084200000, 0x0000000084200000|100%| O|  |TAMS 0x0000000084200000, 0x0000000084100000| Untracked 
|  66|0x0000000084200000, 0x0000000084300000, 0x0000000084300000|100%|HS|  |TAMS 0x0000000084300000, 0x0000000084200000| Complete 
|  67|0x0000000084300000, 0x0000000084400000, 0x0000000084400000|100%|HS|  |TAMS 0x0000000084400000, 0x0000000084300000| Complete 
|  68|0x0000000084400000, 0x0000000084500000, 0x0000000084500000|100%|HS|  |TAMS 0x0000000084500000, 0x0000000084400000| Complete 
|  69|0x0000000084500000, 0x0000000084600000, 0x0000000084600000|100%|HS|  |TAMS 0x0000000084600000, 0x0000000084500000| Complete 
|  70|0x0000000084600000, 0x0000000084700000, 0x0000000084700000|100%|HC|  |TAMS 0x0000000084700000, 0x0000000084600000| Complete 
|  71|0x0000000084700000, 0x0000000084800000, 0x0000000084800000|100%|HS|  |TAMS 0x0000000084800000, 0x0000000084700000| Complete 
|  72|0x0000000084800000, 0x0000000084900000, 0x0000000084900000|100%|HS|  |TAMS 0x0000000084900000, 0x0000000084800000| Complete 
|  73|0x0000000084900000, 0x0000000084a00000, 0x0000000084a00000|100%| O|  |TAMS 0x0000000084a00000, 0x0000000084900000| Untracked 
|  74|0x0000000084a00000, 0x0000000084b00000, 0x0000000084b00000|100%|HS|  |TAMS 0x0000000084b00000, 0x0000000084a00000| Complete 
|  75|0x0000000084b00000, 0x0000000084c00000, 0x0000000084c00000|100%| O|  |TAMS 0x0000000084c00000, 0x0000000084b00000| Untracked 
|  76|0x0000000084c00000, 0x0000000084d00000, 0x0000000084d00000|100%| O|  |TAMS 0x0000000084c00000, 0x0000000084c00000| Untracked 
|  77|0x0000000084d00000, 0x0000000084e00000, 0x0000000084e00000|100%| O|  |TAMS 0x0000000084d00000, 0x0000000084d00000| Untracked 
|  78|0x0000000084e00000, 0x0000000084f00000, 0x0000000084f00000|100%| O|  |TAMS 0x0000000084e00000, 0x0000000084e00000| Untracked 
|  79|0x0000000084f00000, 0x0000000085000000, 0x0000000085000000|100%|HS|  |TAMS 0x0000000085000000, 0x0000000084f00000| Complete 
|  80|0x0000000085000000, 0x0000000085100000, 0x0000000085100000|100%|HC|  |TAMS 0x0000000085100000, 0x0000000085000000| Complete 
|  81|0x0000000085100000, 0x0000000085200000, 0x0000000085200000|100%| O|  |TAMS 0x0000000085200000, 0x0000000085100000| Untracked 
|  82|0x0000000085200000, 0x0000000085300000, 0x0000000085300000|100%| O|  |TAMS 0x0000000085300000, 0x0000000085200000| Untracked 
|  83|0x0000000085300000, 0x0000000085400000, 0x0000000085400000|100%| O|  |TAMS 0x0000000085400000, 0x0000000085300000| Untracked 
|  84|0x0000000085400000, 0x0000000085500000, 0x0000000085500000|100%| O|  |TAMS 0x0000000085500000, 0x0000000085400000| Untracked 
|  85|0x0000000085500000, 0x0000000085600000, 0x0000000085600000|100%| O|  |TAMS 0x0000000085600000, 0x0000000085500000| Untracked 
|  86|0x0000000085600000, 0x0000000085700000, 0x0000000085700000|100%| O|  |TAMS 0x0000000085700000, 0x0000000085600000| Untracked 
|  87|0x0000000085700000, 0x0000000085800000, 0x0000000085800000|100%| O|  |TAMS 0x0000000085800000, 0x0000000085700000| Untracked 
|  88|0x0000000085800000, 0x0000000085900000, 0x0000000085900000|100%| O|  |TAMS 0x0000000085900000, 0x0000000085800000| Untracked 
|  89|0x0000000085900000, 0x0000000085a00000, 0x0000000085a00000|100%| O|  |TAMS 0x0000000085a00000, 0x0000000085900000| Untracked 
|  90|0x0000000085a00000, 0x0000000085b00000, 0x0000000085b00000|100%| O|  |TAMS 0x0000000085b00000, 0x0000000085a00000| Untracked 
|  91|0x0000000085b00000, 0x0000000085c00000, 0x0000000085c00000|100%| O|  |TAMS 0x0000000085c00000, 0x0000000085b00000| Untracked 
|  92|0x0000000085c00000, 0x0000000085d00000, 0x0000000085d00000|100%| O|  |TAMS 0x0000000085d00000, 0x0000000085c00000| Untracked 
|  93|0x0000000085d00000, 0x0000000085e00000, 0x0000000085e00000|100%|HS|  |TAMS 0x0000000085e00000, 0x0000000085d00000| Complete 
|  94|0x0000000085e00000, 0x0000000085f00000, 0x0000000085f00000|100%| O|  |TAMS 0x0000000085f00000, 0x0000000085e00000| Untracked 
|  95|0x0000000085f00000, 0x0000000086000000, 0x0000000086000000|100%| O|  |TAMS 0x0000000086000000, 0x0000000085f00000| Untracked 
|  96|0x0000000086000000, 0x0000000086100000, 0x0000000086100000|100%| O|  |TAMS 0x0000000086100000, 0x0000000086000000| Untracked 
|  97|0x0000000086100000, 0x0000000086200000, 0x0000000086200000|100%| O|  |TAMS 0x0000000086200000, 0x0000000086100000| Untracked 
|  98|0x0000000086200000, 0x0000000086300000, 0x0000000086300000|100%| O|  |TAMS 0x0000000086300000, 0x0000000086200000| Untracked 
|  99|0x0000000086300000, 0x0000000086400000, 0x0000000086400000|100%| O|  |TAMS 0x0000000086400000, 0x0000000086300000| Untracked 
| 100|0x0000000086400000, 0x0000000086500000, 0x0000000086500000|100%| O|  |TAMS 0x0000000086500000, 0x0000000086400000| Untracked 
| 101|0x0000000086500000, 0x0000000086600000, 0x0000000086600000|100%| O|  |TAMS 0x0000000086600000, 0x0000000086500000| Untracked 
| 102|0x0000000086600000, 0x0000000086700000, 0x0000000086700000|100%| O|  |TAMS 0x0000000086700000, 0x0000000086600000| Untracked 
| 103|0x0000000086700000, 0x0000000086800000, 0x0000000086800000|100%| O|  |TAMS 0x0000000086800000, 0x0000000086700000| Untracked 
| 104|0x0000000086800000, 0x0000000086900000, 0x0000000086900000|100%| O|  |TAMS 0x0000000086900000, 0x0000000086800000| Untracked 
| 105|0x0000000086900000, 0x0000000086a00000, 0x0000000086a00000|100%| O|  |TAMS 0x0000000086a00000, 0x0000000086900000| Untracked 
| 106|0x0000000086a00000, 0x0000000086b00000, 0x0000000086b00000|100%| O|  |TAMS 0x0000000086b00000, 0x0000000086a00000| Untracked 
| 107|0x0000000086b00000, 0x0000000086c00000, 0x0000000086c00000|100%| O|  |TAMS 0x0000000086c00000, 0x0000000086b00000| Untracked 
| 108|0x0000000086c00000, 0x0000000086d00000, 0x0000000086d00000|100%| O|  |TAMS 0x0000000086d00000, 0x0000000086c00000| Untracked 
| 109|0x0000000086d00000, 0x0000000086e00000, 0x0000000086e00000|100%| O|  |TAMS 0x0000000086e00000, 0x0000000086d00000| Untracked 
| 110|0x0000000086e00000, 0x0000000086f00000, 0x0000000086f00000|100%| O|  |TAMS 0x0000000086f00000, 0x0000000086e00000| Untracked 
| 111|0x0000000086f00000, 0x0000000087000000, 0x0000000087000000|100%| O|  |TAMS 0x0000000087000000, 0x0000000086f00000| Untracked 
| 112|0x0000000087000000, 0x0000000087100000, 0x0000000087100000|100%| O|  |TAMS 0x0000000087100000, 0x0000000087000000| Untracked 
| 113|0x0000000087100000, 0x0000000087200000, 0x0000000087200000|100%| O|  |TAMS 0x0000000087200000, 0x0000000087100000| Untracked 
| 114|0x0000000087200000, 0x0000000087300000, 0x0000000087300000|100%| O|  |TAMS 0x0000000087300000, 0x0000000087200000| Untracked 
| 115|0x0000000087300000, 0x0000000087400000, 0x0000000087400000|100%| O|  |TAMS 0x0000000087400000, 0x0000000087300000| Untracked 
| 116|0x0000000087400000, 0x0000000087500000, 0x0000000087500000|100%| O|  |TAMS 0x0000000087500000, 0x0000000087400000| Untracked 
| 117|0x0000000087500000, 0x0000000087600000, 0x0000000087600000|100%| O|  |TAMS 0x0000000087600000, 0x0000000087500000| Untracked 
| 118|0x0000000087600000, 0x0000000087700000, 0x0000000087700000|100%| O|  |TAMS 0x0000000087700000, 0x0000000087600000| Untracked 
| 119|0x0000000087700000, 0x0000000087800000, 0x0000000087800000|100%| O|  |TAMS 0x0000000087800000, 0x0000000087700000| Untracked 
| 120|0x0000000087800000, 0x0000000087900000, 0x0000000087900000|100%| O|  |TAMS 0x0000000087900000, 0x0000000087800000| Untracked 
| 121|0x0000000087900000, 0x0000000087a00000, 0x0000000087a00000|100%| O|  |TAMS 0x0000000087900000, 0x0000000087900000| Untracked 
| 122|0x0000000087a00000, 0x0000000087b00000, 0x0000000087b00000|100%| O|  |TAMS 0x0000000087a00000, 0x0000000087a00000| Untracked 
| 123|0x0000000087b00000, 0x0000000087c00000, 0x0000000087c00000|100%| O|  |TAMS 0x0000000087b00000, 0x0000000087b00000| Untracked 
| 124|0x0000000087c00000, 0x0000000087d00000, 0x0000000087d00000|100%| O|  |TAMS 0x0000000087d00000, 0x0000000087c00000| Untracked 
| 125|0x0000000087d00000, 0x0000000087e00000, 0x0000000087e00000|100%| O|  |TAMS 0x0000000087e00000, 0x0000000087d00000| Untracked 
| 126|0x0000000087e00000, 0x0000000087f00000, 0x0000000087f00000|100%| O|  |TAMS 0x0000000087f00000, 0x0000000087e00000| Untracked 
| 127|0x0000000087f00000, 0x0000000088000000, 0x0000000088000000|100%| O|  |TAMS 0x0000000088000000, 0x0000000087f00000| Untracked 
| 128|0x0000000088000000, 0x0000000088100000, 0x0000000088100000|100%| O|  |TAMS 0x0000000088100000, 0x0000000088000000| Untracked 
| 129|0x0000000088100000, 0x0000000088200000, 0x0000000088200000|100%| O|  |TAMS 0x0000000088200000, 0x0000000088100000| Untracked 
| 130|0x0000000088200000, 0x0000000088300000, 0x0000000088300000|100%| O|  |TAMS 0x0000000088300000, 0x0000000088200000| Untracked 
| 131|0x0000000088300000, 0x0000000088400000, 0x0000000088400000|100%| O|  |TAMS 0x0000000088400000, 0x0000000088300000| Untracked 
| 132|0x0000000088400000, 0x0000000088500000, 0x0000000088500000|100%| O|  |TAMS 0x0000000088500000, 0x0000000088400000| Untracked 
| 133|0x0000000088500000, 0x0000000088600000, 0x0000000088600000|100%| O|  |TAMS 0x0000000088600000, 0x0000000088500000| Untracked 
| 134|0x0000000088600000, 0x0000000088700000, 0x0000000088700000|100%| O|  |TAMS 0x0000000088700000, 0x0000000088600000| Untracked 
| 135|0x0000000088700000, 0x0000000088800000, 0x0000000088800000|100%| O|  |TAMS 0x0000000088800000, 0x0000000088700000| Untracked 
| 136|0x0000000088800000, 0x0000000088900000, 0x0000000088900000|100%| O|  |TAMS 0x0000000088900000, 0x0000000088800000| Untracked 
| 137|0x0000000088900000, 0x0000000088a00000, 0x0000000088a00000|100%| O|  |TAMS 0x0000000088a00000, 0x0000000088900000| Untracked 
| 138|0x0000000088a00000, 0x0000000088b00000, 0x0000000088b00000|100%| O|  |TAMS 0x0000000088b00000, 0x0000000088a00000| Untracked 
| 139|0x0000000088b00000, 0x0000000088c00000, 0x0000000088c00000|100%| O|  |TAMS 0x0000000088c00000, 0x0000000088b00000| Untracked 
| 140|0x0000000088c00000, 0x0000000088d00000, 0x0000000088d00000|100%| O|  |TAMS 0x0000000088d00000, 0x0000000088c00000| Untracked 
| 141|0x0000000088d00000, 0x0000000088e00000, 0x0000000088e00000|100%| O|  |TAMS 0x0000000088e00000, 0x0000000088d00000| Untracked 
| 142|0x0000000088e00000, 0x0000000088f00000, 0x0000000088f00000|100%| O|  |TAMS 0x0000000088f00000, 0x0000000088e00000| Untracked 
| 143|0x0000000088f00000, 0x0000000089000000, 0x0000000089000000|100%| O|  |TAMS 0x0000000089000000, 0x0000000088f00000| Untracked 
| 144|0x0000000089000000, 0x0000000089100000, 0x0000000089100000|100%| O|  |TAMS 0x0000000089100000, 0x0000000089000000| Untracked 
| 145|0x0000000089100000, 0x0000000089200000, 0x0000000089200000|100%| O|  |TAMS 0x0000000089200000, 0x0000000089100000| Untracked 
| 146|0x0000000089200000, 0x0000000089300000, 0x0000000089300000|100%| O|  |TAMS 0x0000000089300000, 0x0000000089200000| Untracked 
| 147|0x0000000089300000, 0x0000000089400000, 0x0000000089400000|100%| O|  |TAMS 0x0000000089300000, 0x0000000089300000| Untracked 
| 148|0x0000000089400000, 0x0000000089500000, 0x0000000089500000|100%| O|  |TAMS 0x0000000089500000, 0x0000000089400000| Untracked 
| 149|0x0000000089500000, 0x0000000089600000, 0x0000000089600000|100%| O|  |TAMS 0x0000000089600000, 0x0000000089500000| Untracked 
| 150|0x0000000089600000, 0x0000000089700000, 0x0000000089700000|100%| O|  |TAMS 0x0000000089700000, 0x0000000089600000| Untracked 
| 151|0x0000000089700000, 0x0000000089800000, 0x0000000089800000|100%| O|  |TAMS 0x0000000089800000, 0x0000000089700000| Untracked 
| 152|0x0000000089800000, 0x0000000089900000, 0x0000000089900000|100%| O|  |TAMS 0x0000000089900000, 0x0000000089800000| Untracked 
| 153|0x0000000089900000, 0x0000000089a00000, 0x0000000089a00000|100%| O|  |TAMS 0x0000000089900000, 0x0000000089900000| Untracked 
| 154|0x0000000089a00000, 0x0000000089b00000, 0x0000000089b00000|100%| O|  |TAMS 0x0000000089b00000, 0x0000000089a00000| Untracked 
| 155|0x0000000089b00000, 0x0000000089c00000, 0x0000000089c00000|100%| O|  |TAMS 0x0000000089c00000, 0x0000000089b00000| Untracked 
| 156|0x0000000089c00000, 0x0000000089d00000, 0x0000000089d00000|100%| O|  |TAMS 0x0000000089d00000, 0x0000000089c00000| Untracked 
| 157|0x0000000089d00000, 0x0000000089e00000, 0x0000000089e00000|100%| O|  |TAMS 0x0000000089e00000, 0x0000000089d00000| Untracked 
| 158|0x0000000089e00000, 0x0000000089f00000, 0x0000000089f00000|100%| O|  |TAMS 0x0000000089f00000, 0x0000000089e00000| Untracked 
| 159|0x0000000089f00000, 0x000000008a000000, 0x000000008a000000|100%| O|  |TAMS 0x000000008a000000, 0x0000000089f00000| Untracked 
| 160|0x000000008a000000, 0x000000008a100000, 0x000000008a100000|100%| O|  |TAMS 0x000000008a100000, 0x000000008a000000| Untracked 
| 161|0x000000008a100000, 0x000000008a200000, 0x000000008a200000|100%| O|  |TAMS 0x000000008a200000, 0x000000008a100000| Untracked 
| 162|0x000000008a200000, 0x000000008a300000, 0x000000008a300000|100%| O|  |TAMS 0x000000008a300000, 0x000000008a200000| Untracked 
| 163|0x000000008a300000, 0x000000008a400000, 0x000000008a400000|100%| O|  |TAMS 0x000000008a400000, 0x000000008a300000| Untracked 
| 164|0x000000008a400000, 0x000000008a500000, 0x000000008a500000|100%| O|  |TAMS 0x000000008a500000, 0x000000008a400000| Untracked 
| 165|0x000000008a500000, 0x000000008a600000, 0x000000008a600000|100%| O|  |TAMS 0x000000008a500000, 0x000000008a500000| Untracked 
| 166|0x000000008a600000, 0x000000008a700000, 0x000000008a700000|100%| O|  |TAMS 0x000000008a700000, 0x000000008a600000| Untracked 
| 167|0x000000008a700000, 0x000000008a800000, 0x000000008a800000|100%| O|  |TAMS 0x000000008a800000, 0x000000008a700000| Untracked 
| 168|0x000000008a800000, 0x000000008a900000, 0x000000008a900000|100%| O|  |TAMS 0x000000008a900000, 0x000000008a800000| Untracked 
| 169|0x000000008a900000, 0x000000008aa00000, 0x000000008aa00000|100%| O|  |TAMS 0x000000008aa00000, 0x000000008a900000| Untracked 
| 170|0x000000008aa00000, 0x000000008ab00000, 0x000000008ab00000|100%| O|  |TAMS 0x000000008aa00000, 0x000000008aa00000| Untracked 
| 171|0x000000008ab00000, 0x000000008ac00000, 0x000000008ac00000|100%| O|  |TAMS 0x000000008ab00000, 0x000000008ab00000| Untracked 
| 172|0x000000008ac00000, 0x000000008ad00000, 0x000000008ad00000|100%| O|  |TAMS 0x000000008ad00000, 0x000000008ac00000| Untracked 
| 173|0x000000008ad00000, 0x000000008ae00000, 0x000000008ae00000|100%| O|  |TAMS 0x000000008ae00000, 0x000000008ad00000| Untracked 
| 174|0x000000008ae00000, 0x000000008af00000, 0x000000008af00000|100%| O|  |TAMS 0x000000008af00000, 0x000000008ae00000| Untracked 
| 175|0x000000008af00000, 0x000000008b000000, 0x000000008b000000|100%| O|  |TAMS 0x000000008af00000, 0x000000008af00000| Untracked 
| 176|0x000000008b000000, 0x000000008b100000, 0x000000008b100000|100%| O|  |TAMS 0x000000008b100000, 0x000000008b000000| Untracked 
| 177|0x000000008b100000, 0x000000008b200000, 0x000000008b200000|100%| O|  |TAMS 0x000000008b200000, 0x000000008b100000| Untracked 
| 178|0x000000008b200000, 0x000000008b300000, 0x000000008b300000|100%| O|  |TAMS 0x000000008b300000, 0x000000008b200000| Untracked 
| 179|0x000000008b300000, 0x000000008b400000, 0x000000008b400000|100%| O|  |TAMS 0x000000008b400000, 0x000000008b300000| Untracked 
| 180|0x000000008b400000, 0x000000008b500000, 0x000000008b500000|100%| O|  |TAMS 0x000000008b500000, 0x000000008b400000| Untracked 
| 181|0x000000008b500000, 0x000000008b600000, 0x000000008b600000|100%| O|  |TAMS 0x000000008b600000, 0x000000008b500000| Untracked 
| 182|0x000000008b600000, 0x000000008b700000, 0x000000008b700000|100%| O|  |TAMS 0x000000008b700000, 0x000000008b600000| Untracked 
| 183|0x000000008b700000, 0x000000008b800000, 0x000000008b800000|100%| O|  |TAMS 0x000000008b800000, 0x000000008b700000| Untracked 
| 184|0x000000008b800000, 0x000000008b900000, 0x000000008b900000|100%| O|  |TAMS 0x000000008b899a00, 0x000000008b800000| Untracked 
| 185|0x000000008b900000, 0x000000008ba00000, 0x000000008ba00000|100%| O|  |TAMS 0x000000008b900000, 0x000000008b900000| Untracked 
| 186|0x000000008ba00000, 0x000000008bb00000, 0x000000008bb00000|100%| O|  |TAMS 0x000000008ba00000, 0x000000008ba00000| Untracked 
| 187|0x000000008bb00000, 0x000000008bc00000, 0x000000008bc00000|100%| O|  |TAMS 0x000000008bb00000, 0x000000008bb00000| Untracked 
| 188|0x000000008bc00000, 0x000000008bd00000, 0x000000008bd00000|100%| O|  |TAMS 0x000000008bc00000, 0x000000008bc00000| Untracked 
| 189|0x000000008bd00000, 0x000000008be00000, 0x000000008be00000|100%| O|  |TAMS 0x000000008bd00000, 0x000000008bd00000| Untracked 
| 190|0x000000008be00000, 0x000000008bf00000, 0x000000008bf00000|100%| O|  |TAMS 0x000000008be00000, 0x000000008be00000| Untracked 
| 191|0x000000008bf00000, 0x000000008c000000, 0x000000008c000000|100%| O|  |TAMS 0x000000008bf00000, 0x000000008bf00000| Untracked 
| 192|0x000000008c000000, 0x000000008c100000, 0x000000008c100000|100%| O|  |TAMS 0x000000008c000000, 0x000000008c000000| Untracked 
| 193|0x000000008c100000, 0x000000008c200000, 0x000000008c200000|100%| O|  |TAMS 0x000000008c100000, 0x000000008c100000| Untracked 
| 194|0x000000008c200000, 0x000000008c300000, 0x000000008c300000|100%| O|  |TAMS 0x000000008c200000, 0x000000008c200000| Untracked 
| 195|0x000000008c300000, 0x000000008c400000, 0x000000008c400000|100%| O|  |TAMS 0x000000008c300000, 0x000000008c300000| Untracked 
| 196|0x000000008c400000, 0x000000008c500000, 0x000000008c500000|100%| O|  |TAMS 0x000000008c400000, 0x000000008c400000| Untracked 
| 197|0x000000008c500000, 0x000000008c600000, 0x000000008c600000|100%| O|  |TAMS 0x000000008c500000, 0x000000008c500000| Untracked 
| 198|0x000000008c600000, 0x000000008c700000, 0x000000008c700000|100%| O|  |TAMS 0x000000008c600000, 0x000000008c600000| Untracked 
| 199|0x000000008c700000, 0x000000008c800000, 0x000000008c800000|100%| O|  |TAMS 0x000000008c700000, 0x000000008c700000| Untracked 
| 200|0x000000008c800000, 0x000000008c900000, 0x000000008c900000|100%| O|  |TAMS 0x000000008c800000, 0x000000008c800000| Untracked 
| 201|0x000000008c900000, 0x000000008ca00000, 0x000000008ca00000|100%| O|  |TAMS 0x000000008c900000, 0x000000008c900000| Untracked 
| 202|0x000000008ca00000, 0x000000008cb00000, 0x000000008cb00000|100%| O|  |TAMS 0x000000008ca00000, 0x000000008ca00000| Untracked 
| 203|0x000000008cb00000, 0x000000008cc00000, 0x000000008cc00000|100%| O|  |TAMS 0x000000008cb00000, 0x000000008cb00000| Untracked 
| 204|0x000000008cc00000, 0x000000008cd00000, 0x000000008cd00000|100%| O|  |TAMS 0x000000008cc00000, 0x000000008cc00000| Untracked 
| 205|0x000000008cd00000, 0x000000008ce00000, 0x000000008ce00000|100%| O|  |TAMS 0x000000008cd00000, 0x000000008cd00000| Untracked 
| 206|0x000000008ce00000, 0x000000008cf00000, 0x000000008cf00000|100%| O|  |TAMS 0x000000008ce00000, 0x000000008ce00000| Untracked 
| 207|0x000000008cf00000, 0x000000008d000000, 0x000000008d000000|100%| O|  |TAMS 0x000000008cf00000, 0x000000008cf00000| Untracked 
| 208|0x000000008d000000, 0x000000008d100000, 0x000000008d100000|100%| O|  |TAMS 0x000000008d000000, 0x000000008d000000| Untracked 
| 209|0x000000008d100000, 0x000000008d200000, 0x000000008d200000|100%| O|  |TAMS 0x000000008d100000, 0x000000008d100000| Untracked 
| 210|0x000000008d200000, 0x000000008d300000, 0x000000008d300000|100%| O|  |TAMS 0x000000008d200000, 0x000000008d200000| Untracked 
| 211|0x000000008d300000, 0x000000008d400000, 0x000000008d400000|100%| O|  |TAMS 0x000000008d300000, 0x000000008d300000| Untracked 
| 212|0x000000008d400000, 0x000000008d500000, 0x000000008d500000|100%| O|  |TAMS 0x000000008d400000, 0x000000008d400000| Untracked 
| 213|0x000000008d500000, 0x000000008d600000, 0x000000008d600000|100%| O|  |TAMS 0x000000008d500000, 0x000000008d500000| Untracked 
| 214|0x000000008d600000, 0x000000008d700000, 0x000000008d700000|100%| O|  |TAMS 0x000000008d600000, 0x000000008d600000| Untracked 
| 215|0x000000008d700000, 0x000000008d800000, 0x000000008d800000|100%| O|  |TAMS 0x000000008d700000, 0x000000008d700000| Untracked 
| 216|0x000000008d800000, 0x000000008d900000, 0x000000008d900000|100%| O|  |TAMS 0x000000008d800000, 0x000000008d800000| Untracked 
| 217|0x000000008d900000, 0x000000008da00000, 0x000000008da00000|100%| O|  |TAMS 0x000000008d900000, 0x000000008d900000| Untracked 
| 218|0x000000008da00000, 0x000000008db00000, 0x000000008db00000|100%| O|  |TAMS 0x000000008da00000, 0x000000008da00000| Untracked 
| 219|0x000000008db00000, 0x000000008dc00000, 0x000000008dc00000|100%| O|  |TAMS 0x000000008db00000, 0x000000008db00000| Untracked 
| 220|0x000000008dc00000, 0x000000008dd00000, 0x000000008dd00000|100%| O|  |TAMS 0x000000008dc00000, 0x000000008dc00000| Untracked 
| 221|0x000000008dd00000, 0x000000008de00000, 0x000000008de00000|100%| O|  |TAMS 0x000000008dd00000, 0x000000008dd00000| Untracked 
| 222|0x000000008de00000, 0x000000008df00000, 0x000000008df00000|100%| O|  |TAMS 0x000000008de00000, 0x000000008de00000| Untracked 
| 223|0x000000008df00000, 0x000000008e000000, 0x000000008e000000|100%| O|  |TAMS 0x000000008df00000, 0x000000008df00000| Untracked 
| 224|0x000000008e000000, 0x000000008e100000, 0x000000008e100000|100%| O|  |TAMS 0x000000008e000000, 0x000000008e000000| Untracked 
| 225|0x000000008e100000, 0x000000008e200000, 0x000000008e200000|100%| O|  |TAMS 0x000000008e100000, 0x000000008e100000| Untracked 
| 226|0x000000008e200000, 0x000000008e300000, 0x000000008e300000|100%| O|  |TAMS 0x000000008e200000, 0x000000008e200000| Untracked 
| 227|0x000000008e300000, 0x000000008e400000, 0x000000008e400000|100%| O|  |TAMS 0x000000008e300000, 0x000000008e300000| Untracked 
| 228|0x000000008e400000, 0x000000008e500000, 0x000000008e500000|100%| O|  |TAMS 0x000000008e400000, 0x000000008e400000| Untracked 
| 229|0x000000008e500000, 0x000000008e600000, 0x000000008e600000|100%| O|  |TAMS 0x000000008e500000, 0x000000008e500000| Untracked 
| 230|0x000000008e600000, 0x000000008e700000, 0x000000008e700000|100%| O|  |TAMS 0x000000008e600000, 0x000000008e600000| Untracked 
| 231|0x000000008e700000, 0x000000008e800000, 0x000000008e800000|100%| O|  |TAMS 0x000000008e700000, 0x000000008e700000| Untracked 
| 232|0x000000008e800000, 0x000000008e900000, 0x000000008e900000|100%| O|  |TAMS 0x000000008e800000, 0x000000008e800000| Untracked 
| 233|0x000000008e900000, 0x000000008ea00000, 0x000000008ea00000|100%| O|  |TAMS 0x000000008e900000, 0x000000008e900000| Untracked 
| 234|0x000000008ea00000, 0x000000008eb00000, 0x000000008eb00000|100%| O|  |TAMS 0x000000008ea00000, 0x000000008ea00000| Untracked 
| 235|0x000000008eb00000, 0x000000008ec00000, 0x000000008ec00000|100%| O|  |TAMS 0x000000008eb00000, 0x000000008eb00000| Untracked 
| 236|0x000000008ec00000, 0x000000008ed00000, 0x000000008ed00000|100%| O|  |TAMS 0x000000008ec00000, 0x000000008ec00000| Untracked 
| 237|0x000000008ed00000, 0x000000008ee00000, 0x000000008ee00000|100%| O|  |TAMS 0x000000008ed00000, 0x000000008ed00000| Untracked 
| 238|0x000000008ee00000, 0x000000008ef00000, 0x000000008ef00000|100%| O|  |TAMS 0x000000008ee00000, 0x000000008ee00000| Untracked 
| 239|0x000000008ef00000, 0x000000008f000000, 0x000000008f000000|100%| O|  |TAMS 0x000000008ef00000, 0x000000008ef00000| Untracked 
| 240|0x000000008f000000, 0x000000008f100000, 0x000000008f100000|100%| O|  |TAMS 0x000000008f000000, 0x000000008f000000| Untracked 
| 241|0x000000008f100000, 0x000000008f200000, 0x000000008f200000|100%|HS|  |TAMS 0x000000008f100000, 0x000000008f100000| Complete 
| 242|0x000000008f200000, 0x000000008f300000, 0x000000008f300000|100%|HS|  |TAMS 0x000000008f200000, 0x000000008f200000| Complete 
| 243|0x000000008f300000, 0x000000008f400000, 0x000000008f400000|100%|HS|  |TAMS 0x000000008f300000, 0x000000008f300000| Complete 
| 244|0x000000008f400000, 0x000000008f500000, 0x000000008f500000|100%|HS|  |TAMS 0x000000008f400000, 0x000000008f400000| Complete 
| 245|0x000000008f500000, 0x000000008f600000, 0x000000008f600000|100%|HS|  |TAMS 0x000000008f500000, 0x000000008f500000| Complete 
| 246|0x000000008f600000, 0x000000008f700000, 0x000000008f700000|100%| O|  |TAMS 0x000000008f600000, 0x000000008f600000| Untracked 
| 247|0x000000008f700000, 0x000000008f800000, 0x000000008f800000|100%| O|  |TAMS 0x000000008f700000, 0x000000008f700000| Untracked 
| 248|0x000000008f800000, 0x000000008f900000, 0x000000008f900000|100%| O|  |TAMS 0x000000008f800000, 0x000000008f800000| Untracked 
| 249|0x000000008f900000, 0x000000008fa00000, 0x000000008fa00000|100%| O|  |TAMS 0x000000008f900000, 0x000000008f900000| Untracked 
| 250|0x000000008fa00000, 0x000000008fb00000, 0x000000008fb00000|100%| O|  |TAMS 0x000000008fa00000, 0x000000008fa00000| Untracked 
| 251|0x000000008fb00000, 0x000000008fc00000, 0x000000008fc00000|100%| O|  |TAMS 0x000000008fb00000, 0x000000008fb00000| Untracked 
| 252|0x000000008fc00000, 0x000000008fd00000, 0x000000008fd00000|100%| O|  |TAMS 0x000000008fc00000, 0x000000008fc00000| Untracked 
| 253|0x000000008fd00000, 0x000000008fe00000, 0x000000008fe00000|100%| O|  |TAMS 0x000000008fd00000, 0x000000008fd00000| Untracked 
| 254|0x000000008fe00000, 0x000000008ff00000, 0x000000008ff00000|100%| O|  |TAMS 0x000000008fe00000, 0x000000008fe00000| Untracked 
| 255|0x000000008ff00000, 0x0000000090000000, 0x0000000090000000|100%| O|  |TAMS 0x000000008ff00000, 0x000000008ff00000| Untracked 
| 256|0x0000000090000000, 0x0000000090100000, 0x0000000090100000|100%| O|  |TAMS 0x0000000090000000, 0x0000000090000000| Untracked 
| 257|0x0000000090100000, 0x0000000090200000, 0x0000000090200000|100%|HS|  |TAMS 0x0000000090100000, 0x0000000090100000| Complete 
| 258|0x0000000090200000, 0x0000000090300000, 0x0000000090300000|100%|HC|  |TAMS 0x0000000090200000, 0x0000000090200000| Complete 
| 259|0x0000000090300000, 0x0000000090400000, 0x0000000090400000|100%|HC|  |TAMS 0x0000000090300000, 0x0000000090300000| Complete 
| 260|0x0000000090400000, 0x0000000090500000, 0x0000000090500000|100%|HC|  |TAMS 0x0000000090400000, 0x0000000090400000| Complete 
| 261|0x0000000090500000, 0x0000000090600000, 0x0000000090600000|100%|HC|  |TAMS 0x0000000090500000, 0x0000000090500000| Complete 
| 262|0x0000000090600000, 0x0000000090700000, 0x0000000090700000|100%|HC|  |TAMS 0x0000000090600000, 0x0000000090600000| Complete 
| 263|0x0000000090700000, 0x0000000090800000, 0x0000000090800000|100%|HC|  |TAMS 0x0000000090700000, 0x0000000090700000| Complete 
| 264|0x0000000090800000, 0x0000000090900000, 0x0000000090900000|100%| O|  |TAMS 0x0000000090800000, 0x0000000090800000| Untracked 
| 265|0x0000000090900000, 0x0000000090a00000, 0x0000000090a00000|100%| O|  |TAMS 0x0000000090900000, 0x0000000090900000| Untracked 
| 266|0x0000000090a00000, 0x0000000090b00000, 0x0000000090b00000|100%| O|  |TAMS 0x0000000090a00000, 0x0000000090a00000| Untracked 
| 267|0x0000000090b00000, 0x0000000090c00000, 0x0000000090c00000|100%| O|  |TAMS 0x0000000090b00000, 0x0000000090b00000| Untracked 
| 268|0x0000000090c00000, 0x0000000090d00000, 0x0000000090d00000|100%| O|  |TAMS 0x0000000090c00000, 0x0000000090c00000| Untracked 
| 269|0x0000000090d00000, 0x0000000090e00000, 0x0000000090e00000|100%| O|  |TAMS 0x0000000090d00000, 0x0000000090d00000| Untracked 
| 270|0x0000000090e00000, 0x0000000090f00000, 0x0000000090f00000|100%| O|  |TAMS 0x0000000090e00000, 0x0000000090e00000| Untracked 
| 271|0x0000000090f00000, 0x0000000091000000, 0x0000000091000000|100%| O|  |TAMS 0x0000000090f00000, 0x0000000090f00000| Untracked 
| 272|0x0000000091000000, 0x0000000091100000, 0x0000000091100000|100%| O|  |TAMS 0x0000000091000000, 0x0000000091000000| Untracked 
| 273|0x0000000091100000, 0x0000000091200000, 0x0000000091200000|100%| O|  |TAMS 0x0000000091100000, 0x0000000091100000| Untracked 
| 274|0x0000000091200000, 0x0000000091300000, 0x0000000091300000|100%| O|  |TAMS 0x0000000091200000, 0x0000000091200000| Untracked 
| 275|0x0000000091300000, 0x0000000091400000, 0x0000000091400000|100%| O|  |TAMS 0x0000000091300000, 0x0000000091300000| Untracked 
| 276|0x0000000091400000, 0x0000000091500000, 0x0000000091500000|100%| O|  |TAMS 0x0000000091400000, 0x0000000091400000| Untracked 
| 277|0x0000000091500000, 0x0000000091600000, 0x0000000091600000|100%| O|  |TAMS 0x0000000091500000, 0x0000000091500000| Untracked 
| 278|0x0000000091600000, 0x0000000091700000, 0x0000000091700000|100%| O|  |TAMS 0x0000000091600000, 0x0000000091600000| Untracked 
| 279|0x0000000091700000, 0x0000000091800000, 0x0000000091800000|100%| O|  |TAMS 0x0000000091700000, 0x0000000091700000| Untracked 
| 280|0x0000000091800000, 0x0000000091900000, 0x0000000091900000|100%| O|  |TAMS 0x0000000091800000, 0x0000000091800000| Untracked 
| 281|0x0000000091900000, 0x0000000091a00000, 0x0000000091a00000|100%| O|  |TAMS 0x0000000091900000, 0x0000000091900000| Untracked 
| 282|0x0000000091a00000, 0x0000000091b00000, 0x0000000091b00000|100%| O|  |TAMS 0x0000000091a00000, 0x0000000091a00000| Untracked 
| 283|0x0000000091b00000, 0x0000000091c00000, 0x0000000091c00000|100%| O|  |TAMS 0x0000000091b00000, 0x0000000091b00000| Untracked 
| 284|0x0000000091c00000, 0x0000000091d00000, 0x0000000091d00000|100%| O|  |TAMS 0x0000000091c00000, 0x0000000091c00000| Untracked 
| 285|0x0000000091d00000, 0x0000000091e00000, 0x0000000091e00000|100%| O|  |TAMS 0x0000000091d00000, 0x0000000091d00000| Untracked 
| 286|0x0000000091e00000, 0x0000000091f00000, 0x0000000091f00000|100%| O|  |TAMS 0x0000000091e00000, 0x0000000091e00000| Untracked 
| 287|0x0000000091f00000, 0x0000000092000000, 0x0000000092000000|100%| O|  |TAMS 0x0000000091f00000, 0x0000000091f00000| Untracked 
| 288|0x0000000092000000, 0x0000000092100000, 0x0000000092100000|100%| O|  |TAMS 0x0000000092000000, 0x0000000092000000| Untracked 
| 289|0x0000000092100000, 0x0000000092200000, 0x0000000092200000|100%| O|  |TAMS 0x0000000092100000, 0x0000000092100000| Untracked 
| 290|0x0000000092200000, 0x0000000092300000, 0x0000000092300000|100%| O|  |TAMS 0x0000000092200000, 0x0000000092200000| Untracked 
| 291|0x0000000092300000, 0x0000000092400000, 0x0000000092400000|100%| O|  |TAMS 0x0000000092300000, 0x0000000092300000| Untracked 
| 292|0x0000000092400000, 0x0000000092500000, 0x0000000092500000|100%| O|  |TAMS 0x0000000092400000, 0x0000000092400000| Untracked 
| 293|0x0000000092500000, 0x0000000092600000, 0x0000000092600000|100%| O|  |TAMS 0x0000000092500000, 0x0000000092500000| Untracked 
| 294|0x0000000092600000, 0x0000000092700000, 0x0000000092700000|100%| O|  |TAMS 0x0000000092600000, 0x0000000092600000| Untracked 
| 295|0x0000000092700000, 0x0000000092800000, 0x0000000092800000|100%| O|  |TAMS 0x0000000092700000, 0x0000000092700000| Untracked 
| 296|0x0000000092800000, 0x0000000092900000, 0x0000000092900000|100%| O|  |TAMS 0x0000000092800000, 0x0000000092800000| Untracked 
| 297|0x0000000092900000, 0x0000000092a00000, 0x0000000092a00000|100%| O|  |TAMS 0x0000000092900000, 0x0000000092900000| Untracked 
| 298|0x0000000092a00000, 0x0000000092b00000, 0x0000000092b00000|100%| O|  |TAMS 0x0000000092a00000, 0x0000000092a00000| Untracked 
| 299|0x0000000092b00000, 0x0000000092c00000, 0x0000000092c00000|100%| O|  |TAMS 0x0000000092b00000, 0x0000000092b00000| Untracked 
| 300|0x0000000092c00000, 0x0000000092d00000, 0x0000000092d00000|100%| O|  |TAMS 0x0000000092c00000, 0x0000000092c00000| Untracked 
| 301|0x0000000092d00000, 0x0000000092e00000, 0x0000000092e00000|100%| O|  |TAMS 0x0000000092d00000, 0x0000000092d00000| Untracked 
| 302|0x0000000092e00000, 0x0000000092f00000, 0x0000000092f00000|100%| O|  |TAMS 0x0000000092e00000, 0x0000000092e00000| Untracked 
| 303|0x0000000092f00000, 0x0000000093000000, 0x0000000093000000|100%| O|  |TAMS 0x0000000092f00000, 0x0000000092f00000| Untracked 
| 304|0x0000000093000000, 0x0000000093100000, 0x0000000093100000|100%| O|  |TAMS 0x0000000093000000, 0x0000000093000000| Untracked 
| 305|0x0000000093100000, 0x0000000093200000, 0x0000000093200000|100%| O|  |TAMS 0x0000000093100000, 0x0000000093100000| Untracked 
| 306|0x0000000093200000, 0x0000000093200000, 0x0000000093300000|  0%| F|  |TAMS 0x0000000093200000, 0x0000000093200000| Untracked 
| 307|0x0000000093300000, 0x0000000093300000, 0x0000000093400000|  0%| F|  |TAMS 0x0000000093300000, 0x0000000093300000| Untracked 
| 308|0x0000000093400000, 0x0000000093400000, 0x0000000093500000|  0%| F|  |TAMS 0x0000000093400000, 0x0000000093400000| Untracked 
| 309|0x0000000093500000, 0x0000000093500000, 0x0000000093600000|  0%| F|  |TAMS 0x0000000093500000, 0x0000000093500000| Untracked 
| 310|0x0000000093600000, 0x0000000093600000, 0x0000000093700000|  0%| F|  |TAMS 0x0000000093600000, 0x0000000093600000| Untracked 
| 311|0x0000000093700000, 0x0000000093800000, 0x0000000093800000|100%| O|  |TAMS 0x0000000093700000, 0x0000000093700000| Untracked 
| 312|0x0000000093800000, 0x0000000093900000, 0x0000000093900000|100%| O|  |TAMS 0x0000000093800000, 0x0000000093800000| Untracked 
| 313|0x0000000093900000, 0x0000000093a00000, 0x0000000093a00000|100%| O|  |TAMS 0x0000000093900000, 0x0000000093900000| Untracked 
| 314|0x0000000093a00000, 0x0000000093b00000, 0x0000000093b00000|100%| O|  |TAMS 0x0000000093a00000, 0x0000000093a00000| Untracked 
| 315|0x0000000093b00000, 0x0000000093c00000, 0x0000000093c00000|100%| O|  |TAMS 0x0000000093b00000, 0x0000000093b00000| Untracked 
| 316|0x0000000093c00000, 0x0000000093d00000, 0x0000000093d00000|100%| O|  |TAMS 0x0000000093c00000, 0x0000000093c00000| Untracked 
| 317|0x0000000093d00000, 0x0000000093e00000, 0x0000000093e00000|100%| O|  |TAMS 0x0000000093d00000, 0x0000000093d00000| Untracked 
| 318|0x0000000093e00000, 0x0000000093f00000, 0x0000000093f00000|100%| O|  |TAMS 0x0000000093e00000, 0x0000000093e00000| Untracked 
| 319|0x0000000093f00000, 0x0000000094000000, 0x0000000094000000|100%| O|  |TAMS 0x0000000093f00000, 0x0000000093f00000| Untracked 
| 320|0x0000000094000000, 0x0000000094100000, 0x0000000094100000|100%| O|  |TAMS 0x0000000094000000, 0x0000000094000000| Untracked 
| 321|0x0000000094100000, 0x0000000094100000, 0x0000000094200000|  0%| F|  |TAMS 0x0000000094100000, 0x0000000094100000| Untracked 
| 322|0x0000000094200000, 0x0000000094200000, 0x0000000094300000|  0%| F|  |TAMS 0x0000000094200000, 0x0000000094200000| Untracked 
| 323|0x0000000094300000, 0x0000000094300000, 0x0000000094400000|  0%| F|  |TAMS 0x0000000094300000, 0x0000000094300000| Untracked 
| 324|0x0000000094400000, 0x0000000094400000, 0x0000000094500000|  0%| F|  |TAMS 0x0000000094400000, 0x0000000094400000| Untracked 
| 325|0x0000000094500000, 0x0000000094600000, 0x0000000094600000|100%|HS|  |TAMS 0x0000000094500000, 0x0000000094500000| Complete 
| 326|0x0000000094600000, 0x0000000094700000, 0x0000000094700000|100%|HC|  |TAMS 0x0000000094600000, 0x0000000094600000| Complete 
| 327|0x0000000094700000, 0x0000000094700000, 0x0000000094800000|  0%| F|  |TAMS 0x0000000094700000, 0x0000000094700000| Untracked 
| 328|0x0000000094800000, 0x0000000094900000, 0x0000000094900000|100%|HS|  |TAMS 0x0000000094800000, 0x0000000094800000| Complete 
| 329|0x0000000094900000, 0x0000000094a00000, 0x0000000094a00000|100%|HC|  |TAMS 0x0000000094900000, 0x0000000094900000| Complete 
| 330|0x0000000094a00000, 0x0000000094a00000, 0x0000000094b00000|  0%| F|  |TAMS 0x0000000094a00000, 0x0000000094a00000| Untracked 
| 331|0x0000000094b00000, 0x0000000094b00000, 0x0000000094c00000|  0%| F|  |TAMS 0x0000000094b00000, 0x0000000094b00000| Untracked 
| 332|0x0000000094c00000, 0x0000000094c00000, 0x0000000094d00000|  0%| F|  |TAMS 0x0000000094c00000, 0x0000000094c00000| Untracked 
| 333|0x0000000094d00000, 0x0000000094d00000, 0x0000000094e00000|  0%| F|  |TAMS 0x0000000094d00000, 0x0000000094d00000| Untracked 
| 334|0x0000000094e00000, 0x0000000094e00000, 0x0000000094f00000|  0%| F|  |TAMS 0x0000000094e00000, 0x0000000094e00000| Untracked 
| 335|0x0000000094f00000, 0x0000000094f00000, 0x0000000095000000|  0%| F|  |TAMS 0x0000000094f00000, 0x0000000094f00000| Untracked 
| 336|0x0000000095000000, 0x0000000095000000, 0x0000000095100000|  0%| F|  |TAMS 0x0000000095000000, 0x0000000095000000| Untracked 
| 337|0x0000000095100000, 0x0000000095100000, 0x0000000095200000|  0%| F|  |TAMS 0x0000000095100000, 0x0000000095100000| Untracked 
| 338|0x0000000095200000, 0x0000000095200000, 0x0000000095300000|  0%| F|  |TAMS 0x0000000095200000, 0x0000000095200000| Untracked 
| 339|0x0000000095300000, 0x0000000095300000, 0x0000000095400000|  0%| F|  |TAMS 0x0000000095300000, 0x0000000095300000| Untracked 
| 340|0x0000000095400000, 0x0000000095400000, 0x0000000095500000|  0%| F|  |TAMS 0x0000000095400000, 0x0000000095400000| Untracked 
| 341|0x0000000095500000, 0x0000000095500000, 0x0000000095600000|  0%| F|  |TAMS 0x0000000095500000, 0x0000000095500000| Untracked 
| 342|0x0000000095600000, 0x0000000095600000, 0x0000000095700000|  0%| F|  |TAMS 0x0000000095600000, 0x0000000095600000| Untracked 
| 343|0x0000000095700000, 0x0000000095700000, 0x0000000095800000|  0%| F|  |TAMS 0x0000000095700000, 0x0000000095700000| Untracked 
| 344|0x0000000095800000, 0x0000000095800000, 0x0000000095900000|  0%| F|  |TAMS 0x0000000095800000, 0x0000000095800000| Untracked 
| 345|0x0000000095900000, 0x0000000095900000, 0x0000000095a00000|  0%| F|  |TAMS 0x0000000095900000, 0x0000000095900000| Untracked 
| 346|0x0000000095a00000, 0x0000000095a00000, 0x0000000095b00000|  0%| F|  |TAMS 0x0000000095a00000, 0x0000000095a00000| Untracked 
| 347|0x0000000095b00000, 0x0000000095b00000, 0x0000000095c00000|  0%| F|  |TAMS 0x0000000095b00000, 0x0000000095b00000| Untracked 
| 348|0x0000000095c00000, 0x0000000095c00000, 0x0000000095d00000|  0%| F|  |TAMS 0x0000000095c00000, 0x0000000095c00000| Untracked 
| 349|0x0000000095d00000, 0x0000000095d00000, 0x0000000095e00000|  0%| F|  |TAMS 0x0000000095d00000, 0x0000000095d00000| Untracked 
| 350|0x0000000095e00000, 0x0000000095e00000, 0x0000000095f00000|  0%| F|  |TAMS 0x0000000095e00000, 0x0000000095e00000| Untracked 
| 351|0x0000000095f00000, 0x0000000095f00000, 0x0000000096000000|  0%| F|  |TAMS 0x0000000095f00000, 0x0000000095f00000| Untracked 
| 352|0x0000000096000000, 0x0000000096000000, 0x0000000096100000|  0%| F|  |TAMS 0x0000000096000000, 0x0000000096000000| Untracked 
| 353|0x0000000096100000, 0x0000000096100000, 0x0000000096200000|  0%| F|  |TAMS 0x0000000096100000, 0x0000000096100000| Untracked 
| 354|0x0000000096200000, 0x0000000096200000, 0x0000000096300000|  0%| F|  |TAMS 0x0000000096200000, 0x0000000096200000| Untracked 
| 355|0x0000000096300000, 0x0000000096300000, 0x0000000096400000|  0%| F|  |TAMS 0x0000000096300000, 0x0000000096300000| Untracked 
| 356|0x0000000096400000, 0x0000000096400000, 0x0000000096500000|  0%| F|  |TAMS 0x0000000096400000, 0x0000000096400000| Untracked 
| 357|0x0000000096500000, 0x0000000096500000, 0x0000000096600000|  0%| F|  |TAMS 0x0000000096500000, 0x0000000096500000| Untracked 
| 358|0x0000000096600000, 0x0000000096600000, 0x0000000096700000|  0%| F|  |TAMS 0x0000000096600000, 0x0000000096600000| Untracked 
| 359|0x0000000096700000, 0x0000000096700000, 0x0000000096800000|  0%| F|  |TAMS 0x0000000096700000, 0x0000000096700000| Untracked 
| 360|0x0000000096800000, 0x0000000096800000, 0x0000000096900000|  0%| F|  |TAMS 0x0000000096800000, 0x0000000096800000| Untracked 
| 361|0x0000000096900000, 0x0000000096900000, 0x0000000096a00000|  0%| F|  |TAMS 0x0000000096900000, 0x0000000096900000| Untracked 
| 362|0x0000000096a00000, 0x0000000096a00000, 0x0000000096b00000|  0%| F|  |TAMS 0x0000000096a00000, 0x0000000096a00000| Untracked 
| 363|0x0000000096b00000, 0x0000000096b00000, 0x0000000096c00000|  0%| F|  |TAMS 0x0000000096b00000, 0x0000000096b00000| Untracked 
| 364|0x0000000096c00000, 0x0000000096c00000, 0x0000000096d00000|  0%| F|  |TAMS 0x0000000096c00000, 0x0000000096c00000| Untracked 
| 365|0x0000000096d00000, 0x0000000096d00000, 0x0000000096e00000|  0%| F|  |TAMS 0x0000000096d00000, 0x0000000096d00000| Untracked 
| 366|0x0000000096e00000, 0x0000000096e00000, 0x0000000096f00000|  0%| F|  |TAMS 0x0000000096e00000, 0x0000000096e00000| Untracked 
| 367|0x0000000096f00000, 0x0000000096f00000, 0x0000000097000000|  0%| F|  |TAMS 0x0000000096f00000, 0x0000000096f00000| Untracked 
| 368|0x0000000097000000, 0x0000000097000000, 0x0000000097100000|  0%| F|  |TAMS 0x0000000097000000, 0x0000000097000000| Untracked 
| 369|0x0000000097100000, 0x0000000097100000, 0x0000000097200000|  0%| F|  |TAMS 0x0000000097100000, 0x0000000097100000| Untracked 
| 370|0x0000000097200000, 0x0000000097200000, 0x0000000097300000|  0%| F|  |TAMS 0x0000000097200000, 0x0000000097200000| Untracked 
| 371|0x0000000097300000, 0x0000000097300000, 0x0000000097400000|  0%| F|  |TAMS 0x0000000097300000, 0x0000000097300000| Untracked 
| 372|0x0000000097400000, 0x0000000097400000, 0x0000000097500000|  0%| F|  |TAMS 0x0000000097400000, 0x0000000097400000| Untracked 
| 373|0x0000000097500000, 0x0000000097500000, 0x0000000097600000|  0%| F|  |TAMS 0x0000000097500000, 0x0000000097500000| Untracked 
| 374|0x0000000097600000, 0x0000000097600000, 0x0000000097700000|  0%| F|  |TAMS 0x0000000097600000, 0x0000000097600000| Untracked 
| 375|0x0000000097700000, 0x0000000097700000, 0x0000000097800000|  0%| F|  |TAMS 0x0000000097700000, 0x0000000097700000| Untracked 
| 376|0x0000000097800000, 0x0000000097800000, 0x0000000097900000|  0%| F|  |TAMS 0x0000000097800000, 0x0000000097800000| Untracked 
| 377|0x0000000097900000, 0x0000000097900000, 0x0000000097a00000|  0%| F|  |TAMS 0x0000000097900000, 0x0000000097900000| Untracked 
| 378|0x0000000097a00000, 0x0000000097a00000, 0x0000000097b00000|  0%| F|  |TAMS 0x0000000097a00000, 0x0000000097a00000| Untracked 
| 379|0x0000000097b00000, 0x0000000097b00000, 0x0000000097c00000|  0%| F|  |TAMS 0x0000000097b00000, 0x0000000097b00000| Untracked 
| 380|0x0000000097c00000, 0x0000000097c00000, 0x0000000097d00000|  0%| F|  |TAMS 0x0000000097c00000, 0x0000000097c00000| Untracked 
| 381|0x0000000097d00000, 0x0000000097d00000, 0x0000000097e00000|  0%| F|  |TAMS 0x0000000097d00000, 0x0000000097d00000| Untracked 
| 382|0x0000000097e00000, 0x0000000097e00000, 0x0000000097f00000|  0%| F|  |TAMS 0x0000000097e00000, 0x0000000097e00000| Untracked 
| 383|0x0000000097f00000, 0x0000000097f00000, 0x0000000098000000|  0%| F|  |TAMS 0x0000000097f00000, 0x0000000097f00000| Untracked 
| 384|0x0000000098000000, 0x0000000098000000, 0x0000000098100000|  0%| F|  |TAMS 0x0000000098000000, 0x0000000098000000| Untracked 
| 385|0x0000000098100000, 0x0000000098100000, 0x0000000098200000|  0%| F|  |TAMS 0x0000000098100000, 0x0000000098100000| Untracked 
| 386|0x0000000098200000, 0x0000000098200000, 0x0000000098300000|  0%| F|  |TAMS 0x0000000098200000, 0x0000000098200000| Untracked 
| 387|0x0000000098300000, 0x0000000098300000, 0x0000000098400000|  0%| F|  |TAMS 0x0000000098300000, 0x0000000098300000| Untracked 
| 388|0x0000000098400000, 0x0000000098400000, 0x0000000098500000|  0%| F|  |TAMS 0x0000000098400000, 0x0000000098400000| Untracked 
| 389|0x0000000098500000, 0x0000000098500000, 0x0000000098600000|  0%| F|  |TAMS 0x0000000098500000, 0x0000000098500000| Untracked 
| 390|0x0000000098600000, 0x0000000098600000, 0x0000000098700000|  0%| F|  |TAMS 0x0000000098600000, 0x0000000098600000| Untracked 
| 391|0x0000000098700000, 0x0000000098700000, 0x0000000098800000|  0%| F|  |TAMS 0x0000000098700000, 0x0000000098700000| Untracked 
| 392|0x0000000098800000, 0x0000000098800000, 0x0000000098900000|  0%| F|  |TAMS 0x0000000098800000, 0x0000000098800000| Untracked 
| 393|0x0000000098900000, 0x0000000098900000, 0x0000000098a00000|  0%| F|  |TAMS 0x0000000098900000, 0x0000000098900000| Untracked 
| 394|0x0000000098a00000, 0x0000000098a00000, 0x0000000098b00000|  0%| F|  |TAMS 0x0000000098a00000, 0x0000000098a00000| Untracked 
| 395|0x0000000098b00000, 0x0000000098b00000, 0x0000000098c00000|  0%| F|  |TAMS 0x0000000098b00000, 0x0000000098b00000| Untracked 
| 396|0x0000000098c00000, 0x0000000098c00000, 0x0000000098d00000|  0%| F|  |TAMS 0x0000000098c00000, 0x0000000098c00000| Untracked 
| 397|0x0000000098d00000, 0x0000000098d00000, 0x0000000098e00000|  0%| F|  |TAMS 0x0000000098d00000, 0x0000000098d00000| Untracked 
| 398|0x0000000098e00000, 0x0000000098e00000, 0x0000000098f00000|  0%| F|  |TAMS 0x0000000098e00000, 0x0000000098e00000| Untracked 
| 399|0x0000000098f00000, 0x0000000098f00000, 0x0000000099000000|  0%| F|  |TAMS 0x0000000098f00000, 0x0000000098f00000| Untracked 
| 400|0x0000000099000000, 0x0000000099000000, 0x0000000099100000|  0%| F|  |TAMS 0x0000000099000000, 0x0000000099000000| Untracked 
| 401|0x0000000099100000, 0x0000000099100000, 0x0000000099200000|  0%| F|  |TAMS 0x0000000099100000, 0x0000000099100000| Untracked 
| 402|0x0000000099200000, 0x0000000099200000, 0x0000000099300000|  0%| F|  |TAMS 0x0000000099200000, 0x0000000099200000| Untracked 
| 403|0x0000000099300000, 0x0000000099300000, 0x0000000099400000|  0%| F|  |TAMS 0x0000000099300000, 0x0000000099300000| Untracked 
| 404|0x0000000099400000, 0x0000000099400000, 0x0000000099500000|  0%| F|  |TAMS 0x0000000099400000, 0x0000000099400000| Untracked 
| 405|0x0000000099500000, 0x0000000099500000, 0x0000000099600000|  0%| F|  |TAMS 0x0000000099500000, 0x0000000099500000| Untracked 
| 406|0x0000000099600000, 0x0000000099600000, 0x0000000099700000|  0%| F|  |TAMS 0x0000000099600000, 0x0000000099600000| Untracked 
| 407|0x0000000099700000, 0x0000000099700000, 0x0000000099800000|  0%| F|  |TAMS 0x0000000099700000, 0x0000000099700000| Untracked 
| 408|0x0000000099800000, 0x0000000099800000, 0x0000000099900000|  0%| F|  |TAMS 0x0000000099800000, 0x0000000099800000| Untracked 
| 409|0x0000000099900000, 0x0000000099900000, 0x0000000099a00000|  0%| F|  |TAMS 0x0000000099900000, 0x0000000099900000| Untracked 
| 410|0x0000000099a00000, 0x0000000099a00000, 0x0000000099b00000|  0%| F|  |TAMS 0x0000000099a00000, 0x0000000099a00000| Untracked 
| 411|0x0000000099b00000, 0x0000000099b00000, 0x0000000099c00000|  0%| F|  |TAMS 0x0000000099b00000, 0x0000000099b00000| Untracked 
| 412|0x0000000099c00000, 0x0000000099c00000, 0x0000000099d00000|  0%| F|  |TAMS 0x0000000099c00000, 0x0000000099c00000| Untracked 
| 413|0x0000000099d00000, 0x0000000099d871c8, 0x0000000099e00000| 52%| S|CS|TAMS 0x0000000099d00000, 0x0000000099d00000| Complete 
| 414|0x0000000099e00000, 0x0000000099f00000, 0x0000000099f00000|100%| S|CS|TAMS 0x0000000099e00000, 0x0000000099e00000| Complete 
| 415|0x0000000099f00000, 0x000000009a000000, 0x000000009a000000|100%| S|CS|TAMS 0x0000000099f00000, 0x0000000099f00000| Complete 
| 416|0x000000009a000000, 0x000000009a100000, 0x000000009a100000|100%| S|CS|TAMS 0x000000009a000000, 0x000000009a000000| Complete 
| 417|0x000000009a100000, 0x000000009a200000, 0x000000009a200000|100%| S|CS|TAMS 0x000000009a100000, 0x000000009a100000| Complete 
| 418|0x000000009a200000, 0x000000009a300000, 0x000000009a300000|100%| S|CS|TAMS 0x000000009a200000, 0x000000009a200000| Complete 
| 419|0x000000009a300000, 0x000000009a400000, 0x000000009a400000|100%| S|CS|TAMS 0x000000009a300000, 0x000000009a300000| Complete 
| 420|0x000000009a400000, 0x000000009a500000, 0x000000009a500000|100%| S|CS|TAMS 0x000000009a400000, 0x000000009a400000| Complete 
| 421|0x000000009a500000, 0x000000009a600000, 0x000000009a600000|100%| S|CS|TAMS 0x000000009a500000, 0x000000009a500000| Complete 
| 422|0x000000009a600000, 0x000000009a700000, 0x000000009a700000|100%| S|CS|TAMS 0x000000009a600000, 0x000000009a600000| Complete 
| 423|0x000000009a700000, 0x000000009a800000, 0x000000009a800000|100%| S|CS|TAMS 0x000000009a700000, 0x000000009a700000| Complete 
| 424|0x000000009a800000, 0x000000009a900000, 0x000000009a900000|100%| S|CS|TAMS 0x000000009a800000, 0x000000009a800000| Complete 
| 425|0x000000009a900000, 0x000000009aa00000, 0x000000009aa00000|100%| S|CS|TAMS 0x000000009a900000, 0x000000009a900000| Complete 
| 426|0x000000009aa00000, 0x000000009ab00000, 0x000000009ab00000|100%| S|CS|TAMS 0x000000009aa00000, 0x000000009aa00000| Complete 
| 427|0x000000009ab00000, 0x000000009ac00000, 0x000000009ac00000|100%| S|CS|TAMS 0x000000009ab00000, 0x000000009ab00000| Complete 
| 428|0x000000009ac00000, 0x000000009ad00000, 0x000000009ad00000|100%| S|CS|TAMS 0x000000009ac00000, 0x000000009ac00000| Complete 
| 429|0x000000009ad00000, 0x000000009ad00000, 0x000000009ae00000|  0%| F|  |TAMS 0x000000009ad00000, 0x000000009ad00000| Untracked 
| 430|0x000000009ae00000, 0x000000009ae00000, 0x000000009af00000|  0%| F|  |TAMS 0x000000009ae00000, 0x000000009ae00000| Untracked 
| 431|0x000000009af00000, 0x000000009af00000, 0x000000009b000000|  0%| F|  |TAMS 0x000000009af00000, 0x000000009af00000| Untracked 
| 432|0x000000009b000000, 0x000000009b000000, 0x000000009b100000|  0%| F|  |TAMS 0x000000009b000000, 0x000000009b000000| Untracked 
| 433|0x000000009b100000, 0x000000009b100000, 0x000000009b200000|  0%| F|  |TAMS 0x000000009b100000, 0x000000009b100000| Untracked 
| 434|0x000000009b200000, 0x000000009b200000, 0x000000009b300000|  0%| F|  |TAMS 0x000000009b200000, 0x000000009b200000| Untracked 
| 435|0x000000009b300000, 0x000000009b300000, 0x000000009b400000|  0%| F|  |TAMS 0x000000009b300000, 0x000000009b300000| Untracked 
| 436|0x000000009b400000, 0x000000009b400000, 0x000000009b500000|  0%| F|  |TAMS 0x000000009b400000, 0x000000009b400000| Untracked 
| 437|0x000000009b500000, 0x000000009b500000, 0x000000009b600000|  0%| F|  |TAMS 0x000000009b500000, 0x000000009b500000| Untracked 
| 438|0x000000009b600000, 0x000000009b600000, 0x000000009b700000|  0%| F|  |TAMS 0x000000009b600000, 0x000000009b600000| Untracked 
| 439|0x000000009b700000, 0x000000009b700000, 0x000000009b800000|  0%| F|  |TAMS 0x000000009b700000, 0x000000009b700000| Untracked 
| 440|0x000000009b800000, 0x000000009b800000, 0x000000009b900000|  0%| F|  |TAMS 0x000000009b800000, 0x000000009b800000| Untracked 
| 441|0x000000009b900000, 0x000000009b900000, 0x000000009ba00000|  0%| F|  |TAMS 0x000000009b900000, 0x000000009b900000| Untracked 
| 442|0x000000009ba00000, 0x000000009ba00000, 0x000000009bb00000|  0%| F|  |TAMS 0x000000009ba00000, 0x000000009ba00000| Untracked 
| 443|0x000000009bb00000, 0x000000009bb00000, 0x000000009bc00000|  0%| F|  |TAMS 0x000000009bb00000, 0x000000009bb00000| Untracked 
| 444|0x000000009bc00000, 0x000000009bc00000, 0x000000009bd00000|  0%| F|  |TAMS 0x000000009bc00000, 0x000000009bc00000| Untracked 
| 445|0x000000009bd00000, 0x000000009bd00000, 0x000000009be00000|  0%| F|  |TAMS 0x000000009bd00000, 0x000000009bd00000| Untracked 
| 446|0x000000009be00000, 0x000000009be00000, 0x000000009bf00000|  0%| F|  |TAMS 0x000000009be00000, 0x000000009be00000| Untracked 
| 447|0x000000009bf00000, 0x000000009bf00000, 0x000000009c000000|  0%| F|  |TAMS 0x000000009bf00000, 0x000000009bf00000| Untracked 
| 448|0x000000009c000000, 0x000000009c000000, 0x000000009c100000|  0%| F|  |TAMS 0x000000009c000000, 0x000000009c000000| Untracked 
| 449|0x000000009c100000, 0x000000009c100000, 0x000000009c200000|  0%| F|  |TAMS 0x000000009c100000, 0x000000009c100000| Untracked 
| 450|0x000000009c200000, 0x000000009c200000, 0x000000009c300000|  0%| F|  |TAMS 0x000000009c200000, 0x000000009c200000| Untracked 
| 451|0x000000009c300000, 0x000000009c300000, 0x000000009c400000|  0%| F|  |TAMS 0x000000009c300000, 0x000000009c300000| Untracked 
| 452|0x000000009c400000, 0x000000009c400000, 0x000000009c500000|  0%| F|  |TAMS 0x000000009c400000, 0x000000009c400000| Untracked 
| 453|0x000000009c500000, 0x000000009c500000, 0x000000009c600000|  0%| F|  |TAMS 0x000000009c500000, 0x000000009c500000| Untracked 
| 454|0x000000009c600000, 0x000000009c600000, 0x000000009c700000|  0%| F|  |TAMS 0x000000009c600000, 0x000000009c600000| Untracked 
| 455|0x000000009c700000, 0x000000009c700000, 0x000000009c800000|  0%| F|  |TAMS 0x000000009c700000, 0x000000009c700000| Untracked 
| 456|0x000000009c800000, 0x000000009c800000, 0x000000009c900000|  0%| F|  |TAMS 0x000000009c800000, 0x000000009c800000| Untracked 
| 457|0x000000009c900000, 0x000000009c900000, 0x000000009ca00000|  0%| F|  |TAMS 0x000000009c900000, 0x000000009c900000| Untracked 
| 458|0x000000009ca00000, 0x000000009ca00000, 0x000000009cb00000|  0%| F|  |TAMS 0x000000009ca00000, 0x000000009ca00000| Untracked 
| 459|0x000000009cb00000, 0x000000009cb00000, 0x000000009cc00000|  0%| F|  |TAMS 0x000000009cb00000, 0x000000009cb00000| Untracked 
| 460|0x000000009cc00000, 0x000000009cc00000, 0x000000009cd00000|  0%| F|  |TAMS 0x000000009cc00000, 0x000000009cc00000| Untracked 
| 461|0x000000009cd00000, 0x000000009cd00000, 0x000000009ce00000|  0%| F|  |TAMS 0x000000009cd00000, 0x000000009cd00000| Untracked 
| 462|0x000000009ce00000, 0x000000009ce00000, 0x000000009cf00000|  0%| F|  |TAMS 0x000000009ce00000, 0x000000009ce00000| Untracked 
| 463|0x000000009cf00000, 0x000000009cf00000, 0x000000009d000000|  0%| F|  |TAMS 0x000000009cf00000, 0x000000009cf00000| Untracked 
| 464|0x000000009d000000, 0x000000009d000000, 0x000000009d100000|  0%| F|  |TAMS 0x000000009d000000, 0x000000009d000000| Untracked 
| 465|0x000000009d100000, 0x000000009d100000, 0x000000009d200000|  0%| F|  |TAMS 0x000000009d100000, 0x000000009d100000| Untracked 
| 466|0x000000009d200000, 0x000000009d200000, 0x000000009d300000|  0%| F|  |TAMS 0x000000009d200000, 0x000000009d200000| Untracked 
| 467|0x000000009d300000, 0x000000009d300000, 0x000000009d400000|  0%| F|  |TAMS 0x000000009d300000, 0x000000009d300000| Untracked 
| 468|0x000000009d400000, 0x000000009d400000, 0x000000009d500000|  0%| F|  |TAMS 0x000000009d400000, 0x000000009d400000| Untracked 
| 469|0x000000009d500000, 0x000000009d500000, 0x000000009d600000|  0%| F|  |TAMS 0x000000009d500000, 0x000000009d500000| Untracked 
| 470|0x000000009d600000, 0x000000009d600000, 0x000000009d700000|  0%| F|  |TAMS 0x000000009d600000, 0x000000009d600000| Untracked 
| 471|0x000000009d700000, 0x000000009d700000, 0x000000009d800000|  0%| F|  |TAMS 0x000000009d700000, 0x000000009d700000| Untracked 
| 472|0x000000009d800000, 0x000000009d800000, 0x000000009d900000|  0%| F|  |TAMS 0x000000009d800000, 0x000000009d800000| Untracked 
| 473|0x000000009d900000, 0x000000009d900000, 0x000000009da00000|  0%| F|  |TAMS 0x000000009d900000, 0x000000009d900000| Untracked 
| 474|0x000000009da00000, 0x000000009da00000, 0x000000009db00000|  0%| F|  |TAMS 0x000000009da00000, 0x000000009da00000| Untracked 
| 475|0x000000009db00000, 0x000000009db00000, 0x000000009dc00000|  0%| F|  |TAMS 0x000000009db00000, 0x000000009db00000| Untracked 
| 476|0x000000009dc00000, 0x000000009dc00000, 0x000000009dd00000|  0%| F|  |TAMS 0x000000009dc00000, 0x000000009dc00000| Untracked 
| 477|0x000000009dd00000, 0x000000009dd00000, 0x000000009de00000|  0%| F|  |TAMS 0x000000009dd00000, 0x000000009dd00000| Untracked 
| 478|0x000000009de00000, 0x000000009de00000, 0x000000009df00000|  0%| F|  |TAMS 0x000000009de00000, 0x000000009de00000| Untracked 
| 479|0x000000009df00000, 0x000000009df00000, 0x000000009e000000|  0%| F|  |TAMS 0x000000009df00000, 0x000000009df00000| Untracked 
| 480|0x000000009e000000, 0x000000009e000000, 0x000000009e100000|  0%| F|  |TAMS 0x000000009e000000, 0x000000009e000000| Untracked 
| 481|0x000000009e100000, 0x000000009e100000, 0x000000009e200000|  0%| F|  |TAMS 0x000000009e100000, 0x000000009e100000| Untracked 
| 482|0x000000009e200000, 0x000000009e200000, 0x000000009e300000|  0%| F|  |TAMS 0x000000009e200000, 0x000000009e200000| Untracked 
| 483|0x000000009e300000, 0x000000009e300000, 0x000000009e400000|  0%| F|  |TAMS 0x000000009e300000, 0x000000009e300000| Untracked 
| 484|0x000000009e400000, 0x000000009e400000, 0x000000009e500000|  0%| F|  |TAMS 0x000000009e400000, 0x000000009e400000| Untracked 
| 485|0x000000009e500000, 0x000000009e500000, 0x000000009e600000|  0%| F|  |TAMS 0x000000009e500000, 0x000000009e500000| Untracked 
| 486|0x000000009e600000, 0x000000009e600000, 0x000000009e700000|  0%| F|  |TAMS 0x000000009e600000, 0x000000009e600000| Untracked 
| 487|0x000000009e700000, 0x000000009e700000, 0x000000009e800000|  0%| F|  |TAMS 0x000000009e700000, 0x000000009e700000| Untracked 
| 488|0x000000009e800000, 0x000000009e800000, 0x000000009e900000|  0%| F|  |TAMS 0x000000009e800000, 0x000000009e800000| Untracked 
| 489|0x000000009e900000, 0x000000009e900000, 0x000000009ea00000|  0%| F|  |TAMS 0x000000009e900000, 0x000000009e900000| Untracked 
| 490|0x000000009ea00000, 0x000000009ea00000, 0x000000009eb00000|  0%| F|  |TAMS 0x000000009ea00000, 0x000000009ea00000| Untracked 
| 491|0x000000009eb00000, 0x000000009eb00000, 0x000000009ec00000|  0%| F|  |TAMS 0x000000009eb00000, 0x000000009eb00000| Untracked 
| 492|0x000000009ec00000, 0x000000009ec00000, 0x000000009ed00000|  0%| F|  |TAMS 0x000000009ec00000, 0x000000009ec00000| Untracked 
| 493|0x000000009ed00000, 0x000000009ed00000, 0x000000009ee00000|  0%| F|  |TAMS 0x000000009ed00000, 0x000000009ed00000| Untracked 
| 494|0x000000009ee00000, 0x000000009ee00000, 0x000000009ef00000|  0%| F|  |TAMS 0x000000009ee00000, 0x000000009ee00000| Untracked 
| 495|0x000000009ef00000, 0x000000009ef00000, 0x000000009f000000|  0%| F|  |TAMS 0x000000009ef00000, 0x000000009ef00000| Untracked 
| 496|0x000000009f000000, 0x000000009f000000, 0x000000009f100000|  0%| F|  |TAMS 0x000000009f000000, 0x000000009f000000| Untracked 
| 497|0x000000009f100000, 0x000000009f100000, 0x000000009f200000|  0%| F|  |TAMS 0x000000009f100000, 0x000000009f100000| Untracked 
| 498|0x000000009f200000, 0x000000009f200000, 0x000000009f300000|  0%| F|  |TAMS 0x000000009f200000, 0x000000009f200000| Untracked 
| 499|0x000000009f300000, 0x000000009f300000, 0x000000009f400000|  0%| F|  |TAMS 0x000000009f300000, 0x000000009f300000| Untracked 
| 500|0x000000009f400000, 0x000000009f400000, 0x000000009f500000|  0%| F|  |TAMS 0x000000009f400000, 0x000000009f400000| Untracked 
| 501|0x000000009f500000, 0x000000009f500000, 0x000000009f600000|  0%| F|  |TAMS 0x000000009f500000, 0x000000009f500000| Untracked 
| 502|0x000000009f600000, 0x000000009f600000, 0x000000009f700000|  0%| F|  |TAMS 0x000000009f600000, 0x000000009f600000| Untracked 
| 503|0x000000009f700000, 0x000000009f700000, 0x000000009f800000|  0%| F|  |TAMS 0x000000009f700000, 0x000000009f700000| Untracked 
| 504|0x000000009f800000, 0x000000009f800000, 0x000000009f900000|  0%| F|  |TAMS 0x000000009f800000, 0x000000009f800000| Untracked 
| 505|0x000000009f900000, 0x000000009f900000, 0x000000009fa00000|  0%| F|  |TAMS 0x000000009f900000, 0x000000009f900000| Untracked 
| 506|0x000000009fa00000, 0x000000009fa00000, 0x000000009fb00000|  0%| F|  |TAMS 0x000000009fa00000, 0x000000009fa00000| Untracked 
| 507|0x000000009fb00000, 0x000000009fb00000, 0x000000009fc00000|  0%| F|  |TAMS 0x000000009fb00000, 0x000000009fb00000| Untracked 
| 508|0x000000009fc00000, 0x000000009fc00000, 0x000000009fd00000|  0%| F|  |TAMS 0x000000009fc00000, 0x000000009fc00000| Untracked 
| 509|0x000000009fd00000, 0x000000009fd00000, 0x000000009fe00000|  0%| F|  |TAMS 0x000000009fd00000, 0x000000009fd00000| Untracked 
| 510|0x000000009fe00000, 0x000000009fe00000, 0x000000009ff00000|  0%| F|  |TAMS 0x000000009fe00000, 0x000000009fe00000| Untracked 
| 511|0x000000009ff00000, 0x000000009ff00000, 0x00000000a0000000|  0%| F|  |TAMS 0x000000009ff00000, 0x000000009ff00000| Untracked 
| 512|0x00000000a0000000, 0x00000000a0000000, 0x00000000a0100000|  0%| F|  |TAMS 0x00000000a0000000, 0x00000000a0000000| Untracked 
| 513|0x00000000a0100000, 0x00000000a0100000, 0x00000000a0200000|  0%| F|  |TAMS 0x00000000a0100000, 0x00000000a0100000| Untracked 
| 514|0x00000000a0200000, 0x00000000a0200000, 0x00000000a0300000|  0%| F|  |TAMS 0x00000000a0200000, 0x00000000a0200000| Untracked 
| 515|0x00000000a0300000, 0x00000000a0300000, 0x00000000a0400000|  0%| F|  |TAMS 0x00000000a0300000, 0x00000000a0300000| Untracked 
| 516|0x00000000a0400000, 0x00000000a0400000, 0x00000000a0500000|  0%| F|  |TAMS 0x00000000a0400000, 0x00000000a0400000| Untracked 
| 517|0x00000000a0500000, 0x00000000a0500000, 0x00000000a0600000|  0%| F|  |TAMS 0x00000000a0500000, 0x00000000a0500000| Untracked 
| 518|0x00000000a0600000, 0x00000000a0600000, 0x00000000a0700000|  0%| F|  |TAMS 0x00000000a0600000, 0x00000000a0600000| Untracked 
| 519|0x00000000a0700000, 0x00000000a0700000, 0x00000000a0800000|  0%| F|  |TAMS 0x00000000a0700000, 0x00000000a0700000| Untracked 
| 520|0x00000000a0800000, 0x00000000a0800000, 0x00000000a0900000|  0%| F|  |TAMS 0x00000000a0800000, 0x00000000a0800000| Untracked 
| 521|0x00000000a0900000, 0x00000000a0900000, 0x00000000a0a00000|  0%| F|  |TAMS 0x00000000a0900000, 0x00000000a0900000| Untracked 
| 522|0x00000000a0a00000, 0x00000000a0a00000, 0x00000000a0b00000|  0%| F|  |TAMS 0x00000000a0a00000, 0x00000000a0a00000| Untracked 
| 523|0x00000000a0b00000, 0x00000000a0b00000, 0x00000000a0c00000|  0%| F|  |TAMS 0x00000000a0b00000, 0x00000000a0b00000| Untracked 
| 524|0x00000000a0c00000, 0x00000000a0c00000, 0x00000000a0d00000|  0%| F|  |TAMS 0x00000000a0c00000, 0x00000000a0c00000| Untracked 
| 525|0x00000000a0d00000, 0x00000000a0d00000, 0x00000000a0e00000|  0%| F|  |TAMS 0x00000000a0d00000, 0x00000000a0d00000| Untracked 
| 526|0x00000000a0e00000, 0x00000000a0e00000, 0x00000000a0f00000|  0%| F|  |TAMS 0x00000000a0e00000, 0x00000000a0e00000| Untracked 
| 527|0x00000000a0f00000, 0x00000000a0f00000, 0x00000000a1000000|  0%| F|  |TAMS 0x00000000a0f00000, 0x00000000a0f00000| Untracked 
| 528|0x00000000a1000000, 0x00000000a1000000, 0x00000000a1100000|  0%| F|  |TAMS 0x00000000a1000000, 0x00000000a1000000| Untracked 
| 529|0x00000000a1100000, 0x00000000a1100000, 0x00000000a1200000|  0%| F|  |TAMS 0x00000000a1100000, 0x00000000a1100000| Untracked 
| 530|0x00000000a1200000, 0x00000000a127fe68, 0x00000000a1300000| 49%| E|  |TAMS 0x00000000a1200000, 0x00000000a1200000| Complete 
| 531|0x00000000a1300000, 0x00000000a1400000, 0x00000000a1400000|100%| E|CS|TAMS 0x00000000a1300000, 0x00000000a1300000| Complete 
| 532|0x00000000a1400000, 0x00000000a1500000, 0x00000000a1500000|100%| E|CS|TAMS 0x00000000a1400000, 0x00000000a1400000| Complete 
| 533|0x00000000a1500000, 0x00000000a1600000, 0x00000000a1600000|100%| E|CS|TAMS 0x00000000a1500000, 0x00000000a1500000| Complete 
| 534|0x00000000a1600000, 0x00000000a1700000, 0x00000000a1700000|100%| E|CS|TAMS 0x00000000a1600000, 0x00000000a1600000| Complete 
| 535|0x00000000a1700000, 0x00000000a1800000, 0x00000000a1800000|100%| E|CS|TAMS 0x00000000a1700000, 0x00000000a1700000| Complete 
| 536|0x00000000a1800000, 0x00000000a1900000, 0x00000000a1900000|100%| E|CS|TAMS 0x00000000a1800000, 0x00000000a1800000| Complete 
| 537|0x00000000a1900000, 0x00000000a1a00000, 0x00000000a1a00000|100%| E|CS|TAMS 0x00000000a1900000, 0x00000000a1900000| Complete 
| 538|0x00000000a1a00000, 0x00000000a1b00000, 0x00000000a1b00000|100%| E|CS|TAMS 0x00000000a1a00000, 0x00000000a1a00000| Complete 
| 539|0x00000000a1b00000, 0x00000000a1c00000, 0x00000000a1c00000|100%| E|CS|TAMS 0x00000000a1b00000, 0x00000000a1b00000| Complete 
| 540|0x00000000a1c00000, 0x00000000a1d00000, 0x00000000a1d00000|100%| E|CS|TAMS 0x00000000a1c00000, 0x00000000a1c00000| Complete 
| 541|0x00000000a1d00000, 0x00000000a1e00000, 0x00000000a1e00000|100%| E|CS|TAMS 0x00000000a1d00000, 0x00000000a1d00000| Complete 
| 542|0x00000000a1e00000, 0x00000000a1f00000, 0x00000000a1f00000|100%| E|CS|TAMS 0x00000000a1e00000, 0x00000000a1e00000| Complete 
| 543|0x00000000a1f00000, 0x00000000a2000000, 0x00000000a2000000|100%| E|CS|TAMS 0x00000000a1f00000, 0x00000000a1f00000| Complete 
| 544|0x00000000a2000000, 0x00000000a2100000, 0x00000000a2100000|100%| E|CS|TAMS 0x00000000a2000000, 0x00000000a2000000| Complete 
| 545|0x00000000a2100000, 0x00000000a2200000, 0x00000000a2200000|100%| E|CS|TAMS 0x00000000a2100000, 0x00000000a2100000| Complete 
| 546|0x00000000a2200000, 0x00000000a2300000, 0x00000000a2300000|100%| E|CS|TAMS 0x00000000a2200000, 0x00000000a2200000| Complete 
| 547|0x00000000a2300000, 0x00000000a2400000, 0x00000000a2400000|100%| E|CS|TAMS 0x00000000a2300000, 0x00000000a2300000| Complete 
| 548|0x00000000a2400000, 0x00000000a2500000, 0x00000000a2500000|100%| E|CS|TAMS 0x00000000a2400000, 0x00000000a2400000| Complete 
| 549|0x00000000a2500000, 0x00000000a2600000, 0x00000000a2600000|100%| E|  |TAMS 0x00000000a2500000, 0x00000000a2500000| Complete 
| 550|0x00000000a2600000, 0x00000000a2700000, 0x00000000a2700000|100%| E|CS|TAMS 0x00000000a2600000, 0x00000000a2600000| Complete 
| 551|0x00000000a2700000, 0x00000000a2800000, 0x00000000a2800000|100%| E|CS|TAMS 0x00000000a2700000, 0x00000000a2700000| Complete 
| 552|0x00000000a2800000, 0x00000000a2900000, 0x00000000a2900000|100%| E|CS|TAMS 0x00000000a2800000, 0x00000000a2800000| Complete 
| 553|0x00000000a2900000, 0x00000000a2a00000, 0x00000000a2a00000|100%| E|CS|TAMS 0x00000000a2900000, 0x00000000a2900000| Complete 
| 554|0x00000000a2a00000, 0x00000000a2b00000, 0x00000000a2b00000|100%| E|CS|TAMS 0x00000000a2a00000, 0x00000000a2a00000| Complete 
| 555|0x00000000a2b00000, 0x00000000a2c00000, 0x00000000a2c00000|100%| E|CS|TAMS 0x00000000a2b00000, 0x00000000a2b00000| Complete 
| 556|0x00000000a2c00000, 0x00000000a2d00000, 0x00000000a2d00000|100%| E|CS|TAMS 0x00000000a2c00000, 0x00000000a2c00000| Complete 
| 557|0x00000000a2d00000, 0x00000000a2e00000, 0x00000000a2e00000|100%| E|CS|TAMS 0x00000000a2d00000, 0x00000000a2d00000| Complete 
| 558|0x00000000a2e00000, 0x00000000a2f00000, 0x00000000a2f00000|100%| E|CS|TAMS 0x00000000a2e00000, 0x00000000a2e00000| Complete 
| 559|0x00000000a2f00000, 0x00000000a3000000, 0x00000000a3000000|100%| E|CS|TAMS 0x00000000a2f00000, 0x00000000a2f00000| Complete 
| 560|0x00000000a3000000, 0x00000000a3100000, 0x00000000a3100000|100%| E|CS|TAMS 0x00000000a3000000, 0x00000000a3000000| Complete 
| 561|0x00000000a3100000, 0x00000000a3200000, 0x00000000a3200000|100%| E|CS|TAMS 0x00000000a3100000, 0x00000000a3100000| Complete 
| 562|0x00000000a3200000, 0x00000000a3300000, 0x00000000a3300000|100%| E|CS|TAMS 0x00000000a3200000, 0x00000000a3200000| Complete 
| 563|0x00000000a3300000, 0x00000000a3400000, 0x00000000a3400000|100%| E|CS|TAMS 0x00000000a3300000, 0x00000000a3300000| Complete 
| 564|0x00000000a3400000, 0x00000000a3500000, 0x00000000a3500000|100%| E|CS|TAMS 0x00000000a3400000, 0x00000000a3400000| Complete 
| 565|0x00000000a3500000, 0x00000000a3600000, 0x00000000a3600000|100%| E|CS|TAMS 0x00000000a3500000, 0x00000000a3500000| Complete 
| 566|0x00000000a3600000, 0x00000000a3700000, 0x00000000a3700000|100%| E|CS|TAMS 0x00000000a3600000, 0x00000000a3600000| Complete 
| 567|0x00000000a3700000, 0x00000000a3800000, 0x00000000a3800000|100%| E|CS|TAMS 0x00000000a3700000, 0x00000000a3700000| Complete 
| 568|0x00000000a3800000, 0x00000000a3900000, 0x00000000a3900000|100%| E|CS|TAMS 0x00000000a3800000, 0x00000000a3800000| Complete 
| 569|0x00000000a3900000, 0x00000000a3a00000, 0x00000000a3a00000|100%| E|CS|TAMS 0x00000000a3900000, 0x00000000a3900000| Complete 
| 570|0x00000000a3a00000, 0x00000000a3b00000, 0x00000000a3b00000|100%| E|CS|TAMS 0x00000000a3a00000, 0x00000000a3a00000| Complete 
| 571|0x00000000a3b00000, 0x00000000a3c00000, 0x00000000a3c00000|100%| E|CS|TAMS 0x00000000a3b00000, 0x00000000a3b00000| Complete 
| 572|0x00000000a3c00000, 0x00000000a3d00000, 0x00000000a3d00000|100%| E|CS|TAMS 0x00000000a3c00000, 0x00000000a3c00000| Complete 
| 573|0x00000000a3d00000, 0x00000000a3e00000, 0x00000000a3e00000|100%| E|CS|TAMS 0x00000000a3d00000, 0x00000000a3d00000| Complete 
| 574|0x00000000a3e00000, 0x00000000a3f00000, 0x00000000a3f00000|100%| E|CS|TAMS 0x00000000a3e00000, 0x00000000a3e00000| Complete 
| 575|0x00000000a3f00000, 0x00000000a4000000, 0x00000000a4000000|100%| E|CS|TAMS 0x00000000a3f00000, 0x00000000a3f00000| Complete 
| 576|0x00000000a4000000, 0x00000000a4100000, 0x00000000a4100000|100%| E|CS|TAMS 0x00000000a4000000, 0x00000000a4000000| Complete 
| 577|0x00000000a4100000, 0x00000000a4200000, 0x00000000a4200000|100%| E|CS|TAMS 0x00000000a4100000, 0x00000000a4100000| Complete 
| 578|0x00000000a4200000, 0x00000000a4300000, 0x00000000a4300000|100%| E|CS|TAMS 0x00000000a4200000, 0x00000000a4200000| Complete 
| 579|0x00000000a4300000, 0x00000000a4400000, 0x00000000a4400000|100%| E|CS|TAMS 0x00000000a4300000, 0x00000000a4300000| Complete 
| 580|0x00000000a4400000, 0x00000000a4500000, 0x00000000a4500000|100%| E|CS|TAMS 0x00000000a4400000, 0x00000000a4400000| Complete 
| 581|0x00000000a4500000, 0x00000000a4600000, 0x00000000a4600000|100%| E|CS|TAMS 0x00000000a4500000, 0x00000000a4500000| Complete 
| 582|0x00000000a4600000, 0x00000000a4700000, 0x00000000a4700000|100%| E|CS|TAMS 0x00000000a4600000, 0x00000000a4600000| Complete 
| 583|0x00000000a4700000, 0x00000000a4800000, 0x00000000a4800000|100%| E|CS|TAMS 0x00000000a4700000, 0x00000000a4700000| Complete 
| 584|0x00000000a4800000, 0x00000000a4900000, 0x00000000a4900000|100%| E|CS|TAMS 0x00000000a4800000, 0x00000000a4800000| Complete 
| 585|0x00000000a4900000, 0x00000000a4a00000, 0x00000000a4a00000|100%| E|CS|TAMS 0x00000000a4900000, 0x00000000a4900000| Complete 
| 586|0x00000000a4a00000, 0x00000000a4b00000, 0x00000000a4b00000|100%| E|CS|TAMS 0x00000000a4a00000, 0x00000000a4a00000| Complete 
| 587|0x00000000a4b00000, 0x00000000a4c00000, 0x00000000a4c00000|100%| E|CS|TAMS 0x00000000a4b00000, 0x00000000a4b00000| Complete 
| 588|0x00000000a4c00000, 0x00000000a4d00000, 0x00000000a4d00000|100%| E|CS|TAMS 0x00000000a4c00000, 0x00000000a4c00000| Complete 
| 589|0x00000000a4d00000, 0x00000000a4e00000, 0x00000000a4e00000|100%| E|CS|TAMS 0x00000000a4d00000, 0x00000000a4d00000| Complete 
| 590|0x00000000a4e00000, 0x00000000a4f00000, 0x00000000a4f00000|100%| E|CS|TAMS 0x00000000a4e00000, 0x00000000a4e00000| Complete 
| 591|0x00000000a4f00000, 0x00000000a5000000, 0x00000000a5000000|100%| E|CS|TAMS 0x00000000a4f00000, 0x00000000a4f00000| Complete 
| 592|0x00000000a5000000, 0x00000000a5100000, 0x00000000a5100000|100%| E|CS|TAMS 0x00000000a5000000, 0x00000000a5000000| Complete 
| 593|0x00000000a5100000, 0x00000000a5200000, 0x00000000a5200000|100%| E|CS|TAMS 0x00000000a5100000, 0x00000000a5100000| Complete 
| 594|0x00000000a5200000, 0x00000000a5300000, 0x00000000a5300000|100%| E|CS|TAMS 0x00000000a5200000, 0x00000000a5200000| Complete 
| 595|0x00000000a5300000, 0x00000000a5400000, 0x00000000a5400000|100%| E|CS|TAMS 0x00000000a5300000, 0x00000000a5300000| Complete 
| 596|0x00000000a5400000, 0x00000000a5500000, 0x00000000a5500000|100%| E|CS|TAMS 0x00000000a5400000, 0x00000000a5400000| Complete 

Card table byte_map: [0x000002a9d3d60000,0x000002a9d4160000] _byte_map_base: 0x000002a9d3960000

Marking Bits (Prev, Next): (CMBitMap*) 0x000002a9ba5fb530, (CMBitMap*) 0x000002a9ba5fb570
 Prev Bits: [0x000002a9d4560000, 0x000002a9d6560000)
 Next Bits: [0x000002a9d6560000, 0x000002a9d8560000)

Polling page: 0x000002a9ba880000

Metaspace:

Usage:
  Non-class:    153.35 MB used.
      Class:     24.53 MB used.
       Both:    177.88 MB used.

Virtual space:
  Non-class space:      192.00 MB reserved,     154.50 MB ( 80%) committed,  3 nodes.
      Class space:        1.00 GB reserved,      25.62 MB (  3%) committed,  1 nodes.
             Both:        1.19 GB reserved,     180.12 MB ( 15%) committed. 

Chunk freelists:
   Non-Class:  4.67 MB
       Class:  6.39 MB
        Both:  11.06 MB

MaxMetaspaceSize: unlimited
CompressedClassSpaceSize: 1.00 GB
Initial GC threshold: 21.00 MB
Current GC threshold: 223.38 MB
CDS: on
MetaspaceReclaimPolicy: balanced
 - commit_granule_bytes: 65536.
 - commit_granule_words: 8192.
 - virtual_space_node_default_size: 8388608.
 - enlarge_chunks_in_place: 1.
 - new_chunks_are_fully_committed: 0.
 - uncommit_free_chunks: 1.
 - use_allocation_guard: 0.
 - handle_deallocations: 1.


Internal statistics:

num_allocs_failed_limit: 23.
num_arena_births: 3840.
num_arena_deaths: 2.
num_vsnodes_births: 4.
num_vsnodes_deaths: 0.
num_space_committed: 2881.
num_space_uncommitted: 0.
num_chunks_returned_to_freelist: 25.
num_chunks_taken_from_freelist: 12452.
num_chunk_merges: 23.
num_chunk_splits: 7916.
num_chunks_enlarged: 4794.
num_inconsistent_stats: 0.

CodeHeap 'non-profiled nmethods': size=120000Kb used=20660Kb max_used=20660Kb free=99339Kb
 bounds [0x000002a9cbff0000, 0x000002a9cd420000, 0x000002a9d3520000]
CodeHeap 'profiled nmethods': size=120000Kb used=49850Kb max_used=49850Kb free=70149Kb
 bounds [0x000002a9c4520000, 0x000002a9c75e0000, 0x000002a9cba50000]
CodeHeap 'non-nmethods': size=5760Kb used=1924Kb max_used=1978Kb free=3835Kb
 bounds [0x000002a9cba50000, 0x000002a9cbcc0000, 0x000002a9cbff0000]
 total_blobs=25600 nmethods=24574 adapters=935
 compilation: enabled
              stopped_count=0, restarted_count=0
 full_count=0

Compilation events (20 events):
Event: 164.973 Thread 0x000002aa2ecfe060 30518       4       com.google.common.collect.HashBiMap::put (8 bytes)
Event: 164.976 Thread 0x000002aa2ecfe060 nmethod 30518 0x000002a9cd403210 code [0x000002a9cd4033e0, 0x000002a9cd403938]
Event: 164.977 Thread 0x000002aa2ecfe060 30521       4       org.gradle.internal.serialize.HierarchicalNameSerializer::read (20 bytes)
Event: 164.982 Thread 0x000002a9db135b50 30523       3       com.esotericsoftware.kryo.io.Input::require (220 bytes)
Event: 164.982 Thread 0x000002a9db135b50 nmethod 30523 0x000002a9c75c9d10 code [0x000002a9c75c9fa0, 0x000002a9c75ca858]
Event: 164.982 Thread 0x000002a9db135b50 30524       3       org.gradle.api.internal.tasks.compile.incremental.deps.IntSetSerializer::read (54 bytes)
Event: 164.983 Thread 0x000002a9db135b50 nmethod 30524 0x000002a9c75cab10 code [0x000002a9c75cad40, 0x000002a9c75cb258]
Event: 164.983 Thread 0x000002a9db135b50 30526       3       it.unimi.dsi.fastutil.ints.IntOpenHashSet::<init> (94 bytes)
Event: 164.983 Thread 0x000002a9db135b50 nmethod 30526 0x000002a9c75cb490 code [0x000002a9c75cb6e0, 0x000002a9c75cbf18]
Event: 165.051 Thread 0x000002a9db135b50 30532       3       org.gradle.internal.io.StreamByteBuffer$StreamByteBufferInputStream::read (8 bytes)
Event: 165.051 Thread 0x000002a9db135b50 nmethod 30532 0x000002a9c75cc210 code [0x000002a9c75cc3c0, 0x000002a9c75cc508]
Event: 165.059 Thread 0x000002aa2ecfe060 nmethod 30521 0x000002a9cd403e90 code [0x000002a9cd404400, 0x000002a9cd4092f8]
Event: 165.059 Thread 0x000002aa2ecfe060 30529       4       com.esotericsoftware.kryo.io.Input::require (220 bytes)
Event: 165.062 Thread 0x000002a9db135b50 30533   !   3       com.esotericsoftware.kryo.io.Input::fill (32 bytes)
Event: 165.063 Thread 0x000002a9db135b50 nmethod 30533 0x000002a9c75cc610 code [0x000002a9c75cc7e0, 0x000002a9c75ccad8]
Event: 165.071 Thread 0x000002a9db135b50 30534       3       org.gradle.internal.serialize.HierarchicalNameSerializer::read (20 bytes)
Event: 165.071 Thread 0x000002a9db135b50 nmethod 30534 0x000002a9c75ccc10 code [0x000002a9c75ccde0, 0x000002a9c75cd0f8]
Event: 165.081 Thread 0x000002aa2ecfe060 nmethod 30529 0x000002a9cd40c310 code [0x000002a9cd40c5a0, 0x000002a9cd40e110]
Event: 165.081 Thread 0x000002aa2ecfe060 30522       4       org.gradle.api.internal.tasks.compile.incremental.compilerapi.deps.DependentSetSerializer::read (198 bytes)
Event: 165.631 Thread 0x000002a9db135b50 30535       3       java.util.concurrent.ScheduledThreadPoolExecutor$ScheduledFutureTask::isPeriodic (15 bytes)

GC Heap History (20 events):
Event: 27.552 GC heap before
{Heap before GC invocations=62 (full 0):
 garbage-first heap   total 331776K, used 255134K [0x0000000080000000, 0x0000000100000000)
  region size 1024K, 72 young (73728K), 5 survivors (5120K)
 Metaspace       used 139530K, committed 141120K, reserved 1179648K
  class space    used 20013K, committed 20800K, reserved 1048576K
}
Event: 27.556 GC heap after
{Heap after GC invocations=63 (full 0):
 garbage-first heap   total 331776K, used 190661K [0x0000000080000000, 0x0000000100000000)
  region size 1024K, 8 young (8192K), 8 survivors (8192K)
 Metaspace       used 139530K, committed 141120K, reserved 1179648K
  class space    used 20013K, committed 20800K, reserved 1048576K
}
Event: 27.569 GC heap before
{Heap before GC invocations=63 (full 0):
 garbage-first heap   total 331776K, used 198853K [0x0000000080000000, 0x0000000100000000)
  region size 1024K, 16 young (16384K), 8 survivors (8192K)
 Metaspace       used 139894K, committed 141504K, reserved 1179648K
  class space    used 20027K, committed 20800K, reserved 1048576K
}
Event: 27.573 GC heap after
{Heap after GC invocations=64 (full 0):
 garbage-first heap   total 331776K, used 189007K [0x0000000080000000, 0x0000000100000000)
  region size 1024K, 2 young (2048K), 2 survivors (2048K)
 Metaspace       used 139894K, committed 141504K, reserved 1179648K
  class space    used 20027K, committed 20800K, reserved 1048576K
}
Event: 27.733 GC heap before
{Heap before GC invocations=64 (full 0):
 garbage-first heap   total 331776K, used 269903K [0x0000000080000000, 0x0000000100000000)
  region size 1024K, 82 young (83968K), 2 survivors (2048K)
 Metaspace       used 142633K, committed 144256K, reserved 1179648K
  class space    used 20557K, committed 21312K, reserved 1048576K
}
Event: 27.737 GC heap after
{Heap after GC invocations=65 (full 0):
 garbage-first heap   total 611328K, used 191840K [0x0000000080000000, 0x0000000100000000)
  region size 1024K, 5 young (5120K), 5 survivors (5120K)
 Metaspace       used 142633K, committed 144256K, reserved 1179648K
  class space    used 20557K, committed 21312K, reserved 1048576K
}
Event: 56.898 GC heap before
{Heap before GC invocations=65 (full 0):
 garbage-first heap   total 611328K, used 504160K [0x0000000080000000, 0x0000000100000000)
  region size 1024K, 277 young (283648K), 5 survivors (5120K)
 Metaspace       used 150321K, committed 152000K, reserved 1179648K
  class space    used 21476K, committed 22336K, reserved 1048576K
}
Event: 56.905 GC heap after
{Heap after GC invocations=66 (full 0):
 garbage-first heap   total 611328K, used 203692K [0x0000000080000000, 0x0000000100000000)
  region size 1024K, 17 young (17408K), 17 survivors (17408K)
 Metaspace       used 150321K, committed 152000K, reserved 1179648K
  class space    used 21476K, committed 22336K, reserved 1048576K
}
Event: 127.183 GC heap before
{Heap before GC invocations=66 (full 0):
 garbage-first heap   total 611328K, used 504748K [0x0000000080000000, 0x0000000100000000)
  region size 1024K, 311 young (318464K), 17 survivors (17408K)
 Metaspace       used 154185K, committed 156096K, reserved 1245184K
  class space    used 21916K, committed 22848K, reserved 1048576K
}
Event: 127.212 GC heap after
{Heap after GC invocations=67 (full 0):
 garbage-first heap   total 611328K, used 222826K [0x0000000080000000, 0x0000000100000000)
  region size 1024K, 35 young (35840K), 35 survivors (35840K)
 Metaspace       used 154185K, committed 156096K, reserved 1245184K
  class space    used 21916K, committed 22848K, reserved 1048576K
}
Event: 144.401 GC heap before
{Heap before GC invocations=67 (full 0):
 garbage-first heap   total 611328K, used 499306K [0x0000000080000000, 0x0000000100000000)
  region size 1024K, 304 young (311296K), 35 survivors (35840K)
 Metaspace       used 165179K, committed 167360K, reserved 1245184K
  class space    used 23158K, committed 24256K, reserved 1048576K
}
Event: 144.446 GC heap after
{Heap after GC invocations=68 (full 0):
 garbage-first heap   total 611328K, used 238275K [0x0000000080000000, 0x0000000100000000)
  region size 1024K, 17 young (17408K), 17 survivors (17408K)
 Metaspace       used 165179K, committed 167360K, reserved 1245184K
  class space    used 23158K, committed 24256K, reserved 1048576K
}
Event: 148.137 GC heap before
{Heap before GC invocations=68 (full 0):
 garbage-first heap   total 611328K, used 501443K [0x0000000080000000, 0x0000000100000000)
  region size 1024K, 273 young (279552K), 17 survivors (17408K)
 Metaspace       used 167329K, committed 169536K, reserved 1245184K
  class space    used 23423K, committed 24512K, reserved 1048576K
}
Event: 148.161 GC heap after
{Heap after GC invocations=69 (full 0):
 garbage-first heap   total 611328K, used 282533K [0x0000000080000000, 0x0000000100000000)
  region size 1024K, 35 young (35840K), 35 survivors (35840K)
 Metaspace       used 167329K, committed 169536K, reserved 1245184K
  class space    used 23423K, committed 24512K, reserved 1048576K
}
Event: 154.283 GC heap before
{Heap before GC invocations=69 (full 0):
 garbage-first heap   total 611328K, used 510885K [0x0000000080000000, 0x0000000100000000)
  region size 1024K, 236 young (241664K), 35 survivors (35840K)
 Metaspace       used 169138K, committed 171392K, reserved 1245184K
  class space    used 23636K, committed 24768K, reserved 1048576K
}
Event: 154.308 GC heap after
{Heap after GC invocations=70 (full 0):
 garbage-first heap   total 611328K, used 323441K [0x0000000080000000, 0x0000000100000000)
  region size 1024K, 30 young (30720K), 30 survivors (30720K)
 Metaspace       used 169138K, committed 171392K, reserved 1245184K
  class space    used 23636K, committed 24768K, reserved 1048576K
}
Event: 154.374 GC heap before
{Heap before GC invocations=70 (full 0):
 garbage-first heap   total 611328K, used 483185K [0x0000000080000000, 0x0000000100000000)
  region size 1024K, 187 young (191488K), 30 survivors (30720K)
 Metaspace       used 169231K, committed 171520K, reserved 1245184K
  class space    used 23636K, committed 24768K, reserved 1048576K
}
Event: 154.385 GC heap after
{Heap after GC invocations=71 (full 0):
 garbage-first heap   total 611328K, used 329637K [0x0000000080000000, 0x0000000100000000)
  region size 1024K, 6 young (6144K), 6 survivors (6144K)
 Metaspace       used 169231K, committed 171520K, reserved 1245184K
  class space    used 23636K, committed 24768K, reserved 1048576K
}
Event: 160.083 GC heap before
{Heap before GC invocations=71 (full 0):
 garbage-first heap   total 611328K, used 508837K [0x0000000080000000, 0x0000000100000000)
  region size 1024K, 168 young (172032K), 6 survivors (6144K)
 Metaspace       used 179495K, committed 181824K, reserved 1245184K
  class space    used 24885K, committed 26048K, reserved 1048576K
}
Event: 160.106 GC heap after
{Heap after GC invocations=72 (full 0):
 garbage-first heap   total 611328K, used 343489K [0x0000000080000000, 0x0000000100000000)
  region size 1024K, 16 young (16384K), 16 survivors (16384K)
 Metaspace       used 179495K, committed 181824K, reserved 1245184K
  class space    used 24885K, committed 26048K, reserved 1048576K
}

Dll operation events (15 events):
Event: 0.008 Loaded shared library C:\Users\16696\.jdks\ms-17.0.19\bin\java.dll
Event: 0.021 Loaded shared library C:\Users\16696\.jdks\ms-17.0.19\bin\jsvml.dll
Event: 0.046 Loaded shared library C:\Users\16696\.jdks\ms-17.0.19\bin\zip.dll
Event: 0.050 Loaded shared library C:\Users\16696\.jdks\ms-17.0.19\bin\instrument.dll
Event: 0.052 Loaded shared library C:\Users\16696\.jdks\ms-17.0.19\bin\net.dll
Event: 0.054 Loaded shared library C:\Users\16696\.jdks\ms-17.0.19\bin\nio.dll
Event: 0.055 Loaded shared library C:\Users\16696\.jdks\ms-17.0.19\bin\zip.dll
Event: 0.122 Loaded shared library C:\Users\16696\.jdks\ms-17.0.19\bin\jimage.dll
Event: 0.227 Loaded shared library C:\Users\16696\.jdks\ms-17.0.19\bin\verify.dll
Event: 0.245 Loaded shared library C:\Users\16696\.gradle\native\660c5614fbf4a5f2a75b1949f50a0caf5cd603558e7d8a26e50b933a0cfb79d1\windows-amd64\native-platform.dll
Event: 0.252 Loaded shared library C:\Users\16696\.gradle\native\0.2.8\x86_64-windows-gnu\gradle-fileevents.dll
Event: 0.598 Loaded shared library C:\Users\16696\.jdks\ms-17.0.19\bin\management.dll
Event: 0.600 Loaded shared library C:\Users\16696\.jdks\ms-17.0.19\bin\management_ext.dll
Event: 0.785 Loaded shared library C:\Users\16696\.jdks\ms-17.0.19\bin\extnet.dll
Event: 0.920 Loaded shared library C:\Users\16696\.jdks\ms-17.0.19\bin\sunmscapi.dll

Deoptimization events (20 events):
Event: 164.981 Thread 0x000002aa2eb6a060 Uncommon trap: trap_request=0xffffff45 fr.pc=0x000002a9cc14a1f0 relative=0x00000000000001d0
Event: 164.981 Thread 0x000002aa2eb6a060 Uncommon trap: reason=unstable_if action=reinterpret pc=0x000002a9cc14a1f0 method=com.esotericsoftware.kryo.io.Input.require(I)I @ 65 c2
Event: 164.982 Thread 0x000002aa2eb6a060 DEOPT PACKING pc=0x000002a9cc14a1f0 sp=0x000000c0facfebb0
Event: 164.982 Thread 0x000002aa2eb6a060 DEOPT UNPACKING pc=0x000002a9cbaa69a3 sp=0x000000c0facfeb60 mode 2
Event: 164.982 Thread 0x000002aa2eb6a060 Uncommon trap: trap_request=0xffffff45 fr.pc=0x000002a9cc25154c relative=0x000000000000074c
Event: 164.982 Thread 0x000002aa2eb6a060 Uncommon trap: reason=unstable_if action=reinterpret pc=0x000002a9cc25154c method=org.gradle.internal.io.StreamByteBuffer$StreamByteBufferInputStream.readImpl([BII)I @ 49 c2
Event: 164.982 Thread 0x000002aa2eb6a060 DEOPT PACKING pc=0x000002a9cc25154c sp=0x000000c0facfeaf0
Event: 164.982 Thread 0x000002aa2eb6a060 DEOPT UNPACKING pc=0x000002a9cbaa69a3 sp=0x000000c0facfe9c0 mode 2
Event: 164.983 Thread 0x000002aa2eb6a060 Uncommon trap: trap_request=0xffffff45 fr.pc=0x000002a9cc33fbbc relative=0x00000000000006dc
Event: 164.983 Thread 0x000002aa2eb6a060 Uncommon trap: reason=unstable_if action=reinterpret pc=0x000002a9cc33fbbc method=org.gradle.internal.io.StreamByteBuffer$StreamByteBufferInputStream.readImpl([BII)I @ 49 c2
Event: 164.983 Thread 0x000002aa2eb6a060 DEOPT PACKING pc=0x000002a9cc33fbbc sp=0x000000c0facfea70
Event: 164.983 Thread 0x000002aa2eb6a060 DEOPT UNPACKING pc=0x000002a9cbaa69a3 sp=0x000000c0facfe9c0 mode 2
Event: 164.983 Thread 0x000002aa2eb6a060 Uncommon trap: trap_request=0xffffff45 fr.pc=0x000002a9cc44a33c relative=0x00000000000006dc
Event: 164.983 Thread 0x000002aa2eb6a060 Uncommon trap: reason=unstable_if action=reinterpret pc=0x000002a9cc44a33c method=org.gradle.internal.io.StreamByteBuffer$StreamByteBufferInputStream.readImpl([BII)I @ 49 c2
Event: 164.983 Thread 0x000002aa2eb6a060 DEOPT PACKING pc=0x000002a9cc44a33c sp=0x000000c0facfe9f0
Event: 164.983 Thread 0x000002aa2eb6a060 DEOPT UNPACKING pc=0x000002a9cbaa69a3 sp=0x000000c0facfe9b8 mode 2
Event: 165.070 Thread 0x000002aa2eb6a060 Uncommon trap: trap_request=0xffffff45 fr.pc=0x000002a9cd406934 relative=0x0000000000002534
Event: 165.070 Thread 0x000002aa2eb6a060 Uncommon trap: reason=unstable_if action=reinterpret pc=0x000002a9cd406934 method=com.esotericsoftware.kryo.io.Input.readInt_slow(Z)I @ 27 c2
Event: 165.070 Thread 0x000002aa2eb6a060 DEOPT PACKING pc=0x000002a9cd406934 sp=0x000000c0facfec70
Event: 165.071 Thread 0x000002aa2eb6a060 DEOPT UNPACKING pc=0x000002a9cbaa69a3 sp=0x000000c0facfea60 mode 2

Classes loaded (20 events):
Event: 158.731 Loading class java/util/ImmutableCollections$Access
Event: 158.731 Loading class java/util/ImmutableCollections$Access done
Event: 158.731 Loading class java/util/ImmutableCollections$Access$1
Event: 158.731 Loading class jdk/internal/access/JavaUtilCollectionAccess
Event: 158.731 Loading class jdk/internal/access/JavaUtilCollectionAccess done
Event: 158.731 Loading class java/util/ImmutableCollections$Access$1 done
Event: 160.506 Loading class java/text/BreakIterator
Event: 160.506 Loading class java/text/BreakIterator done
Event: 164.781 Loading class java/text/MessageFormat
Event: 164.781 Loading class java/text/MessageFormat done
Event: 164.788 Loading class java/util/EnumMap$Values
Event: 164.788 Loading class java/util/EnumMap$Values done
Event: 164.788 Loading class java/util/EnumMap$ValueIterator
Event: 164.788 Loading class java/util/EnumMap$ValueIterator done
Event: 164.789 Loading class java/util/WeakHashMap$KeyIterator
Event: 164.789 Loading class java/util/WeakHashMap$HashIterator
Event: 164.789 Loading class java/util/WeakHashMap$HashIterator done
Event: 164.789 Loading class java/util/WeakHashMap$KeyIterator done
Event: 164.857 Loading class java/io/CharArrayReader
Event: 164.857 Loading class java/io/CharArrayReader done

Classes unloaded (1 events):
Event: 26.720 Thread 0x000002a9db10bbf0 Unloading class 0x000002a9ddbe4000 'java/lang/invoke/LambdaForm$MH+0x000002a9ddbe4000'

Classes redefined (0 events):
No events

Internal exceptions (20 events):
Event: 158.712 Thread 0x000002aa2d58ea40 Exception <a 'sun/nio/fs/WindowsException'{0x000000009d2c8f18}> (0x000000009d2c8f18) 
thrown [s\src\hotspot\share\prims\jni.cpp, line 516]
Event: 158.741 Thread 0x000002aa2d58ea40 Exception <a 'java/lang/NoSuchMethodError'{0x000000009d025ac0}: 'java.lang.Object java.lang.invoke.DirectMethodHandle$Holder.invokeStatic(java.lang.Object, java.lang.Object, int, int)'> (0x000000009d025ac0) 
thrown [s\src\hotspot\share\interpreter\linkResolver.cpp, line 759]
Event: 159.827 Thread 0x000002aa2d58ea40 Exception <a 'java/lang/NoSuchMethodError'{0x000000009b1ba9d8}: 'int java.lang.invoke.DirectMethodHandle$Holder.invokeVirtual(java.lang.Object, java.lang.Object, java.lang.Object, java.lang.Object)'> (0x000000009b1ba9d8) 
thrown [s\src\hotspot\share\interpreter\linkResolver.cpp, line 759]
Event: 160.141 Thread 0x000002aa2d58ea40 Implicit null exception at 0x000002a9cd12e26c to 0x000002a9cd12ebe4
Event: 161.658 Thread 0x000002aa2d58ea40 Exception <a 'sun/nio/fs/WindowsException'{0x00000000a3593420}> (0x00000000a3593420) 
thrown [s\src\hotspot\share\prims\jni.cpp, line 516]
Event: 161.659 Thread 0x000002aa2d58ea40 Exception <a 'sun/nio/fs/WindowsException'{0x00000000a35948e8}> (0x00000000a35948e8) 
thrown [s\src\hotspot\share\prims\jni.cpp, line 516]
Event: 161.659 Thread 0x000002aa2d58ea40 Exception <a 'sun/nio/fs/WindowsException'{0x00000000a3595a58}> (0x00000000a3595a58) 
thrown [s\src\hotspot\share\prims\jni.cpp, line 516]
Event: 161.659 Thread 0x000002aa2d58ea40 Exception <a 'sun/nio/fs/WindowsException'{0x00000000a3596c50}> (0x00000000a3596c50) 
thrown [s\src\hotspot\share\prims\jni.cpp, line 516]
Event: 161.659 Thread 0x000002aa2d58ea40 Exception <a 'sun/nio/fs/WindowsException'{0x00000000a3597e40}> (0x00000000a3597e40) 
thrown [s\src\hotspot\share\prims\jni.cpp, line 516]
Event: 161.663 Thread 0x000002aa2d58ea40 Exception <a 'sun/nio/fs/WindowsException'{0x00000000a35aa768}> (0x00000000a35aa768) 
thrown [s\src\hotspot\share\prims\jni.cpp, line 516]
Event: 161.666 Thread 0x000002aa2d58ea40 Exception <a 'sun/nio/fs/WindowsException'{0x00000000a35b8258}> (0x00000000a35b8258) 
thrown [s\src\hotspot\share\prims\jni.cpp, line 516]
Event: 161.668 Thread 0x000002aa2d58ea40 Exception <a 'sun/nio/fs/WindowsException'{0x00000000a35c0ee8}> (0x00000000a35c0ee8) 
thrown [s\src\hotspot\share\prims\jni.cpp, line 516]
Event: 161.673 Thread 0x000002aa2d58ea40 Exception <a 'sun/nio/fs/WindowsException'{0x00000000a35df718}> (0x00000000a35df718) 
thrown [s\src\hotspot\share\prims\jni.cpp, line 516]
Event: 161.675 Thread 0x000002aa2d58ea40 Exception <a 'sun/nio/fs/WindowsException'{0x00000000a35e6f28}> (0x00000000a35e6f28) 
thrown [s\src\hotspot\share\prims\jni.cpp, line 516]
Event: 164.718 Thread 0x000002aa2d58ea40 Exception <a 'sun/nio/fs/WindowsException'{0x00000000a35f0638}> (0x00000000a35f0638) 
thrown [s\src\hotspot\share\prims\jni.cpp, line 516]
Event: 164.721 Thread 0x000002aa2d58ea40 Exception <a 'sun/nio/fs/WindowsException'{0x00000000a35f9848}> (0x00000000a35f9848) 
thrown [s\src\hotspot\share\prims\jni.cpp, line 516]
Event: 164.728 Thread 0x000002aa2d58ea40 Exception <a 'sun/nio/fs/WindowsException'{0x00000000a347f230}> (0x00000000a347f230) 
thrown [s\src\hotspot\share\prims\jni.cpp, line 516]
Event: 164.730 Thread 0x000002aa2d58ea40 Exception <a 'sun/nio/fs/WindowsException'{0x00000000a348d398}> (0x00000000a348d398) 
thrown [s\src\hotspot\share\prims\jni.cpp, line 516]
Event: 164.757 Thread 0x000002aa2d58ea40 Exception <a 'sun/nio/fs/WindowsException'{0x00000000a321df78}> (0x00000000a321df78) 
thrown [s\src\hotspot\share\prims\jni.cpp, line 516]
Event: 164.775 Thread 0x000002aa2d58ea40 Exception <a 'sun/nio/fs/WindowsException'{0x00000000a3013f30}> (0x00000000a3013f30) 
thrown [s\src\hotspot\share\prims\jni.cpp, line 516]

VM Operations (20 events):
Event: 160.369 Executing VM operation: HandshakeAllThreads done
Event: 160.373 Executing VM operation: HandshakeAllThreads
Event: 160.373 Executing VM operation: HandshakeAllThreads done
Event: 160.403 Executing VM operation: ICBufferFull
Event: 160.403 Executing VM operation: ICBufferFull done
Event: 160.483 Executing VM operation: HandshakeAllThreads
Event: 160.483 Executing VM operation: HandshakeAllThreads done
Event: 160.487 Executing VM operation: HandshakeAllThreads
Event: 160.487 Executing VM operation: HandshakeAllThreads done
Event: 160.511 Executing VM operation: ICBufferFull
Event: 160.511 Executing VM operation: ICBufferFull done
Event: 160.590 Executing VM operation: ICBufferFull
Event: 160.590 Executing VM operation: ICBufferFull done
Event: 161.599 Executing VM operation: Cleanup
Event: 161.645 Executing VM operation: Cleanup done
Event: 162.647 Executing VM operation: Cleanup
Event: 164.716 Executing VM operation: Cleanup done
Event: 164.769 Executing VM operation: ICBufferFull
Event: 164.769 Executing VM operation: ICBufferFull done
Event: 165.771 Executing VM operation: Cleanup

Memory protections (0 events):
No events

Nmethod flushes (20 events):
Event: 157.937 Thread 0x000002a9db136460 flushing  nmethod 0x000002a9c7071010
Event: 157.937 Thread 0x000002a9db136460 flushing  nmethod 0x000002a9c7071410
Event: 157.937 Thread 0x000002a9db136460 flushing  nmethod 0x000002a9c707a610
Event: 157.937 Thread 0x000002a9db136460 flushing  nmethod 0x000002a9c7080010
Event: 157.937 Thread 0x000002a9db136460 flushing  nmethod 0x000002a9c7081510
Event: 157.937 Thread 0x000002a9db136460 flushing  nmethod 0x000002a9c7082b10
Event: 157.937 Thread 0x000002a9db136460 flushing  nmethod 0x000002a9c7093f10
Event: 157.937 Thread 0x000002a9db136460 flushing  nmethod 0x000002a9c7095410
Event: 157.937 Thread 0x000002a9db136460 flushing  nmethod 0x000002a9c7095910
Event: 157.937 Thread 0x000002a9db136460 flushing  nmethod 0x000002a9c7126e90
Event: 157.937 Thread 0x000002a9db136460 flushing  nmethod 0x000002a9c712ea10
Event: 157.937 Thread 0x000002a9db136460 flushing  nmethod 0x000002a9c712ef90
Event: 157.937 Thread 0x000002a9db136460 flushing  nmethod 0x000002a9c7147d10
Event: 157.937 Thread 0x000002a9db136460 flushing  nmethod 0x000002a9c7148f10
Event: 160.006 Thread 0x000002a9db136460 flushing  nmethod 0x000002a9cc412e90
Event: 160.006 Thread 0x000002a9db136460 flushing  nmethod 0x000002a9cc41d710
Event: 160.006 Thread 0x000002a9db136460 flushing  nmethod 0x000002a9cc42b790
Event: 160.016 Thread 0x000002a9db136460 flushing  nmethod 0x000002a9c49ede10
Event: 160.017 Thread 0x000002a9db136460 flushing  nmethod 0x000002a9c4acd590
Event: 160.059 Thread 0x000002a9db136460 flushing  nmethod 0x000002a9c6d92d90

Events (20 events):
Event: 156.179 Thread 0x000002aa2d58e020 Thread exited: 0x000002aa2d58e020
Event: 156.179 Thread 0x000002aa2d58d600 Thread exited: 0x000002aa2d58d600
Event: 156.179 Thread 0x000002aa2eb6a060 Thread exited: 0x000002aa2eb6a060
Event: 156.179 Thread 0x000002aa2d58ef50 Thread exited: 0x000002aa2d58ef50
Event: 156.179 Thread 0x000002aa2d58f970 Thread exited: 0x000002aa2d58f970
Event: 156.734 Thread 0x000002aa2d58ea40 Thread added: 0x000002aa2eb6a060
Event: 156.856 Thread 0x000002aa252d5570 Thread exited: 0x000002aa252d5570
Event: 158.113 Thread 0x000002a9db135b50 Thread added: 0x000002aa27f8ab40
Event: 158.122 Thread 0x000002a9db135b50 Thread added: 0x000002aa2818a050
Event: 158.298 Thread 0x000002aa2818a050 Thread exited: 0x000002aa2818a050
Event: 158.351 Thread 0x000002aa27f8ab40 Thread added: 0x000002aa2d16b700
Event: 160.914 Thread 0x000002aa2d16b700 Thread exited: 0x000002aa2d16b700
Event: 160.914 Thread 0x000002aa27f8ab40 Thread exited: 0x000002aa27f8ab40
Event: 161.650 Thread 0x000002a9db135b50 Thread added: 0x000002aa2d16c1a0
Event: 164.773 Thread 0x000002a9db135b50 Thread added: 0x000002aa2d16b700
Event: 164.885 Thread 0x000002aa2d58ea40 Thread added: 0x000002aa2eb6c8e0
Event: 164.924 Thread 0x000002aa2d16b700 Thread exited: 0x000002aa2d16b700
Event: 164.924 Thread 0x000002aa2d16c1a0 Thread exited: 0x000002aa2d16c1a0
Event: 164.942 Thread 0x000002a9db135b50 Thread added: 0x000002aa24d34b00
Event: 164.961 Thread 0x000002a9db12a160 Thread added: 0x000002aa2ecfe060


Dynamic libraries:
0x00007ff76e8a0000 - 0x00007ff76e8ae000 	C:\Users\16696\.jdks\ms-17.0.19\bin\java.exe
0x00007ff880020000 - 0x00007ff880286000 	C:\Windows\SYSTEM32\ntdll.dll
0x00007ff87e450000 - 0x00007ff87e519000 	C:\Windows\System32\KERNEL32.DLL
0x00007ff87d960000 - 0x00007ff87dd5a000 	C:\Windows\System32\KERNELBASE.dll
0x00007ff87d620000 - 0x00007ff87d76c000 	C:\Windows\System32\ucrtbase.dll
0x00007ff86de50000 - 0x00007ff86de68000 	C:\Users\16696\.jdks\ms-17.0.19\bin\jli.dll
0x00007ff86d470000 - 0x00007ff86d48e000 	C:\Users\16696\.jdks\ms-17.0.19\bin\VCRUNTIME140.dll
0x00007ff87fa80000 - 0x00007ff87fc47000 	C:\Windows\System32\USER32.dll
0x00007ff87dd60000 - 0x00007ff87dd87000 	C:\Windows\System32\win32u.dll
0x00007ff87fa30000 - 0x00007ff87fa5b000 	C:\Windows\System32\GDI32.dll
0x00007ff87d830000 - 0x00007ff87d95b000 	C:\Windows\System32\gdi32full.dll
0x00007ff87c3b0000 - 0x00007ff87c642000 	C:\Windows\WinSxS\amd64_microsoft.windows.common-controls_6595b64144ccf1df_6.0.26100.8521_none_3e08b75ce33403b3\COMCTL32.dll
0x00007ff87d2b0000 - 0x00007ff87d353000 	C:\Windows\System32\msvcp_win.dll
0x00007ff87e5f0000 - 0x00007ff87e699000 	C:\Windows\System32\msvcrt.dll
0x00007ff87dea0000 - 0x00007ff87ded2000 	C:\Windows\System32\IMM32.DLL
0x00007ff8727d0000 - 0x00007ff8727dc000 	C:\Users\16696\.jdks\ms-17.0.19\bin\vcruntime140_1.dll
0x00007ff845a80000 - 0x00007ff845b09000 	C:\Users\16696\.jdks\ms-17.0.19\bin\msvcp140.dll
0x00007ff807770000 - 0x00007ff8083eb000 	C:\Users\16696\.jdks\ms-17.0.19\bin\server\jvm.dll
0x00007ff87ed10000 - 0x00007ff87edc6000 	C:\Windows\System32\ADVAPI32.dll
0x00007ff87e1e0000 - 0x00007ff87e28a000 	C:\Windows\System32\sechost.dll
0x00007ff87f8a0000 - 0x00007ff87f9b8000 	C:\Windows\System32\RPCRT4.dll
0x00007ff87de10000 - 0x00007ff87de90000 	C:\Windows\System32\WS2_32.dll
0x00007ff87d110000 - 0x00007ff87d16e000 	C:\Windows\SYSTEM32\POWRPROF.dll
0x00007ff875350000 - 0x00007ff875386000 	C:\Windows\SYSTEM32\WINMM.dll
0x00007ff875340000 - 0x00007ff87534b000 	C:\Windows\SYSTEM32\VERSION.dll
0x00007ff87d0f0000 - 0x00007ff87d104000 	C:\Windows\SYSTEM32\UMPDC.dll
0x00007ff87b6d0000 - 0x00007ff87b6eb000 	C:\Windows\SYSTEM32\kernel.appcore.dll
0x00007ff86df20000 - 0x00007ff86df2a000 	C:\Users\16696\.jdks\ms-17.0.19\bin\jimage.dll
0x00007ff87ca80000 - 0x00007ff87ccc2000 	C:\Windows\SYSTEM32\DBGHELP.DLL
0x00007ff87fc50000 - 0x00007ff87ffd3000 	C:\Windows\System32\combase.dll
0x00007ff87f760000 - 0x00007ff87f839000 	C:\Windows\System32\OLEAUT32.dll
0x00007ff87c950000 - 0x00007ff87c98b000 	C:\Windows\SYSTEM32\dbgcore.DLL
0x00007ff87d360000 - 0x00007ff87d408000 	C:\Windows\System32\bcryptPrimitives.dll
0x00007ff86d460000 - 0x00007ff86d46f000 	C:\Users\16696\.jdks\ms-17.0.19\bin\instrument.dll
0x00007ff86d060000 - 0x00007ff86d086000 	C:\Users\16696\.jdks\ms-17.0.19\bin\java.dll
0x00007ff838bc0000 - 0x00007ff838c96000 	C:\Users\16696\.jdks\ms-17.0.19\bin\jsvml.dll
0x00007ff87ee60000 - 0x00007ff87f5e4000 	C:\Windows\System32\SHELL32.dll
0x00007ff87a390000 - 0x00007ff87ac10000 	C:\Windows\SYSTEM32\windows.storage.dll
0x00007ff87e350000 - 0x00007ff87e446000 	C:\Windows\System32\SHCORE.dll
0x00007ff87f9c0000 - 0x00007ff87fa27000 	C:\Windows\System32\shlwapi.dll
0x00007ff87d1d0000 - 0x00007ff87d1f9000 	C:\Windows\SYSTEM32\profapi.dll
0x00007ff86cdc0000 - 0x00007ff86cdd8000 	C:\Users\16696\.jdks\ms-17.0.19\bin\zip.dll
0x00007ff866bd0000 - 0x00007ff866beb000 	C:\Users\16696\.jdks\ms-17.0.19\bin\net.dll
0x00007ff874b00000 - 0x00007ff874c29000 	C:\Windows\SYSTEM32\WINHTTP.dll
0x00007ff87bbf0000 - 0x00007ff87bc5c000 	C:\Windows\system32\mswsock.dll
0x00007ff8612d0000 - 0x00007ff8612e6000 	C:\Users\16696\.jdks\ms-17.0.19\bin\nio.dll
0x00007ff86ce00000 - 0x00007ff86ce10000 	C:\Users\16696\.jdks\ms-17.0.19\bin\verify.dll
0x00007fffe4c80000 - 0x00007fffe4ca7000 	C:\Users\16696\.gradle\native\660c5614fbf4a5f2a75b1949f50a0caf5cd603558e7d8a26e50b933a0cfb79d1\windows-amd64\native-platform.dll
0x00007ff839070000 - 0x00007ff8390e7000 	C:\Users\16696\.gradle\native\0.2.8\x86_64-windows-gnu\gradle-fileevents.dll
0x00007ff86c0d0000 - 0x00007ff86c0da000 	C:\Users\16696\.jdks\ms-17.0.19\bin\management.dll
0x00007ff866b90000 - 0x00007ff866b9c000 	C:\Users\16696\.jdks\ms-17.0.19\bin\management_ext.dll
0x00007ff87fa70000 - 0x00007ff87fa78000 	C:\Windows\System32\PSAPI.DLL
0x00007ff87b0f0000 - 0x00007ff87b123000 	C:\Windows\SYSTEM32\IPHLPAPI.DLL
0x00007ff87fa60000 - 0x00007ff87fa6a000 	C:\Windows\System32\NSI.dll
0x00007ff875390000 - 0x00007ff8753ad000 	C:\Windows\SYSTEM32\dhcpcsvc6.DLL
0x00007ff874450000 - 0x00007ff874475000 	C:\Windows\SYSTEM32\dhcpcsvc.DLL
0x00007ff87b180000 - 0x00007ff87b2ca000 	C:\Windows\SYSTEM32\DNSAPI.dll
0x00007ff87ba10000 - 0x00007ff87ba1d000 	C:\Windows\SYSTEM32\DSPARSE.dll
0x00007ff862e00000 - 0x00007ff862e09000 	C:\Users\16696\.jdks\ms-17.0.19\bin\extnet.dll
0x00007ff87cdd0000 - 0x00007ff87cdeb000 	C:\Windows\SYSTEM32\CRYPTSP.dll
0x00007ff87be90000 - 0x00007ff87bec9000 	C:\Windows\system32\rsaenh.dll
0x00007ff87bc60000 - 0x00007ff87bc93000 	C:\Windows\SYSTEM32\USERENV.dll
0x00007ff87d1a0000 - 0x00007ff87d1ca000 	C:\Windows\SYSTEM32\bcrypt.dll
0x00007ff87be80000 - 0x00007ff87be8c000 	C:\Windows\SYSTEM32\CRYPTBASE.dll
0x00007ff862dc0000 - 0x00007ff862dce000 	C:\Users\16696\.jdks\ms-17.0.19\bin\sunmscapi.dll
0x00007ff87d410000 - 0x00007ff87d588000 	C:\Windows\System32\CRYPT32.dll
0x00007ff87c370000 - 0x00007ff87c3a0000 	C:\Windows\SYSTEM32\ncrypt.dll
0x00007ff87c320000 - 0x00007ff87c35f000 	C:\Windows\SYSTEM32\NTASN1.dll
0x00007ff865540000 - 0x00007ff865548000 	C:\Windows\system32\wshunix.dll
0x00007ff87ca20000 - 0x00007ff87ca56000 	C:\Windows\SYSTEM32\ntmarta.dll

dbghelp: loaded successfully - version: 4.0.5 - missing functions: none
symbol engine: initialized successfully - sym options: 0x614 - pdb path: .;C:\Users\16696\.jdks\ms-17.0.19\bin;C:\Windows\SYSTEM32;C:\Windows\WinSxS\amd64_microsoft.windows.common-controls_6595b64144ccf1df_6.0.26100.8521_none_3e08b75ce33403b3;C:\Users\16696\.jdks\ms-17.0.19\bin\server;C:\Users\16696\.gradle\native\660c5614fbf4a5f2a75b1949f50a0caf5cd603558e7d8a26e50b933a0cfb79d1\windows-amd64;C:\Users\16696\.gradle\native\0.2.8\x86_64-windows-gnu

VM Arguments:
jvm_args: --add-opens=java.base/java.lang=ALL-UNNAMED --add-opens=java.base/java.lang.invoke=ALL-UNNAMED --add-opens=java.base/java.util=ALL-UNNAMED --add-opens=java.prefs/java.util.prefs=ALL-UNNAMED --add-exports=jdk.compiler/com.sun.tools.javac.api=ALL-UNNAMED --add-exports=jdk.compiler/com.sun.tools.javac.util=ALL-UNNAMED --add-opens=java.base/java.util=ALL-UNNAMED --add-opens=java.prefs/java.util.prefs=ALL-UNNAMED --add-opens=java.base/java.nio.charset=ALL-UNNAMED --add-opens=java.base/java.net=ALL-UNNAMED --add-opens=java.base/java.util.concurrent=ALL-UNNAMED --add-opens=java.base/java.util.concurrent.atomic=ALL-UNNAMED --add-opens=java.xml/javax.xml.namespace=ALL-UNNAMED --add-opens=java.base/java.time=ALL-UNNAMED -Xmx2048m -Dfile.encoding=UTF-8 -Duser.country=CN -Duser.language=zh -Duser.variant -javaagent:C:\Users\16696\.gradle\wrapper\dists\gradle-9.4.1-bin\arn2x92ynaizyzdaamcbpbhtj\gradle-9.4.1\lib\agents\gradle-instrumentation-agent-9.4.1.jar 
java_command: org.gradle.launcher.daemon.bootstrap.GradleDaemon 9.4.1
java_class_path (initial): C:\Users\16696\.gradle\wrapper\dists\gradle-9.4.1-bin\arn2x92ynaizyzdaamcbpbhtj\gradle-9.4.1\lib\gradle-daemon-main-9.4.1.jar
Launcher Type: SUN_STANDARD

[Global flags]
     intx CICompilerCount                          = 4                                         {product} {ergonomic}
     uint ConcGCThreads                            = 2                                         {product} {ergonomic}
     uint G1ConcRefinementThreads                  = 9                                         {product} {ergonomic}
   size_t G1HeapRegionSize                         = 1048576                                   {product} {ergonomic}
    uintx GCDrainStackTargetSize                   = 64                                        {product} {ergonomic}
   size_t InitialHeapSize                          = 260046848                                 {product} {ergonomic}
   size_t MarkStackSize                            = 4194304                                   {product} {ergonomic}
   size_t MaxHeapSize                              = 2147483648                                {product} {command line}
   size_t MaxNewSize                               = 1287651328                                {product} {ergonomic}
   size_t MinHeapDeltaBytes                        = 1048576                                   {product} {ergonomic}
   size_t MinHeapSize                              = 8388608                                   {product} {ergonomic}
    uintx NonNMethodCodeHeapSize                   = 5839372                                {pd product} {ergonomic}
    uintx NonProfiledCodeHeapSize                  = 122909434                              {pd product} {ergonomic}
    uintx ProfiledCodeHeapSize                     = 122909434                              {pd product} {ergonomic}
    uintx ReservedCodeCacheSize                    = 251658240                              {pd product} {ergonomic}
     bool SegmentedCodeCache                       = true                                      {product} {ergonomic}
   size_t SoftMaxHeapSize                          = 2147483648                             {manageable} {ergonomic}
     bool UseCompressedClassPointers               = true                           {product lp64_product} {ergonomic}
     bool UseCompressedOops                        = true                           {product lp64_product} {ergonomic}
     bool UseG1GC                                  = true                                      {product} {ergonomic}
     bool UseLargePagesIndividualAllocation        = false                                  {pd product} {ergonomic}

Logging:
Log output configuration:
 #0: stdout all=warning uptime,level,tags
 #1: stderr all=off uptime,level,tags

Environment Variables:
PATH=D:\Android\jdk-8.0.492.9-hotspot\bin;C:\Program Files (x86)\VMware\VMware Workstation\bin\;C:\Windows\system32;C:\Windows;C:\Windows\System32\Wbem;C:\Windows\System32\WindowsPowerShell\v1.0\;C:\Windows\System32\OpenSSH\;D:\Git\Git\cmd;D:\Cmake\bin;D:\Windows Kits\10\Windows Performance Toolkit\;C:\Program Files\CMake\bin;C:\Program Files\TortoiseGit\bin;C:\NXP\S32DS.3.5\S32DS\build_tools\gcc-10.2-arm32-eabi\bin;D:\Xshell\;C:\Users\16696\AppData\Local\Programs\Python\Python314\Scripts\;C:\Users\16696\AppData\Local\Programs\Python\Python314\;C:\Users\16696\AppData\Local\Microsoft\WindowsApps;D:\pycharm\PyCharm 2026.1.2\bin;D:\vscode\Microsoft VS Code\bin;D:\Android\Sdk\platform-tools;
USERNAME=16696
OS=Windows_NT
PROCESSOR_IDENTIFIER=Intel64 Family 6 Model 198 Stepping 2, GenuineIntel
TMP=C:\Users\16696\AppData\Local\Temp
TEMP=C:\Users\16696\AppData\Local\Temp



Periodic native trim disabled


---------------  S Y S T E M  ---------------

OS:
 Windows 11 , 64 bit Build 26100 (10.0.26100.8521)
OS uptime: 1 days 20:23 hours
Hyper-V role detected

CPU: total 10 (initial active 10) (10 cores per cpu, 1 threads per core) family 6 model 198 stepping 2 microcode 0x118, cx8, cmov, fxsr, mmx, 3dnowpref, sse, sse2, sse3, ssse3, sse4.1, sse4.2, popcnt, lzcnt, tsc, tscinvbit, avx, avx2, aes, erms, clmul, bmi1, bmi2, adx, sha, fma, vzeroupper, clflush, clflushopt, clwb, hv
Processor Information for processor 0
  Max Mhz: 3300, Current Mhz: 3300, Mhz Limit: 3300
Processor Information for processor 1
  Max Mhz: 3300, Current Mhz: 3300, Mhz Limit: 3300
Processor Information for processor 2
  Max Mhz: 2700, Current Mhz: 2700, Mhz Limit: 2700
Processor Information for processor 3
  Max Mhz: 2700, Current Mhz: 2700, Mhz Limit: 2700
Processor Information for processor 4
  Max Mhz: 2700, Current Mhz: 2700, Mhz Limit: 2700
Processor Information for processor 5
  Max Mhz: 2700, Current Mhz: 2700, Mhz Limit: 2700
Processor Information for processor 6
  Max Mhz: 3300, Current Mhz: 3300, Mhz Limit: 3300
Processor Information for processor 7
  Max Mhz: 3300, Current Mhz: 3300, Mhz Limit: 3300
Processor Information for processor 8
  Max Mhz: 3300, Current Mhz: 3300, Mhz Limit: 3300
Processor Information for processor 9
  Max Mhz: 3300, Current Mhz: 3300, Mhz Limit: 3300

Memory: 4k page, system-wide physical 15751M (676M free)
TotalPageFile size 54151M (AvailPageFile size 5M)
current process WorkingSet (physical memory assigned to process): 865M, peak: 984M
current process commit charge ("private bytes"): 1112M, peak: 1116M

vm_info: OpenJDK 64-Bit Server VM (17.0.19+10-LTS) for windows-amd64 JRE (17.0.19+10-LTS), built on Apr 18 2026 18:24:40 by "MicrosoftCorporation" with MS VC++ 17.14 (VS2022)

END.
