#
# There is insufficient memory for the Java Runtime Environment to continue.
# Native memory allocation (malloc) failed to allocate 1048576 bytes. Error detail: AllocateHeap
# Possible reasons:
#   The system is out of physical RAM or swap space
#   This process is running with CompressedOops enabled, and the Java Heap may be blocking the growth of the native heap
# Possible solutions:
#   Reduce memory load on the system
#   Increase physical memory or swap space
#   Check if swap backing store is full
#   Decrease Java heap size (-Xmx/-Xms)
#   Decrease number of Java threads
#   Decrease Java thread stack sizes (-Xss)
#   Set larger code cache with -XX:ReservedCodeCacheSize=
#   JVM is running with Unscaled Compressed Oops mode in which the Java heap is
#     placed in the first 4GB address space. The Java Heap base address is the
#     maximum limit for the native heap growth. Please use -XX:HeapBaseMinAddress
#     to set the Java Heap base and to place the Java Heap above 4GB virtual address.
# This output file may be truncated or incomplete.
#
#  Out of Memory Error (allocation.cpp:44), pid=24376, tid=23824
#
# JRE version: OpenJDK Runtime Environment (21.0.10) (build 21.0.10+-14961533-b1163.108)
# Java VM: OpenJDK 64-Bit Server VM (21.0.10+-14961533-b1163.108, mixed mode, tiered, compressed oops, compressed class ptrs, parallel gc, windows-amd64)
# No core dump will be written. Minidumps are not enabled by default on client versions of Windows
#

---------------  S U M M A R Y ------------

Command Line: --add-modules=ALL-SYSTEM --add-opens=java.base/java.util=ALL-UNNAMED --add-opens=java.base/java.lang=ALL-UNNAMED --add-opens=java.base/sun.nio.fs=ALL-UNNAMED -Declipse.application=org.eclipse.jdt.ls.core.id1 -Dosgi.bundles.defaultStartLevel=4 -Declipse.product=org.eclipse.jdt.ls.core.product -Djava.import.generatesMetadataFilesAtProjectRoot=false -DDetectVMInstallationsJob.disabled=true -Dfile.encoding=utf8 -XX:+UseParallelGC -XX:GCTimeRatio=4 -XX:AdaptiveSizePolicyWeight=90 -Dsun.zip.disableMemoryMapping=true -Xmx2G -Xms100m -Xlog:disable -javaagent:c:\Users\16696\.trae-cn\extensions\redhat.java-1.55.0-win32-x64\lombok\lombok-1.18.39-4050.jar -XX:+HeapDumpOnOutOfMemoryError -XX:HeapDumpPath=c:\Users\16696\AppData\Roaming\Trae CN\User\workspaceStorage\5d727ef8ad22f51e7423316dac212d99\redhat.java -Daether.dependencyCollector.impl=bf c:\Users\16696\.trae-cn\extensions\redhat.java-1.55.0-win32-x64\server\plugins\org.eclipse.equinox.launcher_1.7.200.v20260619-2039.jar -configuration c:\Users\16696\AppData\Roaming\Trae CN\User\globalStorage\redhat.java\1.55.0\config_win -data c:\Users\16696\AppData\Roaming\Trae CN\User\workspaceStorage\5d727ef8ad22f51e7423316dac212d99\redhat.java\jdt_ws --pipe=\\.\pipe\lsp-6ef4fefbced387538fa0cefc4fc6aba9-sock

Host: Intel(R) Core(TM) Ultra 5 225, 10 cores, 15G,  Windows 11 , 64 bit Build 26100 (10.0.26100.8875)
Time: Wed Jul 29 20:56:32 2026 elapsed time: 39858.261939 seconds (0d 11h 4m 18s)

---------------  T H R E A D  ---------------

Current thread (0x000002135a1fccf0):  JavaThread "Attach Listener" daemon [_thread_in_vm, id=23824, stack(0x000000adec000000,0x000000adec100000) (1024K)]

Stack: [0x000000adec000000,0x000000adec100000]
Native frames: (J=compiled Java code, j=interpreted, Vv=VM code, C=native code)
V  [jvm.dll+0x6d78a9]
V  [jvm.dll+0x8665b3]
V  [jvm.dll+0x868bde]
V  [jvm.dll+0x8692c3]
V  [jvm.dll+0x280ee6]
V  [jvm.dll+0xbaf47]
V  [jvm.dll+0x6d8159]
V  [jvm.dll+0x12e1a6]
V  [jvm.dll+0x3f513e]
V  [jvm.dll+0x80fd28]
V  [jvm.dll+0x6d60fd]
C  [ucrtbase.dll+0x2cd30]
C  [KERNEL32.DLL+0x2e957]
C  [ntdll.dll+0xaad6c]


---------------  P R O C E S S  ---------------

Threads class SMR info:
_java_thread_list=0x000002136bbda950, length=43, elements={
0x000002133e66d3a0, 0x000002135a199290, 0x000002135a1c52c0, 0x000002135a1e2670,
0x000002135a1f0ae0, 0x000002135a1fccf0, 0x000002135a200ab0, 0x000002135a1fee30,
0x000002135a1ff890, 0x000002135a22f860, 0x000002135b47c700, 0x000002135bbc1eb0,
0x000002135bb619e0, 0x000002135b8d7e80, 0x000002135b8dca80, 0x000002135c00b5c0,
0x000002135c396840, 0x000002135bfed1e0, 0x000002135c8d0c20, 0x000002135c8cf1e0,
0x000002135cc46780, 0x000002135cc48850, 0x000002135cc46e10, 0x000002135cc47b30,
0x000002135cc481c0, 0x000002135cc45a60, 0x000002135cc49c00, 0x000002135cc48ee0,
0x000002135cc49570, 0x000002135cc4a290, 0x000002135cc4a920, 0x000002135cc4bcd0,
0x000002135cc4d080, 0x000002135cc4afb0, 0x000002135bdffea0, 0x000002135be00530,
0x000002135be00bc0, 0x000002135bdff180, 0x000002135bdfd740, 0x000002135be01250,
0x000002135bdfddd0, 0x000002135c8ce4c0, 0x000002135bdfd0b0
}

Java Threads: ( => current thread )
  0x000002133e66d3a0 JavaThread "main"                              [_thread_blocked, id=24292, stack(0x000000adeb800000,0x000000adeb900000) (1024K)]
  0x000002135a199290 JavaThread "Common-Cleaner"             daemon [_thread_blocked, id=7072, stack(0x000000adebc00000,0x000000adebd00000) (1024K)]
  0x000002135a1c52c0 JavaThread "Reference Handler"          daemon [_thread_blocked, id=24364, stack(0x000000adebd00000,0x000000adebe00000) (1024K)]
  0x000002135a1e2670 JavaThread "Finalizer"                  daemon [_thread_blocked, id=23728, stack(0x000000adebe00000,0x000000adebf00000) (1024K)]
  0x000002135a1f0ae0 JavaThread "Signal Dispatcher"          daemon [_thread_blocked, id=22312, stack(0x000000adebf00000,0x000000adec000000) (1024K)]
=>0x000002135a1fccf0 JavaThread "Attach Listener"            daemon [_thread_in_vm, id=23824, stack(0x000000adec000000,0x000000adec100000) (1024K)]
  0x000002135a200ab0 JavaThread "Service Thread"             daemon [_thread_blocked, id=18512, stack(0x000000adec100000,0x000000adec200000) (1024K)]
  0x000002135a1fee30 JavaThread "Monitor Deflation Thread"   daemon [_thread_blocked, id=23596, stack(0x000000adec200000,0x000000adec300000) (1024K)]
  0x000002135a1ff890 JavaThread "C2 CompilerThread0"         daemon [_thread_blocked, id=18880, stack(0x000000adec300000,0x000000adec400000) (1024K)]
  0x000002135a22f860 JavaThread "C1 CompilerThread0"         daemon [_thread_blocked, id=24100, stack(0x000000adec400000,0x000000adec500000) (1024K)]
  0x000002135b47c700 JavaThread "Notification Thread"        daemon [_thread_blocked, id=23604, stack(0x000000adec500000,0x000000adec600000) (1024K)]
  0x000002135bbc1eb0 JavaThread "Active Thread: Equinox Container: e1082ca1-676f-40be-bc5f-05f57d1febf5"        [_thread_blocked, id=24016, stack(0x000000adecc00000,0x000000adecd00000) (1024K)]
  0x000002135bb619e0 JavaThread "Refresh Thread: Equinox Container: e1082ca1-676f-40be-bc5f-05f57d1febf5" daemon [_thread_blocked, id=23704, stack(0x000000adece00000,0x000000adecf00000) (1024K)]
  0x000002135b8d7e80 JavaThread "Framework Event Dispatcher: Equinox Container: e1082ca1-676f-40be-bc5f-05f57d1febf5" daemon [_thread_blocked, id=24476, stack(0x000000adecf00000,0x000000aded000000) (1024K)]
  0x000002135b8dca80 JavaThread "Start Level: Equinox Container: e1082ca1-676f-40be-bc5f-05f57d1febf5" daemon [_thread_blocked, id=17596, stack(0x000000aded000000,0x000000aded100000) (1024K)]
  0x000002135c00b5c0 JavaThread "Bundle File Closer"         daemon [_thread_blocked, id=18616, stack(0x000000aded200000,0x000000aded300000) (1024K)]
  0x000002135c396840 JavaThread "SCR Component Actor"        daemon [_thread_blocked, id=24232, stack(0x000000aded300000,0x000000aded400000) (1024K)]
  0x000002135bfed1e0 JavaThread "Worker-JM"                         [_thread_blocked, id=23000, stack(0x000000aded600000,0x000000aded700000) (1024K)]
  0x000002135c8d0c20 JavaThread "JNA Cleaner"                daemon [_thread_blocked, id=16732, stack(0x000000aded400000,0x000000aded500000) (1024K)]
  0x000002135c8cf1e0 JavaThread "Java indexing"              daemon [_thread_blocked, id=23796, stack(0x000000adedb00000,0x000000adedc00000) (1024K)]
  0x000002135cc46780 JavaThread "Thread-1"                   daemon [_thread_in_native, id=14512, stack(0x000000adee100000,0x000000adee200000) (1024K)]
  0x000002135cc48850 JavaThread "Thread-2"                   daemon [_thread_in_native, id=18624, stack(0x000000adee200000,0x000000adee300000) (1024K)]
  0x000002135cc46e10 JavaThread "Thread-3"                   daemon [_thread_in_native, id=21912, stack(0x000000adee300000,0x000000adee400000) (1024K)]
  0x000002135cc47b30 JavaThread "Thread-4"                   daemon [_thread_in_native, id=22060, stack(0x000000adee400000,0x000000adee500000) (1024K)]
  0x000002135cc481c0 JavaThread "Thread-5"                   daemon [_thread_in_native, id=3520, stack(0x000000adee500000,0x000000adee600000) (1024K)]
  0x000002135cc45a60 JavaThread "Thread-6"                   daemon [_thread_in_native, id=6836, stack(0x000000adee600000,0x000000adee700000) (1024K)]
  0x000002135cc49c00 JavaThread "Thread-7"                   daemon [_thread_in_native, id=15752, stack(0x000000adee700000,0x000000adee800000) (1024K)]
  0x000002135cc48ee0 JavaThread "Thread-8"                   daemon [_thread_in_native, id=23716, stack(0x000000adee800000,0x000000adee900000) (1024K)]
  0x000002135cc49570 JavaThread "Thread-9"                   daemon [_thread_in_native, id=23848, stack(0x000000adee900000,0x000000adeea00000) (1024K)]
  0x000002135cc4a290 JavaThread "Thread-10"                  daemon [_thread_in_native, id=22796, stack(0x000000adeea00000,0x000000adeeb00000) (1024K)]
  0x000002135cc4a920 JavaThread "Thread-11"                  daemon [_thread_in_native, id=23740, stack(0x000000adeeb00000,0x000000adeec00000) (1024K)]
  0x000002135cc4bcd0 JavaThread "pool-2-thread-1"                   [_thread_blocked, id=9112, stack(0x000000adeed00000,0x000000adeee00000) (1024K)]
  0x000002135cc4d080 JavaThread "WorkspaceEventsHandler"            [_thread_blocked, id=18316, stack(0x000000adeee00000,0x000000adeef00000) (1024K)]
  0x000002135cc4afb0 JavaThread "pool-1-thread-1"                   [_thread_blocked, id=21844, stack(0x000000adeef00000,0x000000adef000000) (1024K)]
  0x000002135bdffea0 JavaThread "Timer-0"                           [_thread_blocked, id=10884, stack(0x000000adef400000,0x000000adef500000) (1024K)]
  0x000002135be00530 JavaThread "Timer-1"                           [_thread_blocked, id=24448, stack(0x000000adef500000,0x000000adef600000) (1024K)]
  0x000002135be00bc0 JavaThread "Timer-2"                           [_thread_blocked, id=24296, stack(0x000000adef600000,0x000000adef700000) (1024K)]
  0x000002135bdff180 JavaThread "Timer-3"                           [_thread_blocked, id=22148, stack(0x000000adef700000,0x000000adef800000) (1024K)]
  0x000002135bdfd740 JavaThread "Timer-4"                           [_thread_blocked, id=21260, stack(0x000000aded800000,0x000000aded900000) (1024K)]
  0x000002135be01250 JavaThread "Timer-5"                           [_thread_blocked, id=15084, stack(0x000000adef800000,0x000000adef900000) (1024K)]
  0x000002135bdfddd0 JavaThread "Timer-6"                           [_thread_blocked, id=9020, stack(0x000000adefa00000,0x000000adefb00000) (1024K)]
  0x000002135c8ce4c0 JavaThread "Worker-15"                         [_thread_blocked, id=17976, stack(0x000000aded900000,0x000000adeda00000) (1024K)]
  0x000002135bdfd0b0 JavaThread "Worker-16"                         [_thread_blocked, id=22872, stack(0x000000adeb500000,0x000000adeb600000) (1024K)]
Total: 43

Other Threads:
  0x000002135507c920 VMThread "VM Thread"                           [id=21676, stack(0x000000adebb00000,0x000000adebc00000) (1024K)]
  0x0000021354f5c6a0 WatcherThread "VM Periodic Task Thread"        [id=19988, stack(0x000000adeba00000,0x000000adebb00000) (1024K)]
  0x000002133e68cd80 WorkerThread "GC Thread#0"                     [id=24348, stack(0x000000adeb900000,0x000000adeba00000) (1024K)]
  0x000002135b5d3970 WorkerThread "GC Thread#1"                     [id=3752, stack(0x000000adec600000,0x000000adec700000) (1024K)]
  0x000002135b6aa010 WorkerThread "GC Thread#2"                     [id=18756, stack(0x000000adec700000,0x000000adec800000) (1024K)]
  0x000002135b5d3d20 WorkerThread "GC Thread#3"                     [id=23668, stack(0x000000adec800000,0x000000adec900000) (1024K)]
  0x000002135b5d40d0 WorkerThread "GC Thread#4"                     [id=23200, stack(0x000000adec900000,0x000000adeca00000) (1024K)]
  0x000002135b5d4480 WorkerThread "GC Thread#5"                     [id=22900, stack(0x000000adeca00000,0x000000adecb00000) (1024K)]
  0x000002135b6ab380 WorkerThread "GC Thread#6"                     [id=4616, stack(0x000000adecb00000,0x000000adecc00000) (1024K)]
  0x000002135bce0670 WorkerThread "GC Thread#7"                     [id=24328, stack(0x000000adecd00000,0x000000adece00000) (1024K)]
  0x000002135bda3e40 WorkerThread "GC Thread#8"                     [id=23556, stack(0x000000aded100000,0x000000aded200000) (1024K)]
Total: 11

Threads with active compile tasks:
Total: 0

VM state: not at safepoint (normal execution)

VM Mutex/Monitor currently owned by a thread: None

Heap address: 0x0000000080000000, size: 2048 MB, Compressed Oops mode: 32-bit

CDS archive(s) not mapped
Compressed class space mapped at: 0x0000000100000000-0x0000000140000000, reserved size: 1073741824
Narrow klass base: 0x0000000000000000, Narrow klass shift: 3, Narrow klass range: 0x140000000

GC Precious Log:
 CardTable entry size: 512
 CPUs: 10 total, 10 available
 Memory: 15751M
 Large Page Support: Disabled
 NUMA Support: Disabled
 Compressed Oops: Enabled (32-bit)
 Alignments: Space 512K, Generation 512K, Heap 2M
 Heap Min Capacity: 100M
 Heap Initial Capacity: 100M
 Heap Max Capacity: 2G
 Pre-touch: Disabled
 Parallel Workers: 9

Heap:
 PSYoungGen      total 6144K, used 2631K [0x00000000d5580000, 0x00000000d5e00000, 0x0000000100000000)
  eden space 4608K, 52% used [0x00000000d5580000,0x00000000d57d9f68,0x00000000d5a00000)
  from space 1536K, 14% used [0x00000000d5b80000,0x00000000d5bb8000,0x00000000d5d00000)
  to   space 1024K, 0% used [0x00000000d5d00000,0x00000000d5d00000,0x00000000d5e00000)
 ParOldGen       total 224768K, used 224630K [0x0000000080000000, 0x000000008db80000, 0x00000000d5580000)
  object space 224768K, 99% used [0x0000000080000000,0x000000008db5dbf0,0x000000008db80000)
 Metaspace       used 105345K, committed 106816K, reserved 1179648K
  class space    used 12419K, committed 13056K, reserved 1048576K

Card table byte_map: [0x000002133e040000,0x000002133e450000] _byte_map_base: 0x000002133dc40000

Marking Bits: (ParMarkBitMap*) 0x00007ff9f334d640
 Begin Bits: [0x0000021350a80000, 0x0000021352a80000)
 End Bits:   [0x0000021352a80000, 0x0000021354a80000)

Polling page: 0x000002133de30000

Metaspace:

Usage:
  Non-class:     90.75 MB used.
      Class:     12.13 MB used.
       Both:    102.88 MB used.

Virtual space:
  Non-class space:      128.00 MB reserved,      91.56 MB ( 72%) committed,  2 nodes.
      Class space:        1.00 GB reserved,      12.75 MB (  1%) committed,  1 nodes.
             Both:        1.12 GB reserved,     104.31 MB (  9%) committed. 

Chunk freelists:
   Non-Class:  4.42 MB
       Class:  3.23 MB
        Both:  7.66 MB

MaxMetaspaceSize: unlimited
CompressedClassSpaceSize: 1.00 GB
Initial GC threshold: 21.00 MB
Current GC threshold: 162.19 MB
CDS: off
 - commit_granule_bytes: 65536.
 - commit_granule_words: 8192.
 - virtual_space_node_default_size: 8388608.
 - enlarge_chunks_in_place: 1.
 - use_allocation_guard: 0.


Internal statistics:

num_allocs_failed_limit: 12.
num_arena_births: 1720.
num_arena_deaths: 626.
num_vsnodes_births: 3.
num_vsnodes_deaths: 0.
num_space_committed: 1669.
num_space_uncommitted: 0.
num_chunks_returned_to_freelist: 781.
num_chunks_taken_from_freelist: 6316.
num_chunk_merges: 267.
num_chunk_splits: 3734.
num_chunks_enlarged: 2235.
num_inconsistent_stats: 0.

CodeHeap 'non-profiled nmethods': size=120000Kb used=14565Kb max_used=14565Kb free=105434Kb
 bounds [0x00000213492a0000, 0x000002134a0e0000, 0x00000213507d0000]
CodeHeap 'profiled nmethods': size=120000Kb used=35177Kb max_used=35177Kb free=84823Kb
 bounds [0x00000213417d0000, 0x0000021343a30000, 0x0000021348d00000]
CodeHeap 'non-nmethods': size=5760Kb used=1481Kb max_used=1566Kb free=4278Kb
 bounds [0x0000021348d00000, 0x0000021348f70000, 0x00000213492a0000]
CodeCache: size=245760Kb, used=51223Kb, max_used=51308Kb, free=194535Kb
 total_blobs=16054, nmethods=15231, adapters=726, full_count=0
Compilation: enabled, stopped_count=0, restarted_count=0

Compilation events (20 events):
Event: 38971.284 Thread 0x000002135a1ff890 16652   !   4       java.util.concurrent.ThreadPoolExecutor::getTask (177 bytes)
Event: 38971.348 Thread 0x000002135a1ff890 nmethod 16652 0x000002134a0d3390 code [0x000002134a0d3780, 0x000002134a0d5020]
Event: 39122.620 Thread 0x000002135a22f860 16653       3       com.sun.org.apache.xerces.internal.dom.AttrImpl::<init> (26 bytes)
Event: 39122.622 Thread 0x000002135a22f860 nmethod 16653 0x0000021343a25390 code [0x0000021343a25560, 0x0000021343a25878]
Event: 39122.623 Thread 0x000002135a22f860 16654       3       com.sun.org.apache.xerces.internal.dom.AttributeMap::setNamedItem (313 bytes)
Event: 39122.629 Thread 0x000002135a22f860 nmethod 16654 0x0000021343a25a10 code [0x0000021343a25e20, 0x0000021343a27b70]
Event: 39122.629 Thread 0x000002135a22f860 16655       3       com.sun.org.apache.xerces.internal.dom.DocumentImpl::setAttrNode (40 bytes)
Event: 39122.629 Thread 0x000002135a22f860 nmethod 16655 0x0000021343a28410 code [0x0000021343a28600, 0x0000021343a28ad8]
Event: 39122.629 Thread 0x000002135a22f860 16657       3       org.eclipse.jdt.internal.core.JavaModelManager$VariablesAndContainersSaveHelper::saveInt (9 bytes)
Event: 39122.636 Thread 0x000002135a22f860 nmethod 16657 0x0000021343a28c90 code [0x0000021343a28ec0, 0x0000021343a29680]
Event: 39122.636 Thread 0x000002135a22f860 16658       3       java.io.ObjectOutputStream$HandleTable::assign (52 bytes)
Event: 39122.636 Thread 0x000002135a22f860 nmethod 16658 0x0000021343a29a10 code [0x0000021343a29be0, 0x0000021343a29e40]
Event: 39122.636 Thread 0x000002135a22f860 16656       3       java.util.Properties$EntrySet::iterator (10 bytes)
Event: 39122.636 Thread 0x000002135a22f860 nmethod 16656 0x0000021343a29f90 code [0x0000021343a2a140, 0x0000021343a2a310]
Event: 39191.432 Thread 0x000002135a1ff890 16659       4       java.util.concurrent.ScheduledThreadPoolExecutor$DelayedWorkQueue::add (9 bytes)
Event: 39191.438 Thread 0x000002135a1ff890 nmethod 16659 0x000002134a0d6910 code [0x000002134a0d6b40, 0x000002134a0d70c8]
Event: 39249.542 Thread 0x000002135a1ff890 16660       4       java.util.concurrent.ScheduledThreadPoolExecutor$ScheduledFutureTask::run (57 bytes)
Event: 39249.570 Thread 0x000002135a1ff890 nmethod 16660 0x000002134a0d7690 code [0x000002134a0d7940, 0x000002134a0d8478]
Event: 39249.570 Thread 0x000002135a1ff890 16661       4       java.util.concurrent.ScheduledThreadPoolExecutor$ScheduledFutureTask::setNextRunTime (38 bytes)
Event: 39249.571 Thread 0x000002135a1ff890 nmethod 16661 0x000002134a0d9090 code [0x000002134a0d9220, 0x000002134a0d9370]

GC Heap History (20 events):
Event: 36458.533 GC heap before
{Heap before GC invocations=194 (full 4):
 PSYoungGen      total 6144K, used 6139K [0x00000000d5580000, 0x00000000d6200000, 0x0000000100000000)
  eden space 4608K, 100% used [0x00000000d5580000,0x00000000d5a00000,0x00000000d5a00000)
  from space 1536K, 99% used [0x00000000d5a00000,0x00000000d5b7eec0,0x00000000d5b80000)
  to   space 4096K, 0% used [0x00000000d5e00000,0x00000000d5e00000,0x00000000d6200000)
 ParOldGen       total 208896K, used 208731K [0x0000000080000000, 0x000000008cc00000, 0x00000000d5580000)
  object space 208896K, 99% used [0x0000000080000000,0x000000008cbd6ff0,0x000000008cc00000)
 Metaspace       used 105228K, committed 106688K, reserved 1179648K
  class space    used 12416K, committed 13056K, reserved 1048576K
}
Event: 36458.535 GC heap after
{Heap after GC invocations=194 (full 4):
 PSYoungGen      total 8192K, used 3129K [0x00000000d5580000, 0x00000000d6180000, 0x0000000100000000)
  eden space 4608K, 0% used [0x00000000d5580000,0x00000000d5580000,0x00000000d5a00000)
  from space 3584K, 87% used [0x00000000d5e00000,0x00000000d610e618,0x00000000d6180000)
  to   space 3584K, 0% used [0x00000000d5a80000,0x00000000d5a80000,0x00000000d5e00000)
 ParOldGen       total 210432K, used 210217K [0x0000000080000000, 0x000000008cd80000, 0x00000000d5580000)
  object space 210432K, 99% used [0x0000000080000000,0x000000008cd4a770,0x000000008cd80000)
 Metaspace       used 105228K, committed 106688K, reserved 1179648K
  class space    used 12416K, committed 13056K, reserved 1048576K
}
Event: 36458.543 GC heap before
{Heap before GC invocations=195 (full 4):
 PSYoungGen      total 8192K, used 7737K [0x00000000d5580000, 0x00000000d6180000, 0x0000000100000000)
  eden space 4608K, 100% used [0x00000000d5580000,0x00000000d5a00000,0x00000000d5a00000)
  from space 3584K, 87% used [0x00000000d5e00000,0x00000000d610e618,0x00000000d6180000)
  to   space 3584K, 0% used [0x00000000d5a80000,0x00000000d5a80000,0x00000000d5e00000)
 ParOldGen       total 210432K, used 210217K [0x0000000080000000, 0x000000008cd80000, 0x00000000d5580000)
  object space 210432K, 99% used [0x0000000080000000,0x000000008cd4a770,0x000000008cd80000)
 Metaspace       used 105231K, committed 106688K, reserved 1179648K
  class space    used 12416K, committed 13056K, reserved 1048576K
}
Event: 36458.545 GC heap after
{Heap after GC invocations=195 (full 4):
 PSYoungGen      total 6144K, used 1536K [0x00000000d5580000, 0x00000000d5f00000, 0x0000000100000000)
  eden space 4608K, 0% used [0x00000000d5580000,0x00000000d5580000,0x00000000d5a00000)
  from space 1536K, 100% used [0x00000000d5a80000,0x00000000d5c00000,0x00000000d5c00000)
  to   space 2560K, 0% used [0x00000000d5c80000,0x00000000d5c80000,0x00000000d5f00000)
 ParOldGen       total 212992K, used 212725K [0x0000000080000000, 0x000000008d000000, 0x00000000d5580000)
  object space 212992K, 99% used [0x0000000080000000,0x000000008cfbd628,0x000000008d000000)
 Metaspace       used 105231K, committed 106688K, reserved 1179648K
  class space    used 12416K, committed 13056K, reserved 1048576K
}
Event: 36612.961 GC heap before
{Heap before GC invocations=196 (full 4):
 PSYoungGen      total 6144K, used 6144K [0x00000000d5580000, 0x00000000d5f00000, 0x0000000100000000)
  eden space 4608K, 100% used [0x00000000d5580000,0x00000000d5a00000,0x00000000d5a00000)
  from space 1536K, 100% used [0x00000000d5a80000,0x00000000d5c00000,0x00000000d5c00000)
  to   space 2560K, 0% used [0x00000000d5c80000,0x00000000d5c80000,0x00000000d5f00000)
 ParOldGen       total 212992K, used 212725K [0x0000000080000000, 0x000000008d000000, 0x00000000d5580000)
  object space 212992K, 99% used [0x0000000080000000,0x000000008cfbd628,0x000000008d000000)
 Metaspace       used 105256K, committed 106752K, reserved 1179648K
  class space    used 12417K, committed 13056K, reserved 1048576K
}
Event: 36612.963 GC heap after
{Heap after GC invocations=196 (full 4):
 PSYoungGen      total 6144K, used 1370K [0x00000000d5580000, 0x00000000d5e00000, 0x0000000100000000)
  eden space 4608K, 0% used [0x00000000d5580000,0x00000000d5580000,0x00000000d5a00000)
  from space 1536K, 89% used [0x00000000d5c80000,0x00000000d5dd68a0,0x00000000d5e00000)
  to   space 1536K, 0% used [0x00000000d5a80000,0x00000000d5a80000,0x00000000d5c00000)
 ParOldGen       total 214528K, used 214073K [0x0000000080000000, 0x000000008d180000, 0x00000000d5580000)
  object space 214528K, 99% used [0x0000000080000000,0x000000008d10e638,0x000000008d180000)
 Metaspace       used 105256K, committed 106752K, reserved 1179648K
  class space    used 12417K, committed 13056K, reserved 1048576K
}
Event: 36612.989 GC heap before
{Heap before GC invocations=197 (full 4):
 PSYoungGen      total 6144K, used 5952K [0x00000000d5580000, 0x00000000d5e00000, 0x0000000100000000)
  eden space 4608K, 99% used [0x00000000d5580000,0x00000000d59f9780,0x00000000d5a00000)
  from space 1536K, 89% used [0x00000000d5c80000,0x00000000d5dd68a0,0x00000000d5e00000)
  to   space 1536K, 0% used [0x00000000d5a80000,0x00000000d5a80000,0x00000000d5c00000)
 ParOldGen       total 214528K, used 214073K [0x0000000080000000, 0x000000008d180000, 0x00000000d5580000)
  object space 214528K, 99% used [0x0000000080000000,0x000000008d10e638,0x000000008d180000)
 Metaspace       used 105259K, committed 106752K, reserved 1179648K
  class space    used 12417K, committed 13056K, reserved 1048576K
}
Event: 36612.991 GC heap after
{Heap after GC invocations=197 (full 4):
 PSYoungGen      total 6144K, used 1529K [0x00000000d5580000, 0x00000000d6100000, 0x0000000100000000)
  eden space 4608K, 0% used [0x00000000d5580000,0x00000000d5580000,0x00000000d5a00000)
  from space 1536K, 99% used [0x00000000d5a80000,0x00000000d5bfe730,0x00000000d5c00000)
  to   space 3584K, 0% used [0x00000000d5d80000,0x00000000d5d80000,0x00000000d6100000)
 ParOldGen       total 216064K, used 215578K [0x0000000080000000, 0x000000008d300000, 0x00000000d5580000)
  object space 216064K, 99% used [0x0000000080000000,0x000000008d286a68,0x000000008d300000)
 Metaspace       used 105259K, committed 106752K, reserved 1179648K
  class space    used 12417K, committed 13056K, reserved 1048576K
}
Event: 36613.042 GC heap before
{Heap before GC invocations=198 (full 4):
 PSYoungGen      total 6144K, used 6072K [0x00000000d5580000, 0x00000000d6100000, 0x0000000100000000)
  eden space 4608K, 98% used [0x00000000d5580000,0x00000000d59efca0,0x00000000d5a00000)
  from space 1536K, 99% used [0x00000000d5a80000,0x00000000d5bfe730,0x00000000d5c00000)
  to   space 3584K, 0% used [0x00000000d5d80000,0x00000000d5d80000,0x00000000d6100000)
 ParOldGen       total 216064K, used 215578K [0x0000000080000000, 0x000000008d300000, 0x00000000d5580000)
  object space 216064K, 99% used [0x0000000080000000,0x000000008d286a68,0x000000008d300000)
 Metaspace       used 105265K, committed 106752K, reserved 1179648K
  class space    used 12417K, committed 13056K, reserved 1048576K
}
Event: 36613.044 GC heap after
{Heap after GC invocations=198 (full 4):
 PSYoungGen      total 6144K, used 1126K [0x00000000d5580000, 0x00000000d5f00000, 0x0000000100000000)
  eden space 4608K, 0% used [0x00000000d5580000,0x00000000d5580000,0x00000000d5a00000)
  from space 1536K, 73% used [0x00000000d5d80000,0x00000000d5e999f0,0x00000000d5f00000)
  to   space 2048K, 0% used [0x00000000d5b00000,0x00000000d5b00000,0x00000000d5d00000)
 ParOldGen       total 217088K, used 216918K [0x0000000080000000, 0x000000008d400000, 0x00000000d5580000)
  object space 217088K, 99% used [0x0000000080000000,0x000000008d3d5a10,0x000000008d400000)
 Metaspace       used 105265K, committed 106752K, reserved 1179648K
  class space    used 12417K, committed 13056K, reserved 1048576K
}
Event: 36613.050 GC heap before
{Heap before GC invocations=199 (full 4):
 PSYoungGen      total 6144K, used 5734K [0x00000000d5580000, 0x00000000d5f00000, 0x0000000100000000)
  eden space 4608K, 100% used [0x00000000d5580000,0x00000000d5a00000,0x00000000d5a00000)
  from space 1536K, 73% used [0x00000000d5d80000,0x00000000d5e999f0,0x00000000d5f00000)
  to   space 2048K, 0% used [0x00000000d5b00000,0x00000000d5b00000,0x00000000d5d00000)
 ParOldGen       total 217088K, used 216918K [0x0000000080000000, 0x000000008d400000, 0x00000000d5580000)
  object space 217088K, 99% used [0x0000000080000000,0x000000008d3d5a10,0x000000008d400000)
 Metaspace       used 105269K, committed 106752K, reserved 1179648K
  class space    used 12417K, committed 13056K, reserved 1048576K
}
Event: 36613.052 GC heap after
{Heap after GC invocations=199 (full 4):
 PSYoungGen      total 6656K, used 2038K [0x00000000d5580000, 0x00000000d6200000, 0x0000000100000000)
  eden space 4608K, 0% used [0x00000000d5580000,0x00000000d5580000,0x00000000d5a00000)
  from space 2048K, 99% used [0x00000000d5b00000,0x00000000d5cfdaf8,0x00000000d5d00000)
  to   space 4096K, 0% used [0x00000000d5e00000,0x00000000d5e00000,0x00000000d6200000)
 ParOldGen       total 218624K, used 218360K [0x0000000080000000, 0x000000008d580000, 0x00000000d5580000)
  object space 218624K, 99% used [0x0000000080000000,0x000000008d53e318,0x000000008d580000)
 Metaspace       used 105269K, committed 106752K, reserved 1179648K
  class space    used 12417K, committed 13056K, reserved 1048576K
}
Event: 36613.073 GC heap before
{Heap before GC invocations=200 (full 4):
 PSYoungGen      total 6656K, used 6646K [0x00000000d5580000, 0x00000000d6200000, 0x0000000100000000)
  eden space 4608K, 100% used [0x00000000d5580000,0x00000000d5a00000,0x00000000d5a00000)
  from space 2048K, 99% used [0x00000000d5b00000,0x00000000d5cfdaf8,0x00000000d5d00000)
  to   space 4096K, 0% used [0x00000000d5e00000,0x00000000d5e00000,0x00000000d6200000)
 ParOldGen       total 218624K, used 218360K [0x0000000080000000, 0x000000008d580000, 0x00000000d5580000)
  object space 218624K, 99% used [0x0000000080000000,0x000000008d53e318,0x000000008d580000)
 Metaspace       used 105272K, committed 106752K, reserved 1179648K
  class space    used 12417K, committed 13056K, reserved 1048576K
}
Event: 36613.075 GC heap after
{Heap after GC invocations=200 (full 4):
 PSYoungGen      total 6656K, used 1760K [0x00000000d5580000, 0x00000000d6000000, 0x0000000100000000)
  eden space 4608K, 0% used [0x00000000d5580000,0x00000000d5580000,0x00000000d5a00000)
  from space 2048K, 85% used [0x00000000d5e00000,0x00000000d5fb8020,0x00000000d6000000)
  to   space 2560K, 0% used [0x00000000d5b00000,0x00000000d5b00000,0x00000000d5d80000)
 ParOldGen       total 220160K, used 219937K [0x0000000080000000, 0x000000008d700000, 0x00000000d5580000)
  object space 220160K, 99% used [0x0000000080000000,0x000000008d6c8770,0x000000008d700000)
 Metaspace       used 105272K, committed 106752K, reserved 1179648K
  class space    used 12417K, committed 13056K, reserved 1048576K
}
Event: 36613.098 GC heap before
{Heap before GC invocations=201 (full 4):
 PSYoungGen      total 6656K, used 6368K [0x00000000d5580000, 0x00000000d6000000, 0x0000000100000000)
  eden space 4608K, 100% used [0x00000000d5580000,0x00000000d5a00000,0x00000000d5a00000)
  from space 2048K, 85% used [0x00000000d5e00000,0x00000000d5fb8020,0x00000000d6000000)
  to   space 2560K, 0% used [0x00000000d5b00000,0x00000000d5b00000,0x00000000d5d80000)
 ParOldGen       total 220160K, used 219937K [0x0000000080000000, 0x000000008d700000, 0x00000000d5580000)
  object space 220160K, 99% used [0x0000000080000000,0x000000008d6c8770,0x000000008d700000)
 Metaspace       used 105278K, committed 106752K, reserved 1179648K
  class space    used 12417K, committed 13056K, reserved 1048576K
}
Event: 36613.100 GC heap after
{Heap after GC invocations=201 (full 4):
 PSYoungGen      total 7168K, used 2455K [0x00000000d5580000, 0x00000000d6000000, 0x0000000100000000)
  eden space 4608K, 0% used [0x00000000d5580000,0x00000000d5580000,0x00000000d5a00000)
  from space 2560K, 95% used [0x00000000d5b00000,0x00000000d5d65de0,0x00000000d5d80000)
  to   space 2560K, 0% used [0x00000000d5d80000,0x00000000d5d80000,0x00000000d6000000)
 ParOldGen       total 221696K, used 221533K [0x0000000080000000, 0x000000008d880000, 0x00000000d5580000)
  object space 221696K, 99% used [0x0000000080000000,0x000000008d8577b0,0x000000008d880000)
 Metaspace       used 105278K, committed 106752K, reserved 1179648K
  class space    used 12417K, committed 13056K, reserved 1048576K
}
Event: 38533.374 GC heap before
{Heap before GC invocations=202 (full 4):
 PSYoungGen      total 7168K, used 7063K [0x00000000d5580000, 0x00000000d6000000, 0x0000000100000000)
  eden space 4608K, 100% used [0x00000000d5580000,0x00000000d5a00000,0x00000000d5a00000)
  from space 2560K, 95% used [0x00000000d5b00000,0x00000000d5d65de0,0x00000000d5d80000)
  to   space 2560K, 0% used [0x00000000d5d80000,0x00000000d5d80000,0x00000000d6000000)
 ParOldGen       total 221696K, used 221533K [0x0000000080000000, 0x000000008d880000, 0x00000000d5580000)
  object space 221696K, 99% used [0x0000000080000000,0x000000008d8577b0,0x000000008d880000)
 Metaspace       used 105302K, committed 106752K, reserved 1179648K
  class space    used 12419K, committed 13056K, reserved 1048576K
}
Event: 38533.384 GC heap after
{Heap after GC invocations=202 (full 4):
 PSYoungGen      total 5632K, used 896K [0x00000000d5580000, 0x00000000d5e80000, 0x0000000100000000)
  eden space 4608K, 0% used [0x00000000d5580000,0x00000000d5580000,0x00000000d5a00000)
  from space 1024K, 87% used [0x00000000d5d80000,0x00000000d5e60000,0x00000000d5e80000)
  to   space 1536K, 0% used [0x00000000d5b80000,0x00000000d5b80000,0x00000000d5d00000)
 ParOldGen       total 224256K, used 223830K [0x0000000080000000, 0x000000008db00000, 0x00000000d5580000)
  object space 224256K, 99% used [0x0000000080000000,0x000000008da95bd0,0x000000008db00000)
 Metaspace       used 105302K, committed 106752K, reserved 1179648K
  class space    used 12419K, committed 13056K, reserved 1048576K
}
Event: 38736.014 GC heap before
{Heap before GC invocations=203 (full 4):
 PSYoungGen      total 5632K, used 5504K [0x00000000d5580000, 0x00000000d5e80000, 0x0000000100000000)
  eden space 4608K, 100% used [0x00000000d5580000,0x00000000d5a00000,0x00000000d5a00000)
  from space 1024K, 87% used [0x00000000d5d80000,0x00000000d5e60000,0x00000000d5e80000)
  to   space 1536K, 0% used [0x00000000d5b80000,0x00000000d5b80000,0x00000000d5d00000)
 ParOldGen       total 224256K, used 223830K [0x0000000080000000, 0x000000008db00000, 0x00000000d5580000)
  object space 224256K, 99% used [0x0000000080000000,0x000000008da95bd0,0x000000008db00000)
 Metaspace       used 105323K, committed 106752K, reserved 1179648K
  class space    used 12419K, committed 13056K, reserved 1048576K
}
Event: 38736.017 GC heap after
{Heap after GC invocations=203 (full 4):
 PSYoungGen      total 6144K, used 224K [0x00000000d5580000, 0x00000000d5e00000, 0x0000000100000000)
  eden space 4608K, 0% used [0x00000000d5580000,0x00000000d5580000,0x00000000d5a00000)
  from space 1536K, 14% used [0x00000000d5b80000,0x00000000d5bb8000,0x00000000d5d00000)
  to   space 1024K, 0% used [0x00000000d5d00000,0x00000000d5d00000,0x00000000d5e00000)
 ParOldGen       total 224768K, used 224630K [0x0000000080000000, 0x000000008db80000, 0x00000000d5580000)
  object space 224768K, 99% used [0x0000000080000000,0x000000008db5dbf0,0x000000008db80000)
 Metaspace       used 105323K, committed 106752K, reserved 1179648K
  class space    used 12419K, committed 13056K, reserved 1048576K
}

Dll operation events (3 events):
Event: 0.010 Loaded shared library D:\Android\Android Studio\jbr\bin\java.dll
Event: 0.013 Loaded shared library D:\Android\Android Studio\jbr\bin\zip.dll
Event: 0.189 Loaded shared library D:\Android\Android Studio\jbr\bin\verify.dll

Deoptimization events (20 events):
Event: 36613.499 Thread 0x000002135cc4d080 Uncommon trap: trap_request=0xffffffd6 fr.pc=0x000002134a0a7fe8 relative=0x0000000000000708
Event: 36613.499 Thread 0x000002135cc4d080 Uncommon trap: reason=array_check action=maybe_recompile pc=0x000002134a0a7fe8 method=java.util.HashMap.keysToArray([Ljava/lang/Object;)[Ljava/lang/Object; @ 62 c2
Event: 36613.499 Thread 0x000002135cc4d080 DEOPT PACKING pc=0x000002134a0a7fe8 sp=0x000000adeeefe0a0
Event: 36613.499 Thread 0x000002135cc4d080 DEOPT UNPACKING pc=0x0000021348d53aa2 sp=0x000000adeeefdfb0 mode 2
Event: 39201.440 Thread 0x000002135cc4bcd0 Uncommon trap: trap_request=0xffffffd6 fr.pc=0x000002134a0d6e48 relative=0x0000000000000308
Event: 39201.440 Thread 0x000002135cc4bcd0 Uncommon trap: reason=array_check action=maybe_recompile pc=0x000002134a0d6e48 method=java.util.concurrent.ScheduledThreadPoolExecutor$DelayedWorkQueue.offer(Ljava/lang/Runnable;)Z @ 65 c2
Event: 39201.440 Thread 0x000002135cc4bcd0 DEOPT PACKING pc=0x000002134a0d6e48 sp=0x000000adeedfee50
Event: 39201.440 Thread 0x000002135cc4bcd0 DEOPT UNPACKING pc=0x0000021348d53aa2 sp=0x000000adeedfecf0 mode 2
Event: 39211.450 Thread 0x000002135cc4bcd0 Uncommon trap: trap_request=0xffffffd6 fr.pc=0x000002134a0d6e48 relative=0x0000000000000308
Event: 39211.450 Thread 0x000002135cc4bcd0 Uncommon trap: reason=array_check action=maybe_recompile pc=0x000002134a0d6e48 method=java.util.concurrent.ScheduledThreadPoolExecutor$DelayedWorkQueue.offer(Ljava/lang/Runnable;)Z @ 65 c2
Event: 39211.450 Thread 0x000002135cc4bcd0 DEOPT PACKING pc=0x000002134a0d6e48 sp=0x000000adeedfee50
Event: 39211.450 Thread 0x000002135cc4bcd0 DEOPT UNPACKING pc=0x0000021348d53aa2 sp=0x000000adeedfecf0 mode 2
Event: 39219.528 Thread 0x000002135bbc1eb0 Uncommon trap: trap_request=0xffffffd6 fr.pc=0x000002134a0d6e48 relative=0x0000000000000308
Event: 39219.528 Thread 0x000002135bbc1eb0 Uncommon trap: reason=array_check action=maybe_recompile pc=0x000002134a0d6e48 method=java.util.concurrent.ScheduledThreadPoolExecutor$DelayedWorkQueue.offer(Ljava/lang/Runnable;)Z @ 65 c2
Event: 39219.528 Thread 0x000002135bbc1eb0 DEOPT PACKING pc=0x000002134a0d6e48 sp=0x000000adeccff3a0
Event: 39219.564 Thread 0x000002135bbc1eb0 DEOPT UNPACKING pc=0x0000021348d53aa2 sp=0x000000adeccff240 mode 2
Event: 39221.463 Thread 0x000002135cc4bcd0 Uncommon trap: trap_request=0xffffffd6 fr.pc=0x000002134a0d6e48 relative=0x0000000000000308
Event: 39221.463 Thread 0x000002135cc4bcd0 Uncommon trap: reason=array_check action=maybe_recompile pc=0x000002134a0d6e48 method=java.util.concurrent.ScheduledThreadPoolExecutor$DelayedWorkQueue.offer(Ljava/lang/Runnable;)Z @ 65 c2
Event: 39221.463 Thread 0x000002135cc4bcd0 DEOPT PACKING pc=0x000002134a0d6e48 sp=0x000000adeedfee50
Event: 39221.463 Thread 0x000002135cc4bcd0 DEOPT UNPACKING pc=0x0000021348d53aa2 sp=0x000000adeedfecf0 mode 2

Classes loaded (20 events):
Event: 33662.021 Loading class java/util/stream/ReferencePipeline$4$1
Event: 33662.021 Loading class java/util/stream/ReferencePipeline$4$1 done
Event: 33662.632 Loading class java/util/Hashtable$ValueCollection
Event: 33662.632 Loading class java/util/Hashtable$ValueCollection done
Event: 33664.130 Loading class java/util/stream/ReduceOps$4
Event: 33664.130 Loading class java/util/stream/ReduceOps$4 done
Event: 33664.130 Loading class java/util/stream/ReduceOps$4ReducingSink
Event: 33664.130 Loading class java/util/stream/ReduceOps$4ReducingSink done
Event: 33670.514 Loading class java/util/concurrent/ConcurrentHashMap$TreeNode
Event: 33670.515 Loading class java/util/concurrent/ConcurrentHashMap$TreeNode done
Event: 33670.515 Loading class java/util/concurrent/ConcurrentHashMap$TreeBin
Event: 33670.515 Loading class java/util/concurrent/ConcurrentHashMap$TreeBin done
Event: 33670.556 Loading class java/util/stream/ReduceOps$5
Event: 33670.556 Loading class java/util/stream/ReduceOps$5 done
Event: 33670.556 Loading class java/util/stream/ReduceOps$CountingSink$OfRef
Event: 33670.556 Loading class java/util/stream/ReduceOps$CountingSink
Event: 33670.556 Loading class java/util/stream/ReduceOps$CountingSink done
Event: 33670.556 Loading class java/util/stream/ReduceOps$CountingSink$OfRef done
Event: 36457.969 Loading class java/nio/channels/CompletionHandler
Event: 36457.977 Loading class java/nio/channels/CompletionHandler done

Classes unloaded (20 events):
Event: 33663.762 Thread 0x000002135507c920 Unloading class 0x0000000100149800 'java/lang/invoke/LambdaForm$MH+0x0000000100149800'
Event: 33663.762 Thread 0x000002135507c920 Unloading class 0x0000000100148400 'java/lang/invoke/LambdaForm$MH+0x0000000100148400'
Event: 33663.762 Thread 0x000002135507c920 Unloading class 0x0000000100145400 'java/lang/invoke/LambdaForm$MH+0x0000000100145400'
Event: 33663.762 Thread 0x000002135507c920 Unloading class 0x0000000100144400 'java/lang/invoke/LambdaForm$MH+0x0000000100144400'
Event: 33663.762 Thread 0x000002135507c920 Unloading class 0x0000000100144000 'java/lang/invoke/LambdaForm$MH+0x0000000100144000'
Event: 33663.762 Thread 0x000002135507c920 Unloading class 0x0000000100141400 'java/lang/invoke/LambdaForm$MH+0x0000000100141400'
Event: 33663.762 Thread 0x000002135507c920 Unloading class 0x00000001000cb400 'java/lang/invoke/LambdaForm$MH+0x00000001000cb400'
Event: 33663.762 Thread 0x000002135507c920 Unloading class 0x00000001000cb000 'java/lang/invoke/LambdaForm$MH+0x00000001000cb000'
Event: 33663.762 Thread 0x000002135507c920 Unloading class 0x00000001000cac00 'java/lang/invoke/LambdaForm$MH+0x00000001000cac00'
Event: 33663.762 Thread 0x000002135507c920 Unloading class 0x00000001000ca800 'java/lang/invoke/LambdaForm$MH+0x00000001000ca800'
Event: 33663.762 Thread 0x000002135507c920 Unloading class 0x00000001000ca000 'java/lang/invoke/LambdaForm$DMH+0x00000001000ca000'
Event: 33663.762 Thread 0x000002135507c920 Unloading class 0x00000001000c6c00 'java/lang/invoke/LambdaForm$MH+0x00000001000c6c00'
Event: 33663.762 Thread 0x000002135507c920 Unloading class 0x00000001000c6800 'java/lang/invoke/LambdaForm$MH+0x00000001000c6800'
Event: 33663.762 Thread 0x000002135507c920 Unloading class 0x00000001000c6400 'java/lang/invoke/LambdaForm$MH+0x00000001000c6400'
Event: 33663.762 Thread 0x000002135507c920 Unloading class 0x00000001000c6000 'java/lang/invoke/LambdaForm$MH+0x00000001000c6000'
Event: 33663.762 Thread 0x000002135507c920 Unloading class 0x00000001000c5c00 'java/lang/invoke/LambdaForm$MH+0x00000001000c5c00'
Event: 33663.762 Thread 0x000002135507c920 Unloading class 0x00000001000c5800 'java/lang/invoke/LambdaForm$MH+0x00000001000c5800'
Event: 33663.762 Thread 0x000002135507c920 Unloading class 0x00000001000c5400 'java/lang/invoke/LambdaForm$MH+0x00000001000c5400'
Event: 33663.762 Thread 0x000002135507c920 Unloading class 0x00000001000c4000 'java/lang/invoke/LambdaForm$DMH+0x00000001000c4000'
Event: 33663.762 Thread 0x000002135507c920 Unloading class 0x0000000100000400 'java/lang/invoke/LambdaForm$MH+0x0000000100000400'

Classes redefined (0 events):
No events

Internal exceptions (20 events):
Event: 38815.219 Thread 0x000002135be02600 Exception <a 'sun/nio/fs/WindowsException'{0x00000000d5626aa0}> (0x00000000d5626aa0) 
thrown [s\src\hotspot\share\prims\jni.cpp, line 537]
Event: 38815.219 Thread 0x000002135be02600 Exception <a 'sun/nio/fs/WindowsException'{0x00000000d5627bd0}> (0x00000000d5627bd0) 
thrown [s\src\hotspot\share\prims\jni.cpp, line 537]
Event: 38815.219 Thread 0x000002135be02600 Exception <a 'sun/nio/fs/WindowsException'{0x00000000d5628d28}> (0x00000000d5628d28) 
thrown [s\src\hotspot\share\prims\jni.cpp, line 537]
Event: 38815.219 Thread 0x000002135be02600 Exception <a 'sun/nio/fs/WindowsException'{0x00000000d5629f28}> (0x00000000d5629f28) 
thrown [s\src\hotspot\share\prims\jni.cpp, line 537]
Event: 38815.219 Thread 0x000002135be02600 Exception <a 'sun/nio/fs/WindowsException'{0x00000000d562b0a0}> (0x00000000d562b0a0) 
thrown [s\src\hotspot\share\prims\jni.cpp, line 537]
Event: 38815.220 Thread 0x000002135be02600 Exception <a 'sun/nio/fs/WindowsException'{0x00000000d562bf90}> (0x00000000d562bf90) 
thrown [s\src\hotspot\share\prims\jni.cpp, line 537]
Event: 38815.229 Thread 0x000002135be02600 Exception <a 'sun/nio/fs/WindowsException'{0x00000000d56492f8}> (0x00000000d56492f8) 
thrown [s\src\hotspot\share\prims\jni.cpp, line 537]
Event: 38815.229 Thread 0x000002135be02600 Exception <a 'sun/nio/fs/WindowsException'{0x00000000d5649eb0}> (0x00000000d5649eb0) 
thrown [s\src\hotspot\share\prims\jni.cpp, line 537]
Event: 38815.238 Thread 0x000002135be02600 Exception <a 'sun/nio/fs/WindowsException'{0x00000000d5670078}> (0x00000000d5670078) 
thrown [s\src\hotspot\share\prims\jni.cpp, line 537]
Event: 38815.239 Thread 0x000002135be02600 Exception <a 'sun/nio/fs/WindowsException'{0x00000000d5672708}> (0x00000000d5672708) 
thrown [s\src\hotspot\share\prims\jni.cpp, line 537]
Event: 39122.579 Thread 0x000002135c8ce4c0 Exception <a 'sun/nio/fs/WindowsException'{0x00000000d5778738}> (0x00000000d5778738) 
thrown [s\src\hotspot\share\prims\jni.cpp, line 537]
Event: 39122.580 Thread 0x000002135c8ce4c0 Exception <a 'sun/nio/fs/WindowsException'{0x00000000d5779610}> (0x00000000d5779610) 
thrown [s\src\hotspot\share\prims\jni.cpp, line 537]
Event: 39122.580 Thread 0x000002135c8ce4c0 Exception <a 'sun/nio/fs/WindowsException'{0x00000000d577a510}> (0x00000000d577a510) 
thrown [s\src\hotspot\share\prims\jni.cpp, line 537]
Event: 39122.580 Thread 0x000002135c8ce4c0 Exception <a 'sun/nio/fs/WindowsException'{0x00000000d577b4c8}> (0x00000000d577b4c8) 
thrown [s\src\hotspot\share\prims\jni.cpp, line 537]
Event: 39122.580 Thread 0x000002135c8ce4c0 Exception <a 'sun/nio/fs/WindowsException'{0x00000000d577c3d0}> (0x00000000d577c3d0) 
thrown [s\src\hotspot\share\prims\jni.cpp, line 537]
Event: 39122.580 Thread 0x000002135c8ce4c0 Exception <a 'sun/nio/fs/WindowsException'{0x00000000d577d2c0}> (0x00000000d577d2c0) 
thrown [s\src\hotspot\share\prims\jni.cpp, line 537]
Event: 39122.627 Thread 0x000002135c8ce4c0 Exception <a 'sun/nio/fs/WindowsException'{0x00000000d57946a8}> (0x00000000d57946a8) 
thrown [s\src\hotspot\share\prims\jni.cpp, line 537]
Event: 39122.627 Thread 0x000002135c8ce4c0 Exception <a 'sun/nio/fs/WindowsException'{0x00000000d5795000}> (0x00000000d5795000) 
thrown [s\src\hotspot\share\prims\jni.cpp, line 537]
Event: 39122.634 Thread 0x000002135c8ce4c0 Exception <a 'sun/nio/fs/WindowsException'{0x00000000d57bccd0}> (0x00000000d57bccd0) 
thrown [s\src\hotspot\share\prims\jni.cpp, line 537]
Event: 39122.634 Thread 0x000002135c8ce4c0 Exception <a 'sun/nio/fs/WindowsException'{0x00000000d57bee98}> (0x00000000d57bee98) 
thrown [s\src\hotspot\share\prims\jni.cpp, line 537]

ZGC Phase Switch (0 events):
No events

VM Operations (20 events):
Event: 39572.215 Executing non-safepoint VM operation: HandshakeAllThreads (HandshakeForDeflation)
Event: 39572.215 Executing non-safepoint VM operation: HandshakeAllThreads (HandshakeForDeflation) done
Event: 39572.215 Executing non-safepoint VM operation: RendezvousGCThreads
Event: 39572.215 Executing non-safepoint VM operation: RendezvousGCThreads done
Event: 39632.366 Executing non-safepoint VM operation: HandshakeAllThreads (HandshakeForDeflation)
Event: 39632.366 Executing non-safepoint VM operation: HandshakeAllThreads (HandshakeForDeflation) done
Event: 39632.366 Executing non-safepoint VM operation: RendezvousGCThreads
Event: 39632.366 Executing non-safepoint VM operation: RendezvousGCThreads done
Event: 39692.507 Executing non-safepoint VM operation: HandshakeAllThreads (HandshakeForDeflation)
Event: 39692.507 Executing non-safepoint VM operation: HandshakeAllThreads (HandshakeForDeflation) done
Event: 39692.507 Executing non-safepoint VM operation: RendezvousGCThreads
Event: 39692.507 Executing non-safepoint VM operation: RendezvousGCThreads done
Event: 39752.638 Executing non-safepoint VM operation: HandshakeAllThreads (HandshakeForDeflation)
Event: 39752.638 Executing non-safepoint VM operation: HandshakeAllThreads (HandshakeForDeflation) done
Event: 39752.638 Executing non-safepoint VM operation: RendezvousGCThreads
Event: 39752.638 Executing non-safepoint VM operation: RendezvousGCThreads done
Event: 39812.804 Executing non-safepoint VM operation: HandshakeAllThreads (HandshakeForDeflation)
Event: 39812.804 Executing non-safepoint VM operation: HandshakeAllThreads (HandshakeForDeflation) done
Event: 39812.804 Executing non-safepoint VM operation: RendezvousGCThreads
Event: 39812.804 Executing non-safepoint VM operation: RendezvousGCThreads done

Memory protections (0 events):
No events

Nmethod flushes (20 events):
Event: 33663.913 Thread 0x000002135507c920 flushing  nmethod 0x0000021342506490
Event: 33663.913 Thread 0x000002135507c920 flushing  nmethod 0x000002134250e810
Event: 33663.913 Thread 0x000002135507c920 flushing  nmethod 0x0000021342522790
Event: 33663.914 Thread 0x000002135507c920 flushing  nmethod 0x0000021342530390
Event: 33663.914 Thread 0x000002135507c920 flushing  nmethod 0x0000021342571e90
Event: 33663.914 Thread 0x000002135507c920 flushing  nmethod 0x000002134258a210
Event: 33663.914 Thread 0x000002135507c920 flushing  nmethod 0x0000021342597990
Event: 33663.914 Thread 0x000002135507c920 flushing  nmethod 0x0000021342598890
Event: 33663.914 Thread 0x000002135507c920 flushing  nmethod 0x0000021342599390
Event: 33663.914 Thread 0x000002135507c920 flushing  nmethod 0x000002134259b910
Event: 33663.914 Thread 0x000002135507c920 flushing  nmethod 0x000002134295c410
Event: 33663.914 Thread 0x000002135507c920 flushing  nmethod 0x0000021342983f90
Event: 33663.914 Thread 0x000002135507c920 flushing  nmethod 0x0000021342998190
Event: 33663.914 Thread 0x000002135507c920 flushing  nmethod 0x00000213429a5810
Event: 33663.914 Thread 0x000002135507c920 flushing  nmethod 0x00000213429b0090
Event: 33663.914 Thread 0x000002135507c920 flushing  nmethod 0x00000213429e0010
Event: 33663.914 Thread 0x000002135507c920 flushing  nmethod 0x0000021342a26690
Event: 33663.914 Thread 0x000002135507c920 flushing  nmethod 0x0000021342b99110
Event: 33663.914 Thread 0x000002135507c920 flushing  nmethod 0x0000021342b9a510
Event: 33663.914 Thread 0x000002135507c920 flushing  nmethod 0x0000021342bb0190

Events (20 events):
Event: 36612.964 Thread 0x000002135be03320 Thread added: 0x000002135be018e0
Event: 36613.072 Thread 0x000002135a22f860 Thread added: 0x000002135d5fa200
Event: 36613.499 Thread 0x000002135d5fa200 Thread exited: 0x000002135d5fa200
Event: 36619.776 Thread 0x000002135be03320 Thread exited: 0x000002135be03320
Event: 36626.442 Thread 0x000002135bdfd0b0 Thread exited: 0x000002135bdfd0b0
Event: 36633.109 Thread 0x000002135be018e0 Thread exited: 0x000002135be018e0
Event: 36750.146 Thread 0x000002135c8ce4c0 Thread added: 0x000002135bdfd0b0
Event: 36750.146 Thread 0x000002135bdfd0b0 Thread exited: 0x000002135bdfd0b0
Event: 36750.148 Thread 0x000002135c8ce4c0 Thread added: 0x000002135bdfd0b0
Event: 36750.148 Thread 0x000002135bdfd0b0 Thread exited: 0x000002135bdfd0b0
Event: 38815.227 Thread 0x000002135be02600 Thread added: 0x000002135bdfd0b0
Event: 38815.228 Thread 0x000002135bdfd0b0 Thread exited: 0x000002135bdfd0b0
Event: 38815.230 Thread 0x000002135be02600 Thread added: 0x000002135bdfd0b0
Event: 38815.231 Thread 0x000002135bdfd0b0 Thread exited: 0x000002135bdfd0b0
Event: 39122.625 Thread 0x000002135c8ce4c0 Thread added: 0x000002135bdfd0b0
Event: 39122.626 Thread 0x000002135bdfd0b0 Thread exited: 0x000002135bdfd0b0
Event: 39122.628 Thread 0x000002135c8ce4c0 Thread added: 0x000002135bdfd0b0
Event: 39122.628 Thread 0x000002135bdfd0b0 Thread exited: 0x000002135bdfd0b0
Event: 39122.741 Thread 0x000002135be02600 Thread added: 0x000002135bdfd0b0
Event: 39182.794 Thread 0x000002135be02600 Thread exited: 0x000002135be02600


Dynamic libraries:
0x00007ff79e130000 - 0x00007ff79e13a000 	D:\Android\Android Studio\jbr\bin\java.exe
0x00007ffa768e0000 - 0x00007ffa76b46000 	C:\Windows\SYSTEM32\ntdll.dll
0x00007ffa75840000 - 0x00007ffa75909000 	C:\Windows\System32\KERNEL32.DLL
0x00007ffa73b00000 - 0x00007ffa73efe000 	C:\Windows\System32\KERNELBASE.dll
0x00007ffa73fa0000 - 0x00007ffa740ec000 	C:\Windows\System32\ucrtbase.dll
0x00007ffa3a440000 - 0x00007ffa3a458000 	D:\Android\Android Studio\jbr\bin\jli.dll
0x00007ffa74f70000 - 0x00007ffa75137000 	C:\Windows\System32\USER32.dll
0x00007ffa74280000 - 0x00007ffa742a7000 	C:\Windows\System32\win32u.dll
0x00007ffa76570000 - 0x00007ffa7659b000 	C:\Windows\System32\GDI32.dll
0x00007ffa744e0000 - 0x00007ffa7460a000 	C:\Windows\System32\gdi32full.dll
0x00007ffa6e380000 - 0x00007ffa6e39b000 	D:\Android\Android Studio\jbr\bin\VCRUNTIME140.dll
0x00007ffa742b0000 - 0x00007ffa74353000 	C:\Windows\System32\msvcp_win.dll
0x00007ffa56e20000 - 0x00007ffa570b2000 	C:\Windows\WinSxS\amd64_microsoft.windows.common-controls_6595b64144ccf1df_6.0.26100.8875_none_3e0d5d42e32fe9dd\COMCTL32.dll
0x00007ffa747b0000 - 0x00007ffa74859000 	C:\Windows\System32\msvcrt.dll
0x00007ffa74860000 - 0x00007ffa74892000 	C:\Windows\System32\IMM32.DLL
0x00007ffa6e4f0000 - 0x00007ffa6e4fc000 	D:\Android\Android Studio\jbr\bin\vcruntime140_1.dll
0x00007ffa64620000 - 0x00007ffa646ad000 	D:\Android\Android Studio\jbr\bin\msvcp140.dll
0x00007ff9f2790000 - 0x00007ff9f3426000 	D:\Android\Android Studio\jbr\bin\server\jvm.dll
0x00007ffa751c0000 - 0x00007ffa75277000 	C:\Windows\System32\ADVAPI32.dll
0x00007ffa765a0000 - 0x00007ffa7664a000 	C:\Windows\System32\sechost.dll
0x00007ffa76660000 - 0x00007ffa76778000 	C:\Windows\System32\RPCRT4.dll
0x00007ffa748b0000 - 0x00007ffa74930000 	C:\Windows\System32\WS2_32.dll
0x00007ffa73960000 - 0x00007ffa739be000 	C:\Windows\SYSTEM32\POWRPROF.dll
0x00007ffa6b7e0000 - 0x00007ffa6b816000 	C:\Windows\SYSTEM32\WINMM.dll
0x00007ffa6ac10000 - 0x00007ffa6ac1b000 	C:\Windows\SYSTEM32\VERSION.dll
0x00007ffa73940000 - 0x00007ffa73954000 	C:\Windows\SYSTEM32\UMPDC.dll
0x00007ffa727b0000 - 0x00007ffa727cb000 	C:\Windows\SYSTEM32\kernel.appcore.dll
0x00007ffa6e4e0000 - 0x00007ffa6e4ea000 	D:\Android\Android Studio\jbr\bin\jimage.dll
0x00007ffa70dc0000 - 0x00007ffa71002000 	C:\Windows\SYSTEM32\DBGHELP.DLL
0x00007ffa74be0000 - 0x00007ffa74f63000 	C:\Windows\System32\combase.dll
0x00007ffa75760000 - 0x00007ffa75839000 	C:\Windows\System32\OLEAUT32.dll
0x00007ffa49c50000 - 0x00007ffa49c8b000 	C:\Windows\SYSTEM32\dbgcore.DLL
0x00007ffa741c0000 - 0x00007ffa7426c000 	C:\Windows\System32\bcryptPrimitives.dll
0x00007ffa649e0000 - 0x00007ffa649ee000 	D:\Android\Android Studio\jbr\bin\instrument.dll
0x00007ffa6a6a0000 - 0x00007ffa6a6c0000 	D:\Android\Android Studio\jbr\bin\java.dll
0x00007ffa652b0000 - 0x00007ffa652c8000 	D:\Android\Android Studio\jbr\bin\zip.dll
0x00007ffa75910000 - 0x00007ffa760a2000 	C:\Windows\System32\SHELL32.dll
0x00007ffa71570000 - 0x00007ffa71e02000 	C:\Windows\SYSTEM32\windows.storage.dll
0x00007ffa76780000 - 0x00007ffa76877000 	C:\Windows\System32\SHCORE.dll
0x00007ffa76440000 - 0x00007ffa764a7000 	C:\Windows\System32\shlwapi.dll
0x00007ffa73a20000 - 0x00007ffa73a49000 	C:\Windows\SYSTEM32\profapi.dll
0x00007ffa65460000 - 0x00007ffa65470000 	D:\Android\Android Studio\jbr\bin\net.dll
0x00007ffa6b340000 - 0x00007ffa6b467000 	C:\Windows\SYSTEM32\WINHTTP.dll
0x00007ffa72d70000 - 0x00007ffa72ddc000 	C:\Windows\system32\mswsock.dll
0x00007ffa64f60000 - 0x00007ffa64f76000 	D:\Android\Android Studio\jbr\bin\nio.dll
0x00007ffa64b10000 - 0x00007ffa64b20000 	D:\Android\Android Studio\jbr\bin\verify.dll
0x00007ffa2b3d0000 - 0x00007ffa2b415000 	C:\Users\16696\AppData\Roaming\Trae CN\User\globalStorage\redhat.java\1.55.0\config_win\org.eclipse.equinox.launcher\org.eclipse.equinox.launcher.win32.win32.x86_64_1.3.100.v20260613-0559\eclipse_11924.dll
0x00007ffa74610000 - 0x00007ffa747a9000 	C:\Windows\System32\ole32.dll
0x00007ffa730b0000 - 0x00007ffa730cb000 	C:\Windows\SYSTEM32\CRYPTSP.dll
0x00007ffa72710000 - 0x00007ffa72749000 	C:\Windows\system32\rsaenh.dll
0x00007ffa72e30000 - 0x00007ffa72e62000 	C:\Windows\SYSTEM32\USERENV.dll
0x00007ffa739f0000 - 0x00007ffa73a1a000 	C:\Windows\SYSTEM32\bcrypt.dll
0x00007ffa73090000 - 0x00007ffa7309c000 	C:\Windows\SYSTEM32\CRYPTBASE.dll
0x00007ffa72140000 - 0x00007ffa72173000 	C:\Windows\SYSTEM32\IPHLPAPI.DLL
0x00007ffa76650000 - 0x00007ffa7665a000 	C:\Windows\System32\NSI.dll
0x00007ffa292c0000 - 0x00007ffa29309000 	C:\Users\16696\AppData\Local\Temp\jna-46914958\jna9859378575159615149.dll
0x00007ffa74bd0000 - 0x00007ffa74bd8000 	C:\Windows\System32\PSAPI.DLL
0x00007ffa6b770000 - 0x00007ffa6b78d000 	C:\Windows\SYSTEM32\dhcpcsvc6.DLL
0x00007ffa6b740000 - 0x00007ffa6b765000 	C:\Windows\SYSTEM32\dhcpcsvc.DLL
0x00007ffa721d0000 - 0x00007ffa72326000 	C:\Windows\SYSTEM32\DNSAPI.dll
0x00007ffa72b40000 - 0x00007ffa72b4d000 	C:\Windows\SYSTEM32\DSPARSE.dll
0x00007ffa6c6b0000 - 0x00007ffa6c6bb000 	C:\Windows\System32\rasadhlp.dll
0x00007ffa6aa00000 - 0x00007ffa6aa86000 	C:\Windows\System32\fwpuclnt.dll
0x00007ffa65370000 - 0x00007ffa65379000 	D:\Android\Android Studio\jbr\bin\extnet.dll
0x00007ffa540a0000 - 0x00007ffa540c7000 	C:\Users\16696\.gradle\native\660c5614fbf4a5f2a75b1949f50a0caf5cd603558e7d8a26e50b933a0cfb79d1\windows-amd64\native-platform.dll
0x00007ffa65170000 - 0x00007ffa65179000 	D:\Android\Android Studio\jbr\bin\management.dll
0x00007ffa65000000 - 0x00007ffa6500b000 	D:\Android\Android Studio\jbr\bin\management_ext.dll
0x00007ffa3c240000 - 0x00007ffa3c248000 	C:\Windows\system32\wshunix.dll

JVMTI agents:
c:\Users\16696\.trae-cn\extensions\redhat.java-1.55.0-win32-x64\lombok\lombok-1.18.39-4050.jar path:D:\Android\Android Studio\jbr\bin\instrument.dll, loaded, initialized, instrumentlib options:none

dbghelp: loaded successfully - version: 4.0.5 - missing functions: none
symbol engine: initialized successfully - sym options: 0x614 - pdb path: .;D:\Android\Android Studio\jbr\bin;C:\Windows\SYSTEM32;C:\Windows\WinSxS\amd64_microsoft.windows.common-controls_6595b64144ccf1df_6.0.26100.8875_none_3e0d5d42e32fe9dd;D:\Android\Android Studio\jbr\bin\server;C:\Users\16696\AppData\Roaming\Trae CN\User\globalStorage\redhat.java\1.55.0\config_win\org.eclipse.equinox.launcher\org.eclipse.equinox.launcher.win32.win32.x86_64_1.3.100.v20260613-0559;C:\Users\16696\AppData\Local\Temp\jna-46914958;C:\Users\16696\.gradle\native\660c5614fbf4a5f2a75b1949f50a0caf5cd603558e7d8a26e50b933a0cfb79d1\windows-amd64

VM Arguments:
jvm_args: --add-modules=ALL-SYSTEM --add-opens=java.base/java.util=ALL-UNNAMED --add-opens=java.base/java.lang=ALL-UNNAMED --add-opens=java.base/sun.nio.fs=ALL-UNNAMED -Declipse.application=org.eclipse.jdt.ls.core.id1 -Dosgi.bundles.defaultStartLevel=4 -Declipse.product=org.eclipse.jdt.ls.core.product -Djava.import.generatesMetadataFilesAtProjectRoot=false -DDetectVMInstallationsJob.disabled=true -Dfile.encoding=utf8 -XX:+UseParallelGC -XX:GCTimeRatio=4 -XX:AdaptiveSizePolicyWeight=90 -Dsun.zip.disableMemoryMapping=true -Xmx2G -Xms100m -Xlog:disable -javaagent:c:\Users\16696\.trae-cn\extensions\redhat.java-1.55.0-win32-x64\lombok\lombok-1.18.39-4050.jar -XX:+HeapDumpOnOutOfMemoryError -XX:HeapDumpPath=c:\Users\16696\AppData\Roaming\Trae CN\User\workspaceStorage\5d727ef8ad22f51e7423316dac212d99\redhat.java -Daether.dependencyCollector.impl=bf 
java_command: c:\Users\16696\.trae-cn\extensions\redhat.java-1.55.0-win32-x64\server\plugins\org.eclipse.equinox.launcher_1.7.200.v20260619-2039.jar -configuration c:\Users\16696\AppData\Roaming\Trae CN\User\globalStorage\redhat.java\1.55.0\config_win -data c:\Users\16696\AppData\Roaming\Trae CN\User\workspaceStorage\5d727ef8ad22f51e7423316dac212d99\redhat.java\jdt_ws --pipe=\\.\pipe\lsp-6ef4fefbced387538fa0cefc4fc6aba9-sock
java_class_path (initial): c:\Users\16696\.trae-cn\extensions\redhat.java-1.55.0-win32-x64\server\plugins\org.eclipse.equinox.launcher_1.7.200.v20260619-2039.jar
Launcher Type: SUN_STANDARD

[Global flags]
    uintx AdaptiveSizePolicyWeight                 = 90                                        {product} {command line}
     intx CICompilerCount                          = 4                                         {product} {ergonomic}
    uintx GCTimeRatio                              = 4                                         {product} {command line}
     bool HeapDumpOnOutOfMemoryError               = true                                   {manageable} {command line}
    ccstr HeapDumpPath                             = c:\Users\16696\AppData\Roaming\Trae CN\User\workspaceStorage\5d727ef8ad22f51e7423316dac212d99\redhat.java         {manageable} {command line}
   size_t InitialHeapSize                          = 104857600                                 {product} {command line}
   size_t MaxHeapSize                              = 2147483648                                {product} {command line}
   size_t MaxNewSize                               = 715653120                                 {product} {ergonomic}
   size_t MinHeapDeltaBytes                        = 524288                                    {product} {ergonomic}
   size_t MinHeapSize                              = 104857600                                 {product} {command line}
   size_t NewSize                                  = 34603008                                  {product} {ergonomic}
    uintx NonNMethodCodeHeapSize                   = 5839372                                {pd product} {ergonomic}
    uintx NonProfiledCodeHeapSize                  = 122909434                              {pd product} {ergonomic}
   size_t OldSize                                  = 70254592                                  {product} {ergonomic}
    uintx ProfiledCodeHeapSize                     = 122909434                              {pd product} {ergonomic}
    uintx ReservedCodeCacheSize                    = 251658240                              {pd product} {ergonomic}
     bool SegmentedCodeCache                       = true                                      {product} {ergonomic}
   size_t SoftMaxHeapSize                          = 2147483648                             {manageable} {ergonomic}
     bool UseCompressedOops                        = true                           {product lp64_product} {ergonomic}
     bool UseLargePagesIndividualAllocation        = false                                  {pd product} {ergonomic}
     bool UseParallelGC                            = true                                      {product} {command line}

Logging:
Log output configuration:
 #0: stdout all=off uptime,level,tags foldmultilines=false
 #1: stderr all=off uptime,level,tags foldmultilines=false

Release file:
JAVA_VERSION="21.0.10" 
MODULES="java.base java.compiler java.datatransfer java.xml java.prefs java.desktop java.instrument java.logging java.management java.security.sasl java.naming java.rmi java.management.rmi java.net.http java.scripting java.security.jgss java.transaction.xa java.sql java.sql.rowset java.xml.crypto java.se java.smartcardio jdk.accessibility jdk.internal.jvmstat jdk.attach jdk.charsets jdk.internal.opt jdk.zipfs jdk.compiler jdk.crypto.ec jdk.crypto.cryptoki jdk.dynalink jdk.hotspot.agent jdk.httpserver jdk.internal.ed jdk.internal.le jdk.internal.vm.ci jdk.jartool jdk.javadoc jdk.jcmd jdk.jdeps jdk.jdwp.agent jdk.jdi jdk.jfr jdk.jlink jdk.jsobject jdk.localedata jdk.management jdk.management.agent jdk.management.jfr jdk.naming.dns jdk.naming.rmi jdk.net jdk.sctp jdk.security.auth jdk.security.jgss jdk.unsupported jdk.unsupported.desktop jdk.xml.dom" 
IMPLEMENTOR="JetBrains s.r.o." 
JAVA_RUNTIME_VERSION="21.0.10+-14961533-b1163.108" 
LIBC="default" 
OS_ARCH="x86_64" 
OS_NAME="Windows" 
SOURCE=".:git:1351622c2ff2" 

Environment Variables:
PATH=c:\Users\16696\.trae-cn\tools\trae-gopls\current;c:\Users\16696\.trae-cn\sdks\workspaces\5d727ef8\versions\node\current;c:\Users\16696\.trae-cn\sdks\versions\node\current;D:\Android\jdk-8.0.492.9-hotspot\bin;C:\Program Files (x86)\VMware\VMware Workstation\bin\;C:\Windows\system32;C:\Windows;C:\Windows\System32\Wbem;C:\Windows\System32\WindowsPowerShell\v1.0\;C:\Windows\System32\OpenSSH\;D:\Git\Git\cmd;D:\Cmake\bin;D:\Windows Kits\10\Windows Performance Toolkit\;C:\Program Files\TortoiseGit\bin;C:\NXP\S32DS.3.5\S32DS\build_tools\gcc-10.2-arm32-eabi\bin;D:\Xshell\;C:\Users\16696\AppData\Local\Programs\Python\Python314\Scripts\;C:\Users\16696\AppData\Local\Programs\Python\Python314\;C:\Users\16696\AppData\Local\Microsoft\WindowsApps;D:\pycharm\PyCharm 2026.1.2\bin;D:\vscode\Microsoft VS Code\bin;D:\Android\Sdk\platform-tools;D:\Android\Sdk;;d:\Trea\Trae CN\resources\app\bin\lib
USERNAME=16696
OS=Windows_NT
PROCESSOR_IDENTIFIER=Intel64 Family 6 Model 198 Stepping 2, GenuineIntel
TMP=C:\Users\16696\AppData\Local\Temp
TEMP=C:\Users\16696\AppData\Local\Temp




Periodic native trim disabled

JNI global refs:
JNI global refs: 30, weak refs: 45

JNI global refs memory usage: 835, weak refs: 833

Process memory usage:
Resident Set Size: 18108K (0% of 16129048K total physical memory with 593300K free physical memory)

OOME stack traces (most recent first):
Classloader memory used:
Loader org.eclipse.osgi.internal.loader.EquinoxClassLoader                             : 56291K
Loader bootstrap                                                                       : 29517K
Loader org.gradle.internal.classloader.VisitableURLClassLoader                         : 10460K
Loader org.eclipse.equinox.launcher.Main$StartupClassLoader                            : 4104K
Loader lombok.launch.ShadowClassLoader                                                 : 1998K
Loader lombok.launch.ShadowClassLoader                                                 : 782K
Loader jdk.internal.loader.ClassLoaders$PlatformClassLoader                            : 703K
Loader org.gradle.internal.daemon.client.serialization.ClientSidePayloadClassLoaderFactory$MixInClassLoader: 613K
Loader jdk.internal.jrtfs.JrtFileSystemProvider$JrtFsLoader                            : 373K
Loader org.gradle.initialization.MixInLegacyTypesClassLoader                           : 271K
Loader jdk.internal.loader.ClassLoaders$AppClassLoader                                 : 192K
Loader org.eclipse.sisu.space.CloningClassSpace$CloningClassLoader                     : 26432B
Loader jdk.internal.reflect.DelegatingClassLoader                                      : 10248B

Classes loaded by more than one classloader:
Class com.google.common.collect.Iterators$ArrayItr                                    : loaded 4 times (x 97B)
Class com.google.common.collect.Iterators$SingletonIterator                           : loaded 4 times (x 81B)
Class com.google.common.collect.RegularImmutableAsList                                : loaded 4 times (x 217B)
Class com.google.common.collect.Iterators$MergingIterator                             : loaded 4 times (x 81B)
Class com.google.common.collect.ImmutableList$SubList                                 : loaded 4 times (x 209B)
Class com.google.common.collect.Iterators                                             : loaded 4 times (x 71B)
Class com.google.common.collect.AbstractIterator                                      : loaded 4 times (x 82B)
Class com.google.common.collect.ObjectArrays                                          : loaded 4 times (x 71B)
Class com.google.common.collect.ImmutableList                                         : loaded 4 times (x 206B)
Class com.google.common.collect.AbstractIndexedListIterator                           : loaded 4 times (x 96B)
Class org.gradle.tooling.internal.gradle.DefaultBuildIdentifier                       : loaded 4 times (x 79B)
Class org.gradle.tooling.model.BuildIdentifier                                        : loaded 4 times (x 70B)
Class com.google.common.collect.SingletonImmutableList                                : loaded 4 times (x 207B)
Class com.google.common.collect.ImmutableList$ReverseImmutableList                    : loaded 4 times (x 209B)
Class com.google.common.collect.ImmutableList$1                                       : loaded 4 times (x 97B)
Class com.google.common.collect.Iterators$1                                           : loaded 4 times (x 81B)
Class org.gradle.tooling.model.Model                                                  : loaded 4 times (x 70B)
Class com.google.common.collect.Iterators$4                                           : loaded 4 times (x 82B)
Class com.google.common.collect.PeekingIterator                                       : loaded 4 times (x 70B)
Class com.google.common.base.Preconditions                                            : loaded 4 times (x 71B)
Class com.google.common.collect.Iterators$5                                           : loaded 4 times (x 82B)
Class com.google.common.collect.ImmutableCollection                                   : loaded 4 times (x 125B)
Class com.google.common.collect.Iterators$9                                           : loaded 4 times (x 81B)
Class com.google.common.collect.ImmutableAsList                                       : loaded 4 times (x 209B)
Class org.gradle.tooling.internal.gradle.GradleBuildIdentity                          : loaded 4 times (x 70B)
Class com.google.common.collect.RegularImmutableList                                  : loaded 4 times (x 213B)
Class com.google.common.collect.UnmodifiableListIterator                              : loaded 4 times (x 95B)
Class com.google.common.collect.UnmodifiableIterator                                  : loaded 4 times (x 80B)
Class org.objectweb.asm.Handler                                                       : loaded 3 times (x 72B)
Class com.google.common.collect.ImmutableList$SerializedForm                          : loaded 3 times (x 73B)
Class com.google.common.collect.ImmutableSet$RegularSetBuilderImpl                    : loaded 3 times (x 77B)
Class [Lorg.objectweb.asm.Symbol;                                                     : loaded 3 times (x 69B)
Class org.objectweb.asm.Attribute                                                     : loaded 3 times (x 77B)
Class [Lorg.objectweb.asm.Label;                                                      : loaded 3 times (x 69B)
Class org.objectweb.asm.ClassVisitor                                                  : loaded 3 times (x 88B)
Class org.objectweb.asm.RecordComponentWriter                                         : loaded 3 times (x 78B)
Class org.objectweb.asm.AnnotationWriter                                              : loaded 3 times (x 79B)
Class com.google.common.collect.ImmutableSet                                          : loaded 3 times (x 145B)
Class com.google.common.collect.RegularImmutableMap$Values                            : loaded 3 times (x 207B)
Class org.objectweb.asm.MethodTooLargeException                                       : loaded 3 times (x 83B)
Class org.objectweb.asm.Symbol                                                        : loaded 3 times (x 73B)
Class org.objectweb.asm.ByteVector                                                    : loaded 3 times (x 79B)
Class org.objectweb.asm.Type                                                          : loaded 3 times (x 72B)
Class org.gradle.tooling.model.ProjectIdentifier                                      : loaded 3 times (x 70B)
Class org.objectweb.asm.SymbolTable                                                   : loaded 3 times (x 72B)
Class com.google.common.collect.ImmutableMapEntry$NonTerminalImmutableMapEntry        : loaded 3 times (x 85B)
Class com.google.common.collect.RegularImmutableMap$BucketOverflowException           : loaded 3 times (x 82B)
Class com.google.common.collect.ImmutableMapEntry                                     : loaded 3 times (x 85B)
Class org.gradle.tooling.model.gradle.GradleScript                                    : loaded 3 times (x 70B)
Class org.objectweb.asm.RecordComponentVisitor                                        : loaded 3 times (x 77B)
Class org.gradle.tooling.internal.gradle.DefaultProjectIdentifier                     : loaded 3 times (x 86B)
Class com.google.common.collect.ImmutableMap$MapViewOfValuesAsSingletonSets           : loaded 3 times (x 126B)
Class com.google.common.collect.RegularImmutableMap                                   : loaded 3 times (x 121B)
Class com.google.common.collect.ImmutableSet$CachingAsList                            : loaded 3 times (x 148B)
Class lombok.core.DiagnosticsReceiver                                                 : loaded 3 times (x 70B)
Class org.objectweb.asm.MethodWriter                                                  : loaded 3 times (x 106B)
Class [Lorg.objectweb.asm.SymbolTable$Entry;                                          : loaded 3 times (x 69B)
Class com.google.common.collect.ImmutableBiMap                                        : loaded 3 times (x 143B)
Class org.objectweb.asm.AnnotationVisitor                                             : loaded 3 times (x 78B)
Class org.objectweb.asm.Label                                                         : loaded 3 times (x 73B)
Class com.google.common.collect.ImmutableMap$IteratorBasedImmutableMap                : loaded 3 times (x 126B)
Class com.google.common.collect.SingletonImmutableSet                                 : loaded 3 times (x 146B)
Class lombok.core.LombokNode                                                          : loaded 3 times (x 110B)
Class org.objectweb.asm.CurrentFrame                                                  : loaded 3 times (x 73B)
Class org.objectweb.asm.ClassTooLargeException                                        : loaded 3 times (x 83B)
Class lombok.launch.ShadowClassLoader                                                 : loaded 3 times (x 105B)
Class org.objectweb.asm.SymbolTable$Entry                                             : loaded 3 times (x 74B)
Class org.objectweb.asm.Frame                                                         : loaded 3 times (x 73B)
Class org.objectweb.asm.MethodVisitor                                                 : loaded 3 times (x 105B)
Class org.gradle.tooling.internal.gradle.GradleProjectIdentity                        : loaded 3 times (x 70B)
Class org.objectweb.asm.ModuleVisitor                                                 : loaded 3 times (x 81B)
Class com.google.common.collect.ImmutableMap$Builder                                  : loaded 3 times (x 82B)
Class com.google.common.collect.ImmutableMapEntrySet                                  : loaded 3 times (x 152B)
Class com.google.common.collect.ImmutableMapEntrySet$RegularEntrySet                  : loaded 3 times (x 152B)
Class org.objectweb.asm.ModuleWriter                                                  : loaded 3 times (x 82B)
Class org.objectweb.asm.ClassReader                                                   : loaded 3 times (x 94B)
Class com.google.common.collect.ImmutableSet$SetBuilderImpl                           : loaded 3 times (x 76B)
Class org.objectweb.asm.FieldVisitor                                                  : loaded 3 times (x 77B)
Class com.google.common.collect.BiMap                                                 : loaded 3 times (x 70B)
Class com.google.common.collect.ImmutableMap$1                                        : loaded 3 times (x 81B)
Class com.google.common.collect.IndexedImmutableSet                                   : loaded 3 times (x 152B)
Class org.objectweb.asm.ClassWriter                                                   : loaded 3 times (x 106B)
Class lombok.launch.PatchFixesHider$Util                                              : loaded 3 times (x 71B)
Class lombok.launch.PackageShader                                                     : loaded 3 times (x 74B)
Class com.google.common.collect.RegularImmutableSet                                   : loaded 3 times (x 149B)
Class org.objectweb.asm.FieldWriter                                                   : loaded 3 times (x 78B)
Class org.objectweb.asm.Context                                                       : loaded 3 times (x 72B)
Class [Lorg.objectweb.asm.Attribute;                                                  : loaded 3 times (x 69B)
Class com.google.common.collect.ImmutableMap                                          : loaded 3 times (x 120B)
Class com.google.common.collect.RegularImmutableMap$KeySet                            : loaded 3 times (x 152B)
Class org.gradle.internal.classpath.TransformedClassPath                              : loaded 2 times (x 96B)
Class org.gradle.api.Describable                                                      : loaded 2 times (x 70B)
Class org.gradle.problems.buildtree.ProblemStream                                     : loaded 2 times (x 70B)
Class com.google.common.collect.ImmutableListMultimap                                 : loaded 2 times (x 176B)
Class com.google.common.collect.ImmutableCollection$Builder                           : loaded 2 times (x 76B)
Class org.gradle.internal.reflect.DirectInstantiator$CachedConstructor                : loaded 2 times (x 73B)
Class org.gradle.api.logging.LogLevel                                                 : loaded 2 times (x 79B)
Class lombok.eclipse.agent.PatchValEclipse                                            : loaded 2 times (x 71B)
Class com.google.common.base.Joiner                                                   : loaded 2 times (x 80B)
Class com.google.common.collect.EmptyImmutableListMultimap                            : loaded 2 times (x 176B)
Class com.google.common.collect.BaseImmutableMultimap                                 : loaded 2 times (x 123B)
Class com.google.common.base.MoreObjects                                              : loaded 2 times (x 71B)
Class lombok.eclipse.EcjAugments                                                      : loaded 2 times (x 71B)
Class com.google.common.cache.CacheBuilder$NullListener                               : loaded 2 times (x 82B)
Class org.gradle.internal.concurrent.AbstractManagedExecutor$1                        : loaded 2 times (x 76B)
Class com.google.common.collect.MapMakerInternalMap$WeakKeyStrongValueEntry$Helper    : loaded 2 times (x 79B)
Class com.google.common.collect.Platform                                              : loaded 2 times (x 71B)
Class org.gradle.internal.concurrent.ExecutorPolicy$CatchAndRecordFailures            : loaded 2 times (x 81B)
Class org.gradle.cli.CommandLineArgumentException                                     : loaded 2 times (x 82B)
Class [Lorg.gradle.scripts.ScriptingLanguage;                                         : loaded 2 times (x 69B)
Class org.gradle.internal.classloader.ClassLoaderUtils$ClassDefiner                   : loaded 2 times (x 70B)
Class [Lorg.objectweb.asm.Type;                                                       : loaded 2 times (x 69B)
Class org.gradle.internal.service.ServiceLocator                                      : loaded 2 times (x 70B)
Class org.gradle.internal.service.ServiceLookup                                       : loaded 2 times (x 70B)
Class org.apache.commons.lang3.StringUtils                                            : loaded 2 times (x 71B)
Class com.google.common.collect.AbstractMapEntry                                      : loaded 2 times (x 81B)
Class org.gradle.cli.CommandLineParser$KnownOptionParserState                         : loaded 2 times (x 76B)
Class org.gradle.internal.buildoption.StringBuildOption                               : loaded 2 times (x 87B)
Class com.google.common.cache.LocalCache$1                                            : loaded 2 times (x 89B)
Class org.gradle.tooling.internal.adapter.ProtocolToModelAdapter$SupportedPropertyInvoker: loaded 2 times (x 76B)
Class org.gradle.tooling.model.UnsupportedMethodException                             : loaded 2 times (x 82B)
Class jdk.internal.jrtfs.JrtFileSystemProvider                                        : loaded 2 times (x 101B)
Class com.google.common.collect.ImmutableList$Builder                                 : loaded 2 times (x 77B)
Class com.google.common.collect.AbstractMultimap                                      : loaded 2 times (x 123B)
Class org.gradle.internal.reflect.JavaReflectionUtil                                  : loaded 2 times (x 71B)
Class com.google.common.cache.LocalCache$2                                            : loaded 2 times (x 142B)
Class org.gradle.internal.service.RelevantMethods                                     : loaded 2 times (x 72B)
Class lombok.eclipse.agent.PatchDelegate$BindingTuple                                 : loaded 2 times (x 72B)
Class org.objectweb.asm.Handle                                                        : loaded 2 times (x 72B)
Class org.gradle.internal.buildoption.Origin$GradlePropertyOrigin                     : loaded 2 times (x 75B)
Class org.gradle.internal.buildoption.Origin                                          : loaded 2 times (x 75B)
Class org.gradle.internal.service.ServiceMethodFactory                                : loaded 2 times (x 70B)
Class org.gradle.internal.dispatch.Dispatch                                           : loaded 2 times (x 70B)
Class [Lorg.gradle.internal.service.ServiceLookup;                                    : loaded 2 times (x 69B)
Class com.google.common.base.Optional                                                 : loaded 2 times (x 80B)
Class org.gradle.tooling.internal.adapter.CollectionMapper                            : loaded 2 times (x 73B)
Class org.slf4j.spi.MDCAdapter                                                        : loaded 2 times (x 70B)
Class com.google.common.collect.Lists$StringAsImmutableList                           : loaded 2 times (x 207B)
Class org.gradle.internal.concurrent.ManagedExecutorImpl                              : loaded 2 times (x 141B)
Class com.google.common.util.concurrent.UncheckedExecutionException                   : loaded 2 times (x 82B)
Class org.gradle.internal.reflect.Instantiator                                        : loaded 2 times (x 70B)
Class [Lorg.slf4j.helpers.Reporter$Level;                                             : loaded 2 times (x 69B)
Class org.gradle.internal.event.BroadcastDispatch                                     : loaded 2 times (x 90B)
Class jdk.internal.jimage.ImageLocation                                               : loaded 2 times (x 90B)
Class org.gradle.scripts.ScriptingLanguage                                            : loaded 2 times (x 70B)
Class org.gradle.internal.operations.BuildOperationIdFactory                          : loaded 2 times (x 70B)
Class org.gradle.tooling.internal.adapter.ProtocolToModelAdapter                      : loaded 2 times (x 80B)
Class org.gradle.internal.operations.BuildOperationCategory                           : loaded 2 times (x 79B)
Class org.gradle.internal.concurrent.AbstractManagedExecutor                          : loaded 2 times (x 141B)
Class com.google.common.cache.CacheLoader$UnsupportedLoadingOperationException        : loaded 2 times (x 82B)
Class com.google.common.collect.TransformedIterator                                   : loaded 2 times (x 80B)
Class org.gradle.internal.time.DefaultTimer                                           : loaded 2 times (x 80B)
Class lombok.launch.PatchFixesHider$ValPortal                                         : loaded 2 times (x 71B)
Class jdk.internal.jimage.ImageBufferCache$1                                          : loaded 2 times (x 83B)
Class com.google.common.cache.LocalCache$Strength$3                                   : loaded 2 times (x 81B)
Class com.google.common.collect.MapDifference                                         : loaded 2 times (x 70B)
Class org.gradle.internal.service.ServiceRegistration                                 : loaded 2 times (x 70B)
Class org.gradle.internal.service.DefaultServiceRegistry$ClassInspector$ClassDetails  : loaded 2 times (x 73B)
Class org.gradle.internal.buildoption.Origin$CommandLineOrigin                        : loaded 2 times (x 75B)
Class com.google.common.base.Objects                                                  : loaded 2 times (x 71B)
Class com.google.common.collect.FluentIterable$1                                      : loaded 2 times (x 81B)
Class org.gradle.internal.service.ServiceRegistrationProvider                         : loaded 2 times (x 70B)
Class org.gradle.tooling.internal.adapter.ProtocolToModelAdapter$ViewKey              : loaded 2 times (x 72B)
Class jdk.internal.jimage.ImageBufferCache$2                                          : loaded 2 times (x 91B)
Class com.google.common.cache.LocalCache$Strength$2                                   : loaded 2 times (x 81B)
Class com.google.common.primitives.Ints                                               : loaded 2 times (x 71B)
Class com.google.common.collect.MapMakerInternalMap$WeakKeyStrongValueEntry           : loaded 2 times (x 90B)
Class com.google.common.collect.FluentIterable$2                                      : loaded 2 times (x 81B)
Class [Lorg.gradle.internal.service.DefaultServiceRegistry$State;                     : loaded 2 times (x 69B)
Class com.google.common.base.Absent                                                   : loaded 2 times (x 80B)
Class org.gradle.tooling.internal.adapter.ProtocolToModelAdapter$PropertyCachingMethodInvoker: loaded 2 times (x 76B)
Class org.gradle.api.JavaVersion                                                      : loaded 2 times (x 79B)
Class com.google.common.cache.LocalCache$Strength$1                                   : loaded 2 times (x 81B)
Class com.google.common.collect.Multiset                                              : loaded 2 times (x 70B)
Class com.google.common.collect.FluentIterable$3                                      : loaded 2 times (x 81B)
Class com.google.common.math.MathPreconditions                                        : loaded 2 times (x 71B)
Class org.gradle.internal.service.DefaultServiceMethodFactory                         : loaded 2 times (x 76B)
Class org.gradle.internal.time.DefaultCountdownTimer                                  : loaded 2 times (x 88B)
Class [Lorg.gradle.api.logging.LogLevel;                                              : loaded 2 times (x 69B)
Class org.gradle.internal.buildoption.BuildOption                                     : loaded 2 times (x 70B)
Class com.google.common.collect.MapMakerInternalMap$StrongValueEntry                  : loaded 2 times (x 70B)
Class org.gradle.internal.classloader.ClassLoaderUtils                                : loaded 2 times (x 71B)
Class org.gradle.tooling.internal.adapter.ProtocolToModelAdapter$AdaptingMethodInvoker: loaded 2 times (x 76B)
Class lombok.launch.PatchFixesHider$Delegate                                          : loaded 2 times (x 71B)
Class [Lorg.gradle.internal.operations.BuildOperationMetadata;                        : loaded 2 times (x 69B)
Class com.google.common.cache.Weigher                                                 : loaded 2 times (x 70B)
Class org.gradle.internal.service.scopes.Scope$CrossBuildSession                      : loaded 2 times (x 70B)
Class org.gradle.internal.FileUtils$1                                                 : loaded 2 times (x 91B)
Class org.slf4j.ILoggerFactory                                                        : loaded 2 times (x 70B)
Class com.google.common.cache.LocalCache$Strength                                     : loaded 2 times (x 81B)
Class com.google.common.cache.Cache                                                   : loaded 2 times (x 70B)
Class org.gradle.internal.reflect.ReflectionCache$WeaklyClassReferencingCache         : loaded 2 times (x 127B)
Class org.gradle.internal.service.scopes.Scope$Project                                : loaded 2 times (x 70B)
Class org.gradle.internal.service.DefaultServiceRegistry$ThisAsService                : loaded 2 times (x 90B)
Class org.slf4j.helpers.ThreadLocalMapOfStacks                                        : loaded 2 times (x 76B)
Class lombok.eclipse.agent.PatchDelegatePortal                                        : loaded 2 times (x 71B)
Class jdk.internal.jimage.ImageHeader                                                 : loaded 2 times (x 71B)
Class com.google.common.collect.Sets$4                                                : loaded 2 times (x 141B)
Class org.gradle.internal.reflect.CachedInvokable                                     : loaded 2 times (x 73B)
Class org.gradle.internal.concurrent.CompositeStoppable                               : loaded 2 times (x 81B)
Class org.gradle.internal.service.UnknownServiceException                             : loaded 2 times (x 83B)
Class org.gradle.internal.problems.NoOpProblemDiagnosticsFactory                      : loaded 2 times (x 79B)
Class com.google.common.cache.RemovalListener                                         : loaded 2 times (x 70B)
Class org.gradle.internal.service.ServiceMethod                                       : loaded 2 times (x 70B)
Class com.google.common.base.Present                                                  : loaded 2 times (x 81B)
Class com.google.common.primitives.IntsMethodsForWeb                                  : loaded 2 times (x 71B)
Class org.gradle.cli.CommandLineParser$OptionAwareParserState                         : loaded 2 times (x 77B)
Class com.google.common.collect.ImmutableMultimap$Keys                                : loaded 2 times (x 166B)
Class com.google.common.collect.Multimap                                              : loaded 2 times (x 70B)
Class org.gradle.internal.classpath.DefaultClassPath$ImmutableUniqueList              : loaded 2 times (x 199B)
Class javax.inject.Inject                                                             : loaded 2 times (x 70B)
Class org.gradle.internal.service.DefaultServiceRegistry$ManagedObjectServiceProvider : loaded 2 times (x 92B)
Class org.slf4j.spi.SLF4JServiceProvider                                              : loaded 2 times (x 70B)
Class org.gradle.cli.ParsedCommandLine                                                : loaded 2 times (x 80B)
Class com.google.common.collect.MapMakerInternalMap$Segment                           : loaded 2 times (x 142B)
Class com.google.common.base.ExtraObjectsMethodsForWeb                                : loaded 2 times (x 71B)
Class com.google.common.cache.LocalCache$AccessQueue                                  : loaded 2 times (x 143B)
Class org.slf4j.helpers.Reporter$Level                                                : loaded 2 times (x 79B)
Class org.slf4j.helpers.Reporter$TargetChoice                                         : loaded 2 times (x 79B)
Class org.gradle.internal.dispatch.ProxyDispatchAdapter                               : loaded 2 times (x 74B)
Class jdk.internal.jimage.decompressor.ResourceDecompressor                           : loaded 2 times (x 70B)
Class org.gradle.internal.service.ReflectionBasedServiceMethod                        : loaded 2 times (x 86B)
Class com.google.common.cache.RemovalCause                                            : loaded 2 times (x 80B)
Class com.google.common.io.ByteSink                                                   : loaded 2 times (x 76B)
Class org.gradle.cli.CommandLineParser$UnknownOptionParserState                       : loaded 2 times (x 76B)
Class org.gradle.cli.ParsedCommandLineOption                                          : loaded 2 times (x 76B)
Class com.google.common.cache.CacheBuilder                                            : loaded 2 times (x 72B)
Class org.gradle.internal.service.scopes.EventScope                                   : loaded 2 times (x 70B)
Class org.gradle.internal.reflect.DirectInstantiator$ConstructorCache                 : loaded 2 times (x 76B)
Class org.gradle.internal.classpath.ClassPath                                         : loaded 2 times (x 70B)
Class org.gradle.internal.operations.BuildOperationProgressEventEmitter               : loaded 2 times (x 70B)
Class lombok.eclipse.EclipseAST                                                       : loaded 2 times (x 101B)
Class lombok.permit.Permit                                                            : loaded 2 times (x 71B)
Class org.gradle.internal.classloader.FilteringClassLoader$RetrieveSystemPackagesClassLoader: loaded 2 times (x 101B)
Class com.google.common.io.Files$FileByteSource                                       : loaded 2 times (x 85B)
Class org.gradle.internal.DisplayName                                                 : loaded 2 times (x 70B)
Class org.gradle.internal.concurrent.CompositeStoppable$1                             : loaded 2 times (x 76B)
Class org.gradle.internal.dispatch.MethodInvocation                                   : loaded 2 times (x 76B)
Class org.gradle.internal.dispatch.ReflectionDispatch                                 : loaded 2 times (x 77B)
Class org.slf4j.Logger                                                                : loaded 2 times (x 70B)
Class org.gradle.initialization.BuildCancellationToken                                : loaded 2 times (x 70B)
Class com.google.common.collect.MapMakerInternalMap$Strength$2                        : loaded 2 times (x 80B)
Class org.gradle.internal.event.DefaultListenerManager$ListenerDetails                : loaded 2 times (x 81B)
Class org.gradle.internal.Factory                                                     : loaded 2 times (x 70B)
Class lombok.eclipse.Eclipse                                                          : loaded 2 times (x 71B)
Class lombok.eclipse.handlers.SetGeneratedByVisitor                                   : loaded 2 times (x 354B)
Class com.google.common.collect.Sets$3                                                : loaded 2 times (x 141B)
Class org.gradle.internal.buildoption.BuildOptionSet                                  : loaded 2 times (x 74B)
Class com.google.common.collect.MapMakerInternalMap$Strength$1                        : loaded 2 times (x 80B)
Class org.gradle.plugins.ide.internal.tooling.model.LaunchableGradleProjectTask       : loaded 2 times (x 106B)
Class org.gradle.internal.time.TimeFormatting                                         : loaded 2 times (x 71B)
Class org.gradle.internal.logging.progress.ProgressLogger                             : loaded 2 times (x 70B)
Class com.google.common.base.Suppliers$SupplierOfInstance                             : loaded 2 times (x 79B)
Class org.slf4j.Marker                                                                : loaded 2 times (x 70B)
Class org.gradle.internal.logging.progress.DefaultProgressLoggerFactory               : loaded 2 times (x 82B)
Class jdk.internal.jimage.ImageStringsReader                                          : loaded 2 times (x 80B)
Class com.google.common.collect.Sets$2                                                : loaded 2 times (x 141B)
Class lombok.permit.Permit$Fake                                                       : loaded 2 times (x 72B)
Class org.gradle.cli.CommandLineParser$AfterFirstSubCommand                           : loaded 2 times (x 77B)
Class com.google.common.cache.LocalCache$ComputingValueReference                      : loaded 2 times (x 96B)
Class org.gradle.internal.reflect.DirectInstantiator                                  : loaded 2 times (x 76B)
Class org.gradle.internal.service.scopes.Scope$UserHome                               : loaded 2 times (x 70B)
Class org.gradle.internal.event.BroadcastDispatch$CompositeDispatch                   : loaded 2 times (x 92B)
Class org.gradle.internal.concurrent.ManagedThreadPoolExecutor                        : loaded 2 times (x 70B)
Class com.google.common.cache.LocalCache$Segment                                      : loaded 2 times (x 154B)
Class org.gradle.tooling.internal.adapter.ProtocolToModelAdapter$MethodInvocationCache: loaded 2 times (x 73B)
Class jdk.internal.jimage.ImageReader                                                 : loaded 2 times (x 75B)
Class org.gradle.internal.service.ServiceRegistry                                     : loaded 2 times (x 70B)
Class com.google.common.collect.Sets$1                                                : loaded 2 times (x 141B)
Class org.gradle.internal.operations.logging.ProgressStartBuildOperationProgressDetails: loaded 2 times (x 70B)
Class org.gradle.internal.Pair                                                        : loaded 2 times (x 72B)
Class com.google.common.cache.CacheLoader                                             : loaded 2 times (x 74B)
Class jdk.internal.jimage.ImageReader$SharedImageReader                               : loaded 2 times (x 95B)
Class org.gradle.internal.service.scopes.Scope$Build                                  : loaded 2 times (x 70B)
Class org.gradle.internal.logging.LoggingConfigurationBuildOptions$LogLevelOption     : loaded 2 times (x 88B)
Class org.gradle.internal.event.DefaultListenerManager$EventBroadcast                 : loaded 2 times (x 82B)
Class org.gradle.internal.scripts.ScriptFileUtil                                      : loaded 2 times (x 71B)
Class com.google.common.collect.ImmutableSet$JdkBackedSetBuilderImpl                  : loaded 2 times (x 76B)
Class org.gradle.internal.logging.progress.ProgressListener                           : loaded 2 times (x 70B)
Class org.gradle.internal.service.AbstractServiceMethod                               : loaded 2 times (x 86B)
Class org.gradle.tooling.internal.adapter.ObjectGraphAdapter                          : loaded 2 times (x 70B)
Class jdk.internal.jimage.decompressor.ResourceDecompressorFactory                    : loaded 2 times (x 74B)
Class com.google.common.collect.ImmutableMultimap$Values                              : loaded 2 times (x 126B)
Class com.google.common.cache.LocalCache$LocalManualCache$1                           : loaded 2 times (x 75B)
Class com.google.common.collect.Iterators$6                                           : loaded 2 times (x 81B)
Class org.gradle.internal.event.BroadcastDispatch$SingletonDispatch                   : loaded 2 times (x 92B)
Class org.slf4j.event.LoggingEvent                                                    : loaded 2 times (x 70B)
Class lombok.eclipse.EclipseNode                                                      : loaded 2 times (x 116B)
Class com.google.common.collect.ListMultimap                                          : loaded 2 times (x 70B)
Class org.gradle.cli.CommandLineOption                                                : loaded 2 times (x 86B)
Class org.gradle.initialization.layout.BuildLayoutFactory                             : loaded 2 times (x 74B)
Class lombok.eclipse.handlers.EclipseHandlerUtil                                      : loaded 2 times (x 71B)
Class jdk.internal.jimage.ImageReader$Node                                            : loaded 2 times (x 84B)
Class org.gradle.tooling.internal.adapter.ProtocolToModelAdapter$ClassMixInMethodInvoker: loaded 2 times (x 76B)
Class com.google.common.base.Converter                                                : loaded 2 times (x 90B)
Class com.google.common.collect.Lists                                                 : loaded 2 times (x 71B)
Class org.gradle.internal.operations.BuildOperationMetadata                           : loaded 2 times (x 70B)
Class org.gradle.internal.problems.NoOpProblemDiagnosticsFactory$1                    : loaded 2 times (x 83B)
Class com.google.common.cache.ReferenceEntry                                          : loaded 2 times (x 70B)
Class org.gradle.internal.service.AnnotatedServiceLifecycleHandler                    : loaded 2 times (x 70B)
Class jdk.internal.jimage.BasicImageReader$1                                          : loaded 2 times (x 77B)
Class org.gradle.internal.concurrent.ManagedScheduledExecutor                         : loaded 2 times (x 70B)
Class com.google.common.collect.ImmutableEnumMap                                      : loaded 2 times (x 126B)
Class org.gradle.internal.logging.progress.DefaultProgressLoggerFactory$State         : loaded 2 times (x 79B)
Class org.gradle.internal.event.DefaultListenerManager$EventBroadcast$ListenerDispatch: loaded 2 times (x 80B)
Class org.gradle.cli.CommandLineParser$BeforeFirstSubCommand                          : loaded 2 times (x 77B)
Class org.gradle.internal.problems.NoOpProblemDiagnosticsFactory$2                    : loaded 2 times (x 81B)
Class com.google.common.base.FunctionalEquivalence                                    : loaded 2 times (x 83B)
Class org.gradle.api.logging.configuration.LoggingConfiguration                       : loaded 2 times (x 70B)
Class org.gradle.internal.dispatch.ProxyDispatchAdapter$DispatchingInvocationHandler  : loaded 2 times (x 76B)
Class org.gradle.plugins.ide.internal.tooling.model.DefaultGradleScript               : loaded 2 times (x 77B)
Class org.gradle.plugins.ide.internal.tooling.model.DefaultGradleProject              : loaded 2 times (x 101B)
Class [Lcom.google.common.collect.ImmutableMapEntry;                                  : loaded 2 times (x 69B)
Class com.google.common.collect.ImmutableMultiset                                     : loaded 2 times (x 163B)
Class com.google.common.cache.LocalCache$AccessQueue$1                                : loaded 2 times (x 108B)
Class [Lorg.gradle.internal.service.DefaultServiceRegistry$SingletonService$BindState;: loaded 2 times (x 69B)
Class org.slf4j.helpers.NOPMDCAdapter                                                 : loaded 2 times (x 93B)
Class org.gradle.internal.concurrent.ManagedExecutor                                  : loaded 2 times (x 70B)
Class lombok.eclipse.agent.PatchValEclipsePortal                                      : loaded 2 times (x 71B)
Class org.gradle.internal.concurrent.DefaultExecutorFactory                           : loaded 2 times (x 88B)
Class org.gradle.tooling.internal.adapter.ProtocolToModelAdapter$MixInTypeMappingAction: loaded 2 times (x 81B)
Class org.slf4j.helpers.FormattingTuple                                               : loaded 2 times (x 75B)
Class org.gradle.internal.reflect.NoSuchMethodException                               : loaded 2 times (x 82B)
Class org.gradle.internal.service.ServiceLookupException                              : loaded 2 times (x 82B)
Class org.gradle.tooling.internal.consumer.ProjectConnectionCloseListener             : loaded 2 times (x 70B)
Class org.slf4j.spi.LoggingEventBuilder                                               : loaded 2 times (x 70B)
Class org.gradle.internal.time.MonotonicClock                                         : loaded 2 times (x 77B)
Class org.slf4j.helpers.NOPLoggerFactory                                              : loaded 2 times (x 75B)
Class jdk.internal.jimage.decompressor.Decompressor                                   : loaded 2 times (x 72B)
Class [Lcom.google.common.cache.LocalCache$EntryFactory;                              : loaded 2 times (x 69B)
Class org.gradle.problems.buildtree.ProblemDiagnosticsFactory                         : loaded 2 times (x 70B)
Class org.gradle.internal.service.DefaultServiceRegistry                              : loaded 2 times (x 107B)
Class com.google.common.cache.LocalCache$LocalManualCache                             : loaded 2 times (x 99B)
Class org.gradle.internal.service.ServiceProvider$Visitor                             : loaded 2 times (x 70B)
Class org.gradle.cli.CommandLineParser$OptionParserState                              : loaded 2 times (x 75B)
Class com.google.common.math.IntMath                                                  : loaded 2 times (x 71B)
Class [Lorg.gradle.api.JavaVersion;                                                   : loaded 2 times (x 69B)
Class org.gradle.internal.operations.DefaultBuildOperationIdFactory                   : loaded 2 times (x 76B)
Class com.google.common.collect.MapMakerInternalMap$InternalEntry                     : loaded 2 times (x 70B)
Class org.gradle.internal.service.scopes.Scope$Global                                 : loaded 2 times (x 70B)
Class org.gradle.internal.time.TimeSource                                             : loaded 2 times (x 70B)
Class org.gradle.internal.service.scopes.Scope$BuildSession                           : loaded 2 times (x 70B)
Class org.gradle.internal.service.scopes.Scope$BuildTree                              : loaded 2 times (x 70B)
Class org.gradle.internal.logging.LoggingConfigurationBuildOptions$WarningsOption     : loaded 2 times (x 88B)
Class com.google.common.collect.ImmutableMultimap                                     : loaded 2 times (x 147B)
Class com.google.common.base.Equivalence                                              : loaded 2 times (x 82B)
Class com.google.common.base.Function                                                 : loaded 2 times (x 70B)
Class org.slf4j.helpers.SubstituteLoggerFactory                                       : loaded 2 times (x 81B)
Class org.gradle.util.internal.CollectionUtils                                        : loaded 2 times (x 71B)
Class org.gradle.tooling.internal.adapter.ProtocolToModelAdapter$MixInMappingAction   : loaded 2 times (x 80B)
Class com.google.common.cache.CacheBuilder$OneWeigher                                 : loaded 2 times (x 82B)
Class [Lorg.gradle.internal.service.ServiceRegistry;                                  : loaded 2 times (x 69B)
Class org.gradle.internal.exceptions.ResolutionProvider                               : loaded 2 times (x 70B)
Class org.gradle.internal.logging.events.OutputEvent                                  : loaded 2 times (x 72B)
Class com.google.common.base.Suppliers                                                : loaded 2 times (x 71B)
Class org.gradle.api.logging.configuration.ConsoleOutput                              : loaded 2 times (x 79B)
Class jdk.internal.jimage.ImageBufferCache                                            : loaded 2 times (x 71B)
Class jdk.internal.jrtfs.JrtPath                                                      : loaded 2 times (x 118B)
Class org.gradle.initialization.layout.BuildLayout                                    : loaded 2 times (x 77B)
Class org.gradle.internal.event.ListenerManager                                       : loaded 2 times (x 70B)
Class com.google.common.collect.Maps                                                  : loaded 2 times (x 71B)
Class org.slf4j.helpers.BasicMarker                                                   : loaded 2 times (x 92B)
Class org.gradle.internal.deprecation.DeprecationLogger                               : loaded 2 times (x 71B)
Class [Lorg.gradle.tooling.internal.adapter.MethodInvoker;                            : loaded 2 times (x 69B)
Class org.gradle.internal.logging.events.ProgressCompleteEvent                        : loaded 2 times (x 77B)
Class org.gradle.internal.reflect.ReflectionCache                                     : loaded 2 times (x 75B)
Class org.gradle.api.specs.Spec                                                       : loaded 2 times (x 70B)
Class org.gradle.internal.service.ServiceValidationException                          : loaded 2 times (x 82B)
Class org.gradle.internal.time.TimeSource$1                                           : loaded 2 times (x 77B)
Class org.gradle.internal.concurrent.AbstractDelegatingExecutorService                : loaded 2 times (x 110B)
Class org.gradle.internal.deprecation.DeprecationLogger$1                             : loaded 2 times (x 83B)
Class com.google.common.collect.MapMaker                                              : loaded 2 times (x 72B)
Class org.gradle.internal.buildoption.BuildOptionSet$1                                : loaded 2 times (x 80B)
Class org.gradle.internal.logging.progress.ProgressLoggerFactory                      : loaded 2 times (x 70B)
Class org.gradle.internal.service.AnnotatedServiceLifecycleHandler$Registration       : loaded 2 times (x 70B)
Class org.gradle.internal.logging.events.CategorisedOutputEvent                       : loaded 2 times (x 76B)
Class org.gradle.plugins.ide.internal.tooling.model.LaunchableGradleTask              : loaded 2 times (x 104B)
Class org.gradle.internal.buildoption.BuildOptionSet$2                                : loaded 2 times (x 76B)
Class com.google.common.cache.LocalCache$LoadingValueReference                        : loaded 2 times (x 96B)
Class org.gradle.internal.service.DefaultServiceLocator$ServiceFactory                : loaded 2 times (x 78B)
Class org.gradle.internal.concurrent.ExecutorFactory                                  : loaded 2 times (x 70B)
Class org.gradle.tooling.model.BuildModel                                             : loaded 2 times (x 70B)
Class org.gradle.initialization.SettingsLocation                                      : loaded 2 times (x 75B)
Class [Lorg.slf4j.helpers.Reporter$TargetChoice;                                      : loaded 2 times (x 69B)
Class org.gradle.internal.time.Clock                                                  : loaded 2 times (x 70B)
Class org.slf4j.LoggerFactory                                                         : loaded 2 times (x 71B)
Class jdk.internal.jimage.decompressor.ResourceDecompressorRepository                 : loaded 2 times (x 71B)
Class com.google.common.collect.Maps$8                                                : loaded 2 times (x 82B)
Class org.gradle.internal.scripts.ScriptingLanguages                                  : loaded 2 times (x 71B)
Class org.gradle.tooling.internal.adapter.TypeInspector                               : loaded 2 times (x 73B)
Class org.gradle.tooling.internal.adapter.ProtocolToModelAdapter$NoOpDecoration       : loaded 2 times (x 79B)
Class jdk.internal.jimage.ImageReader$Directory                                       : loaded 2 times (x 84B)
Class com.google.common.collect.Sets$SetView                                          : loaded 2 times (x 139B)
Class org.gradle.internal.concurrent.DefaultExecutorFactory$TrackedManagedExecutor    : loaded 2 times (x 141B)
Class org.gradle.tooling.internal.consumer.parameters.FailsafeBuildProgressListenerAdapter: loaded 2 times (x 79B)
Class com.google.common.cache.LocalCache$StrongValueReference                         : loaded 2 times (x 90B)
Class org.gradle.internal.classloader.FilteringClassLoader$Spec                       : loaded 2 times (x 86B)
Class com.google.common.graph.SuccessorsFunction                                      : loaded 2 times (x 70B)
Class org.gradle.problems.buildtree.ProblemStream$StackTraceTransformer               : loaded 2 times (x 70B)
Class org.gradle.internal.featurelifecycle.LoggingDeprecatedFeatureHandler            : loaded 2 times (x 81B)
Class [Lcom.google.common.cache.CacheBuilder$OneWeigher;                              : loaded 2 times (x 69B)
Class org.gradle.internal.classloader.VisitableURLClassLoader$InstrumentingVisitableURLClassLoader: loaded 2 times (x 123B)
Class org.gradle.internal.service.DefaultServiceRegistry$SingletonService$BindState   : loaded 2 times (x 79B)
Class com.google.common.io.Files$FileByteSink                                         : loaded 2 times (x 77B)
Class com.google.common.collect.MapMakerInternalMap$Strength                          : loaded 2 times (x 80B)
Class com.google.common.collect.MapMakerInternalMap$AbstractWeakKeyEntry              : loaded 2 times (x 87B)
Class [Lcom.google.common.cache.CacheBuilder$NullListener;                            : loaded 2 times (x 69B)
Class com.google.common.math.IntMath$1                                                : loaded 2 times (x 71B)
Class org.gradle.internal.classloader.VisitableURLClassLoader$Spec                    : loaded 2 times (x 74B)
Class org.gradle.internal.classpath.DefaultClassPath                                  : loaded 2 times (x 90B)
Class lombok.core.AST                                                                 : loaded 2 times (x 93B)
Class org.gradle.tooling.events.OperationType                                         : loaded 2 times (x 79B)
Class org.gradle.internal.deprecation.DeprecationMessageBuilder                       : loaded 2 times (x 91B)
Class org.gradle.internal.service.RelevantMethods$RelevantMethodsBuilder              : loaded 2 times (x 74B)
Class org.gradle.util.internal.DefaultGradleVersion                                   : loaded 2 times (x 82B)
Class org.gradle.internal.event.BroadcastDispatch$EmptyDispatch                       : loaded 2 times (x 92B)
Class jdk.internal.jimage.decompressor.ZipDecompressorFactory                         : loaded 2 times (x 74B)
Class jdk.internal.jimage.decompressor.StringSharingDecompressorFactory               : loaded 2 times (x 74B)
Class org.slf4j.helpers.BasicMDCAdapter$1                                             : loaded 2 times (x 86B)
Class org.gradle.api.reflect.ObjectInstantiationException                             : loaded 2 times (x 82B)
Class org.gradle.internal.classloader.ClassLoaderSpec                                 : loaded 2 times (x 71B)
Class org.gradle.internal.operations.CurrentBuildOperationRef                         : loaded 2 times (x 79B)
Class org.slf4j.helpers.Util                                                          : loaded 2 times (x 71B)
Class com.google.common.cache.CacheStats                                              : loaded 2 times (x 71B)
Class org.gradle.internal.scripts.DefaultScriptFileResolver                           : loaded 2 times (x 78B)
Class org.slf4j.IMarkerFactory                                                        : loaded 2 times (x 70B)
Class com.google.common.io.LineProcessor                                              : loaded 2 times (x 70B)
Class org.gradle.tooling.internal.adapter.MethodInvocation                            : loaded 2 times (x 85B)
Class org.gradle.internal.buildoption.Option$Value                                    : loaded 2 times (x 73B)
Class org.gradle.tooling.internal.adapter.ProtocolToModelAdapter$DefaultViewBuilder   : loaded 2 times (x 80B)
Class com.google.common.collect.MapMakerInternalMap$WeakKeyStrongValueEntry$LinkedWeakKeyStrongValueEntry: loaded 2 times (x 90B)
Class org.gradle.api.problems.ProblemSpec                                             : loaded 2 times (x 70B)
Class org.gradle.internal.UncheckedException                                          : loaded 2 times (x 82B)
Class org.gradle.internal.event.DefaultListenerManager                                : loaded 2 times (x 99B)
Class org.gradle.initialization.DefaultBuildCancellationToken                         : loaded 2 times (x 82B)
Class org.gradle.api.logging.configuration.ShowStacktrace                             : loaded 2 times (x 79B)
Class org.gradle.internal.buildoption.PropertiesConverter                             : loaded 2 times (x 70B)
Class com.google.common.base.Supplier                                                 : loaded 2 times (x 70B)
Class org.gradle.internal.classloader.VisitableURLClassLoader                         : loaded 2 times (x 117B)
Class org.gradle.internal.service.DefaultServiceRegistry$FixedInstanceService         : loaded 2 times (x 94B)
Class org.gradle.tooling.internal.adapter.ProtocolToModelAdapter$ViewGraphDetails$1   : loaded 2 times (x 77B)
Class lombok.eclipse.agent.PatchDelegate                                              : loaded 2 times (x 71B)
Class org.gradle.internal.scripts.ScriptFileResolver                                  : loaded 2 times (x 70B)
Class org.gradle.internal.Cast                                                        : loaded 2 times (x 71B)
Class org.gradle.api.Action                                                           : loaded 2 times (x 70B)
Class org.gradle.internal.logging.events.operations.ProgressStartBuildOperationProgressDetails: loaded 2 times (x 70B)
Class org.gradle.internal.logging.events.ProgressStartEvent                           : loaded 2 times (x 97B)
Class com.google.common.collect.Sets                                                  : loaded 2 times (x 71B)
Class com.google.common.collect.MapMakerInternalMap                                   : loaded 2 times (x 161B)
Class com.google.common.base.Ticker                                                   : loaded 2 times (x 72B)
Class org.gradle.internal.service.ServiceCreationException                            : loaded 2 times (x 82B)
Class org.slf4j.helpers.BasicMarkerFactory                                            : loaded 2 times (x 82B)
Class lombok.eclipse.agent.PatchDelegate$1                                            : loaded 2 times (x 83B)
Class jdk.internal.jimage.decompressor.ZipDecompressor                                : loaded 2 times (x 75B)
Class org.slf4j.helpers.Reporter                                                      : loaded 2 times (x 71B)
Class com.google.common.cache.RemovalCause$1                                          : loaded 2 times (x 80B)
Class [Lcom.google.common.cache.LocalCache$Segment;                                   : loaded 2 times (x 69B)
Class com.google.common.base.Predicate                                                : loaded 2 times (x 70B)
Class [Lcom.google.common.cache.LocalCache$Strength;                                  : loaded 2 times (x 69B)
Class com.google.common.cache.CacheBuilder$1                                          : loaded 2 times (x 85B)
Class org.gradle.internal.classpath.DefaultClassPath$ImmutableUniqueList$Builder      : loaded 2 times (x 75B)
Class com.google.common.cache.RemovalCause$2                                          : loaded 2 times (x 80B)
Class com.google.common.collect.MapMakerInternalMap$WeakValueReference                : loaded 2 times (x 70B)
Class org.gradle.cli.AbstractCommandLineConverter                                     : loaded 2 times (x 79B)
Class com.google.common.cache.LocalCache                                              : loaded 2 times (x 187B)
Class com.google.common.cache.CacheBuilder$2                                          : loaded 2 times (x 79B)
Class org.gradle.internal.service.scopes.StatefulListener                             : loaded 2 times (x 70B)
Class org.gradle.internal.service.scopes.Scope                                        : loaded 2 times (x 70B)
Class org.gradle.tooling.internal.adapter.WeakIdentityHashMap$AbsentValueProvider     : loaded 2 times (x 70B)
Class lombok.eclipse.EcjAugments$EclipseAugments                                      : loaded 2 times (x 71B)
Class com.google.common.collect.ImmutableEntry                                        : loaded 2 times (x 82B)
Class com.google.common.cache.RemovalCause$3                                          : loaded 2 times (x 80B)
Class org.gradle.api.logging.configuration.WarningMode                                : loaded 2 times (x 79B)
Class com.google.common.cache.CacheBuilder$3                                          : loaded 2 times (x 72B)
Class org.gradle.internal.scripts.ScriptingLanguages$1                                : loaded 2 times (x 78B)
Class org.gradle.tooling.internal.adapter.ViewBuilder                                 : loaded 2 times (x 70B)
Class org.gradle.api.GradleException                                                  : loaded 2 times (x 82B)
Class org.gradle.internal.exceptions.NonGradleCauseExceptionsHolder                   : loaded 2 times (x 70B)
Class lombok.core.FieldAugment$MapFieldAugment                                        : loaded 2 times (x 80B)
Class com.google.common.cache.RemovalCause$4                                          : loaded 2 times (x 80B)
Class org.gradle.internal.logging.LoggingConfigurationBuildOptions$StacktraceOption   : loaded 2 times (x 88B)
Class org.gradle.tooling.internal.adapter.ProtocolToModelAdapter$TypeSpecificMappingAction: loaded 2 times (x 81B)
Class com.google.common.collect.CollectPreconditions                                  : loaded 2 times (x 71B)
Class org.gradle.internal.service.Service                                             : loaded 2 times (x 70B)
Class org.gradle.internal.operations.BuildOperationInvocationException                : loaded 2 times (x 82B)
Class jdk.internal.jimage.ImageStrings                                                : loaded 2 times (x 70B)
Class com.google.common.cache.RemovalCause$5                                          : loaded 2 times (x 80B)
Class com.google.common.collect.SortedMapDifference                                   : loaded 2 times (x 70B)
Class [Lcom.google.common.collect.MapMakerInternalMap$Strength;                       : loaded 2 times (x 69B)
Class com.google.common.io.Files                                                      : loaded 2 times (x 71B)
Class org.gradle.problems.ProblemDiagnostics                                          : loaded 2 times (x 70B)
Class com.google.common.cache.LocalCache$EntryFactory                                 : loaded 2 times (x 83B)
Class org.gradle.tooling.internal.adapter.ProtocolToModelAdapter$ReflectionMethodInvoker: loaded 2 times (x 76B)
Class lombok.launch.ClassFileMetaData                                                 : loaded 2 times (x 87B)
Class [Lorg.gradle.tooling.events.OperationType;                                      : loaded 2 times (x 69B)
Class org.gradle.internal.logging.events.ProgressEvent                                : loaded 2 times (x 76B)
Class com.google.common.cache.LocalCache$AbstractReferenceEntry                       : loaded 2 times (x 107B)
Class com.google.common.collect.Iterables$5                                           : loaded 2 times (x 81B)
Class org.gradle.api.internal.DocumentationRegistry                                   : loaded 2 times (x 83B)
Class org.gradle.internal.IoActions                                                   : loaded 2 times (x 71B)
Class org.gradle.tooling.internal.adapter.TargetTypeProvider                          : loaded 2 times (x 70B)
Class org.slf4j.helpers.NormalizedParameters                                          : loaded 2 times (x 75B)
Class com.google.common.cache.LocalCache$WeakEntry                                    : loaded 2 times (x 116B)
Class org.gradle.cli.CommandLineConverter                                             : loaded 2 times (x 70B)
Class com.google.common.cache.CacheLoader$InvalidCacheLoadException                   : loaded 2 times (x 82B)
Class lombok.eclipse.agent.PatchDelegate$DelegateRecursion                            : loaded 2 times (x 82B)
Class lombok.core.FieldAugment                                                        : loaded 2 times (x 77B)
Class org.gradle.cli.CommandLineParser$MissingOptionArgState                          : loaded 2 times (x 77B)
Class org.gradle.cli.CommandLineParser$ParserState                                    : loaded 2 times (x 76B)
Class com.google.common.cache.LocalCache$StrongEntry                                  : loaded 2 times (x 108B)
Class com.google.common.cache.LoadingCache                                            : loaded 2 times (x 70B)
Class com.google.common.collect.FluentIterable                                        : loaded 2 times (x 81B)
Class org.gradle.internal.classloader.ClassLoaderUtils$AbstractClassLoaderLookuper    : loaded 2 times (x 73B)
Class org.gradle.internal.event.ScopedListenerManager                                 : loaded 2 times (x 70B)
Class org.gradle.internal.service.DefaultServiceRegistry$ClassInspector               : loaded 2 times (x 74B)
Class org.gradle.internal.exceptions.MultiCauseException                              : loaded 2 times (x 70B)
Class org.gradle.internal.time.CountdownTimer                                         : loaded 2 times (x 70B)
Class org.gradle.cli.CommandLineParser                                                : loaded 2 times (x 79B)
Class org.gradle.tooling.internal.adapter.ProtocolToModelAdapter$InvocationHandlerImpl: loaded 2 times (x 77B)
Class org.gradle.internal.operations.OperationIdentifier                              : loaded 2 times (x 72B)
Class org.gradle.internal.buildoption.AbstractBuildOption                             : loaded 2 times (x 86B)
Class [Lcom.google.common.cache.Weigher;                                              : loaded 2 times (x 69B)
Class org.gradle.internal.classloader.ClassLoaderUtils$ClassLoaderPackagesFetcher     : loaded 2 times (x 70B)
Class org.gradle.internal.reflect.ReflectionCache$CacheEntry                          : loaded 2 times (x 72B)
Class org.gradle.internal.SystemProperties                                            : loaded 2 times (x 83B)
Class jdk.internal.jrtfs.JrtFileSystem                                                : loaded 2 times (x 102B)
Class org.gradle.cli.CommandLineParser$OptionString                                   : loaded 2 times (x 73B)
Class com.google.common.collect.ImmutableMultimap$1                                   : loaded 2 times (x 82B)
Class org.slf4j.MDC                                                                   : loaded 2 times (x 72B)
Class jdk.internal.jimage.decompressor.CompressedResourceHeader                       : loaded 2 times (x 71B)
Class com.google.common.collect.ImmutableMultimap$2                                   : loaded 2 times (x 81B)
Class com.google.common.cache.LocalCache$ValueReference                               : loaded 2 times (x 70B)
Class [Lorg.gradle.internal.service.Service;                                          : loaded 2 times (x 69B)
Class org.gradle.tooling.internal.adapter.ProtocolToModelAdapter$SafeMethodInvoker    : loaded 2 times (x 76B)
Class org.gradle.tooling.internal.adapter.WeakIdentityHashMap$WeakKey                 : loaded 2 times (x 79B)
Class org.gradle.internal.exceptions.DefaultMultiCauseException                       : loaded 2 times (x 95B)
Class com.google.common.util.concurrent.ExecutionError                                : loaded 2 times (x 82B)
Class [Lorg.gradle.internal.logging.progress.DefaultProgressLoggerFactory$State;      : loaded 2 times (x 69B)
Class org.gradle.internal.concurrent.ThreadFactoryImpl                                : loaded 2 times (x 76B)
Class org.slf4j.helpers.MessageFormatter                                              : loaded 2 times (x 71B)
Class com.google.common.base.Equivalence$Equals                                       : loaded 2 times (x 82B)
Class com.google.common.collect.Hashing                                               : loaded 2 times (x 71B)
Class org.gradle.internal.service.ServiceProvider                                     : loaded 2 times (x 70B)
Class org.gradle.internal.logging.LoggingConfigurationBuildOptions                    : loaded 2 times (x 76B)
Class org.gradle.tooling.model.build.GradleEnvironment                                : loaded 2 times (x 70B)
Class com.google.common.collect.ImmutableEnumSet                                      : loaded 2 times (x 146B)
Class [Lcom.google.common.cache.RemovalCause;                                         : loaded 2 times (x 69B)
Class com.google.common.base.Joiner$1                                                 : loaded 2 times (x 81B)
Class org.gradle.internal.buildoption.AbstractBuildOption$OptionValue                 : loaded 2 times (x 74B)
Class org.gradle.internal.time.Time                                                   : loaded 2 times (x 71B)
Class org.slf4j.helpers.NOP_FallbackServiceProvider                                   : loaded 2 times (x 84B)
Class lombok.core.FieldAugment$ReflectionFieldAugment                                 : loaded 2 times (x 78B)
Class jdk.internal.jimage.BasicImageReader                                            : loaded 2 times (x 95B)
Class org.gradle.tooling.GradleConnector                                              : loaded 2 times (x 79B)
Class com.google.common.base.Joiner$2                                                 : loaded 2 times (x 80B)
Class com.google.common.collect.MapMakerInternalMap$InternalEntryHelper               : loaded 2 times (x 70B)
Class com.google.common.cache.LocalCache$EntryFactory$1                               : loaded 2 times (x 83B)
Class [Lcom.google.common.cache.RemovalListener;                                      : loaded 2 times (x 69B)
Class org.gradle.internal.service.DefaultServiceRegistry$State                        : loaded 2 times (x 79B)
Class lombok.eclipse.agent.PatchDelegate$CantMakeDelegates                            : loaded 2 times (x 82B)
Class org.gradle.internal.concurrent.ExecutorPolicy                                   : loaded 2 times (x 70B)
Class com.google.common.cache.LocalCache$EntryFactory$2                               : loaded 2 times (x 83B)
Class org.gradle.internal.buildoption.Option                                          : loaded 2 times (x 70B)
Class org.gradle.internal.service.DefaultServiceRegistry$SingletonService             : loaded 2 times (x 94B)
Class org.gradle.internal.service.DefaultServiceRegistry$FactoryService               : loaded 2 times (x 97B)
Class org.gradle.internal.classloader.ClassLoaderHierarchy                            : loaded 2 times (x 70B)
Class com.google.common.collect.Maps$BiMapConverter                                   : loaded 2 times (x 90B)
Class [Lcom.google.common.collect.MapMakerInternalMap$Segment;                        : loaded 2 times (x 69B)
Class com.google.common.cache.LocalCache$EntryFactory$3                               : loaded 2 times (x 83B)
Class com.google.common.base.Ticker$1                                                 : loaded 2 times (x 72B)
Class org.gradle.internal.concurrent.Stoppable                                        : loaded 2 times (x 70B)
Class org.gradle.internal.event.AbstractBroadcastDispatch                             : loaded 2 times (x 78B)
Class lombok.eclipse.agent.PatchDelegate$DelegateReceiver                             : loaded 2 times (x 80B)
Class org.gradle.internal.buildoption.Option$Value$1                                  : loaded 2 times (x 74B)
Class org.gradle.internal.featurelifecycle.FeatureHandler                             : loaded 2 times (x 70B)
Class com.google.common.cache.LocalCache$EntryFactory$4                               : loaded 2 times (x 83B)
Class org.gradle.internal.classloader.ClassLoaderUtils$Java9PackagesFetcher           : loaded 2 times (x 77B)
Class com.google.common.collect.ImmutableSet$Builder                                  : loaded 2 times (x 85B)
Class org.gradle.internal.service.ContainsServices                                    : loaded 2 times (x 70B)
Class org.slf4j.helpers.SubstituteServiceProvider                                     : loaded 2 times (x 85B)
Class [Lorg.gradle.internal.operations.BuildOperationCategory;                        : loaded 2 times (x 69B)
Class org.gradle.internal.concurrent.AsyncStoppable                                   : loaded 2 times (x 70B)
Class org.gradle.tooling.model.build.JavaEnvironment                                  : loaded 2 times (x 70B)
Class org.gradle.tooling.model.build.BuildEnvironment                                 : loaded 2 times (x 70B)
Class org.gradle.internal.buildoption.Option$Value$2                                  : loaded 2 times (x 74B)
Class com.google.common.cache.LocalCache$EntryFactory$5                               : loaded 2 times (x 83B)
Class org.gradle.internal.service.scopes.ListenerService                              : loaded 2 times (x 70B)
Class com.google.common.collect.MapMakerInternalMap$WeakKeyStrongValueSegment         : loaded 2 times (x 142B)
Class com.google.common.cache.LocalCache$EntryFactory$6                               : loaded 2 times (x 83B)
Class org.gradle.internal.time.Timer                                                  : loaded 2 times (x 70B)
Class lombok.eclipse.agent.PatchDelegatePortal$Reflection                             : loaded 2 times (x 71B)
Class lombok.core.FieldAugment$InterfaceFieldAugment                                  : loaded 2 times (x 78B)
Class org.gradle.internal.event.ListenerNotificationException                         : loaded 2 times (x 96B)
Class org.gradle.internal.service.DefaultServiceRegistry$FactoryMethodService         : loaded 2 times (x 97B)
Class org.gradle.tooling.model.DomainObjectSet                                        : loaded 2 times (x 70B)
Class org.gradle.tooling.internal.adapter.ProtocolToModelAdapter$ChainedMethodInvoker : loaded 2 times (x 76B)
Class com.google.common.cache.LocalCache$EntryFactory$7                               : loaded 2 times (x 83B)
Class com.google.common.collect.ImmutableSet$EmptySetBuilderImpl                      : loaded 2 times (x 76B)
Class org.gradle.internal.service.DefaultServiceLocator                               : loaded 2 times (x 83B)
Class org.gradle.tooling.internal.adapter.ProtocolToModelAdapter$ViewGraphDetails     : loaded 2 times (x 72B)
Class org.gradle.internal.reflect.JavaMethod                                          : loaded 2 times (x 77B)
Class org.gradle.internal.deprecation.DeprecationLogger$ExplicitDeprecationMessageBuilder: loaded 2 times (x 92B)
Class com.google.common.collect.ImmutableMultimap$EntryCollection                     : loaded 2 times (x 128B)
Class com.google.common.cache.LocalCache$EntryFactory$8                               : loaded 2 times (x 83B)
Class org.gradle.internal.service.DefaultServiceRegistry$OwnServices                  : loaded 2 times (x 85B)
Class org.gradle.util.GradleVersion                                                   : loaded 2 times (x 81B)
Class org.gradle.internal.classloader.FilteringClassLoader                            : loaded 2 times (x 105B)
Class org.gradle.internal.classloader.ClassLoaderUtils$LookupClassDefiner             : loaded 2 times (x 79B)
Class org.gradle.cli.CommandLineParser$AfterOptions                                   : loaded 2 times (x 77B)
Class org.gradle.util.internal.GUtil                                                  : loaded 2 times (x 71B)
Class org.gradle.internal.service.Provides                                            : loaded 2 times (x 70B)
Class org.gradle.tooling.internal.adapter.ProtocolToModelAdapter$MethodInvocationCache$MethodInvocationKey: loaded 2 times (x 73B)
Class com.google.common.io.ByteSource                                                 : loaded 2 times (x 84B)
Class org.gradle.api.internal.jvm.JavaVersionParser                                   : loaded 2 times (x 71B)
Class com.google.common.cache.AbstractCache$StatsCounter                              : loaded 2 times (x 70B)
Class org.gradle.tooling.internal.consumer.ConnectionParameters                       : loaded 2 times (x 70B)
Class org.gradle.internal.classloader.FilteringClassLoader$TrieSet                    : loaded 2 times (x 82B)
Class com.google.common.base.Equivalence$Identity                                     : loaded 2 times (x 82B)
Class com.google.common.base.PairwiseEquivalence                                      : loaded 2 times (x 83B)
Class com.google.common.collect.MapMakerInternalMap$1                                 : loaded 2 times (x 83B)
Class org.gradle.internal.buildoption.CommandLineOptionConfiguration                  : loaded 2 times (x 80B)
Class org.gradle.internal.FileUtils                                                   : loaded 2 times (x 71B)
Class org.gradle.tooling.internal.adapter.WeakIdentityHashMap                         : loaded 2 times (x 76B)
Class org.gradle.tooling.internal.adapter.ProtocolToModelAdapter$1                    : loaded 2 times (x 75B)
Class org.gradle.tooling.internal.adapter.ProtocolToModelAdapter$ViewDecoration       : loaded 2 times (x 70B)
Class org.gradle.tooling.internal.consumer.DefaultGradleConnector                     : loaded 2 times (x 90B)
Class org.gradle.internal.event.ListenerBroadcast                                     : loaded 2 times (x 92B)
Class org.gradle.tooling.GradleConnectionException                                    : loaded 2 times (x 83B)
Class org.gradle.internal.logging.LoggingConfigurationBuildOptions$ConsoleOption      : loaded 2 times (x 88B)
Class com.google.common.collect.Iterables                                             : loaded 2 times (x 71B)
Class org.gradle.util.internal.ArrayUtils                                             : loaded 2 times (x 71B)
Class org.gradle.tooling.internal.adapter.MethodInvoker                               : loaded 2 times (x 70B)
Class lombok.launch.Main                                                              : loaded 2 times (x 71B)
Class jdk.internal.jimage.decompressor.ResourceDecompressor$StringsProvider           : loaded 2 times (x 70B)
Class lombok.eclipse.agent.PatchDelegate$EclipseOnlyMethods                           : loaded 2 times (x 71B)
Class org.gradle.internal.logging.progress.DefaultProgressLoggerFactory$ProgressLoggerImpl: loaded 2 times (x 92B)
Class org.gradle.tooling.model.internal.Exceptions                                    : loaded 2 times (x 71B)
Class org.slf4j.helpers.BasicMDCAdapter                                               : loaded 2 times (x 95B)
Class org.gradle.tooling.UnsupportedVersionException                                  : loaded 2 times (x 83B)
Class lombok.core.FieldAugment$MapWeakFieldAugment                                    : loaded 2 times (x 82B)
Class lombok.eclipse.agent.PatchValEclipsePortal$Reflection                           : loaded 2 times (x 71B)

---------------  S Y S T E M  ---------------

OS:
 Windows 11 , 64 bit Build 26100 (10.0.26100.8875)
OS uptime: 1 days 0:01 hours
Hyper-V role detected

CPU: total 10 (initial active 10) (10 cores per cpu, 1 threads per core) family 6 model 198 stepping 2 microcode 0x118, cx8, cmov, fxsr, mmx, 3dnowpref, sse, sse2, sse3, ssse3, sse4.1, sse4.2, popcnt, lzcnt, tsc, tscinvbit, avx, avx2, aes, erms, clmul, bmi1, bmi2, adx, sha, fma, vzeroupper, clflush, clflushopt, clwb, hv, serialize, rdtscp, rdpid, fsrm, f16c, cet_ibt, cet_ss
Processor Information for processor 0
  Max Mhz: 3300, Current Mhz: 3300, Mhz Limit: 3300
Processor Information for processor 1
  Max Mhz: 3300, Current Mhz: 3300, Mhz Limit: 3300
Processor Information for processor 2
  Max Mhz: 2700, Current Mhz: 2700, Mhz Limit: 2700
Processor Information for processor 3
  Max Mhz: 2700, Current Mhz: 2700, Mhz Limit: 2700
Processor Information for processor 4
  Max Mhz: 2700, Current Mhz: 2700, Mhz Limit: 2700
Processor Information for processor 5
  Max Mhz: 2700, Current Mhz: 2700, Mhz Limit: 2700
Processor Information for processor 6
  Max Mhz: 3300, Current Mhz: 3300, Mhz Limit: 3300
Processor Information for processor 7
  Max Mhz: 3300, Current Mhz: 3300, Mhz Limit: 3300
Processor Information for processor 8
  Max Mhz: 3300, Current Mhz: 3300, Mhz Limit: 3300
Processor Information for processor 9
  Max Mhz: 3300, Current Mhz: 3300, Mhz Limit: 3300

Memory: 4k page, system-wide physical 15751M (526M free)
TotalPageFile size 54151M (AvailPageFile size 14M)
current process WorkingSet (physical memory assigned to process): 50M, peak: 403M
current process commit charge ("private bytes"): 624M, peak: 629M

vm_info: OpenJDK 64-Bit Server VM (21.0.10+-14961533-b1163.108) for windows-amd64 JRE (21.0.10+-14961533-b1163.108), built on 2026-03-02T19:58:50Z by "builder" with MS VC++ 16.10 / 16.11 (VS2019)

END.
