#
# There is insufficient memory for the Java Runtime Environment to continue.
# Native memory allocation (malloc) failed to allocate 1093456 bytes. Error detail: Chunk::new
# Possible reasons:
#   The system is out of physical RAM or swap space
#   This process is running with CompressedOops enabled, and the Java Heap may be blocking the growth of the native heap
# Possible solutions:
#   Reduce memory load on the system
#   Increase physical memory or swap space
#   Check if swap backing store is full
#   Decrease Java heap size (-Xmx/-Xms)
#   Decrease number of Java threads
#   Decrease Java thread stack sizes (-Xss)
#   Set larger code cache with -XX:ReservedCodeCacheSize=
#   JVM is running with Unscaled Compressed Oops mode in which the Java heap is
#     placed in the first 4GB address space. The Java Heap base address is the
#     maximum limit for the native heap growth. Please use -XX:HeapBaseMinAddress
#     to set the Java Heap base and to place the Java Heap above 4GB virtual address.
# This output file may be truncated or incomplete.
#
#  Out of Memory Error (arena.cpp:191), pid=23648, tid=28576
#
# JRE version: OpenJDK Runtime Environment Microsoft-13877129 (17.0.19+10) (build 17.0.19+10-LTS)
# Java VM: OpenJDK 64-Bit Server VM Microsoft-13877129 (17.0.19+10-LTS, mixed mode, sharing, tiered, compressed oops, compressed class ptrs, g1 gc, windows-amd64)
# No core dump will be written. Minidumps are not enabled by default on client versions of Windows
#

---------------  S U M M A R Y ------------

Command Line: --add-opens=java.base/java.lang=ALL-UNNAMED --add-opens=java.base/java.lang.invoke=ALL-UNNAMED --add-opens=java.base/java.util=ALL-UNNAMED --add-opens=java.prefs/java.util.prefs=ALL-UNNAMED --add-exports=jdk.compiler/com.sun.tools.javac.api=ALL-UNNAMED --add-exports=jdk.compiler/com.sun.tools.javac.util=ALL-UNNAMED --add-opens=java.base/java.util=ALL-UNNAMED --add-opens=java.prefs/java.util.prefs=ALL-UNNAMED --add-opens=java.base/java.nio.charset=ALL-UNNAMED --add-opens=java.base/java.net=ALL-UNNAMED --add-opens=java.base/java.util.concurrent=ALL-UNNAMED --add-opens=java.base/java.util.concurrent.atomic=ALL-UNNAMED --add-opens=java.xml/javax.xml.namespace=ALL-UNNAMED --add-opens=java.base/java.time=ALL-UNNAMED -Xmx2048m -Dfile.encoding=UTF-8 -Duser.country=CN -Duser.language=zh -Duser.variant -javaagent:C:\Users\16696\.gradle\wrapper\dists\gradle-9.4.1-bin\arn2x92ynaizyzdaamcbpbhtj\gradle-9.4.1\lib\agents\gradle-instrumentation-agent-9.4.1.jar org.gradle.launcher.daemon.bootstrap.GradleDaemon 9.4.1

Host: Intel(R) Core(TM) Ultra 5 225, 10 cores, 15G,  Windows 11 , 64 bit Build 26100 (10.0.26100.8521)
Time: Thu Jul 16 10:41:07 2026  Windows 11 , 64 bit Build 26100 (10.0.26100.8521) elapsed time: 26.808637 seconds (0d 0h 0m 26s)

---------------  T H R E A D  ---------------

Current thread (0x00000187600148a0):  JavaThread "C2 CompilerThread0" daemon [_thread_in_native, id=28576, stack(0x0000006dffa00000,0x0000006dffb00000)]


Current CompileTask:
C2:26808 16520   !   4       com.android.utils.PositionXmlParser$DomBuilder::startElement (275 bytes)

Stack: [0x0000006dffa00000,0x0000006dffb00000]
Native frames: (J=compiled Java code, j=interpreted, Vv=VM code, C=native code)
V  [jvm.dll+0x68cc89]  (no source info available)
V  [jvm.dll+0x845d89]  (no source info available)
V  [jvm.dll+0x847af8]  (no source info available)
V  [jvm.dll+0x848183]  (no source info available)
V  [jvm.dll+0x24d0bf]  (no source info available)
V  [jvm.dll+0xaed56]  (no source info available)
V  [jvm.dll+0xaf3fc]  (no source info available)
V  [jvm.dll+0x2b4cdf]  (no source info available)
V  [jvm.dll+0x594a44]  (no source info available)
V  [jvm.dll+0x226ed4]  (no source info available)
V  [jvm.dll+0x2272dd]  (no source info available)
V  [jvm.dll+0x220233]  (no source info available)
V  [jvm.dll+0x21d305]  (no source info available)
V  [jvm.dll+0x1a8db6]  (no source info available)
V  [jvm.dll+0x22dc6b]  (no source info available)
V  [jvm.dll+0x22bdf6]  (no source info available)
V  [jvm.dll+0x7fbecb]  (no source info available)
V  [jvm.dll+0x7f62cc]  (no source info available)
V  [jvm.dll+0x68e227]  (no source info available)
C  [ucrtbase.dll+0x2cd30]  (no source info available)
C  [KERNEL32.DLL+0x2e957]  (no source info available)
C  [ntdll.dll+0x87c1c]  (no source info available)


---------------  P R O C E S S  ---------------

Threads class SMR info:
_java_thread_list=0x00000187664355d0, length=82, elements={
0x000001877c549ca0, 0x000001871acd5c90, 0x000001871acd8570, 0x000001876000fa80,
0x0000018760010350, 0x0000018760010c20, 0x0000018760013ca0, 0x00000187600148a0,
0x0000018760018f80, 0x0000018760038820, 0x0000018760158360, 0x00000187601f19a0,
0x000001876122b450, 0x0000018761d8bfb0, 0x00000187626967f0, 0x00000187627200e0,
0x00000187627775f0, 0x0000018762933ad0, 0x0000018762935420, 0x0000018762933fe0,
0x0000018762935e40, 0x0000018762934f10, 0x0000018762936350, 0x0000018762936860,
0x0000018762a30570, 0x0000018762a31ec0, 0x0000018762a30a80, 0x0000018762a30f90,
0x0000018762a319b0, 0x0000018762a30060, 0x0000018762a34230, 0x0000018762a32df0,
0x0000018762a33810, 0x0000018762a36ab0, 0x0000018766e4a430, 0x0000018766e4c7a0,
0x0000018766e4c290, 0x0000018766e4e0f0, 0x0000018766e4e600, 0x0000018766e4ae50,
0x0000018766e4eb10, 0x0000018766e4f020, 0x0000018766ea6e90, 0x0000018766eaa3b0,
0x0000018766e4b870, 0x0000018766e50970, 0x0000018766e50e80, 0x0000018766e51390,
0x0000018766e518a0, 0x0000018766e4fa40, 0x0000018766e4ff50, 0x0000018766e50460,
0x0000018766ecd920, 0x0000018766ecf270, 0x0000018766ecd410, 0x0000018766ecf780,
0x0000018766ece340, 0x0000018766ece850, 0x0000018766ed01a0, 0x0000018766ecc9f0,
0x0000018766ed2000, 0x0000018766ed06b0, 0x0000018766ed10d0, 0x0000018762a33300,
0x0000018762a34740, 0x0000018762a33d20, 0x0000018762a34c50, 0x0000018762a314a0,
0x0000018762a35160, 0x0000018762a35b80, 0x0000018762a35670, 0x0000018762a323d0,
0x0000018762a36090, 0x0000018762a328e0, 0x0000018762a365a0, 0x0000018762a36fc0,
0x00000187629335c0, 0x00000187629330b0, 0x00000187629344f0, 0x0000018762934a00,
0x0000018762935930, 0x0000018766ecfc90
}

Java Threads: ( => current thread )
  0x000001877c549ca0 JavaThread "main" [_thread_blocked, id=23304, stack(0x0000006dfed00000,0x0000006dfee00000)]
  0x000001871acd5c90 JavaThread "Reference Handler" daemon [_thread_blocked, id=18348, stack(0x0000006dff400000,0x0000006dff500000)]
  0x000001871acd8570 JavaThread "Finalizer" daemon [_thread_blocked, id=4128, stack(0x0000006dff500000,0x0000006dff600000)]
  0x000001876000fa80 JavaThread "Signal Dispatcher" daemon [_thread_blocked, id=9360, stack(0x0000006dff600000,0x0000006dff700000)]
  0x0000018760010350 JavaThread "Attach Listener" daemon [_thread_blocked, id=20308, stack(0x0000006dff700000,0x0000006dff800000)]
  0x0000018760010c20 JavaThread "Service Thread" daemon [_thread_blocked, id=24792, stack(0x0000006dff800000,0x0000006dff900000)]
  0x0000018760013ca0 JavaThread "Monitor Deflation Thread" daemon [_thread_blocked, id=1212, stack(0x0000006dff900000,0x0000006dffa00000)]
=>0x00000187600148a0 JavaThread "C2 CompilerThread0" daemon [_thread_in_native, id=28576, stack(0x0000006dffa00000,0x0000006dffb00000)]
  0x0000018760018f80 JavaThread "C1 CompilerThread0" daemon [_thread_blocked, id=23724, stack(0x0000006dffb00000,0x0000006dffc00000)]
  0x0000018760038820 JavaThread "Sweeper thread" daemon [_thread_blocked, id=1352, stack(0x0000006dffc00000,0x0000006dffd00000)]
  0x0000018760158360 JavaThread "Common-Cleaner" daemon [_thread_blocked, id=20188, stack(0x0000006dffd00000,0x0000006dffe00000)]
  0x00000187601f19a0 JavaThread "Notification Thread" daemon [_thread_blocked, id=5304, stack(0x0000006dfff00000,0x0000006e00000000)]
  0x000001876122b450 JavaThread "Daemon health stats" [_thread_blocked, id=23016, stack(0x0000006d80600000,0x0000006d80700000)]
  0x0000018761d8bfb0 JavaThread "Incoming local TCP Connector on port 59058" [_thread_in_native, id=8344, stack(0x0000006d80700000,0x0000006d80800000)]
  0x00000187626967f0 JavaThread "Daemon periodic checks" [_thread_blocked, id=23240, stack(0x0000006d80800000,0x0000006d80900000)]
  0x00000187627200e0 JavaThread "Daemon" [_thread_blocked, id=2196, stack(0x0000006d80900000,0x0000006d80a00000)]
  0x00000187627775f0 JavaThread "Daemon worker" [_thread_blocked, id=15928, stack(0x0000006d80c00000,0x0000006d80d00000)]
  0x0000018762933ad0 JavaThread "Cache worker for journal cache (C:\Users\16696\.gradle\caches\journal-1)" [_thread_blocked, id=14280, stack(0x0000006d81000000,0x0000006d81100000)]
  0x0000018762935420 JavaThread "File lock request listener" [_thread_in_native, id=27960, stack(0x0000006d81100000,0x0000006d81200000)]
  0x0000018762933fe0 JavaThread "Cache worker for file hash cache (C:\Users\16696\.gradle\caches\9.4.1\fileHashes)" [_thread_blocked, id=16532, stack(0x0000006d81200000,0x0000006d81300000)]
  0x0000018762935e40 JavaThread "File watcher server" daemon [_thread_in_native, id=5192, stack(0x0000006d81a00000,0x0000006d81b00000)]
  0x0000018762934f10 JavaThread "File watcher consumer" daemon [_thread_blocked, id=2144, stack(0x0000006d81b00000,0x0000006d81c00000)]
  0x0000018762936350 JavaThread "jar transforms" [_thread_blocked, id=20096, stack(0x0000006d81c00000,0x0000006d81d00000)]
  0x0000018762936860 JavaThread "jar transforms Thread 2" [_thread_blocked, id=22616, stack(0x0000006d81d00000,0x0000006d81e00000)]
  0x0000018762a30570 JavaThread "jar transforms Thread 3" [_thread_blocked, id=28256, stack(0x0000006d81e00000,0x0000006d81f00000)]
  0x0000018762a31ec0 JavaThread "jar transforms Thread 4" [_thread_blocked, id=19460, stack(0x0000006d81f00000,0x0000006d82000000)]
  0x0000018762a30a80 JavaThread "jar transforms Thread 5" [_thread_blocked, id=1440, stack(0x0000006d82000000,0x0000006d82100000)]
  0x0000018762a30f90 JavaThread "jar transforms Thread 6" [_thread_blocked, id=17452, stack(0x0000006d82100000,0x0000006d82200000)]
  0x0000018762a319b0 JavaThread "jar transforms Thread 7" [_thread_blocked, id=26060, stack(0x0000006d82200000,0x0000006d82300000)]
  0x0000018762a30060 JavaThread "jar transforms Thread 8" [_thread_blocked, id=14596, stack(0x0000006d82300000,0x0000006d82400000)]
  0x0000018762a34230 JavaThread "jar transforms Thread 9" [_thread_blocked, id=3388, stack(0x0000006d82400000,0x0000006d82500000)]
  0x0000018762a32df0 JavaThread "jar transforms Thread 10" [_thread_blocked, id=24240, stack(0x0000006d82500000,0x0000006d82600000)]
  0x0000018762a33810 JavaThread "Cache worker for file content cache (C:\Users\16696\.gradle\caches\9.4.1\fileContent)" [_thread_blocked, id=17220, stack(0x0000006d82600000,0x0000006d82700000)]
  0x0000018762a36ab0 JavaThread "Memory manager" [_thread_blocked, id=8008, stack(0x0000006d83400000,0x0000006d83500000)]
  0x0000018766e4a430 JavaThread "VFS cleanup" [_thread_blocked, id=3048, stack(0x0000006d80d00000,0x0000006d80e00000)]
  0x0000018766e4c7a0 JavaThread "Handler for socket connection from /127.0.0.1:59058 to /127.0.0.1:59074" [_thread_in_native, id=13436, stack(0x0000006d80100000,0x0000006d80200000)]
  0x0000018766e4c290 JavaThread "Cancel handler" [_thread_blocked, id=11908, stack(0x0000006d80a00000,0x0000006d80b00000)]
  0x0000018766e4e0f0 JavaThread "Asynchronous log dispatcher for DefaultDaemonConnection: socket connection from /127.0.0.1:59058 to /127.0.0.1:59074" [_thread_blocked, id=24248, stack(0x0000006d80b00000,0x0000006d80c00000)]
  0x0000018766e4e600 JavaThread "Stdin handler" [_thread_blocked, id=23348, stack(0x0000006d80e00000,0x0000006d80f00000)]
  0x0000018766e4ae50 JavaThread "Daemon client event forwarder" [_thread_blocked, id=14644, stack(0x0000006d80f00000,0x0000006d81000000)]
  0x0000018766e4eb10 JavaThread "Cache worker for file hash cache (D:\Code\Application\music1\.gradle\9.4.1\fileHashes)" [_thread_blocked, id=24376, stack(0x0000006d81800000,0x0000006d81900000)]
  0x0000018766e4f020 JavaThread "Cache worker for Build Output Cleanup Cache (D:\Code\Application\music1\.gradle\buildOutputCleanup)" [_thread_blocked, id=15996, stack(0x0000006d81900000,0x0000006d81a00000)]
  0x0000018766ea6e90 JavaThread "C2 CompilerThread1" daemon [_thread_in_native, id=19980, stack(0x0000006d82700000,0x0000006d82800000)]
  0x0000018766eaa3b0 JavaThread "C2 CompilerThread2" daemon [_thread_in_native, id=10760, stack(0x0000006d82800000,0x0000006d82900000)]
  0x0000018766e4b870 JavaThread "Cache worker for checksums cache (D:\Code\Application\music1\.gradle\9.4.1\checksums)" [_thread_blocked, id=18756, stack(0x0000006d82900000,0x0000006d82a00000)]
  0x0000018766e50970 JavaThread "Cache worker for cache directory md-supplier (C:\Users\16696\.gradle\caches\9.4.1\md-supplier)" [_thread_blocked, id=4600, stack(0x0000006d82a00000,0x0000006d82b00000)]
  0x0000018766e50e80 JavaThread "Cache worker for cache directory md-rule (C:\Users\16696\.gradle\caches\9.4.1\md-rule)" [_thread_blocked, id=8672, stack(0x0000006d82b00000,0x0000006d82c00000)]
  0x0000018766e51390 JavaThread "Build operations" [_thread_blocked, id=23744, stack(0x0000006d82c00000,0x0000006d82d00000)]
  0x0000018766e518a0 JavaThread "Build operations Thread 2" [_thread_blocked, id=24788, stack(0x0000006d82d00000,0x0000006d82e00000)]
  0x0000018766e4fa40 JavaThread "Build operations Thread 3" [_thread_blocked, id=21052, stack(0x0000006d82e00000,0x0000006d82f00000)]
  0x0000018766e4ff50 JavaThread "Build operations Thread 4" [_thread_blocked, id=23380, stack(0x0000006d82f00000,0x0000006d83000000)]
  0x0000018766e50460 JavaThread "Build operations Thread 5" [_thread_blocked, id=13064, stack(0x0000006d83000000,0x0000006d83100000)]
  0x0000018766ecd920 JavaThread "Build operations Thread 6" [_thread_blocked, id=28404, stack(0x0000006d83100000,0x0000006d83200000)]
  0x0000018766ecf270 JavaThread "Build operations Thread 7" [_thread_blocked, id=18152, stack(0x0000006d83200000,0x0000006d83300000)]
  0x0000018766ecd410 JavaThread "Build operations Thread 8" [_thread_blocked, id=12488, stack(0x0000006d83300000,0x0000006d83400000)]
  0x0000018766ecf780 JavaThread "Build operations Thread 9" [_thread_blocked, id=26316, stack(0x0000006d83500000,0x0000006d83600000)]
  0x0000018766ece340 JavaThread "Build operations Thread 10" [_thread_blocked, id=14888, stack(0x0000006d83600000,0x0000006d83700000)]
  0x0000018766ece850 JavaThread "build event listener" [_thread_blocked, id=27632, stack(0x0000006d83700000,0x0000006d83800000)]
  0x0000018766ed01a0 JavaThread "build event listener" [_thread_blocked, id=25988, stack(0x0000006d83800000,0x0000006d83900000)]
  0x0000018766ecc9f0 JavaThread "included builds" [_thread_blocked, id=3588, stack(0x0000006d83900000,0x0000006d83a00000)]
  0x0000018766ed2000 JavaThread "Execution worker" [_thread_blocked, id=7996, stack(0x0000006d83a00000,0x0000006d83b00000)]
  0x0000018766ed06b0 JavaThread "Execution worker Thread 2" [_thread_blocked, id=25312, stack(0x0000006d83b00000,0x0000006d83c00000)]
  0x0000018766ed10d0 JavaThread "Execution worker Thread 3" [_thread_blocked, id=15356, stack(0x0000006d83c00000,0x0000006d83d00000)]
  0x0000018762a33300 JavaThread "Execution worker Thread 4" [_thread_in_native, id=3780, stack(0x0000006d83d00000,0x0000006d83e00000)]
  0x0000018762a34740 JavaThread "Execution worker Thread 5" [_thread_blocked, id=3344, stack(0x0000006d83e00000,0x0000006d83f00000)]
  0x0000018762a33d20 JavaThread "Execution worker Thread 6" [_thread_blocked, id=12260, stack(0x0000006d83f00000,0x0000006d84000000)]
  0x0000018762a34c50 JavaThread "Execution worker Thread 7" [_thread_blocked, id=19788, stack(0x0000006d84000000,0x0000006d84100000)]
  0x0000018762a314a0 JavaThread "Execution worker Thread 8" [_thread_blocked, id=26128, stack(0x0000006d84100000,0x0000006d84200000)]
  0x0000018762a35160 JavaThread "Execution worker Thread 9" [_thread_blocked, id=20216, stack(0x0000006d84200000,0x0000006d84300000)]
  0x0000018762a35b80 JavaThread "Cache worker for execution history cache (D:\Code\Application\music1\.gradle\9.4.1\executionHistory)" [_thread_blocked, id=9992, stack(0x0000006d84300000,0x0000006d84400000)]
  0x0000018762a35670 JavaThread "WorkerExecutor Queue" [_thread_blocked, id=10644, stack(0x0000006d84400000,0x0000006d84500000)]
  0x0000018762a323d0 JavaThread "WorkerExecutor Queue Thread 2" [_thread_blocked, id=28464, stack(0x0000006d84500000,0x0000006d84600000)]
  0x0000018762a36090 JavaThread "ForkJoinPool-1-worker-1" daemon [_thread_blocked, id=19148, stack(0x0000006d84900000,0x0000006d84a00000)]
  0x0000018762a328e0 JavaThread "ForkJoinPool-1-worker-2" daemon [_thread_blocked, id=27344, stack(0x0000006d84a00000,0x0000006d84b00000)]
  0x0000018762a365a0 JavaThread "ForkJoinPool-1-worker-3" daemon [_thread_blocked, id=25208, stack(0x0000006d84b00000,0x0000006d84c00000)]
  0x0000018762a36fc0 JavaThread "ForkJoinPool-1-worker-4" daemon [_thread_blocked, id=3524, stack(0x0000006d84c00000,0x0000006d84d00000)]
  0x00000187629335c0 JavaThread "ForkJoinPool-1-worker-5" daemon [_thread_blocked, id=20780, stack(0x0000006d84d00000,0x0000006d84e00000)]
  0x00000187629330b0 JavaThread "ForkJoinPool-1-worker-6" daemon [_thread_in_Java, id=26156, stack(0x0000006d84e00000,0x0000006d84f00000)]
  0x00000187629344f0 JavaThread "ForkJoinPool-1-worker-7" daemon [_thread_blocked, id=23572, stack(0x0000006d84f00000,0x0000006d85000000)]
  0x0000018762934a00 JavaThread "ForkJoinPool-1-worker-8" daemon [_thread_blocked, id=18584, stack(0x0000006d85000000,0x0000006d85100000)]
  0x0000018762935930 JavaThread "ForkJoinPool-1-worker-9" daemon [_thread_blocked, id=25440, stack(0x0000006d85100000,0x0000006d85200000)]
  0x0000018766ecfc90 JavaThread "ForkJoinPool-1-worker-10" daemon [_thread_blocked, id=22536, stack(0x0000006d85200000,0x0000006d85300000)]

Other Threads:
  0x000001871acce4f0 VMThread "VM Thread" [stack: 0x0000006dff300000,0x0000006dff400000] [id=17544]
  0x000001877c54ab40 WatcherThread [stack: 0x0000006d80000000,0x0000006d80100000] [id=6280]
  0x000001877c5aab80 GCTaskThread "GC Thread#0" [stack: 0x0000006dfee00000,0x0000006dfef00000] [id=11840]
  0x000001876183d050 GCTaskThread "GC Thread#1" [stack: 0x0000006d80200000,0x0000006d80300000] [id=15628]
  0x0000018760fd77c0 GCTaskThread "GC Thread#2" [stack: 0x0000006d80300000,0x0000006d80400000] [id=10796]
  0x000001876116cc00 GCTaskThread "GC Thread#3" [stack: 0x0000006d80400000,0x0000006d80500000] [id=2704]
  0x000001876116d1a0 GCTaskThread "GC Thread#4" [stack: 0x0000006d80500000,0x0000006d80600000] [id=4140]
  0x000001876116c390 GCTaskThread "GC Thread#5" [stack: 0x0000006d81300000,0x0000006d81400000] [id=24232]
  0x000001876116ced0 GCTaskThread "GC Thread#6" [stack: 0x0000006d81400000,0x0000006d81500000] [id=9380]
  0x000001876116c660 GCTaskThread "GC Thread#7" [stack: 0x0000006d81500000,0x0000006d81600000] [id=7224]
  0x00000187644897c0 GCTaskThread "GC Thread#8" [stack: 0x0000006d81600000,0x0000006d81700000] [id=26956]
  0x000001877c5bb9f0 ConcurrentGCThread "G1 Main Marker" [stack: 0x0000006dfef00000,0x0000006dff000000] [id=12308]
  0x000001877c5bdea0 ConcurrentGCThread "G1 Conc#0" [stack: 0x0000006dff000000,0x0000006dff100000] [id=11596]
  0x0000018764489a90 ConcurrentGCThread "G1 Conc#1" [stack: 0x0000006d81700000,0x0000006d81800000] [id=23056]
  0x000001877c5fe730 ConcurrentGCThread "G1 Refine#0" [stack: 0x0000006dff100000,0x0000006dff200000] [id=19920]
  0x000001876fcd2960 ConcurrentGCThread "G1 Refine#1" [stack: 0x0000006d84600000,0x0000006d84700000] [id=19688]
  0x000001876fccf060 ConcurrentGCThread "G1 Refine#2" [stack: 0x0000006d84700000,0x0000006d84800000] [id=18160]
  0x000001876fcd1a60 ConcurrentGCThread "G1 Refine#3" [stack: 0x0000006d84800000,0x0000006d84900000] [id=13356]
  0x000001871ab8a210 ConcurrentGCThread "G1 Service" [stack: 0x0000006dff200000,0x0000006dff300000] [id=5088]

Threads with active compile tasks:
C2 CompilerThread0  26843 16520   !   4       com.android.utils.PositionXmlParser$DomBuilder::startElement (275 bytes)
C2 CompilerThread1  26843 16485   !   4       com.sun.org.apache.xerces.internal.parsers.AbstractSAXParser::startElement (318 bytes)
C2 CompilerThread2  26843 16548       4       com.sun.org.apache.xerces.internal.impl.XMLNSDocumentScannerImpl::scanStartElement (1031 bytes)

VM state: not at safepoint (normal execution)

VM Mutex/Monitor currently owned by a thread: None

Heap address: 0x0000000080000000, size: 2048 MB, Compressed Oops mode: 32-bit

CDS archive(s) mapped at: [0x000001871b000000-0x000001871bbb0000-0x000001871bbb0000), size 12255232, SharedBaseAddress: 0x000001871b000000, ArchiveRelocationMode: 1.
Compressed class space mapped at: 0x000001871c000000-0x000001875c000000, reserved size: 1073741824
Narrow klass base: 0x000001871b000000, Narrow klass shift: 0, Narrow klass range: 0x100000000

GC Precious Log:
 CPUs: 10 total, 10 available
 Memory: 15751M
 Large Page Support: Disabled
 NUMA Support: Disabled
 Compressed Oops: Enabled (32-bit)
 Heap Region Size: 1M
 Heap Min Capacity: 8M
 Heap Initial Capacity: 248M
 Heap Max Capacity: 2G
 Pre-touch: Disabled
 Parallel Workers: 9
 Concurrent Workers: 2
 Concurrent Refinement Workers: 9
 Periodic GC: Disabled

Heap:
 garbage-first heap   total 367616K, used 280376K [0x0000000080000000, 0x0000000100000000)
  region size 1024K, 67 young (68608K), 9 survivors (9216K)
 Metaspace       used 123140K, committed 124544K, reserved 1179648K
  class space    used 17007K, committed 17728K, reserved 1048576K

Heap Regions: E=young(eden), S=young(survivor), O=old, HS=humongous(starts), HC=humongous(continues), CS=collection set, F=free, OA=open archive, CA=closed archive, TAMS=top-at-mark-start (previous, next)
|   0|0x0000000080000000, 0x0000000080100000, 0x0000000080100000|100%|HS|  |TAMS 0x0000000080100000, 0x0000000080000000| Complete 
|   1|0x0000000080100000, 0x0000000080200000, 0x0000000080200000|100%|HC|  |TAMS 0x0000000080200000, 0x0000000080100000| Complete 
|   2|0x0000000080200000, 0x0000000080300000, 0x0000000080300000|100%|HC|  |TAMS 0x0000000080300000, 0x0000000080200000| Complete 
|   3|0x0000000080300000, 0x0000000080400000, 0x0000000080400000|100%|HC|  |TAMS 0x0000000080400000, 0x0000000080300000| Complete 
|   4|0x0000000080400000, 0x0000000080500000, 0x0000000080500000|100%| O|  |TAMS 0x0000000080500000, 0x0000000080400000| Untracked 
|   5|0x0000000080500000, 0x0000000080600000, 0x0000000080600000|100%| O|  |TAMS 0x0000000080600000, 0x0000000080500000| Untracked 
|   6|0x0000000080600000, 0x0000000080700000, 0x0000000080700000|100%| O|  |TAMS 0x0000000080700000, 0x0000000080600000| Untracked 
|   7|0x0000000080700000, 0x0000000080800000, 0x0000000080800000|100%| O|  |TAMS 0x0000000080800000, 0x0000000080700000| Untracked 
|   8|0x0000000080800000, 0x0000000080900000, 0x0000000080900000|100%|HS|  |TAMS 0x0000000080900000, 0x0000000080800000| Complete 
|   9|0x0000000080900000, 0x0000000080a00000, 0x0000000080a00000|100%| O|  |TAMS 0x0000000080a00000, 0x0000000080900000| Untracked 
|  10|0x0000000080a00000, 0x0000000080b00000, 0x0000000080b00000|100%| O|  |TAMS 0x0000000080b00000, 0x0000000080a00000| Untracked 
|  11|0x0000000080b00000, 0x0000000080c00000, 0x0000000080c00000|100%| O|  |TAMS 0x0000000080c00000, 0x0000000080b00000| Untracked 
|  12|0x0000000080c00000, 0x0000000080d00000, 0x0000000080d00000|100%|HS|  |TAMS 0x0000000080d00000, 0x0000000080c00000| Complete 
|  13|0x0000000080d00000, 0x0000000080e00000, 0x0000000080e00000|100%|HS|  |TAMS 0x0000000080e00000, 0x0000000080d00000| Complete 
|  14|0x0000000080e00000, 0x0000000080f00000, 0x0000000080f00000|100%|HC|  |TAMS 0x0000000080f00000, 0x0000000080e00000| Complete 
|  15|0x0000000080f00000, 0x0000000081000000, 0x0000000081000000|100%|HC|  |TAMS 0x0000000081000000, 0x0000000080f00000| Complete 
|  16|0x0000000081000000, 0x0000000081100000, 0x0000000081100000|100%|HC|  |TAMS 0x0000000081100000, 0x0000000081000000| Complete 
|  17|0x0000000081100000, 0x0000000081200000, 0x0000000081200000|100%|HC|  |TAMS 0x0000000081200000, 0x0000000081100000| Complete 
|  18|0x0000000081200000, 0x0000000081300000, 0x0000000081300000|100%|HC|  |TAMS 0x0000000081300000, 0x0000000081200000| Complete 
|  19|0x0000000081300000, 0x0000000081400000, 0x0000000081400000|100%| O|  |TAMS 0x0000000081400000, 0x0000000081300000| Untracked 
|  20|0x0000000081400000, 0x0000000081500000, 0x0000000081500000|100%| O|  |TAMS 0x0000000081500000, 0x0000000081400000| Untracked 
|  21|0x0000000081500000, 0x0000000081600000, 0x0000000081600000|100%| O|  |TAMS 0x0000000081600000, 0x0000000081500000| Untracked 
|  22|0x0000000081600000, 0x0000000081700000, 0x0000000081700000|100%| O|  |TAMS 0x0000000081700000, 0x0000000081600000| Untracked 
|  23|0x0000000081700000, 0x0000000081800000, 0x0000000081800000|100%| O|  |TAMS 0x0000000081800000, 0x0000000081700000| Untracked 
|  24|0x0000000081800000, 0x0000000081900000, 0x0000000081900000|100%| O|  |TAMS 0x0000000081900000, 0x0000000081800000| Untracked 
|  25|0x0000000081900000, 0x0000000081a00000, 0x0000000081a00000|100%| O|  |TAMS 0x0000000081a00000, 0x0000000081900000| Untracked 
|  26|0x0000000081a00000, 0x0000000081b00000, 0x0000000081b00000|100%| O|  |TAMS 0x0000000081b00000, 0x0000000081a00000| Untracked 
|  27|0x0000000081b00000, 0x0000000081c00000, 0x0000000081c00000|100%| O|  |TAMS 0x0000000081c00000, 0x0000000081b00000| Untracked 
|  28|0x0000000081c00000, 0x0000000081d00000, 0x0000000081d00000|100%| O|  |TAMS 0x0000000081d00000, 0x0000000081c00000| Untracked 
|  29|0x0000000081d00000, 0x0000000081e00000, 0x0000000081e00000|100%|HS|  |TAMS 0x0000000081e00000, 0x0000000081d00000| Complete 
|  30|0x0000000081e00000, 0x0000000081f00000, 0x0000000081f00000|100%| O|  |TAMS 0x0000000081f00000, 0x0000000081e00000| Untracked 
|  31|0x0000000081f00000, 0x0000000082000000, 0x0000000082000000|100%| O|  |TAMS 0x0000000082000000, 0x0000000081f00000| Untracked 
|  32|0x0000000082000000, 0x0000000082100000, 0x0000000082100000|100%| O|  |TAMS 0x0000000082100000, 0x0000000082000000| Untracked 
|  33|0x0000000082100000, 0x0000000082200000, 0x0000000082200000|100%| O|  |TAMS 0x0000000082200000, 0x0000000082100000| Untracked 
|  34|0x0000000082200000, 0x0000000082300000, 0x0000000082300000|100%| O|  |TAMS 0x0000000082300000, 0x0000000082200000| Untracked 
|  35|0x0000000082300000, 0x0000000082400000, 0x0000000082400000|100%| O|  |TAMS 0x0000000082400000, 0x0000000082300000| Untracked 
|  36|0x0000000082400000, 0x0000000082500000, 0x0000000082500000|100%| O|  |TAMS 0x0000000082500000, 0x0000000082400000| Untracked 
|  37|0x0000000082500000, 0x0000000082600000, 0x0000000082600000|100%| O|  |TAMS 0x0000000082600000, 0x0000000082500000| Untracked 
|  38|0x0000000082600000, 0x0000000082700000, 0x0000000082700000|100%|HS|  |TAMS 0x0000000082700000, 0x0000000082600000| Complete 
|  39|0x0000000082700000, 0x0000000082800000, 0x0000000082800000|100%|HC|  |TAMS 0x0000000082800000, 0x0000000082700000| Complete 
|  40|0x0000000082800000, 0x0000000082900000, 0x0000000082900000|100%|HC|  |TAMS 0x0000000082900000, 0x0000000082800000| Complete 
|  41|0x0000000082900000, 0x0000000082a00000, 0x0000000082a00000|100%|HC|  |TAMS 0x0000000082a00000, 0x0000000082900000| Complete 
|  42|0x0000000082a00000, 0x0000000082b00000, 0x0000000082b00000|100%|HC|  |TAMS 0x0000000082b00000, 0x0000000082a00000| Complete 
|  43|0x0000000082b00000, 0x0000000082c00000, 0x0000000082c00000|100%|HC|  |TAMS 0x0000000082c00000, 0x0000000082b00000| Complete 
|  44|0x0000000082c00000, 0x0000000082d00000, 0x0000000082d00000|100%|HS|  |TAMS 0x0000000082d00000, 0x0000000082c00000| Complete 
|  45|0x0000000082d00000, 0x0000000082e00000, 0x0000000082e00000|100%|HS|  |TAMS 0x0000000082e00000, 0x0000000082d00000| Complete 
|  46|0x0000000082e00000, 0x0000000082f00000, 0x0000000082f00000|100%| O|  |TAMS 0x0000000082f00000, 0x0000000082e00000| Untracked 
|  47|0x0000000082f00000, 0x0000000083000000, 0x0000000083000000|100%| O|  |TAMS 0x0000000083000000, 0x0000000082f00000| Untracked 
|  48|0x0000000083000000, 0x0000000083100000, 0x0000000083100000|100%| O|  |TAMS 0x0000000083100000, 0x0000000083000000| Untracked 
|  49|0x0000000083100000, 0x0000000083200000, 0x0000000083200000|100%| O|  |TAMS 0x0000000083200000, 0x0000000083100000| Untracked 
|  50|0x0000000083200000, 0x0000000083300000, 0x0000000083300000|100%| O|  |TAMS 0x0000000083300000, 0x0000000083200000| Untracked 
|  51|0x0000000083300000, 0x0000000083400000, 0x0000000083400000|100%| O|  |TAMS 0x0000000083400000, 0x0000000083300000| Untracked 
|  52|0x0000000083400000, 0x0000000083500000, 0x0000000083500000|100%| O|  |TAMS 0x0000000083500000, 0x0000000083400000| Untracked 
|  53|0x0000000083500000, 0x0000000083600000, 0x0000000083600000|100%| O|  |TAMS 0x0000000083600000, 0x0000000083500000| Untracked 
|  54|0x0000000083600000, 0x0000000083700000, 0x0000000083700000|100%| O|  |TAMS 0x0000000083700000, 0x0000000083600000| Untracked 
|  55|0x0000000083700000, 0x0000000083800000, 0x0000000083800000|100%| O|  |TAMS 0x0000000083800000, 0x0000000083700000| Untracked 
|  56|0x0000000083800000, 0x0000000083900000, 0x0000000083900000|100%| O|  |TAMS 0x0000000083900000, 0x0000000083800000| Untracked 
|  57|0x0000000083900000, 0x0000000083a00000, 0x0000000083a00000|100%| O|  |TAMS 0x0000000083a00000, 0x0000000083900000| Untracked 
|  58|0x0000000083a00000, 0x0000000083b00000, 0x0000000083b00000|100%| O|  |TAMS 0x0000000083b00000, 0x0000000083a00000| Untracked 
|  59|0x0000000083b00000, 0x0000000083c00000, 0x0000000083c00000|100%| O|  |TAMS 0x0000000083c00000, 0x0000000083b00000| Untracked 
|  60|0x0000000083c00000, 0x0000000083d00000, 0x0000000083d00000|100%| O|  |TAMS 0x0000000083d00000, 0x0000000083c00000| Untracked 
|  61|0x0000000083d00000, 0x0000000083e00000, 0x0000000083e00000|100%| O|  |TAMS 0x0000000083e00000, 0x0000000083d00000| Untracked 
|  62|0x0000000083e00000, 0x0000000083f00000, 0x0000000083f00000|100%| O|  |TAMS 0x0000000083f00000, 0x0000000083e00000| Untracked 
|  63|0x0000000083f00000, 0x0000000084000000, 0x0000000084000000|100%| O|  |TAMS 0x0000000084000000, 0x0000000083f00000| Untracked 
|  64|0x0000000084000000, 0x0000000084100000, 0x0000000084100000|100%| O|  |TAMS 0x0000000084100000, 0x0000000084000000| Untracked 
|  65|0x0000000084100000, 0x0000000084200000, 0x0000000084200000|100%| O|  |TAMS 0x0000000084200000, 0x0000000084100000| Untracked 
|  66|0x0000000084200000, 0x0000000084300000, 0x0000000084300000|100%|HS|  |TAMS 0x0000000084200000, 0x0000000084200000| Complete 
|  67|0x0000000084300000, 0x0000000084400000, 0x0000000084400000|100%| O|  |TAMS 0x0000000084400000, 0x0000000084300000| Untracked 
|  68|0x0000000084400000, 0x0000000084500000, 0x0000000084500000|100%|HS|  |TAMS 0x0000000084400000, 0x0000000084400000| Complete 
|  69|0x0000000084500000, 0x0000000084600000, 0x0000000084600000|100%| O|  |TAMS 0x0000000084600000, 0x0000000084500000| Untracked 
|  70|0x0000000084600000, 0x0000000084700000, 0x0000000084700000|100%|HS|  |TAMS 0x0000000084700000, 0x0000000084600000| Complete 
|  71|0x0000000084700000, 0x0000000084800000, 0x0000000084800000|100%|HS|  |TAMS 0x0000000084800000, 0x0000000084700000| Complete 
|  72|0x0000000084800000, 0x0000000084900000, 0x0000000084900000|100%|HS|  |TAMS 0x0000000084900000, 0x0000000084800000| Complete 
|  73|0x0000000084900000, 0x0000000084a00000, 0x0000000084a00000|100%| O|  |TAMS 0x0000000084a00000, 0x0000000084900000| Untracked 
|  74|0x0000000084a00000, 0x0000000084b00000, 0x0000000084b00000|100%| O|  |TAMS 0x0000000084b00000, 0x0000000084a00000| Untracked 
|  75|0x0000000084b00000, 0x0000000084c00000, 0x0000000084c00000|100%|HS|  |TAMS 0x0000000084c00000, 0x0000000084b00000| Complete 
|  76|0x0000000084c00000, 0x0000000084d00000, 0x0000000084d00000|100%|HC|  |TAMS 0x0000000084d00000, 0x0000000084c00000| Complete 
|  77|0x0000000084d00000, 0x0000000084e00000, 0x0000000084e00000|100%|HS|  |TAMS 0x0000000084e00000, 0x0000000084d00000| Complete 
|  78|0x0000000084e00000, 0x0000000084f00000, 0x0000000084f00000|100%| O|  |TAMS 0x0000000084f00000, 0x0000000084e00000| Untracked 
|  79|0x0000000084f00000, 0x0000000085000000, 0x0000000085000000|100%|HS|  |TAMS 0x0000000085000000, 0x0000000084f00000| Complete 
|  80|0x0000000085000000, 0x0000000085100000, 0x0000000085100000|100%|HS|  |TAMS 0x0000000085100000, 0x0000000085000000| Complete 
|  81|0x0000000085100000, 0x0000000085200000, 0x0000000085200000|100%| O|  |TAMS 0x0000000085200000, 0x0000000085100000| Untracked 
|  82|0x0000000085200000, 0x0000000085300000, 0x0000000085300000|100%| O|  |TAMS 0x0000000085300000, 0x0000000085200000| Untracked 
|  83|0x0000000085300000, 0x0000000085400000, 0x0000000085400000|100%| O|  |TAMS 0x0000000085400000, 0x0000000085300000| Untracked 
|  84|0x0000000085400000, 0x0000000085500000, 0x0000000085500000|100%| O|  |TAMS 0x0000000085500000, 0x0000000085400000| Untracked 
|  85|0x0000000085500000, 0x0000000085600000, 0x0000000085600000|100%| O|  |TAMS 0x0000000085600000, 0x0000000085500000| Untracked 
|  86|0x0000000085600000, 0x0000000085700000, 0x0000000085700000|100%|HS|  |TAMS 0x0000000085700000, 0x0000000085600000| Complete 
|  87|0x0000000085700000, 0x0000000085800000, 0x0000000085800000|100%|HC|  |TAMS 0x0000000085800000, 0x0000000085700000| Complete 
|  88|0x0000000085800000, 0x0000000085900000, 0x0000000085900000|100%| O|  |TAMS 0x0000000085900000, 0x0000000085800000| Untracked 
|  89|0x0000000085900000, 0x0000000085a00000, 0x0000000085a00000|100%| O|  |TAMS 0x0000000085a00000, 0x0000000085900000| Untracked 
|  90|0x0000000085a00000, 0x0000000085b00000, 0x0000000085b00000|100%| O|  |TAMS 0x0000000085b00000, 0x0000000085a00000| Untracked 
|  91|0x0000000085b00000, 0x0000000085c00000, 0x0000000085c00000|100%| O|  |TAMS 0x0000000085c00000, 0x0000000085b00000| Untracked 
|  92|0x0000000085c00000, 0x0000000085d00000, 0x0000000085d00000|100%| O|  |TAMS 0x0000000085d00000, 0x0000000085c00000| Untracked 
|  93|0x0000000085d00000, 0x0000000085e00000, 0x0000000085e00000|100%|HS|  |TAMS 0x0000000085e00000, 0x0000000085d00000| Complete 
|  94|0x0000000085e00000, 0x0000000085f00000, 0x0000000085f00000|100%| O|  |TAMS 0x0000000085f00000, 0x0000000085e00000| Untracked 
|  95|0x0000000085f00000, 0x0000000086000000, 0x0000000086000000|100%| O|  |TAMS 0x0000000086000000, 0x0000000085f00000| Untracked 
|  96|0x0000000086000000, 0x0000000086100000, 0x0000000086100000|100%| O|  |TAMS 0x0000000086100000, 0x0000000086000000| Untracked 
|  97|0x0000000086100000, 0x0000000086200000, 0x0000000086200000|100%| O|  |TAMS 0x0000000086200000, 0x0000000086100000| Untracked 
|  98|0x0000000086200000, 0x0000000086300000, 0x0000000086300000|100%| O|  |TAMS 0x0000000086300000, 0x0000000086200000| Untracked 
|  99|0x0000000086300000, 0x0000000086400000, 0x0000000086400000|100%| O|  |TAMS 0x0000000086400000, 0x0000000086300000| Untracked 
| 100|0x0000000086400000, 0x0000000086500000, 0x0000000086500000|100%| O|  |TAMS 0x0000000086500000, 0x0000000086400000| Untracked 
| 101|0x0000000086500000, 0x0000000086600000, 0x0000000086600000|100%| O|  |TAMS 0x0000000086600000, 0x0000000086500000| Untracked 
| 102|0x0000000086600000, 0x0000000086700000, 0x0000000086700000|100%| O|  |TAMS 0x0000000086700000, 0x0000000086600000| Untracked 
| 103|0x0000000086700000, 0x0000000086800000, 0x0000000086800000|100%| O|  |TAMS 0x0000000086800000, 0x0000000086700000| Untracked 
| 104|0x0000000086800000, 0x0000000086900000, 0x0000000086900000|100%| O|  |TAMS 0x0000000086900000, 0x0000000086800000| Untracked 
| 105|0x0000000086900000, 0x0000000086a00000, 0x0000000086a00000|100%| O|  |TAMS 0x0000000086a00000, 0x0000000086900000| Untracked 
| 106|0x0000000086a00000, 0x0000000086b00000, 0x0000000086b00000|100%| O|  |TAMS 0x0000000086b00000, 0x0000000086a00000| Untracked 
| 107|0x0000000086b00000, 0x0000000086c00000, 0x0000000086c00000|100%| O|  |TAMS 0x0000000086c00000, 0x0000000086b00000| Untracked 
| 108|0x0000000086c00000, 0x0000000086d00000, 0x0000000086d00000|100%| O|  |TAMS 0x0000000086d00000, 0x0000000086c00000| Untracked 
| 109|0x0000000086d00000, 0x0000000086e00000, 0x0000000086e00000|100%| O|  |TAMS 0x0000000086e00000, 0x0000000086d00000| Untracked 
| 110|0x0000000086e00000, 0x0000000086f00000, 0x0000000086f00000|100%| O|  |TAMS 0x0000000086f00000, 0x0000000086e00000| Untracked 
| 111|0x0000000086f00000, 0x0000000087000000, 0x0000000087000000|100%| O|  |TAMS 0x0000000087000000, 0x0000000086f00000| Untracked 
| 112|0x0000000087000000, 0x0000000087100000, 0x0000000087100000|100%| O|  |TAMS 0x0000000087100000, 0x0000000087000000| Untracked 
| 113|0x0000000087100000, 0x0000000087200000, 0x0000000087200000|100%| O|  |TAMS 0x0000000087200000, 0x0000000087100000| Untracked 
| 114|0x0000000087200000, 0x0000000087300000, 0x0000000087300000|100%| O|  |TAMS 0x0000000087300000, 0x0000000087200000| Untracked 
| 115|0x0000000087300000, 0x0000000087400000, 0x0000000087400000|100%| O|  |TAMS 0x0000000087400000, 0x0000000087300000| Untracked 
| 116|0x0000000087400000, 0x0000000087500000, 0x0000000087500000|100%| O|  |TAMS 0x0000000087500000, 0x0000000087400000| Untracked 
| 117|0x0000000087500000, 0x0000000087600000, 0x0000000087600000|100%| O|  |TAMS 0x0000000087600000, 0x0000000087500000| Untracked 
| 118|0x0000000087600000, 0x0000000087700000, 0x0000000087700000|100%|HS|  |TAMS 0x0000000087600000, 0x0000000087600000| Complete 
| 119|0x0000000087700000, 0x0000000087800000, 0x0000000087800000|100%| O|  |TAMS 0x0000000087800000, 0x0000000087700000| Untracked 
| 120|0x0000000087800000, 0x0000000087900000, 0x0000000087900000|100%| O|  |TAMS 0x0000000087900000, 0x0000000087800000| Untracked 
| 121|0x0000000087900000, 0x0000000087a00000, 0x0000000087a00000|100%|HS|  |TAMS 0x0000000087900000, 0x0000000087900000| Complete 
| 122|0x0000000087a00000, 0x0000000087b00000, 0x0000000087b00000|100%| O|  |TAMS 0x0000000087b00000, 0x0000000087a00000| Untracked 
| 123|0x0000000087b00000, 0x0000000087c00000, 0x0000000087c00000|100%| O|  |TAMS 0x0000000087c00000, 0x0000000087b00000| Untracked 
| 124|0x0000000087c00000, 0x0000000087d00000, 0x0000000087d00000|100%| O|  |TAMS 0x0000000087d00000, 0x0000000087c00000| Untracked 
| 125|0x0000000087d00000, 0x0000000087e00000, 0x0000000087e00000|100%| O|  |TAMS 0x0000000087e00000, 0x0000000087d00000| Untracked 
| 126|0x0000000087e00000, 0x0000000087f00000, 0x0000000087f00000|100%| O|  |TAMS 0x0000000087f00000, 0x0000000087e00000| Untracked 
| 127|0x0000000087f00000, 0x0000000088000000, 0x0000000088000000|100%| O|  |TAMS 0x0000000088000000, 0x0000000087f00000| Untracked 
| 128|0x0000000088000000, 0x0000000088100000, 0x0000000088100000|100%| O|  |TAMS 0x0000000088100000, 0x0000000088000000| Untracked 
| 129|0x0000000088100000, 0x0000000088200000, 0x0000000088200000|100%| O|  |TAMS 0x0000000088200000, 0x0000000088100000| Untracked 
| 130|0x0000000088200000, 0x0000000088300000, 0x0000000088300000|100%| O|  |TAMS 0x0000000088300000, 0x0000000088200000| Untracked 
| 131|0x0000000088300000, 0x0000000088400000, 0x0000000088400000|100%| O|  |TAMS 0x0000000088400000, 0x0000000088300000| Untracked 
| 132|0x0000000088400000, 0x0000000088500000, 0x0000000088500000|100%| O|  |TAMS 0x0000000088500000, 0x0000000088400000| Untracked 
| 133|0x0000000088500000, 0x0000000088600000, 0x0000000088600000|100%|HS|  |TAMS 0x0000000088500000, 0x0000000088500000| Complete 
| 134|0x0000000088600000, 0x0000000088700000, 0x0000000088700000|100%| O|  |TAMS 0x0000000088700000, 0x0000000088600000| Untracked 
| 135|0x0000000088700000, 0x0000000088800000, 0x0000000088800000|100%| O|  |TAMS 0x0000000088800000, 0x0000000088700000| Untracked 
| 136|0x0000000088800000, 0x0000000088900000, 0x0000000088900000|100%| O|  |TAMS 0x0000000088900000, 0x0000000088800000| Untracked 
| 137|0x0000000088900000, 0x0000000088a00000, 0x0000000088a00000|100%| O|  |TAMS 0x0000000088a00000, 0x0000000088900000| Untracked 
| 138|0x0000000088a00000, 0x0000000088b00000, 0x0000000088b00000|100%| O|  |TAMS 0x0000000088b00000, 0x0000000088a00000| Untracked 
| 139|0x0000000088b00000, 0x0000000088c00000, 0x0000000088c00000|100%| O|  |TAMS 0x0000000088c00000, 0x0000000088b00000| Untracked 
| 140|0x0000000088c00000, 0x0000000088d00000, 0x0000000088d00000|100%| O|  |TAMS 0x0000000088d00000, 0x0000000088c00000| Untracked 
| 141|0x0000000088d00000, 0x0000000088e00000, 0x0000000088e00000|100%| O|  |TAMS 0x0000000088e00000, 0x0000000088d00000| Untracked 
| 142|0x0000000088e00000, 0x0000000088f00000, 0x0000000088f00000|100%| O|  |TAMS 0x0000000088f00000, 0x0000000088e00000| Untracked 
| 143|0x0000000088f00000, 0x0000000089000000, 0x0000000089000000|100%| O|  |TAMS 0x0000000089000000, 0x0000000088f00000| Untracked 
| 144|0x0000000089000000, 0x0000000089100000, 0x0000000089100000|100%| O|  |TAMS 0x0000000089100000, 0x0000000089000000| Untracked 
| 145|0x0000000089100000, 0x0000000089200000, 0x0000000089200000|100%| O|  |TAMS 0x0000000089200000, 0x0000000089100000| Untracked 
| 146|0x0000000089200000, 0x0000000089300000, 0x0000000089300000|100%| O|  |TAMS 0x0000000089300000, 0x0000000089200000| Untracked 
| 147|0x0000000089300000, 0x0000000089400000, 0x0000000089400000|100%| O|  |TAMS 0x0000000089400000, 0x0000000089300000| Untracked 
| 148|0x0000000089400000, 0x0000000089500000, 0x0000000089500000|100%| O|  |TAMS 0x0000000089500000, 0x0000000089400000| Untracked 
| 149|0x0000000089500000, 0x0000000089600000, 0x0000000089600000|100%| O|  |TAMS 0x0000000089600000, 0x0000000089500000| Untracked 
| 150|0x0000000089600000, 0x0000000089700000, 0x0000000089700000|100%| O|  |TAMS 0x0000000089700000, 0x0000000089600000| Untracked 
| 151|0x0000000089700000, 0x0000000089800000, 0x0000000089800000|100%| O|  |TAMS 0x0000000089800000, 0x0000000089700000| Untracked 
| 152|0x0000000089800000, 0x0000000089900000, 0x0000000089900000|100%| O|  |TAMS 0x0000000089900000, 0x0000000089800000| Untracked 
| 153|0x0000000089900000, 0x0000000089a00000, 0x0000000089a00000|100%| O|  |TAMS 0x0000000089a00000, 0x0000000089900000| Untracked 
| 154|0x0000000089a00000, 0x0000000089b00000, 0x0000000089b00000|100%| O|  |TAMS 0x0000000089a08800, 0x0000000089a00000| Untracked 
| 155|0x0000000089b00000, 0x0000000089c00000, 0x0000000089c00000|100%|HS|  |TAMS 0x0000000089c00000, 0x0000000089b00000| Complete 
| 156|0x0000000089c00000, 0x0000000089d00000, 0x0000000089d00000|100%|HC|  |TAMS 0x0000000089d00000, 0x0000000089c00000| Complete 
| 157|0x0000000089d00000, 0x0000000089e00000, 0x0000000089e00000|100%|HS|  |TAMS 0x0000000089e00000, 0x0000000089d00000| Complete 
| 158|0x0000000089e00000, 0x0000000089f00000, 0x0000000089f00000|100%|HS|  |TAMS 0x0000000089f00000, 0x0000000089e00000| Complete 
| 159|0x0000000089f00000, 0x000000008a000000, 0x000000008a000000|100%|HS|  |TAMS 0x000000008a000000, 0x0000000089f00000| Complete 
| 160|0x000000008a000000, 0x000000008a100000, 0x000000008a100000|100%|HC|  |TAMS 0x000000008a100000, 0x000000008a000000| Complete 
| 161|0x000000008a100000, 0x000000008a200000, 0x000000008a200000|100%|HS|  |TAMS 0x000000008a200000, 0x000000008a100000| Complete 
| 162|0x000000008a200000, 0x000000008a300000, 0x000000008a300000|100%|HC|  |TAMS 0x000000008a300000, 0x000000008a200000| Complete 
| 163|0x000000008a300000, 0x000000008a400000, 0x000000008a400000|100%|HS|  |TAMS 0x000000008a300000, 0x000000008a300000| Complete 
| 164|0x000000008a400000, 0x000000008a500000, 0x000000008a500000|100%|HC|  |TAMS 0x000000008a400000, 0x000000008a400000| Complete 
| 165|0x000000008a500000, 0x000000008a600000, 0x000000008a600000|100%|HC|  |TAMS 0x000000008a500000, 0x000000008a500000| Complete 
| 166|0x000000008a600000, 0x000000008a700000, 0x000000008a700000|100%| O|  |TAMS 0x000000008a600000, 0x000000008a600000| Untracked 
| 167|0x000000008a700000, 0x000000008a800000, 0x000000008a800000|100%| O|  |TAMS 0x000000008a700000, 0x000000008a700000| Untracked 
| 168|0x000000008a800000, 0x000000008a900000, 0x000000008a900000|100%| O|  |TAMS 0x000000008a800000, 0x000000008a800000| Untracked 
| 169|0x000000008a900000, 0x000000008aa00000, 0x000000008aa00000|100%| O|  |TAMS 0x000000008a900000, 0x000000008a900000| Untracked 
| 170|0x000000008aa00000, 0x000000008ab00000, 0x000000008ab00000|100%| O|  |TAMS 0x000000008aa00000, 0x000000008aa00000| Untracked 
| 171|0x000000008ab00000, 0x000000008ac00000, 0x000000008ac00000|100%| O|  |TAMS 0x000000008ab00000, 0x000000008ab00000| Untracked 
| 172|0x000000008ac00000, 0x000000008ad00000, 0x000000008ad00000|100%| O|  |TAMS 0x000000008ac00000, 0x000000008ac00000| Untracked 
| 173|0x000000008ad00000, 0x000000008ae00000, 0x000000008ae00000|100%| O|  |TAMS 0x000000008ad00000, 0x000000008ad00000| Untracked 
| 174|0x000000008ae00000, 0x000000008af00000, 0x000000008af00000|100%| O|  |TAMS 0x000000008ae00000, 0x000000008ae00000| Untracked 
| 175|0x000000008af00000, 0x000000008b000000, 0x000000008b000000|100%| O|  |TAMS 0x000000008af00000, 0x000000008af00000| Untracked 
| 176|0x000000008b000000, 0x000000008b100000, 0x000000008b100000|100%| O|  |TAMS 0x000000008b000000, 0x000000008b000000| Untracked 
| 177|0x000000008b100000, 0x000000008b200000, 0x000000008b200000|100%|HS|  |TAMS 0x000000008b100000, 0x000000008b100000| Complete 
| 178|0x000000008b200000, 0x000000008b300000, 0x000000008b300000|100%|HC|  |TAMS 0x000000008b200000, 0x000000008b200000| Complete 
| 179|0x000000008b300000, 0x000000008b400000, 0x000000008b400000|100%|HS|  |TAMS 0x000000008b300000, 0x000000008b300000| Complete 
| 180|0x000000008b400000, 0x000000008b500000, 0x000000008b500000|100%|HC|  |TAMS 0x000000008b400000, 0x000000008b400000| Complete 
| 181|0x000000008b500000, 0x000000008b600000, 0x000000008b600000|100%|HS|  |TAMS 0x000000008b500000, 0x000000008b500000| Complete 
| 182|0x000000008b600000, 0x000000008b700000, 0x000000008b700000|100%|HC|  |TAMS 0x000000008b600000, 0x000000008b600000| Complete 
| 183|0x000000008b700000, 0x000000008b800000, 0x000000008b800000|100%|HS|  |TAMS 0x000000008b700000, 0x000000008b700000| Complete 
| 184|0x000000008b800000, 0x000000008b900000, 0x000000008b900000|100%|HS|  |TAMS 0x000000008b800000, 0x000000008b800000| Complete 
| 185|0x000000008b900000, 0x000000008ba00000, 0x000000008ba00000|100%|HC|  |TAMS 0x000000008b900000, 0x000000008b900000| Complete 
| 186|0x000000008ba00000, 0x000000008bb00000, 0x000000008bb00000|100%|HS|  |TAMS 0x000000008ba00000, 0x000000008ba00000| Complete 
| 187|0x000000008bb00000, 0x000000008bc00000, 0x000000008bc00000|100%|HC|  |TAMS 0x000000008bb00000, 0x000000008bb00000| Complete 
| 188|0x000000008bc00000, 0x000000008bc00000, 0x000000008bd00000|  0%| F|  |TAMS 0x000000008bc00000, 0x000000008bc00000| Untracked 
| 189|0x000000008bd00000, 0x000000008be00000, 0x000000008be00000|100%|HS|  |TAMS 0x000000008bd00000, 0x000000008bd00000| Complete 
| 190|0x000000008be00000, 0x000000008bf00000, 0x000000008bf00000|100%|HC|  |TAMS 0x000000008be00000, 0x000000008be00000| Complete 
| 191|0x000000008bf00000, 0x000000008bf00000, 0x000000008c000000|  0%| F|  |TAMS 0x000000008bf00000, 0x000000008bf00000| Untracked 
| 192|0x000000008c000000, 0x000000008c000000, 0x000000008c100000|  0%| F|  |TAMS 0x000000008c000000, 0x000000008c000000| Untracked 
| 193|0x000000008c100000, 0x000000008c100000, 0x000000008c200000|  0%| F|  |TAMS 0x000000008c100000, 0x000000008c100000| Untracked 
| 194|0x000000008c200000, 0x000000008c200000, 0x000000008c300000|  0%| F|  |TAMS 0x000000008c200000, 0x000000008c200000| Untracked 
| 195|0x000000008c300000, 0x000000008c300000, 0x000000008c400000|  0%| F|  |TAMS 0x000000008c300000, 0x000000008c300000| Untracked 
| 196|0x000000008c400000, 0x000000008c400000, 0x000000008c500000|  0%| F|  |TAMS 0x000000008c400000, 0x000000008c400000| Untracked 
| 197|0x000000008c500000, 0x000000008c600000, 0x000000008c600000|100%|HS|  |TAMS 0x000000008c500000, 0x000000008c500000| Complete 
| 198|0x000000008c600000, 0x000000008c700000, 0x000000008c700000|100%|HC|  |TAMS 0x000000008c600000, 0x000000008c600000| Complete 
| 199|0x000000008c700000, 0x000000008c800000, 0x000000008c800000|100%|HC|  |TAMS 0x000000008c700000, 0x000000008c700000| Complete 
| 200|0x000000008c800000, 0x000000008c900000, 0x000000008c900000|100%|HS|  |TAMS 0x000000008c800000, 0x000000008c800000| Complete 
| 201|0x000000008c900000, 0x000000008ca00000, 0x000000008ca00000|100%| O|  |TAMS 0x000000008c900000, 0x000000008c900000| Untracked 
| 202|0x000000008ca00000, 0x000000008cb00000, 0x000000008cb00000|100%| O|  |TAMS 0x000000008ca00000, 0x000000008ca00000| Untracked 
| 203|0x000000008cb00000, 0x000000008cc00000, 0x000000008cc00000|100%| O|  |TAMS 0x000000008cb00000, 0x000000008cb00000| Untracked 
| 204|0x000000008cc00000, 0x000000008cd00000, 0x000000008cd00000|100%| O|  |TAMS 0x000000008cc00000, 0x000000008cc00000| Untracked 
| 205|0x000000008cd00000, 0x000000008ce00000, 0x000000008ce00000|100%| O|  |TAMS 0x000000008cd00000, 0x000000008cd00000| Untracked 
| 206|0x000000008ce00000, 0x000000008cf00000, 0x000000008cf00000|100%| O|  |TAMS 0x000000008ce00000, 0x000000008ce00000| Untracked 
| 207|0x000000008cf00000, 0x000000008d000000, 0x000000008d000000|100%| O|  |TAMS 0x000000008cf00000, 0x000000008cf00000| Untracked 
| 208|0x000000008d000000, 0x000000008d100000, 0x000000008d100000|100%| O|  |TAMS 0x000000008d000000, 0x000000008d000000| Untracked 
| 209|0x000000008d100000, 0x000000008d200000, 0x000000008d200000|100%| O|  |TAMS 0x000000008d100000, 0x000000008d100000| Untracked 
| 210|0x000000008d200000, 0x000000008d300000, 0x000000008d300000|100%| O|  |TAMS 0x000000008d200000, 0x000000008d200000| Untracked 
| 211|0x000000008d300000, 0x000000008d400000, 0x000000008d400000|100%| O|  |TAMS 0x000000008d300000, 0x000000008d300000| Untracked 
| 212|0x000000008d400000, 0x000000008d500000, 0x000000008d500000|100%| O|  |TAMS 0x000000008d400000, 0x000000008d400000| Untracked 
| 213|0x000000008d500000, 0x000000008d600000, 0x000000008d600000|100%| O|  |TAMS 0x000000008d500000, 0x000000008d500000| Untracked 
| 214|0x000000008d600000, 0x000000008d700000, 0x000000008d700000|100%| O|  |TAMS 0x000000008d600000, 0x000000008d600000| Untracked 
| 215|0x000000008d700000, 0x000000008d7ce200, 0x000000008d800000| 80%| O|  |TAMS 0x000000008d700000, 0x000000008d700000| Untracked 
| 216|0x000000008d800000, 0x000000008d800000, 0x000000008d900000|  0%| F|  |TAMS 0x000000008d800000, 0x000000008d800000| Untracked 
| 217|0x000000008d900000, 0x000000008d900000, 0x000000008da00000|  0%| F|  |TAMS 0x000000008d900000, 0x000000008d900000| Untracked 
| 218|0x000000008da00000, 0x000000008da00000, 0x000000008db00000|  0%| F|  |TAMS 0x000000008da00000, 0x000000008da00000| Untracked 
| 219|0x000000008db00000, 0x000000008dc00000, 0x000000008dc00000|100%| S|CS|TAMS 0x000000008db00000, 0x000000008db00000| Complete 
| 220|0x000000008dc00000, 0x000000008dd00000, 0x000000008dd00000|100%| S|CS|TAMS 0x000000008dc00000, 0x000000008dc00000| Complete 
| 221|0x000000008dd00000, 0x000000008de00000, 0x000000008de00000|100%| S|CS|TAMS 0x000000008dd00000, 0x000000008dd00000| Complete 
| 222|0x000000008de00000, 0x000000008df00000, 0x000000008df00000|100%| S|CS|TAMS 0x000000008de00000, 0x000000008de00000| Complete 
| 223|0x000000008df00000, 0x000000008e000000, 0x000000008e000000|100%| S|CS|TAMS 0x000000008df00000, 0x000000008df00000| Complete 
| 224|0x000000008e000000, 0x000000008e100000, 0x000000008e100000|100%| S|CS|TAMS 0x000000008e000000, 0x000000008e000000| Complete 
| 225|0x000000008e100000, 0x000000008e200000, 0x000000008e200000|100%| S|CS|TAMS 0x000000008e100000, 0x000000008e100000| Complete 
| 226|0x000000008e200000, 0x000000008e300000, 0x000000008e300000|100%| S|CS|TAMS 0x000000008e200000, 0x000000008e200000| Complete 
| 227|0x000000008e300000, 0x000000008e400000, 0x000000008e400000|100%| S|CS|TAMS 0x000000008e300000, 0x000000008e300000| Complete 
| 228|0x000000008e400000, 0x000000008e400000, 0x000000008e500000|  0%| F|  |TAMS 0x000000008e400000, 0x000000008e400000| Untracked 
| 229|0x000000008e500000, 0x000000008e500000, 0x000000008e600000|  0%| F|  |TAMS 0x000000008e500000, 0x000000008e500000| Untracked 
| 230|0x000000008e600000, 0x000000008e600000, 0x000000008e700000|  0%| F|  |TAMS 0x000000008e600000, 0x000000008e600000| Untracked 
| 231|0x000000008e700000, 0x000000008e700000, 0x000000008e800000|  0%| F|  |TAMS 0x000000008e700000, 0x000000008e700000| Untracked 
| 232|0x000000008e800000, 0x000000008e800000, 0x000000008e900000|  0%| F|  |TAMS 0x000000008e800000, 0x000000008e800000| Untracked 
| 233|0x000000008e900000, 0x000000008e900000, 0x000000008ea00000|  0%| F|  |TAMS 0x000000008e900000, 0x000000008e900000| Untracked 
| 234|0x000000008ea00000, 0x000000008ea00000, 0x000000008eb00000|  0%| F|  |TAMS 0x000000008ea00000, 0x000000008ea00000| Untracked 
| 235|0x000000008eb00000, 0x000000008eb00000, 0x000000008ec00000|  0%| F|  |TAMS 0x000000008eb00000, 0x000000008eb00000| Untracked 
| 236|0x000000008ec00000, 0x000000008ec00000, 0x000000008ed00000|  0%| F|  |TAMS 0x000000008ec00000, 0x000000008ec00000| Untracked 
| 237|0x000000008ed00000, 0x000000008ed00000, 0x000000008ee00000|  0%| F|  |TAMS 0x000000008ed00000, 0x000000008ed00000| Untracked 
| 238|0x000000008ee00000, 0x000000008ee00000, 0x000000008ef00000|  0%| F|  |TAMS 0x000000008ee00000, 0x000000008ee00000| Untracked 
| 239|0x000000008ef00000, 0x000000008ef00000, 0x000000008f000000|  0%| F|  |TAMS 0x000000008ef00000, 0x000000008ef00000| Untracked 
| 240|0x000000008f000000, 0x000000008f000000, 0x000000008f100000|  0%| F|  |TAMS 0x000000008f000000, 0x000000008f000000| Untracked 
| 241|0x000000008f100000, 0x000000008f100000, 0x000000008f200000|  0%| F|  |TAMS 0x000000008f100000, 0x000000008f100000| Untracked 
| 242|0x000000008f200000, 0x000000008f200000, 0x000000008f300000|  0%| F|  |TAMS 0x000000008f200000, 0x000000008f200000| Untracked 
| 243|0x000000008f300000, 0x000000008f300000, 0x000000008f400000|  0%| F|  |TAMS 0x000000008f300000, 0x000000008f300000| Untracked 
| 244|0x000000008f400000, 0x000000008f400000, 0x000000008f500000|  0%| F|  |TAMS 0x000000008f400000, 0x000000008f400000| Untracked 
| 245|0x000000008f500000, 0x000000008f500000, 0x000000008f600000|  0%| F|  |TAMS 0x000000008f500000, 0x000000008f500000| Untracked 
| 246|0x000000008f600000, 0x000000008f600000, 0x000000008f700000|  0%| F|  |TAMS 0x000000008f600000, 0x000000008f600000| Untracked 
| 247|0x000000008f700000, 0x000000008f700000, 0x000000008f800000|  0%| F|  |TAMS 0x000000008f700000, 0x000000008f700000| Untracked 
| 248|0x000000008f800000, 0x000000008f800000, 0x000000008f900000|  0%| F|  |TAMS 0x000000008f800000, 0x000000008f800000| Untracked 
| 249|0x000000008f900000, 0x000000008f900000, 0x000000008fa00000|  0%| F|  |TAMS 0x000000008f900000, 0x000000008f900000| Untracked 
| 250|0x000000008fa00000, 0x000000008fa00000, 0x000000008fb00000|  0%| F|  |TAMS 0x000000008fa00000, 0x000000008fa00000| Untracked 
| 251|0x000000008fb00000, 0x000000008fb00000, 0x000000008fc00000|  0%| F|  |TAMS 0x000000008fb00000, 0x000000008fb00000| Untracked 
| 252|0x000000008fc00000, 0x000000008fc00000, 0x000000008fd00000|  0%| F|  |TAMS 0x000000008fc00000, 0x000000008fc00000| Untracked 
| 253|0x000000008fd00000, 0x000000008fd00000, 0x000000008fe00000|  0%| F|  |TAMS 0x000000008fd00000, 0x000000008fd00000| Untracked 
| 254|0x000000008fe00000, 0x000000008fe00000, 0x000000008ff00000|  0%| F|  |TAMS 0x000000008fe00000, 0x000000008fe00000| Untracked 
| 255|0x000000008ff00000, 0x000000008ff00000, 0x0000000090000000|  0%| F|  |TAMS 0x000000008ff00000, 0x000000008ff00000| Untracked 
| 256|0x0000000090000000, 0x0000000090000000, 0x0000000090100000|  0%| F|  |TAMS 0x0000000090000000, 0x0000000090000000| Untracked 
| 257|0x0000000090100000, 0x0000000090100000, 0x0000000090200000|  0%| F|  |TAMS 0x0000000090100000, 0x0000000090100000| Untracked 
| 258|0x0000000090200000, 0x0000000090200000, 0x0000000090300000|  0%| F|  |TAMS 0x0000000090200000, 0x0000000090200000| Untracked 
| 259|0x0000000090300000, 0x0000000090300000, 0x0000000090400000|  0%| F|  |TAMS 0x0000000090300000, 0x0000000090300000| Untracked 
| 260|0x0000000090400000, 0x0000000090400000, 0x0000000090500000|  0%| F|  |TAMS 0x0000000090400000, 0x0000000090400000| Untracked 
| 261|0x0000000090500000, 0x0000000090500000, 0x0000000090600000|  0%| F|  |TAMS 0x0000000090500000, 0x0000000090500000| Untracked 
| 262|0x0000000090600000, 0x0000000090600000, 0x0000000090700000|  0%| F|  |TAMS 0x0000000090600000, 0x0000000090600000| Untracked 
| 263|0x0000000090700000, 0x0000000090700000, 0x0000000090800000|  0%| F|  |TAMS 0x0000000090700000, 0x0000000090700000| Untracked 
| 264|0x0000000090800000, 0x0000000090800000, 0x0000000090900000|  0%| F|  |TAMS 0x0000000090800000, 0x0000000090800000| Untracked 
| 265|0x0000000090900000, 0x0000000090900000, 0x0000000090a00000|  0%| F|  |TAMS 0x0000000090900000, 0x0000000090900000| Untracked 
| 266|0x0000000090a00000, 0x0000000090a00000, 0x0000000090b00000|  0%| F|  |TAMS 0x0000000090a00000, 0x0000000090a00000| Untracked 
| 267|0x0000000090b00000, 0x0000000090b00000, 0x0000000090c00000|  0%| F|  |TAMS 0x0000000090b00000, 0x0000000090b00000| Untracked 
| 268|0x0000000090c00000, 0x0000000090c00000, 0x0000000090d00000|  0%| F|  |TAMS 0x0000000090c00000, 0x0000000090c00000| Untracked 
| 269|0x0000000090d00000, 0x0000000090d00000, 0x0000000090e00000|  0%| F|  |TAMS 0x0000000090d00000, 0x0000000090d00000| Untracked 
| 270|0x0000000090e00000, 0x0000000090e00000, 0x0000000090f00000|  0%| F|  |TAMS 0x0000000090e00000, 0x0000000090e00000| Untracked 
| 271|0x0000000090f00000, 0x0000000090f00000, 0x0000000091000000|  0%| F|  |TAMS 0x0000000090f00000, 0x0000000090f00000| Untracked 
| 272|0x0000000091000000, 0x0000000091000000, 0x0000000091100000|  0%| F|  |TAMS 0x0000000091000000, 0x0000000091000000| Untracked 
| 273|0x0000000091100000, 0x0000000091100000, 0x0000000091200000|  0%| F|  |TAMS 0x0000000091100000, 0x0000000091100000| Untracked 
| 274|0x0000000091200000, 0x0000000091200000, 0x0000000091300000|  0%| F|  |TAMS 0x0000000091200000, 0x0000000091200000| Untracked 
| 275|0x0000000091300000, 0x0000000091300000, 0x0000000091400000|  0%| F|  |TAMS 0x0000000091300000, 0x0000000091300000| Untracked 
| 276|0x0000000091400000, 0x0000000091400000, 0x0000000091500000|  0%| F|  |TAMS 0x0000000091400000, 0x0000000091400000| Untracked 
| 277|0x0000000091500000, 0x0000000091500000, 0x0000000091600000|  0%| F|  |TAMS 0x0000000091500000, 0x0000000091500000| Untracked 
| 278|0x0000000091600000, 0x0000000091600000, 0x0000000091700000|  0%| F|  |TAMS 0x0000000091600000, 0x0000000091600000| Untracked 
| 279|0x0000000091700000, 0x0000000091700000, 0x0000000091800000|  0%| F|  |TAMS 0x0000000091700000, 0x0000000091700000| Untracked 
| 280|0x0000000091800000, 0x0000000091800000, 0x0000000091900000|  0%| F|  |TAMS 0x0000000091800000, 0x0000000091800000| Untracked 
| 281|0x0000000091900000, 0x0000000091900000, 0x0000000091a00000|  0%| F|  |TAMS 0x0000000091900000, 0x0000000091900000| Untracked 
| 282|0x0000000091a00000, 0x0000000091a00000, 0x0000000091b00000|  0%| F|  |TAMS 0x0000000091a00000, 0x0000000091a00000| Untracked 
| 283|0x0000000091b00000, 0x0000000091b00000, 0x0000000091c00000|  0%| F|  |TAMS 0x0000000091b00000, 0x0000000091b00000| Untracked 
| 284|0x0000000091c00000, 0x0000000091c00000, 0x0000000091d00000|  0%| F|  |TAMS 0x0000000091c00000, 0x0000000091c00000| Untracked 
| 285|0x0000000091d00000, 0x0000000091d00000, 0x0000000091e00000|  0%| F|  |TAMS 0x0000000091d00000, 0x0000000091d00000| Untracked 
| 286|0x0000000091e00000, 0x0000000091e00000, 0x0000000091f00000|  0%| F|  |TAMS 0x0000000091e00000, 0x0000000091e00000| Untracked 
| 287|0x0000000091f00000, 0x0000000091f00000, 0x0000000092000000|  0%| F|  |TAMS 0x0000000091f00000, 0x0000000091f00000| Untracked 
| 288|0x0000000092000000, 0x0000000092000000, 0x0000000092100000|  0%| F|  |TAMS 0x0000000092000000, 0x0000000092000000| Untracked 
| 289|0x0000000092100000, 0x0000000092100000, 0x0000000092200000|  0%| F|  |TAMS 0x0000000092100000, 0x0000000092100000| Untracked 
| 290|0x0000000092200000, 0x0000000092200000, 0x0000000092300000|  0%| F|  |TAMS 0x0000000092200000, 0x0000000092200000| Untracked 
| 291|0x0000000092300000, 0x0000000092300000, 0x0000000092400000|  0%| F|  |TAMS 0x0000000092300000, 0x0000000092300000| Untracked 
| 292|0x0000000092400000, 0x0000000092400000, 0x0000000092500000|  0%| F|  |TAMS 0x0000000092400000, 0x0000000092400000| Untracked 
| 293|0x0000000092500000, 0x0000000092500000, 0x0000000092600000|  0%| F|  |TAMS 0x0000000092500000, 0x0000000092500000| Untracked 
| 294|0x0000000092600000, 0x0000000092600000, 0x0000000092700000|  0%| F|  |TAMS 0x0000000092600000, 0x0000000092600000| Untracked 
| 295|0x0000000092700000, 0x0000000092700000, 0x0000000092800000|  0%| F|  |TAMS 0x0000000092700000, 0x0000000092700000| Untracked 
| 296|0x0000000092800000, 0x0000000092800000, 0x0000000092900000|  0%| F|  |TAMS 0x0000000092800000, 0x0000000092800000| Untracked 
| 297|0x0000000092900000, 0x0000000092900000, 0x0000000092a00000|  0%| F|  |TAMS 0x0000000092900000, 0x0000000092900000| Untracked 
| 298|0x0000000092a00000, 0x0000000092a00000, 0x0000000092b00000|  0%| F|  |TAMS 0x0000000092a00000, 0x0000000092a00000| Untracked 
| 299|0x0000000092b00000, 0x0000000092b00000, 0x0000000092c00000|  0%| F|  |TAMS 0x0000000092b00000, 0x0000000092b00000| Untracked 
| 300|0x0000000092c00000, 0x0000000092c00000, 0x0000000092d00000|  0%| F|  |TAMS 0x0000000092c00000, 0x0000000092c00000| Untracked 
| 301|0x0000000092d00000, 0x0000000092dafa80, 0x0000000092e00000| 68%| E|  |TAMS 0x0000000092d00000, 0x0000000092d00000| Complete 
| 302|0x0000000092e00000, 0x0000000092f00000, 0x0000000092f00000|100%| E|CS|TAMS 0x0000000092e00000, 0x0000000092e00000| Complete 
| 303|0x0000000092f00000, 0x0000000093000000, 0x0000000093000000|100%| E|CS|TAMS 0x0000000092f00000, 0x0000000092f00000| Complete 
| 304|0x0000000093000000, 0x0000000093100000, 0x0000000093100000|100%| E|CS|TAMS 0x0000000093000000, 0x0000000093000000| Complete 
| 305|0x0000000093100000, 0x0000000093200000, 0x0000000093200000|100%| E|CS|TAMS 0x0000000093100000, 0x0000000093100000| Complete 
| 306|0x0000000093200000, 0x0000000093300000, 0x0000000093300000|100%| E|CS|TAMS 0x0000000093200000, 0x0000000093200000| Complete 
| 307|0x0000000093300000, 0x0000000093400000, 0x0000000093400000|100%| E|CS|TAMS 0x0000000093300000, 0x0000000093300000| Complete 
| 308|0x0000000093400000, 0x0000000093500000, 0x0000000093500000|100%| E|CS|TAMS 0x0000000093400000, 0x0000000093400000| Complete 
| 309|0x0000000093500000, 0x0000000093600000, 0x0000000093600000|100%| E|CS|TAMS 0x0000000093500000, 0x0000000093500000| Complete 
| 310|0x0000000093600000, 0x0000000093700000, 0x0000000093700000|100%| E|CS|TAMS 0x0000000093600000, 0x0000000093600000| Complete 
| 311|0x0000000093700000, 0x0000000093800000, 0x0000000093800000|100%| E|CS|TAMS 0x0000000093700000, 0x0000000093700000| Complete 
| 312|0x0000000093800000, 0x0000000093900000, 0x0000000093900000|100%| E|CS|TAMS 0x0000000093800000, 0x0000000093800000| Complete 
| 313|0x0000000093900000, 0x0000000093a00000, 0x0000000093a00000|100%| E|CS|TAMS 0x0000000093900000, 0x0000000093900000| Complete 
| 314|0x0000000093a00000, 0x0000000093b00000, 0x0000000093b00000|100%| E|CS|TAMS 0x0000000093a00000, 0x0000000093a00000| Complete 
| 315|0x0000000093b00000, 0x0000000093c00000, 0x0000000093c00000|100%| E|CS|TAMS 0x0000000093b00000, 0x0000000093b00000| Complete 
| 316|0x0000000093c00000, 0x0000000093d00000, 0x0000000093d00000|100%| E|CS|TAMS 0x0000000093c00000, 0x0000000093c00000| Complete 
| 317|0x0000000093d00000, 0x0000000093e00000, 0x0000000093e00000|100%| E|CS|TAMS 0x0000000093d00000, 0x0000000093d00000| Complete 
| 318|0x0000000093e00000, 0x0000000093f00000, 0x0000000093f00000|100%| E|CS|TAMS 0x0000000093e00000, 0x0000000093e00000| Complete 
| 319|0x0000000093f00000, 0x0000000094000000, 0x0000000094000000|100%| E|CS|TAMS 0x0000000093f00000, 0x0000000093f00000| Complete 
| 320|0x0000000094000000, 0x0000000094100000, 0x0000000094100000|100%| E|CS|TAMS 0x0000000094000000, 0x0000000094000000| Complete 
| 321|0x0000000094100000, 0x0000000094200000, 0x0000000094200000|100%| E|CS|TAMS 0x0000000094100000, 0x0000000094100000| Complete 
| 322|0x0000000094200000, 0x0000000094300000, 0x0000000094300000|100%| E|CS|TAMS 0x0000000094200000, 0x0000000094200000| Complete 
| 323|0x0000000094300000, 0x0000000094400000, 0x0000000094400000|100%| E|CS|TAMS 0x0000000094300000, 0x0000000094300000| Complete 
| 324|0x0000000094400000, 0x0000000094500000, 0x0000000094500000|100%| E|CS|TAMS 0x0000000094400000, 0x0000000094400000| Complete 
| 325|0x0000000094500000, 0x0000000094600000, 0x0000000094600000|100%| E|  |TAMS 0x0000000094500000, 0x0000000094500000| Complete 
| 326|0x0000000094600000, 0x0000000094700000, 0x0000000094700000|100%| E|CS|TAMS 0x0000000094600000, 0x0000000094600000| Complete 
| 327|0x0000000094700000, 0x0000000094800000, 0x0000000094800000|100%| E|CS|TAMS 0x0000000094700000, 0x0000000094700000| Complete 
| 328|0x0000000094800000, 0x0000000094900000, 0x0000000094900000|100%| E|CS|TAMS 0x0000000094800000, 0x0000000094800000| Complete 
| 329|0x0000000094900000, 0x0000000094a00000, 0x0000000094a00000|100%| E|CS|TAMS 0x0000000094900000, 0x0000000094900000| Complete 
| 330|0x0000000094a00000, 0x0000000094b00000, 0x0000000094b00000|100%| E|CS|TAMS 0x0000000094a00000, 0x0000000094a00000| Complete 
| 331|0x0000000094b00000, 0x0000000094c00000, 0x0000000094c00000|100%| E|CS|TAMS 0x0000000094b00000, 0x0000000094b00000| Complete 
| 332|0x0000000094c00000, 0x0000000094d00000, 0x0000000094d00000|100%| E|CS|TAMS 0x0000000094c00000, 0x0000000094c00000| Complete 
| 333|0x0000000094d00000, 0x0000000094e00000, 0x0000000094e00000|100%| E|CS|TAMS 0x0000000094d00000, 0x0000000094d00000| Complete 
| 334|0x0000000094e00000, 0x0000000094f00000, 0x0000000094f00000|100%| E|CS|TAMS 0x0000000094e00000, 0x0000000094e00000| Complete 
| 335|0x0000000094f00000, 0x0000000095000000, 0x0000000095000000|100%| E|CS|TAMS 0x0000000094f00000, 0x0000000094f00000| Complete 
| 336|0x0000000095000000, 0x0000000095100000, 0x0000000095100000|100%| E|CS|TAMS 0x0000000095000000, 0x0000000095000000| Complete 
| 337|0x0000000095100000, 0x0000000095200000, 0x0000000095200000|100%| E|CS|TAMS 0x0000000095100000, 0x0000000095100000| Complete 
| 338|0x0000000095200000, 0x0000000095300000, 0x0000000095300000|100%| E|CS|TAMS 0x0000000095200000, 0x0000000095200000| Complete 
| 339|0x0000000095300000, 0x0000000095400000, 0x0000000095400000|100%| E|CS|TAMS 0x0000000095300000, 0x0000000095300000| Complete 
| 340|0x0000000095400000, 0x0000000095500000, 0x0000000095500000|100%| E|CS|TAMS 0x0000000095400000, 0x0000000095400000| Complete 
| 341|0x0000000095500000, 0x0000000095600000, 0x0000000095600000|100%| E|CS|TAMS 0x0000000095500000, 0x0000000095500000| Complete 
| 342|0x0000000095600000, 0x0000000095700000, 0x0000000095700000|100%| E|CS|TAMS 0x0000000095600000, 0x0000000095600000| Complete 
| 343|0x0000000095700000, 0x0000000095800000, 0x0000000095800000|100%| E|CS|TAMS 0x0000000095700000, 0x0000000095700000| Complete 
| 344|0x0000000095800000, 0x0000000095900000, 0x0000000095900000|100%| E|CS|TAMS 0x0000000095800000, 0x0000000095800000| Complete 
| 345|0x0000000095900000, 0x0000000095a00000, 0x0000000095a00000|100%| E|CS|TAMS 0x0000000095900000, 0x0000000095900000| Complete 
| 346|0x0000000095a00000, 0x0000000095b00000, 0x0000000095b00000|100%| E|CS|TAMS 0x0000000095a00000, 0x0000000095a00000| Complete 
| 347|0x0000000095b00000, 0x0000000095c00000, 0x0000000095c00000|100%| E|CS|TAMS 0x0000000095b00000, 0x0000000095b00000| Complete 
| 348|0x0000000095c00000, 0x0000000095d00000, 0x0000000095d00000|100%| E|CS|TAMS 0x0000000095c00000, 0x0000000095c00000| Complete 
| 349|0x0000000095d00000, 0x0000000095e00000, 0x0000000095e00000|100%| E|CS|TAMS 0x0000000095d00000, 0x0000000095d00000| Complete 
| 350|0x0000000095e00000, 0x0000000095f00000, 0x0000000095f00000|100%| E|CS|TAMS 0x0000000095e00000, 0x0000000095e00000| Complete 
| 351|0x0000000095f00000, 0x0000000096000000, 0x0000000096000000|100%| E|CS|TAMS 0x0000000095f00000, 0x0000000095f00000| Complete 
| 352|0x0000000096000000, 0x0000000096100000, 0x0000000096100000|100%| E|CS|TAMS 0x0000000096000000, 0x0000000096000000| Complete 
| 353|0x0000000096100000, 0x0000000096200000, 0x0000000096200000|100%| E|CS|TAMS 0x0000000096100000, 0x0000000096100000| Complete 
| 354|0x0000000096200000, 0x0000000096300000, 0x0000000096300000|100%| E|CS|TAMS 0x0000000096200000, 0x0000000096200000| Complete 
| 355|0x0000000096300000, 0x0000000096400000, 0x0000000096400000|100%| E|CS|TAMS 0x0000000096300000, 0x0000000096300000| Complete 
| 356|0x0000000096400000, 0x0000000096500000, 0x0000000096500000|100%| E|CS|TAMS 0x0000000096400000, 0x0000000096400000| Complete 
| 357|0x0000000096500000, 0x0000000096600000, 0x0000000096600000|100%| E|CS|TAMS 0x0000000096500000, 0x0000000096500000| Complete 
| 358|0x0000000096600000, 0x0000000096700000, 0x0000000096700000|100%| E|CS|TAMS 0x0000000096600000, 0x0000000096600000| Complete 

Card table byte_map: [0x000001877ce50000,0x000001877d250000] _byte_map_base: 0x000001877ca50000

Marking Bits (Prev, Next): (CMBitMap*) 0x000001877c5ab0c0, (CMBitMap*) 0x000001877c5ab100
 Prev Bits: [0x000001877d650000, 0x000001877f650000)
 Next Bits: [0x0000018716ae0000, 0x0000018718ae0000)

Polling page: 0x000001877a420000

Metaspace:

Usage:
  Non-class:    103.69 MB used.
      Class:     16.62 MB used.
       Both:    120.31 MB used.

Virtual space:
  Non-class space:      128.00 MB reserved,     104.38 MB ( 82%) committed,  2 nodes.
      Class space:        1.00 GB reserved,      17.38 MB (  2%) committed,  1 nodes.
             Both:        1.12 GB reserved,     121.75 MB ( 11%) committed. 

Chunk freelists:
   Non-Class:  7.52 MB
       Class:  14.48 MB
        Both:  22.00 MB

MaxMetaspaceSize: unlimited
CompressedClassSpaceSize: 1.00 GB
Initial GC threshold: 21.00 MB
Current GC threshold: 191.25 MB
CDS: on
MetaspaceReclaimPolicy: balanced
 - commit_granule_bytes: 65536.
 - commit_granule_words: 8192.
 - virtual_space_node_default_size: 8388608.
 - enlarge_chunks_in_place: 1.
 - new_chunks_are_fully_committed: 0.
 - uncommit_free_chunks: 1.
 - use_allocation_guard: 0.
 - handle_deallocations: 1.


Internal statistics:

num_allocs_failed_limit: 3.
num_arena_births: 2454.
num_arena_deaths: 2.
num_vsnodes_births: 3.
num_vsnodes_deaths: 0.
num_space_committed: 1947.
num_space_uncommitted: 0.
num_chunks_returned_to_freelist: 6.
num_chunks_taken_from_freelist: 8208.
num_chunk_merges: 3.
num_chunk_splits: 5211.
num_chunks_enlarged: 3170.
num_inconsistent_stats: 0.

CodeHeap 'non-profiled nmethods': size=120000Kb used=9103Kb max_used=9573Kb free=110896Kb
 bounds [0x000001870f5b0000, 0x000001870ff10000, 0x0000018716ae0000]
CodeHeap 'profiled nmethods': size=120000Kb used=27121Kb max_used=27324Kb free=92878Kb
 bounds [0x0000018707ae0000, 0x00000187095c0000, 0x000001870f010000]
CodeHeap 'non-nmethods': size=5760Kb used=1858Kb max_used=1949Kb free=3901Kb
 bounds [0x000001870f010000, 0x000001870f280000, 0x000001870f5b0000]
 total_blobs=14786 nmethods=13831 adapters=867
 compilation: enabled
              stopped_count=0, restarted_count=0
 full_count=0

Compilation events (20 events):
Event: 26.657 Thread 0x0000018766eaa3b0 nmethod 16519 0x000001870f954c10 code [0x000001870f954da0, 0x000001870f955118]
Event: 26.658 Thread 0x0000018766eaa3b0 16548       4       com.sun.org.apache.xerces.internal.impl.XMLNSDocumentScannerImpl::scanStartElement (1031 bytes)
Event: 26.661 Thread 0x0000018760018f80 16549       2       com.sun.org.apache.xerces.internal.utils.XMLSecurityManager::convert (100 bytes)
Event: 26.662 Thread 0x0000018760018f80 nmethod 16549 0x00000187086b5a90 code [0x00000187086b5cc0, 0x00000187086b6218]
Event: 26.672 Thread 0x0000018760018f80 16551       2       com.android.utils.SdkUtils::endsWithIgnoreCase (21 bytes)
Event: 26.673 Thread 0x0000018760018f80 nmethod 16551 0x0000018708462590 code [0x0000018708462740, 0x00000187084628a8]
Event: 26.673 Thread 0x0000018760018f80 16552       2       com.google.common.base.Splitter$1::iterator (11 bytes)
Event: 26.673 Thread 0x0000018760018f80 nmethod 16552 0x0000018708716610 code [0x00000187087167c0, 0x00000187087169a8]
Event: 26.673 Thread 0x0000018760018f80 16553       2       com.google.common.base.Splitter$1$1::<init> (12 bytes)
Event: 26.673 Thread 0x0000018760018f80 nmethod 16553 0x00000187093a3910 code [0x00000187093a3ac0, 0x00000187093a3c28]
Event: 26.673 Thread 0x0000018760018f80 16554       2       com.google.common.base.Splitter$SplittingIterator::<init> (39 bytes)
Event: 26.673 Thread 0x0000018760018f80 nmethod 16554 0x0000018708732e10 code [0x0000018708732fc0, 0x0000018708733218]
Event: 26.673 Thread 0x0000018760018f80 16555       2       com.google.common.base.AbstractIterator::<init> (12 bytes)
Event: 26.673 Thread 0x0000018760018f80 nmethod 16555 0x000001870887c690 code [0x000001870887c820, 0x000001870887c978]
Event: 26.674 Thread 0x0000018760018f80 16556       3       com.android.utils.PositionXmlParser$DomBuilder::findOpeningTag (131 bytes)
Event: 26.675 Thread 0x0000018760018f80 nmethod 16556 0x0000018708884810 code [0x0000018708884b40, 0x0000018708885ef8]
Event: 26.675 Thread 0x0000018760018f80 16557       2       com.android.ide.common.resources.FileResourceNameValidator::isValidCharacter (36 bytes)
Event: 26.675 Thread 0x0000018760018f80 nmethod 16557 0x000001870888bd90 code [0x000001870888bf20, 0x000001870888c058]
Event: 26.675 Thread 0x0000018760018f80 16558       2       jdk.internal.loader.URLClassPath$1::hasMoreElements (5 bytes)
Event: 26.675 Thread 0x0000018760018f80 nmethod 16558 0x00000187089cdc10 code [0x00000187089cddc0, 0x00000187089cdee8]

GC Heap History (20 events):
Event: 24.624 GC heap before
{Heap before GC invocations=58 (full 0):
 garbage-first heap   total 224256K, used 186139K [0x0000000080000000, 0x0000000100000000)
  region size 1024K, 59 young (60416K), 7 survivors (7168K)
 Metaspace       used 109843K, committed 111168K, reserved 1179648K
  class space    used 15027K, committed 15680K, reserved 1048576K
}
Event: 24.627 GC heap after
{Heap after GC invocations=59 (full 0):
 garbage-first heap   total 224256K, used 138017K [0x0000000080000000, 0x0000000100000000)
  region size 1024K, 4 young (4096K), 4 survivors (4096K)
 Metaspace       used 109843K, committed 111168K, reserved 1179648K
  class space    used 15027K, committed 15680K, reserved 1048576K
}
Event: 24.916 GC heap before
{Heap before GC invocations=59 (full 0):
 garbage-first heap   total 224256K, used 189217K [0x0000000080000000, 0x0000000100000000)
  region size 1024K, 54 young (55296K), 4 survivors (4096K)
 Metaspace       used 112140K, committed 113472K, reserved 1179648K
  class space    used 15306K, committed 16000K, reserved 1048576K
}
Event: 24.920 GC heap after
{Heap after GC invocations=60 (full 0):
 garbage-first heap   total 224256K, used 144033K [0x0000000080000000, 0x0000000100000000)
  region size 1024K, 7 young (7168K), 7 survivors (7168K)
 Metaspace       used 112140K, committed 113472K, reserved 1179648K
  class space    used 15306K, committed 16000K, reserved 1048576K
}
Event: 25.161 GC heap before
{Heap before GC invocations=61 (full 0):
 garbage-first heap   total 250880K, used 189089K [0x0000000080000000, 0x0000000100000000)
  region size 1024K, 51 young (52224K), 7 survivors (7168K)
 Metaspace       used 113611K, committed 115008K, reserved 1179648K
  class space    used 15509K, committed 16192K, reserved 1048576K
}
Event: 25.166 GC heap after
{Heap after GC invocations=62 (full 0):
 garbage-first heap   total 250880K, used 149548K [0x0000000080000000, 0x0000000100000000)
  region size 1024K, 6 young (6144K), 6 survivors (6144K)
 Metaspace       used 113611K, committed 115008K, reserved 1179648K
  class space    used 15509K, committed 16192K, reserved 1048576K
}
Event: 25.184 GC heap before
{Heap before GC invocations=62 (full 0):
 garbage-first heap   total 250880K, used 155692K [0x0000000080000000, 0x0000000100000000)
  region size 1024K, 12 young (12288K), 6 survivors (6144K)
 Metaspace       used 113619K, committed 115008K, reserved 1179648K
  class space    used 15509K, committed 16192K, reserved 1048576K
}
Event: 25.186 GC heap after
{Heap after GC invocations=63 (full 0):
 garbage-first heap   total 250880K, used 149836K [0x0000000080000000, 0x0000000100000000)
  region size 1024K, 2 young (2048K), 2 survivors (2048K)
 Metaspace       used 113619K, committed 115008K, reserved 1179648K
  class space    used 15509K, committed 16192K, reserved 1048576K
}
Event: 25.525 GC heap before
{Heap before GC invocations=63 (full 0):
 garbage-first heap   total 250880K, used 208204K [0x0000000080000000, 0x0000000100000000)
  region size 1024K, 59 young (60416K), 2 survivors (2048K)
 Metaspace       used 115008K, committed 116480K, reserved 1179648K
  class space    used 15760K, committed 16512K, reserved 1048576K
}
Event: 25.528 GC heap after
{Heap after GC invocations=64 (full 0):
 garbage-first heap   total 250880K, used 157690K [0x0000000080000000, 0x0000000100000000)
  region size 1024K, 8 young (8192K), 8 survivors (8192K)
 Metaspace       used 115008K, committed 116480K, reserved 1179648K
  class space    used 15760K, committed 16512K, reserved 1048576K
}
Event: 25.731 GC heap before
{Heap before GC invocations=64 (full 0):
 garbage-first heap   total 250880K, used 207866K [0x0000000080000000, 0x0000000100000000)
  region size 1024K, 58 young (59392K), 8 survivors (8192K)
 Metaspace       used 115216K, committed 116672K, reserved 1179648K
  class space    used 15778K, committed 16512K, reserved 1048576K
}
Event: 25.734 GC heap after
{Heap after GC invocations=65 (full 0):
 garbage-first heap   total 250880K, used 160792K [0x0000000080000000, 0x0000000100000000)
  region size 1024K, 3 young (3072K), 3 survivors (3072K)
 Metaspace       used 115216K, committed 116672K, reserved 1179648K
  class space    used 15778K, committed 16512K, reserved 1048576K
}
Event: 25.916 GC heap before
{Heap before GC invocations=65 (full 0):
 garbage-first heap   total 250880K, used 210968K [0x0000000080000000, 0x0000000100000000)
  region size 1024K, 46 young (47104K), 3 survivors (3072K)
 Metaspace       used 115865K, committed 117248K, reserved 1179648K
  class space    used 15888K, committed 16576K, reserved 1048576K
}
Event: 25.919 GC heap after
{Heap after GC invocations=66 (full 0):
 garbage-first heap   total 250880K, used 172696K [0x0000000080000000, 0x0000000100000000)
  region size 1024K, 7 young (7168K), 7 survivors (7168K)
 Metaspace       used 115865K, committed 117248K, reserved 1179648K
  class space    used 15888K, committed 16576K, reserved 1048576K
}
Event: 26.210 GC heap before
{Heap before GC invocations=67 (full 0):
 garbage-first heap   total 306176K, used 214680K [0x0000000080000000, 0x0000000100000000)
  region size 1024K, 46 young (47104K), 7 survivors (7168K)
 Metaspace       used 118630K, committed 120064K, reserved 1179648K
  class space    used 16256K, committed 16960K, reserved 1048576K
}
Event: 26.213 GC heap after
{Heap after GC invocations=68 (full 0):
 garbage-first heap   total 306176K, used 178592K [0x0000000080000000, 0x0000000100000000)
  region size 1024K, 3 young (3072K), 3 survivors (3072K)
 Metaspace       used 118630K, committed 120064K, reserved 1179648K
  class space    used 16256K, committed 16960K, reserved 1048576K
}
Event: 26.279 GC heap before
{Heap before GC invocations=68 (full 0):
 garbage-first heap   total 306176K, used 188832K [0x0000000080000000, 0x0000000100000000)
  region size 1024K, 14 young (14336K), 3 survivors (3072K)
 Metaspace       used 120066K, committed 121536K, reserved 1179648K
  class space    used 16424K, committed 17152K, reserved 1048576K
}
Event: 26.282 GC heap after
{Heap after GC invocations=69 (full 0):
 garbage-first heap   total 306176K, used 176052K [0x0000000080000000, 0x0000000100000000)
  region size 1024K, 1 young (1024K), 1 survivors (1024K)
 Metaspace       used 120066K, committed 121536K, reserved 1179648K
  class space    used 16424K, committed 17152K, reserved 1048576K
}
Event: 26.505 GC heap before
{Heap before GC invocations=69 (full 0):
 garbage-first heap   total 306176K, used 276404K [0x0000000080000000, 0x0000000100000000)
  region size 1024K, 71 young (72704K), 1 survivors (1024K)
 Metaspace       used 121182K, committed 122624K, reserved 1179648K
  class space    used 16554K, committed 17280K, reserved 1048576K
}
Event: 26.513 GC heap after
{Heap after GC invocations=70 (full 0):
 garbage-first heap   total 367616K, used 212792K [0x0000000080000000, 0x0000000100000000)
  region size 1024K, 9 young (9216K), 9 survivors (9216K)
 Metaspace       used 121182K, committed 122624K, reserved 1179648K
  class space    used 16554K, committed 17280K, reserved 1048576K
}

Dll operation events (15 events):
Event: 0.007 Loaded shared library C:\Users\16696\.jdks\ms-17.0.19\bin\java.dll
Event: 0.018 Loaded shared library C:\Users\16696\.jdks\ms-17.0.19\bin\jsvml.dll
Event: 0.043 Loaded shared library C:\Users\16696\.jdks\ms-17.0.19\bin\zip.dll
Event: 0.046 Loaded shared library C:\Users\16696\.jdks\ms-17.0.19\bin\instrument.dll
Event: 0.049 Loaded shared library C:\Users\16696\.jdks\ms-17.0.19\bin\net.dll
Event: 0.050 Loaded shared library C:\Users\16696\.jdks\ms-17.0.19\bin\nio.dll
Event: 0.053 Loaded shared library C:\Users\16696\.jdks\ms-17.0.19\bin\zip.dll
Event: 0.150 Loaded shared library C:\Users\16696\.jdks\ms-17.0.19\bin\jimage.dll
Event: 0.353 Loaded shared library C:\Users\16696\.jdks\ms-17.0.19\bin\verify.dll
Event: 0.368 Loaded shared library C:\Users\16696\.gradle\native\660c5614fbf4a5f2a75b1949f50a0caf5cd603558e7d8a26e50b933a0cfb79d1\windows-amd64\native-platform.dll
Event: 0.375 Loaded shared library C:\Users\16696\.gradle\native\0.2.8\x86_64-windows-gnu\gradle-fileevents.dll
Event: 0.830 Loaded shared library C:\Users\16696\.jdks\ms-17.0.19\bin\management.dll
Event: 0.832 Loaded shared library C:\Users\16696\.jdks\ms-17.0.19\bin\management_ext.dll
Event: 0.993 Loaded shared library C:\Users\16696\.jdks\ms-17.0.19\bin\extnet.dll
Event: 1.103 Loaded shared library C:\Users\16696\.jdks\ms-17.0.19\bin\sunmscapi.dll

Deoptimization events (20 events):
Event: 26.594 Thread 0x0000018762a33300 Uncommon trap: trap_request=0xffffff45 fr.pc=0x000001870f715138 relative=0x0000000000000038
Event: 26.594 Thread 0x0000018762a33300 Uncommon trap: reason=unstable_if action=reinterpret pc=0x000001870f715138 method=java.lang.Character.isSurrogate(C)Z @ 3 c2
Event: 26.594 Thread 0x0000018762a33300 DEOPT PACKING pc=0x000001870f715138 sp=0x0000006d83df9940
Event: 26.594 Thread 0x0000018762a33300 DEOPT UNPACKING pc=0x000001870f0669a3 sp=0x0000006d83df98d8 mode 2
Event: 26.600 Thread 0x0000018762a365a0 Uncommon trap: trap_request=0xffffff45 fr.pc=0x000001870f6b6110 relative=0x0000000000000450
Event: 26.600 Thread 0x0000018762a365a0 Uncommon trap: reason=unstable_if action=reinterpret pc=0x000001870f6b6110 method=java.util.WeakHashMap.remove(Ljava/lang/Object;)Ljava/lang/Object; @ 92 c2
Event: 26.600 Thread 0x0000018762a365a0 DEOPT PACKING pc=0x000001870f6b6110 sp=0x0000006d84bfdb20
Event: 26.600 Thread 0x0000018762a365a0 DEOPT UNPACKING pc=0x000001870f0669a3 sp=0x0000006d84bfdac0 mode 2
Event: 26.674 Thread 0x0000018762a33300 Uncommon trap: trap_request=0xffffff45 fr.pc=0x000001870f766614 relative=0x0000000000000594
Event: 26.674 Thread 0x0000018762a33300 Uncommon trap: reason=unstable_if action=reinterpret pc=0x000001870f766614 method=com.sun.org.apache.xerces.internal.impl.XMLEntityScanner.skipString(Ljava/lang/String;)Z @ 59 c2
Event: 26.674 Thread 0x0000018762a33300 DEOPT PACKING pc=0x000001870f766614 sp=0x0000006d83df97d0
Event: 26.674 Thread 0x0000018762a33300 DEOPT UNPACKING pc=0x000001870f0669a3 sp=0x0000006d83df9788 mode 2
Event: 26.674 Thread 0x0000018762a33300 Uncommon trap: trap_request=0xffffff45 fr.pc=0x000001870fd60168 relative=0x00000000000008a8
Event: 26.674 Thread 0x0000018762a33300 Uncommon trap: reason=unstable_if action=reinterpret pc=0x000001870fd60168 method=com.android.utils.PositionXmlParser$DomBuilder.findOpeningTag(Lcom/android/utils/PositionXmlParser$Position;)Lcom/android/utils/PositionXmlParser$Position; @ 81 c2
Event: 26.674 Thread 0x0000018762a33300 DEOPT PACKING pc=0x000001870fd60168 sp=0x0000006d83df9430
Event: 26.674 Thread 0x0000018762a33300 DEOPT UNPACKING pc=0x000001870f0669a3 sp=0x0000006d83df93a8 mode 2
Event: 26.674 Thread 0x0000018762a33300 Uncommon trap: trap_request=0xffffff45 fr.pc=0x000001870f75b8cc relative=0x00000000000001ec
Event: 26.674 Thread 0x0000018762a33300 Uncommon trap: reason=unstable_if action=reinterpret pc=0x000001870f75b8cc method=com.sun.org.apache.xerces.internal.impl.XMLEntityScanner.skipSpaces()Z @ 128 c2
Event: 26.674 Thread 0x0000018762a33300 DEOPT PACKING pc=0x000001870f75b8cc sp=0x0000006d83df9780
Event: 26.674 Thread 0x0000018762a33300 DEOPT UNPACKING pc=0x000001870f0669a3 sp=0x0000006d83df9718 mode 2

Classes loaded (20 events):
Event: 26.216 Loading class com/sun/org/apache/xerces/internal/dom/CharacterDataImpl$1
Event: 26.216 Loading class com/sun/org/apache/xerces/internal/dom/CharacterDataImpl$1 done
Event: 26.222 Loading class com/sun/org/apache/xerces/internal/dom/AttrImpl
Event: 26.222 Loading class com/sun/org/apache/xerces/internal/dom/AttrImpl done
Event: 26.222 Loading class com/sun/org/apache/xerces/internal/dom/AttributeMap
Event: 26.223 Loading class com/sun/org/apache/xerces/internal/dom/NamedNodeMapImpl
Event: 26.223 Loading class com/sun/org/apache/xerces/internal/dom/NamedNodeMapImpl done
Event: 26.223 Loading class com/sun/org/apache/xerces/internal/dom/AttributeMap done
Event: 26.235 Loading class com/sun/org/apache/xerces/internal/dom/CommentImpl
Event: 26.235 Loading class org/w3c/dom/Comment
Event: 26.235 Loading class org/w3c/dom/Comment done
Event: 26.235 Loading class com/sun/org/apache/xerces/internal/dom/CommentImpl done
Event: 26.306 Loading class java/nio/BufferUnderflowException
Event: 26.306 Loading class java/nio/BufferUnderflowException done
Event: 26.353 Loading class com/sun/org/apache/xerces/internal/dom/AttrNSImpl
Event: 26.353 Loading class com/sun/org/apache/xerces/internal/dom/AttrNSImpl done
Event: 26.567 Loading class java/util/concurrent/ForkJoinTask$AdaptedCallable
Event: 26.567 Loading class java/util/concurrent/ForkJoinTask$AdaptedCallable done
Event: 26.567 Loading class java/util/concurrent/ForkJoinPool$DefaultForkJoinWorkerThreadFactory$1
Event: 26.567 Loading class java/util/concurrent/ForkJoinPool$DefaultForkJoinWorkerThreadFactory$1 done

Classes unloaded (1 events):
Event: 25.968 Thread 0x000001871acce4f0 Unloading class 0x000001871cbe4000 'java/lang/invoke/LambdaForm$MH+0x000001871cbe4000'

Classes redefined (0 events):
No events

Internal exceptions (20 events):
Event: 25.556 Thread 0x0000018766ed2000 Exception <a 'java/lang/NoSuchMethodError'{0x000000008f37db08}: static Ljava/lang/Object;.<clinit>()V> (0x000000008f37db08) 
thrown [s\src\hotspot\share\prims\jni.cpp, line 1112]
Event: 25.593 Thread 0x0000018766ed2000 Exception <a 'sun/nio/fs/WindowsException'{0x000000008ebccf48}> (0x000000008ebccf48) 
thrown [s\src\hotspot\share\prims\jni.cpp, line 516]
Event: 25.631 Thread 0x0000018766ed2000 Exception <a 'sun/nio/fs/WindowsException'{0x000000008e232980}> (0x000000008e232980) 
thrown [s\src\hotspot\share\prims\jni.cpp, line 516]
Event: 25.647 Thread 0x0000018766ed2000 Exception <a 'sun/nio/fs/WindowsException'{0x000000008e0ba130}> (0x000000008e0ba130) 
thrown [s\src\hotspot\share\prims\jni.cpp, line 516]
Event: 25.647 Thread 0x0000018766ed2000 Exception <a 'sun/nio/fs/WindowsException'{0x000000008e0bbd60}> (0x000000008e0bbd60) 
thrown [s\src\hotspot\share\prims\jni.cpp, line 516]
Event: 25.648 Thread 0x0000018766ed2000 Exception <a 'sun/nio/fs/WindowsException'{0x000000008e0c4490}> (0x000000008e0c4490) 
thrown [s\src\hotspot\share\prims\jni.cpp, line 516]
Event: 25.648 Thread 0x0000018766ed2000 Exception <a 'sun/nio/fs/WindowsException'{0x000000008e0cc028}> (0x000000008e0cc028) 
thrown [s\src\hotspot\share\prims\jni.cpp, line 516]
Event: 25.675 Thread 0x0000018766ed2000 Exception <a 'sun/nio/fs/WindowsException'{0x000000008d5a5898}> (0x000000008d5a5898) 
thrown [s\src\hotspot\share\prims\jni.cpp, line 516]
Event: 25.840 Thread 0x0000018762a33300 Exception <a 'java/lang/NoSuchMethodError'{0x000000008dc3af40}: static Lcom/android/build/gradle/internal/dsl/CompileSdkVersionImpl;.<clinit>()V> (0x000000008dc3af40) 
thrown [s\src\hotspot\share\prims\jni.cpp, line 1112]
Event: 26.299 Thread 0x0000018762a323d0 Exception <a 'java/lang/NoSuchMethodError'{0x00000000928d3550}: 'java.lang.Object java.lang.invoke.DirectMethodHandle$Holder.invokeStaticInit(java.lang.Object, java.lang.Object, java.lang.Object, java.lang.Object, java.lang.Object, java.lang.Object, java.lang.Object, java.lang.Object, java.lang.Object, java.lang.Object, java.lang.Object, java.lang.Object, java.lang.Object, java.lang.Object, java.lang.Object, java.lang.Object, java.lang.Object, java.lang.Object, java.lang.Object, java.lang.Object, int, java
Event: 26.300 Thread 0x0000018762a323d0 Exception <a 'java/lang/IncompatibleClassChangeError'{0x00000000928ec6f8}: Found class java.lang.Object, but interface was expected> (0x00000000928ec6f8) 
thrown [s\src\hotspot\share\interpreter\linkResolver.cpp, line 826]
Event: 26.300 Thread 0x0000018762a323d0 Exception <a 'java/lang/IncompatibleClassChangeError'{0x00000000928f78c8}: Found class java.lang.Object, but interface was expected> (0x00000000928f78c8) 
thrown [s\src\hotspot\share\interpreter\linkResolver.cpp, line 826]
Event: 26.569 Thread 0x0000018762a328e0 Implicit null exception at 0x000001870fae7be9 to 0x000001870faf0124
Event: 26.569 Thread 0x0000018762a36090 Implicit null exception at 0x000001870fae7be9 to 0x000001870faf0124
Event: 26.569 Thread 0x0000018762a36090 Exception <a 'java/lang/IncompatibleClassChangeError'{0x0000000094ed4460}: Found class java.lang.Object, but interface was expected> (0x0000000094ed4460) 
thrown [s\src\hotspot\share\interpreter\linkResolver.cpp, line 826]
Event: 26.573 Thread 0x0000018762935930 Implicit null exception at 0x000001870fac68da to 0x000001870fac716c
Event: 26.593 Thread 0x0000018762a33300 Implicit null exception at 0x000001870f60660f to 0x000001870f6074b8
Event: 26.606 Thread 0x0000018762a36fc0 Exception <a 'java/lang/NoSuchMethodError'{0x0000000094584950}: 'long java.lang.invoke.DirectMethodHandle$Holder.invokeStatic(java.lang.Object, java.lang.Object, java.lang.Object)'> (0x0000000094584950) 
thrown [s\src\hotspot\share\interpreter\linkResolver.cpp, line 759]
Event: 26.607 Thread 0x00000187629330b0 Exception <a 'java/lang/IncompatibleClassChangeError'{0x000000009466ba10}: Found class java.lang.Object, but interface was expected> (0x000000009466ba10) 
thrown [s\src\hotspot\share\interpreter\linkResolver.cpp, line 826]
Event: 26.607 Thread 0x00000187629330b0 Exception <a 'java/lang/IncompatibleClassChangeError'{0x00000000945b2388}: Found class java.lang.Object, but interface was expected> (0x00000000945b2388) 
thrown [s\src\hotspot\share\interpreter\linkResolver.cpp, line 826]

VM Operations (20 events):
Event: 26.062 Executing VM operation: HandshakeAllThreads
Event: 26.076 Executing VM operation: HandshakeAllThreads done
Event: 26.076 Executing VM operation: HandshakeAllThreads
Event: 26.077 Executing VM operation: HandshakeAllThreads done
Event: 26.210 Executing VM operation: G1CollectForAllocation
Event: 26.213 Executing VM operation: G1CollectForAllocation done
Event: 26.230 Executing VM operation: HandshakeAllThreads
Event: 26.230 Executing VM operation: HandshakeAllThreads done
Event: 26.279 Executing VM operation: G1CollectForAllocation
Event: 26.282 Executing VM operation: G1CollectForAllocation done
Event: 26.354 Executing VM operation: HandshakeAllThreads
Event: 26.354 Executing VM operation: HandshakeAllThreads done
Event: 26.354 Executing VM operation: HandshakeAllThreads
Event: 26.354 Executing VM operation: HandshakeAllThreads done
Event: 26.474 Executing VM operation: ICBufferFull
Event: 26.474 Executing VM operation: ICBufferFull done
Event: 26.505 Executing VM operation: G1CollectForAllocation
Event: 26.513 Executing VM operation: G1CollectForAllocation done
Event: 26.569 Executing VM operation: HandshakeAllThreads
Event: 26.569 Executing VM operation: HandshakeAllThreads done

Memory protections (0 events):
No events

Nmethod flushes (20 events):
Event: 26.583 Thread 0x0000018760038820 flushing  nmethod 0x00000187092d5d10
Event: 26.583 Thread 0x0000018760038820 flushing  nmethod 0x00000187092fa490
Event: 26.583 Thread 0x0000018760038820 flushing  nmethod 0x000001870933c710
Event: 26.583 Thread 0x0000018760038820 flushing  nmethod 0x000001870933e690
Event: 26.583 Thread 0x0000018760038820 flushing  nmethod 0x000001870936d810
Event: 26.584 Thread 0x0000018760038820 flushing  nmethod 0x000001870936f590
Event: 26.584 Thread 0x0000018760038820 flushing  nmethod 0x0000018709370490
Event: 26.584 Thread 0x0000018760038820 flushing  nmethod 0x0000018709380f10
Event: 26.584 Thread 0x0000018760038820 flushing  nmethod 0x000001870939cb10
Event: 26.584 Thread 0x0000018760038820 flushing  nmethod 0x000001870939f210
Event: 26.584 Thread 0x0000018760038820 flushing  nmethod 0x00000187093a3910
Event: 26.584 Thread 0x0000018760038820 flushing  nmethod 0x00000187093ae010
Event: 26.584 Thread 0x0000018760038820 flushing  nmethod 0x00000187093c6710
Event: 26.584 Thread 0x0000018760038820 flushing  nmethod 0x00000187093c6d90
Event: 26.584 Thread 0x0000018760038820 flushing  nmethod 0x00000187093c7910
Event: 26.584 Thread 0x0000018760038820 flushing  nmethod 0x00000187093f6290
Event: 26.584 Thread 0x0000018760038820 flushing  nmethod 0x0000018709409c10
Event: 26.584 Thread 0x0000018760038820 flushing  nmethod 0x000001870941f390
Event: 26.584 Thread 0x0000018760038820 flushing  nmethod 0x000001870942de90
Event: 26.584 Thread 0x0000018760038820 flushing  nmethod 0x000001870942eb10

Events (20 events):
Event: 25.318 Thread 0x0000018766ecc9f0 Thread added: 0x0000018766ed10d0
Event: 25.318 Thread 0x0000018766ecc9f0 Thread added: 0x0000018762a33300
Event: 25.318 Thread 0x0000018766ecc9f0 Thread added: 0x0000018762a34740
Event: 25.318 Thread 0x0000018766ecc9f0 Thread added: 0x0000018762a33d20
Event: 25.318 Thread 0x0000018766ecc9f0 Thread added: 0x0000018762a34c50
Event: 25.318 Thread 0x0000018766ecc9f0 Thread added: 0x0000018762a314a0
Event: 25.318 Thread 0x0000018766ecc9f0 Thread added: 0x0000018762a35160
Event: 25.318 Thread 0x0000018766ed2000 Thread added: 0x0000018762a35b80
Event: 25.825 Thread 0x0000018766ed2000 Thread added: 0x0000018762a35670
Event: 25.880 Thread 0x0000018762a35670 Thread added: 0x0000018762a323d0
Event: 26.568 Thread 0x0000018762a323d0 Thread added: 0x0000018762a36090
Event: 26.568 Thread 0x0000018762a36090 Thread added: 0x0000018762a328e0
Event: 26.568 Thread 0x0000018762a328e0 Thread added: 0x0000018762a365a0
Event: 26.568 Thread 0x0000018762a365a0 Thread added: 0x0000018762a36fc0
Event: 26.569 Thread 0x0000018762a36fc0 Thread added: 0x00000187629335c0
Event: 26.569 Thread 0x00000187629335c0 Thread added: 0x00000187629330b0
Event: 26.569 Thread 0x00000187629330b0 Thread added: 0x00000187629344f0
Event: 26.569 Thread 0x00000187629344f0 Thread added: 0x0000018762934a00
Event: 26.569 Thread 0x0000018762934a00 Thread added: 0x0000018762935930
Event: 26.570 Thread 0x0000018762935930 Thread added: 0x0000018766ecfc90


Dynamic libraries:
0x00007ff76e8a0000 - 0x00007ff76e8ae000 	C:\Users\16696\.jdks\ms-17.0.19\bin\java.exe
0x00007ff880020000 - 0x00007ff880286000 	C:\Windows\SYSTEM32\ntdll.dll
0x00007ff87e450000 - 0x00007ff87e519000 	C:\Windows\System32\KERNEL32.DLL
0x00007ff87d960000 - 0x00007ff87dd5a000 	C:\Windows\System32\KERNELBASE.dll
0x00007ff87d620000 - 0x00007ff87d76c000 	C:\Windows\System32\ucrtbase.dll
0x00007ff873110000 - 0x00007ff873128000 	C:\Users\16696\.jdks\ms-17.0.19\bin\jli.dll
0x00007ff86de00000 - 0x00007ff86de1e000 	C:\Users\16696\.jdks\ms-17.0.19\bin\VCRUNTIME140.dll
0x00007ff87fa80000 - 0x00007ff87fc47000 	C:\Windows\System32\USER32.dll
0x00007ff87dd60000 - 0x00007ff87dd87000 	C:\Windows\System32\win32u.dll
0x00007ff87fa30000 - 0x00007ff87fa5b000 	C:\Windows\System32\GDI32.dll
0x00007ff87c3b0000 - 0x00007ff87c642000 	C:\Windows\WinSxS\amd64_microsoft.windows.common-controls_6595b64144ccf1df_6.0.26100.8521_none_3e08b75ce33403b3\COMCTL32.dll
0x00007ff87d830000 - 0x00007ff87d95b000 	C:\Windows\System32\gdi32full.dll
0x00007ff87e5f0000 - 0x00007ff87e699000 	C:\Windows\System32\msvcrt.dll
0x00007ff87d2b0000 - 0x00007ff87d353000 	C:\Windows\System32\msvcp_win.dll
0x00007ff87dea0000 - 0x00007ff87ded2000 	C:\Windows\System32\IMM32.DLL
0x00007ff873100000 - 0x00007ff87310c000 	C:\Users\16696\.jdks\ms-17.0.19\bin\vcruntime140_1.dll
0x00007ff83a4f0000 - 0x00007ff83a579000 	C:\Users\16696\.jdks\ms-17.0.19\bin\msvcp140.dll
0x00007ff807150000 - 0x00007ff807dcb000 	C:\Users\16696\.jdks\ms-17.0.19\bin\server\jvm.dll
0x00007ff87ed10000 - 0x00007ff87edc6000 	C:\Windows\System32\ADVAPI32.dll
0x00007ff87e1e0000 - 0x00007ff87e28a000 	C:\Windows\System32\sechost.dll
0x00007ff87f8a0000 - 0x00007ff87f9b8000 	C:\Windows\System32\RPCRT4.dll
0x00007ff87de10000 - 0x00007ff87de90000 	C:\Windows\System32\WS2_32.dll
0x00007ff87d110000 - 0x00007ff87d16e000 	C:\Windows\SYSTEM32\POWRPROF.dll
0x00007ff875350000 - 0x00007ff875386000 	C:\Windows\SYSTEM32\WINMM.dll
0x00007ff875340000 - 0x00007ff87534b000 	C:\Windows\SYSTEM32\VERSION.dll
0x00007ff87d0f0000 - 0x00007ff87d104000 	C:\Windows\SYSTEM32\UMPDC.dll
0x00007ff87b6d0000 - 0x00007ff87b6eb000 	C:\Windows\SYSTEM32\kernel.appcore.dll
0x00007ff86ddd0000 - 0x00007ff86ddda000 	C:\Users\16696\.jdks\ms-17.0.19\bin\jimage.dll
0x00007ff87ca80000 - 0x00007ff87ccc2000 	C:\Windows\SYSTEM32\DBGHELP.DLL
0x00007ff87fc50000 - 0x00007ff87ffd3000 	C:\Windows\System32\combase.dll
0x00007ff87f760000 - 0x00007ff87f839000 	C:\Windows\System32\OLEAUT32.dll
0x00007ff87c950000 - 0x00007ff87c98b000 	C:\Windows\SYSTEM32\dbgcore.DLL
0x00007ff87d360000 - 0x00007ff87d408000 	C:\Windows\System32\bcryptPrimitives.dll
0x00007ff86d940000 - 0x00007ff86d94f000 	C:\Users\16696\.jdks\ms-17.0.19\bin\instrument.dll
0x00007ff86d460000 - 0x00007ff86d486000 	C:\Users\16696\.jdks\ms-17.0.19\bin\java.dll
0x00007fff8dbf0000 - 0x00007fff8dcc6000 	C:\Users\16696\.jdks\ms-17.0.19\bin\jsvml.dll
0x00007ff87ee60000 - 0x00007ff87f5e4000 	C:\Windows\System32\SHELL32.dll
0x00007ff87a390000 - 0x00007ff87ac10000 	C:\Windows\SYSTEM32\windows.storage.dll
0x00007ff87e350000 - 0x00007ff87e446000 	C:\Windows\System32\SHCORE.dll
0x00007ff87f9c0000 - 0x00007ff87fa27000 	C:\Windows\System32\shlwapi.dll
0x00007ff87d1d0000 - 0x00007ff87d1f9000 	C:\Windows\SYSTEM32\profapi.dll
0x00007ff86d080000 - 0x00007ff86d098000 	C:\Users\16696\.jdks\ms-17.0.19\bin\zip.dll
0x00007ff86ce40000 - 0x00007ff86ce5b000 	C:\Users\16696\.jdks\ms-17.0.19\bin\net.dll
0x00007ff874b00000 - 0x00007ff874c29000 	C:\Windows\SYSTEM32\WINHTTP.dll
0x00007ff87bbf0000 - 0x00007ff87bc5c000 	C:\Windows\system32\mswsock.dll
0x00007ff86ce20000 - 0x00007ff86ce36000 	C:\Users\16696\.jdks\ms-17.0.19\bin\nio.dll
0x00007ff86d930000 - 0x00007ff86d940000 	C:\Users\16696\.jdks\ms-17.0.19\bin\verify.dll
0x00007fffe4c80000 - 0x00007fffe4ca7000 	C:\Users\16696\.gradle\native\660c5614fbf4a5f2a75b1949f50a0caf5cd603558e7d8a26e50b933a0cfb79d1\windows-amd64\native-platform.dll
0x00007ff839070000 - 0x00007ff8390e7000 	C:\Users\16696\.gradle\native\0.2.8\x86_64-windows-gnu\gradle-fileevents.dll
0x00007ff86ce10000 - 0x00007ff86ce1a000 	C:\Users\16696\.jdks\ms-17.0.19\bin\management.dll
0x00007ff86ce00000 - 0x00007ff86ce0c000 	C:\Users\16696\.jdks\ms-17.0.19\bin\management_ext.dll
0x00007ff87fa70000 - 0x00007ff87fa78000 	C:\Windows\System32\PSAPI.DLL
0x00007ff87b0f0000 - 0x00007ff87b123000 	C:\Windows\SYSTEM32\IPHLPAPI.DLL
0x00007ff87fa60000 - 0x00007ff87fa6a000 	C:\Windows\System32\NSI.dll
0x00007ff875390000 - 0x00007ff8753ad000 	C:\Windows\SYSTEM32\dhcpcsvc6.DLL
0x00007ff874450000 - 0x00007ff874475000 	C:\Windows\SYSTEM32\dhcpcsvc.DLL
0x00007ff87b180000 - 0x00007ff87b2ca000 	C:\Windows\SYSTEM32\DNSAPI.dll
0x00007ff87ba10000 - 0x00007ff87ba1d000 	C:\Windows\SYSTEM32\DSPARSE.dll
0x00007ff86cdd0000 - 0x00007ff86cdd9000 	C:\Users\16696\.jdks\ms-17.0.19\bin\extnet.dll
0x00007ff87cdd0000 - 0x00007ff87cdeb000 	C:\Windows\SYSTEM32\CRYPTSP.dll
0x00007ff87be90000 - 0x00007ff87bec9000 	C:\Windows\system32\rsaenh.dll
0x00007ff87bc60000 - 0x00007ff87bc93000 	C:\Windows\SYSTEM32\USERENV.dll
0x00007ff87d1a0000 - 0x00007ff87d1ca000 	C:\Windows\SYSTEM32\bcrypt.dll
0x00007ff87be80000 - 0x00007ff87be8c000 	C:\Windows\SYSTEM32\CRYPTBASE.dll
0x00007ff86cdc0000 - 0x00007ff86cdce000 	C:\Users\16696\.jdks\ms-17.0.19\bin\sunmscapi.dll
0x00007ff87d410000 - 0x00007ff87d588000 	C:\Windows\System32\CRYPT32.dll
0x00007ff87c370000 - 0x00007ff87c3a0000 	C:\Windows\SYSTEM32\ncrypt.dll
0x00007ff87c320000 - 0x00007ff87c35f000 	C:\Windows\SYSTEM32\NTASN1.dll
0x00007ff865540000 - 0x00007ff865548000 	C:\Windows\system32\wshunix.dll

dbghelp: loaded successfully - version: 4.0.5 - missing functions: none
symbol engine: initialized successfully - sym options: 0x614 - pdb path: .;C:\Users\16696\.jdks\ms-17.0.19\bin;C:\Windows\SYSTEM32;C:\Windows\WinSxS\amd64_microsoft.windows.common-controls_6595b64144ccf1df_6.0.26100.8521_none_3e08b75ce33403b3;C:\Users\16696\.jdks\ms-17.0.19\bin\server;C:\Users\16696\.gradle\native\660c5614fbf4a5f2a75b1949f50a0caf5cd603558e7d8a26e50b933a0cfb79d1\windows-amd64;C:\Users\16696\.gradle\native\0.2.8\x86_64-windows-gnu

VM Arguments:
jvm_args: --add-opens=java.base/java.lang=ALL-UNNAMED --add-opens=java.base/java.lang.invoke=ALL-UNNAMED --add-opens=java.base/java.util=ALL-UNNAMED --add-opens=java.prefs/java.util.prefs=ALL-UNNAMED --add-exports=jdk.compiler/com.sun.tools.javac.api=ALL-UNNAMED --add-exports=jdk.compiler/com.sun.tools.javac.util=ALL-UNNAMED --add-opens=java.base/java.util=ALL-UNNAMED --add-opens=java.prefs/java.util.prefs=ALL-UNNAMED --add-opens=java.base/java.nio.charset=ALL-UNNAMED --add-opens=java.base/java.net=ALL-UNNAMED --add-opens=java.base/java.util.concurrent=ALL-UNNAMED --add-opens=java.base/java.util.concurrent.atomic=ALL-UNNAMED --add-opens=java.xml/javax.xml.namespace=ALL-UNNAMED --add-opens=java.base/java.time=ALL-UNNAMED -Xmx2048m -Dfile.encoding=UTF-8 -Duser.country=CN -Duser.language=zh -Duser.variant -javaagent:C:\Users\16696\.gradle\wrapper\dists\gradle-9.4.1-bin\arn2x92ynaizyzdaamcbpbhtj\gradle-9.4.1\lib\agents\gradle-instrumentation-agent-9.4.1.jar 
java_command: org.gradle.launcher.daemon.bootstrap.GradleDaemon 9.4.1
java_class_path (initial): C:\Users\16696\.gradle\wrapper\dists\gradle-9.4.1-bin\arn2x92ynaizyzdaamcbpbhtj\gradle-9.4.1\lib\gradle-daemon-main-9.4.1.jar
Launcher Type: SUN_STANDARD

[Global flags]
     intx CICompilerCount                          = 4                                         {product} {ergonomic}
     uint ConcGCThreads                            = 2                                         {product} {ergonomic}
     uint G1ConcRefinementThreads                  = 9                                         {product} {ergonomic}
   size_t G1HeapRegionSize                         = 1048576                                   {product} {ergonomic}
    uintx GCDrainStackTargetSize                   = 64                                        {product} {ergonomic}
   size_t InitialHeapSize                          = 260046848                                 {product} {ergonomic}
   size_t MarkStackSize                            = 4194304                                   {product} {ergonomic}
   size_t MaxHeapSize                              = 2147483648                                {product} {command line}
   size_t MaxNewSize                               = 1287651328                                {product} {ergonomic}
   size_t MinHeapDeltaBytes                        = 1048576                                   {product} {ergonomic}
   size_t MinHeapSize                              = 8388608                                   {product} {ergonomic}
    uintx NonNMethodCodeHeapSize                   = 5839372                                {pd product} {ergonomic}
    uintx NonProfiledCodeHeapSize                  = 122909434                              {pd product} {ergonomic}
    uintx ProfiledCodeHeapSize                     = 122909434                              {pd product} {ergonomic}
    uintx ReservedCodeCacheSize                    = 251658240                              {pd product} {ergonomic}
     bool SegmentedCodeCache                       = true                                      {product} {ergonomic}
   size_t SoftMaxHeapSize                          = 2147483648                             {manageable} {ergonomic}
     bool UseCompressedClassPointers               = true                           {product lp64_product} {ergonomic}
     bool UseCompressedOops                        = true                           {product lp64_product} {ergonomic}
     bool UseG1GC                                  = true                                      {product} {ergonomic}
     bool UseLargePagesIndividualAllocation        = false                                  {pd product} {ergonomic}

Logging:
Log output configuration:
 #0: stdout all=warning uptime,level,tags
 #1: stderr all=off uptime,level,tags

Environment Variables:
PATH=D:\Android\jdk-8.0.492.9-hotspot\bin;C:\Program Files (x86)\VMware\VMware Workstation\bin\;C:\Windows\system32;C:\Windows;C:\Windows\System32\Wbem;C:\Windows\System32\WindowsPowerShell\v1.0\;C:\Windows\System32\OpenSSH\;D:\Git\Git\cmd;D:\Cmake\bin;D:\Windows Kits\10\Windows Performance Toolkit\;C:\Program Files\CMake\bin;C:\Program Files\TortoiseGit\bin;C:\NXP\S32DS.3.5\S32DS\build_tools\gcc-10.2-arm32-eabi\bin;D:\Xshell\;C:\Users\16696\AppData\Local\Programs\Python\Python314\Scripts\;C:\Users\16696\AppData\Local\Programs\Python\Python314\;C:\Users\16696\AppData\Local\Microsoft\WindowsApps;D:\pycharm\PyCharm 2026.1.2\bin;D:\vscode\Microsoft VS Code\bin;D:\Android\Sdk\platform-tools;
USERNAME=16696
OS=Windows_NT
PROCESSOR_IDENTIFIER=Intel64 Family 6 Model 198 Stepping 2, GenuineIntel
TMP=C:\Users\16696\AppData\Local\Temp
TEMP=C:\Users\16696\AppData\Local\Temp



Periodic native trim disabled


---------------  S Y S T E M  ---------------

OS:
 Windows 11 , 64 bit Build 26100 (10.0.26100.8521)
OS uptime: 1 days 20:28 hours
Hyper-V role detected

CPU: total 10 (initial active 10) (10 cores per cpu, 1 threads per core) family 6 model 198 stepping 2 microcode 0x118, cx8, cmov, fxsr, mmx, 3dnowpref, sse, sse2, sse3, ssse3, sse4.1, sse4.2, popcnt, lzcnt, tsc, tscinvbit, avx, avx2, aes, erms, clmul, bmi1, bmi2, adx, sha, fma, vzeroupper, clflush, clflushopt, clwb, hv
Processor Information for processor 0
  Max Mhz: 3300, Current Mhz: 3300, Mhz Limit: 3300
Processor Information for processor 1
  Max Mhz: 3300, Current Mhz: 3300, Mhz Limit: 3300
Processor Information for processor 2
  Max Mhz: 2700, Current Mhz: 2700, Mhz Limit: 2700
Processor Information for processor 3
  Max Mhz: 2700, Current Mhz: 2700, Mhz Limit: 2700
Processor Information for processor 4
  Max Mhz: 2700, Current Mhz: 2700, Mhz Limit: 2700
Processor Information for processor 5
  Max Mhz: 2700, Current Mhz: 2700, Mhz Limit: 2700
Processor Information for processor 6
  Max Mhz: 3300, Current Mhz: 3300, Mhz Limit: 3300
Processor Information for processor 7
  Max Mhz: 3300, Current Mhz: 3300, Mhz Limit: 3300
Processor Information for processor 8
  Max Mhz: 3300, Current Mhz: 3300, Mhz Limit: 3300
Processor Information for processor 9
  Max Mhz: 3300, Current Mhz: 3300, Mhz Limit: 3300

Memory: 4k page, system-wide physical 15751M (1035M free)
TotalPageFile size 54151M (AvailPageFile size 16M)
current process WorkingSet (physical memory assigned to process): 718M, peak: 718M
current process commit charge ("private bytes"): 770M, peak: 770M

vm_info: OpenJDK 64-Bit Server VM (17.0.19+10-LTS) for windows-amd64 JRE (17.0.19+10-LTS), built on Apr 18 2026 18:24:40 by "MicrosoftCorporation" with MS VC++ 17.14 (VS2022)

END.
