#
# There is insufficient memory for the Java Runtime Environment to continue.
# Native memory allocation (malloc) failed to allocate 1232896 bytes. Error detail: Chunk::new
# Possible reasons:
#   The system is out of physical RAM or swap space
#   This process is running with CompressedOops enabled, and the Java Heap may be blocking the growth of the native heap
# Possible solutions:
#   Reduce memory load on the system
#   Increase physical memory or swap space
#   Check if swap backing store is full
#   Decrease Java heap size (-Xmx/-Xms)
#   Decrease number of Java threads
#   Decrease Java thread stack sizes (-Xss)
#   Set larger code cache with -XX:ReservedCodeCacheSize=
#   JVM is running with Unscaled Compressed Oops mode in which the Java heap is
#     placed in the first 4GB address space. The Java Heap base address is the
#     maximum limit for the native heap growth. Please use -XX:HeapBaseMinAddress
#     to set the Java Heap base and to place the Java Heap above 4GB virtual address.
# This output file may be truncated or incomplete.
#
#  Out of Memory Error (arena.cpp:191), pid=21788, tid=23564
#
# JRE version: OpenJDK Runtime Environment Microsoft-13877129 (17.0.19+10) (build 17.0.19+10-LTS)
# Java VM: OpenJDK 64-Bit Server VM Microsoft-13877129 (17.0.19+10-LTS, mixed mode, sharing, tiered, compressed oops, compressed class ptrs, g1 gc, windows-amd64)
# No core dump will be written. Minidumps are not enabled by default on client versions of Windows
#

---------------  S U M M A R Y ------------

Command Line: --add-opens=java.base/java.lang=ALL-UNNAMED --add-opens=java.base/java.lang.invoke=ALL-UNNAMED --add-opens=java.base/java.util=ALL-UNNAMED --add-opens=java.prefs/java.util.prefs=ALL-UNNAMED --add-exports=jdk.compiler/com.sun.tools.javac.api=ALL-UNNAMED --add-exports=jdk.compiler/com.sun.tools.javac.util=ALL-UNNAMED --add-opens=java.base/java.util=ALL-UNNAMED --add-opens=java.prefs/java.util.prefs=ALL-UNNAMED --add-opens=java.base/java.nio.charset=ALL-UNNAMED --add-opens=java.base/java.net=ALL-UNNAMED --add-opens=java.base/java.util.concurrent=ALL-UNNAMED --add-opens=java.base/java.util.concurrent.atomic=ALL-UNNAMED --add-opens=java.xml/javax.xml.namespace=ALL-UNNAMED --add-opens=java.base/java.time=ALL-UNNAMED -Xmx2048m -Dfile.encoding=UTF-8 -Duser.country=CN -Duser.language=zh -Duser.variant -javaagent:C:\Users\16696\.gradle\wrapper\dists\gradle-9.4.1-bin\arn2x92ynaizyzdaamcbpbhtj\gradle-9.4.1\lib\agents\gradle-instrumentation-agent-9.4.1.jar org.gradle.launcher.daemon.bootstrap.GradleDaemon 9.4.1

Host: Intel(R) Core(TM) Ultra 5 225, 10 cores, 15G,  Windows 11 , 64 bit Build 26100 (10.0.26100.8521)
Time: Thu Jul 16 10:39:23 2026  Windows 11 , 64 bit Build 26100 (10.0.26100.8521) elapsed time: 20.644654 seconds (0d 0h 0m 20s)

---------------  T H R E A D  ---------------

Current thread (0x00000299a6a37890):  JavaThread "C2 CompilerThread0" daemon [_thread_in_native, id=23564, stack(0x000000a06df00000,0x000000a06e000000)]


Current CompileTask:
C2:20644 17683       4       com.android.ide.common.resources.NodeUtils::updateNamespace (167 bytes)

Stack: [0x000000a06df00000,0x000000a06e000000]
Native frames: (J=compiled Java code, j=interpreted, Vv=VM code, C=native code)
V  [jvm.dll+0x68cc89]  (no source info available)
V  [jvm.dll+0x845d89]  (no source info available)
V  [jvm.dll+0x847af8]  (no source info available)
V  [jvm.dll+0x848183]  (no source info available)
V  [jvm.dll+0x24d0bf]  (no source info available)
V  [jvm.dll+0xaed56]  (no source info available)
V  [jvm.dll+0xaf3fc]  (no source info available)
V  [jvm.dll+0x3718be]  (no source info available)
V  [jvm.dll+0x1c07d3]  (no source info available)
V  [jvm.dll+0x21e120]  (no source info available)
V  [jvm.dll+0x21d412]  (no source info available)
V  [jvm.dll+0x1a8db6]  (no source info available)
V  [jvm.dll+0x22dc6b]  (no source info available)
V  [jvm.dll+0x22bdf6]  (no source info available)
V  [jvm.dll+0x7fbecb]  (no source info available)
V  [jvm.dll+0x7f62cc]  (no source info available)
V  [jvm.dll+0x68e227]  (no source info available)
C  [ucrtbase.dll+0x2cd30]  (no source info available)
C  [KERNEL32.DLL+0x2e957]  (no source info available)
C  [ntdll.dll+0x87c1c]  (no source info available)


---------------  P R O C E S S  ---------------

Threads class SMR info:
_java_thread_list=0x00000299f4cd3940, length=90, elements={
0x000002998829f5b0, 0x00000299a6a15db0, 0x00000299a6a18690, 0x00000299a6a30450,
0x00000299a6a30d20, 0x00000299a6a32160, 0x00000299a6a335a0, 0x00000299a6a37890,
0x00000299a6a3bc80, 0x00000299a6a3f030, 0x00000299a628a090, 0x00000299a6c098a0,
0x00000299eddc1f60, 0x00000299ecba42c0, 0x00000299ed0d8ce0, 0x00000299ee62f050,
0x00000299eec4cc40, 0x00000299ee73f3e0, 0x00000299ee73f8f0, 0x00000299ee73e9c0,
0x00000299ee73d070, 0x00000299ee73eed0, 0x00000299ee740820, 0x00000299ee73dfa0,
0x00000299f119b510, 0x00000299f119dd90, 0x00000299f119f1d0, 0x00000299f119d370,
0x00000299f119ba20, 0x00000299f119ce60, 0x00000299f119e7b0, 0x00000299f119d880,
0x00000299f119e2a0, 0x00000299f11a2470, 0x00000299ed5fb570, 0x00000299ed5fd3d0,
0x00000299ed5fbf90, 0x00000299ed5fe810, 0x00000299ed5fcec0, 0x00000299ed5fb060,
0x00000299ed5fc9b0, 0x00000299ed5fd8e0, 0x00000299ef386950, 0x00000299ef383980,
0x00000299ed5fed20, 0x00000299ed5fe300, 0x00000299ed5ff230, 0x00000299ed6024d0,
0x00000299f119ecc0, 0x00000299f119f6e0, 0x00000299f119bf30, 0x00000299f119c440,
0x00000299f119fbf0, 0x00000299f119c950, 0x00000299f11a2e90, 0x00000299f11a0100,
0x00000299f11a1540, 0x00000299f11a1a50, 0x00000299f11a1030, 0x00000299ee73d580,
0x00000299ee73da90, 0x00000299ee73e4b0, 0x00000299fa7ac3c0, 0x00000299fa7ac8d0,
0x00000299fa7ad800, 0x00000299fa7ae730, 0x00000299fa7ae220, 0x00000299fa7ad2f0,
0x00000299fa7af660, 0x00000299fa7acde0, 0x00000299fa7add10, 0x00000299fa7aec40,
0x00000299fa7abeb0, 0x00000299fa7b0fb0, 0x00000299fa7afb70, 0x00000299fa7b3830,
0x00000299fa7b14c0, 0x00000299fa7b0aa0, 0x00000299fa7b2900, 0x00000299fa7b0080,
0x00000299fa7b19d0, 0x00000299fa7b1ee0, 0x00000299fa7b23f0, 0x00000299ef5039f0,
0x00000299ef501b90, 0x00000299ef504920, 0x00000299ef502ac0, 0x00000299ef502fd0,
0x00000299ef5025b0, 0x00000299ef504410
}

Java Threads: ( => current thread )
  0x000002998829f5b0 JavaThread "main" [_thread_blocked, id=26944, stack(0x000000a06d200000,0x000000a06d300000)]
  0x00000299a6a15db0 JavaThread "Reference Handler" daemon [_thread_blocked, id=26984, stack(0x000000a06d900000,0x000000a06da00000)]
  0x00000299a6a18690 JavaThread "Finalizer" daemon [_thread_blocked, id=15692, stack(0x000000a06da00000,0x000000a06db00000)]
  0x00000299a6a30450 JavaThread "Signal Dispatcher" daemon [_thread_blocked, id=6800, stack(0x000000a06db00000,0x000000a06dc00000)]
  0x00000299a6a30d20 JavaThread "Attach Listener" daemon [_thread_blocked, id=2984, stack(0x000000a06dc00000,0x000000a06dd00000)]
  0x00000299a6a32160 JavaThread "Service Thread" daemon [_thread_blocked, id=19736, stack(0x000000a06dd00000,0x000000a06de00000)]
  0x00000299a6a335a0 JavaThread "Monitor Deflation Thread" daemon [_thread_blocked, id=25936, stack(0x000000a06de00000,0x000000a06df00000)]
=>0x00000299a6a37890 JavaThread "C2 CompilerThread0" daemon [_thread_in_native, id=23564, stack(0x000000a06df00000,0x000000a06e000000)]
  0x00000299a6a3bc80 JavaThread "C1 CompilerThread0" daemon [_thread_blocked, id=14724, stack(0x000000a06e000000,0x000000a06e100000)]
  0x00000299a6a3f030 JavaThread "Sweeper thread" daemon [_thread_blocked, id=26992, stack(0x000000a06e100000,0x000000a06e200000)]
  0x00000299a628a090 JavaThread "Common-Cleaner" daemon [_thread_blocked, id=24924, stack(0x000000a06e200000,0x000000a06e300000)]
  0x00000299a6c098a0 JavaThread "Notification Thread" daemon [_thread_blocked, id=3220, stack(0x000000a06e400000,0x000000a06e500000)]
  0x00000299eddc1f60 JavaThread "Daemon health stats" [_thread_blocked, id=19432, stack(0x000000a06eb00000,0x000000a06ec00000)]
  0x00000299ecba42c0 JavaThread "Incoming local TCP Connector on port 62893" [_thread_in_native, id=16944, stack(0x000000a06ec00000,0x000000a06ed00000)]
  0x00000299ed0d8ce0 JavaThread "Daemon periodic checks" [_thread_blocked, id=18656, stack(0x000000a06ed00000,0x000000a06ee00000)]
  0x00000299ee62f050 JavaThread "Daemon" [_thread_blocked, id=14276, stack(0x000000a06ee00000,0x000000a06ef00000)]
  0x00000299eec4cc40 JavaThread "Daemon worker" [_thread_blocked, id=24628, stack(0x000000a06f100000,0x000000a06f200000)]
  0x00000299ee73f3e0 JavaThread "Cache worker for journal cache (C:\Users\16696\.gradle\caches\journal-1)" [_thread_blocked, id=28432, stack(0x000000a06f500000,0x000000a06f600000)]
  0x00000299ee73f8f0 JavaThread "File lock request listener" [_thread_in_native, id=9184, stack(0x000000a06f600000,0x000000a06f700000)]
  0x00000299ee73e9c0 JavaThread "Cache worker for file hash cache (C:\Users\16696\.gradle\caches\9.4.1\fileHashes)" [_thread_blocked, id=10960, stack(0x000000a06f700000,0x000000a06f800000)]
  0x00000299ee73d070 JavaThread "File watcher server" daemon [_thread_in_native, id=10364, stack(0x000000a06ff00000,0x000000a070000000)]
  0x00000299ee73eed0 JavaThread "File watcher consumer" daemon [_thread_blocked, id=8000, stack(0x000000a070000000,0x000000a070100000)]
  0x00000299ee740820 JavaThread "jar transforms" [_thread_blocked, id=25308, stack(0x000000a070100000,0x000000a070200000)]
  0x00000299ee73dfa0 JavaThread "jar transforms Thread 2" [_thread_blocked, id=15476, stack(0x000000a070200000,0x000000a070300000)]
  0x00000299f119b510 JavaThread "jar transforms Thread 3" [_thread_blocked, id=18624, stack(0x000000a070300000,0x000000a070400000)]
  0x00000299f119dd90 JavaThread "jar transforms Thread 4" [_thread_blocked, id=7552, stack(0x000000a070400000,0x000000a070500000)]
  0x00000299f119f1d0 JavaThread "jar transforms Thread 5" [_thread_blocked, id=7212, stack(0x000000a070500000,0x000000a070600000)]
  0x00000299f119d370 JavaThread "jar transforms Thread 6" [_thread_blocked, id=2468, stack(0x000000a070600000,0x000000a070700000)]
  0x00000299f119ba20 JavaThread "jar transforms Thread 7" [_thread_blocked, id=4404, stack(0x000000a070700000,0x000000a070800000)]
  0x00000299f119ce60 JavaThread "jar transforms Thread 8" [_thread_blocked, id=27192, stack(0x000000a070800000,0x000000a070900000)]
  0x00000299f119e7b0 JavaThread "jar transforms Thread 9" [_thread_blocked, id=25212, stack(0x000000a070900000,0x000000a070a00000)]
  0x00000299f119d880 JavaThread "jar transforms Thread 10" [_thread_blocked, id=19520, stack(0x000000a070a00000,0x000000a070b00000)]
  0x00000299f119e2a0 JavaThread "Cache worker for file content cache (C:\Users\16696\.gradle\caches\9.4.1\fileContent)" [_thread_blocked, id=11880, stack(0x000000a070c00000,0x000000a070d00000)]
  0x00000299f11a2470 JavaThread "Memory manager" [_thread_blocked, id=17296, stack(0x000000a06e600000,0x000000a06e700000)]
  0x00000299ed5fb570 JavaThread "VFS cleanup" [_thread_blocked, id=18192, stack(0x000000a06f200000,0x000000a06f300000)]
  0x00000299ed5fd3d0 JavaThread "Handler for socket connection from /127.0.0.1:62893 to /127.0.0.1:49532" [_thread_in_native, id=25124, stack(0x000000a06e300000,0x000000a06e400000)]
  0x00000299ed5fbf90 JavaThread "Cancel handler" [_thread_blocked, id=23220, stack(0x000000a06ef00000,0x000000a06f000000)]
  0x00000299ed5fe810 JavaThread "Asynchronous log dispatcher for DefaultDaemonConnection: socket connection from /127.0.0.1:62893 to /127.0.0.1:49532" [_thread_blocked, id=20260, stack(0x000000a06f000000,0x000000a06f100000)]
  0x00000299ed5fcec0 JavaThread "Stdin handler" [_thread_blocked, id=3624, stack(0x000000a06f300000,0x000000a06f400000)]
  0x00000299ed5fb060 JavaThread "Daemon client event forwarder" [_thread_blocked, id=4408, stack(0x000000a06f400000,0x000000a06f500000)]
  0x00000299ed5fc9b0 JavaThread "Cache worker for file hash cache (D:\Code\Application\music1\.gradle\9.4.1\fileHashes)" [_thread_blocked, id=4448, stack(0x000000a06fd00000,0x000000a06fe00000)]
  0x00000299ed5fd8e0 JavaThread "Cache worker for Build Output Cleanup Cache (D:\Code\Application\music1\.gradle\buildOutputCleanup)" [_thread_blocked, id=20128, stack(0x000000a06fe00000,0x000000a06ff00000)]
  0x00000299ef386950 JavaThread "C2 CompilerThread1" daemon [_thread_in_native, id=22388, stack(0x000000a070d00000,0x000000a070e00000)]
  0x00000299ef383980 JavaThread "C2 CompilerThread2" daemon [_thread_in_native, id=25228, stack(0x000000a070e00000,0x000000a070f00000)]
  0x00000299ed5fed20 JavaThread "Cache worker for checksums cache (D:\Code\Application\music1\.gradle\9.4.1\checksums)" [_thread_blocked, id=12756, stack(0x000000a070f00000,0x000000a071000000)]
  0x00000299ed5fe300 JavaThread "Cache worker for cache directory md-supplier (C:\Users\16696\.gradle\caches\9.4.1\md-supplier)" [_thread_blocked, id=9420, stack(0x000000a071000000,0x000000a071100000)]
  0x00000299ed5ff230 JavaThread "Cache worker for cache directory md-rule (C:\Users\16696\.gradle\caches\9.4.1\md-rule)" [_thread_blocked, id=724, stack(0x000000a071100000,0x000000a071200000)]
  0x00000299ed6024d0 JavaThread "Build operations" [_thread_blocked, id=27800, stack(0x000000a071200000,0x000000a071300000)]
  0x00000299f119ecc0 JavaThread "Build operations Thread 2" [_thread_blocked, id=20748, stack(0x000000a071300000,0x000000a071400000)]
  0x00000299f119f6e0 JavaThread "Build operations Thread 3" [_thread_blocked, id=25280, stack(0x000000a071400000,0x000000a071500000)]
  0x00000299f119bf30 JavaThread "Build operations Thread 4" [_thread_blocked, id=28612, stack(0x000000a071500000,0x000000a071600000)]
  0x00000299f119c440 JavaThread "Build operations Thread 5" [_thread_blocked, id=25696, stack(0x000000a071600000,0x000000a071700000)]
  0x00000299f119fbf0 JavaThread "Build operations Thread 6" [_thread_blocked, id=16284, stack(0x000000a071700000,0x000000a071800000)]
  0x00000299f119c950 JavaThread "Build operations Thread 7" [_thread_blocked, id=26496, stack(0x000000a071800000,0x000000a071900000)]
  0x00000299f11a2e90 JavaThread "Build operations Thread 8" [_thread_blocked, id=1772, stack(0x000000a071900000,0x000000a071a00000)]
  0x00000299f11a0100 JavaThread "Build operations Thread 9" [_thread_blocked, id=28620, stack(0x000000a071a00000,0x000000a071b00000)]
  0x00000299f11a1540 JavaThread "Build operations Thread 10" [_thread_blocked, id=23192, stack(0x000000a071b00000,0x000000a071c00000)]
  0x00000299f11a1a50 JavaThread "build event listener" [_thread_blocked, id=23944, stack(0x000000a071c00000,0x000000a071d00000)]
  0x00000299f11a1030 JavaThread "build event listener" [_thread_blocked, id=12216, stack(0x000000a071d00000,0x000000a071e00000)]
  0x00000299ee73d580 JavaThread "included builds" [_thread_blocked, id=3384, stack(0x000000a071e00000,0x000000a071f00000)]
  0x00000299ee73da90 JavaThread "Execution worker" [_thread_blocked, id=23536, stack(0x000000a071f00000,0x000000a072000000)]
  0x00000299ee73e4b0 JavaThread "Execution worker Thread 2" [_thread_in_vm, id=17764, stack(0x000000a072000000,0x000000a072100000)]
  0x00000299fa7ac3c0 JavaThread "Execution worker Thread 3" [_thread_blocked, id=7036, stack(0x000000a072100000,0x000000a072200000)]
  0x00000299fa7ac8d0 JavaThread "Execution worker Thread 4" [_thread_blocked, id=1844, stack(0x000000a072200000,0x000000a072300000)]
  0x00000299fa7ad800 JavaThread "Execution worker Thread 5" [_thread_blocked, id=28148, stack(0x000000a072300000,0x000000a072400000)]
  0x00000299fa7ae730 JavaThread "Execution worker Thread 6" [_thread_blocked, id=14832, stack(0x000000a072400000,0x000000a072500000)]
  0x00000299fa7ae220 JavaThread "Execution worker Thread 7" [_thread_blocked, id=24768, stack(0x000000a072500000,0x000000a072600000)]
  0x00000299fa7ad2f0 JavaThread "Execution worker Thread 8" [_thread_blocked, id=16540, stack(0x000000a072600000,0x000000a072700000)]
  0x00000299fa7af660 JavaThread "Execution worker Thread 9" [_thread_blocked, id=22764, stack(0x000000a072700000,0x000000a072800000)]
  0x00000299fa7acde0 JavaThread "Cache worker for execution history cache (D:\Code\Application\music1\.gradle\9.4.1\executionHistory)" [_thread_blocked, id=18604, stack(0x000000a072800000,0x000000a072900000)]
  0x00000299fa7add10 JavaThread "WorkerExecutor Queue" [_thread_blocked, id=24632, stack(0x000000a072900000,0x000000a072a00000)]
  0x00000299fa7aec40 JavaThread "WorkerExecutor Queue Thread 2" [_thread_in_native, id=28192, stack(0x000000a072a00000,0x000000a072b00000)]
  0x00000299fa7abeb0 JavaThread "WorkerExecutor Queue Thread 3" [_thread_in_native, id=15480, stack(0x000000a072b00000,0x000000a072c00000)]
  0x00000299fa7b0fb0 JavaThread "ForkJoinPool-1-worker-1" daemon [_thread_blocked, id=23580, stack(0x000000a073100000,0x000000a073200000)]
  0x00000299fa7afb70 JavaThread "ForkJoinPool-1-worker-2" daemon [_thread_blocked, id=16272, stack(0x000000a073200000,0x000000a073300000)]
  0x00000299fa7b3830 JavaThread "ForkJoinPool-1-worker-3" daemon [_thread_blocked, id=3796, stack(0x000000a073300000,0x000000a073400000)]
  0x00000299fa7b14c0 JavaThread "ForkJoinPool-1-worker-4" daemon [_thread_blocked, id=21416, stack(0x000000a073400000,0x000000a073500000)]
  0x00000299fa7b0aa0 JavaThread "ForkJoinPool-1-worker-5" daemon [_thread_blocked, id=15260, stack(0x000000a073500000,0x000000a073600000)]
  0x00000299fa7b2900 JavaThread "ForkJoinPool-1-worker-6" daemon [_thread_blocked, id=15120, stack(0x000000a073600000,0x000000a073700000)]
  0x00000299fa7b0080 JavaThread "ForkJoinPool-1-worker-7" daemon [_thread_blocked, id=2836, stack(0x000000a073700000,0x000000a073800000)]
  0x00000299fa7b19d0 JavaThread "ForkJoinPool-1-worker-8" daemon [_thread_blocked, id=26260, stack(0x000000a073800000,0x000000a073900000)]
  0x00000299fa7b1ee0 JavaThread "ForkJoinPool-1-worker-9" daemon [_thread_blocked, id=6300, stack(0x000000a073900000,0x000000a073a00000)]
  0x00000299fa7b23f0 JavaThread "ForkJoinPool-1-worker-10" daemon [_thread_blocked, id=24048, stack(0x000000a073a00000,0x000000a073b00000)]
  0x00000299ef5039f0 JavaThread "WorkerExecutor Queue Thread 4" [_thread_in_native, id=5816, stack(0x000000a073d00000,0x000000a073e00000)]
  0x00000299ef501b90 JavaThread "WorkerExecutor Queue Thread 5" [_thread_blocked, id=3820, stack(0x000000a073e00000,0x000000a073f00000)]
  0x00000299ef504920 JavaThread "WorkerExecutor Queue Thread 6" [_thread_blocked, id=17396, stack(0x000000a073f00000,0x000000a074000000)]
  0x00000299ef502ac0 JavaThread "WorkerExecutor Queue Thread 7" [_thread_in_vm, id=19360, stack(0x000000a074000000,0x000000a074100000)]
  0x00000299ef502fd0 JavaThread "WorkerExecutor Queue Thread 8" [_thread_blocked, id=19400, stack(0x000000a074100000,0x000000a074200000)]
  0x00000299ef5025b0 JavaThread "WorkerExecutor Queue Thread 9" [_thread_blocked, id=23176, stack(0x000000a074200000,0x000000a074300000)]
  0x00000299ef504410 JavaThread "WorkerExecutor Queue Thread 10" [_thread_blocked, id=14836, stack(0x000000a074300000,0x000000a074400000)]

Other Threads:
  0x00000299a6a0e240 VMThread "VM Thread" [stack: 0x000000a06d800000,0x000000a06d900000] [id=25916]
  0x00000299a6c27b00 WatcherThread [stack: 0x000000a06e500000,0x000000a06e600000] [id=116]
  0x0000029985f4e850 GCTaskThread "GC Thread#0" [stack: 0x000000a06d300000,0x000000a06d400000] [id=11244]
  0x00000299ecbd0eb0 GCTaskThread "GC Thread#1" [stack: 0x000000a06e700000,0x000000a06e800000] [id=9716]
  0x00000299ed20dc50 GCTaskThread "GC Thread#2" [stack: 0x000000a06e800000,0x000000a06e900000] [id=26352]
  0x00000299ecd14e70 GCTaskThread "GC Thread#3" [stack: 0x000000a06e900000,0x000000a06ea00000] [id=11936]
  0x00000299ecd148d0 GCTaskThread "GC Thread#4" [stack: 0x000000a06ea00000,0x000000a06eb00000] [id=22680]
  0x00000299ecd137f0 GCTaskThread "GC Thread#5" [stack: 0x000000a06f800000,0x000000a06f900000] [id=28536]
  0x00000299ecd13d90 GCTaskThread "GC Thread#6" [stack: 0x000000a06f900000,0x000000a06fa00000] [id=9040]
  0x00000299ecd15140 GCTaskThread "GC Thread#7" [stack: 0x000000a06fa00000,0x000000a06fb00000] [id=12268]
  0x00000299eec032a0 GCTaskThread "GC Thread#8" [stack: 0x000000a06fb00000,0x000000a06fc00000] [id=26716]
  0x000002998830c770 ConcurrentGCThread "G1 Main Marker" [stack: 0x000000a06d400000,0x000000a06d500000] [id=17756]
  0x000002998830e9c0 ConcurrentGCThread "G1 Conc#0" [stack: 0x000000a06d500000,0x000000a06d600000] [id=26588]
  0x00000299eec02a30 ConcurrentGCThread "G1 Conc#1" [stack: 0x000000a06fc00000,0x000000a06fd00000] [id=23356]
  0x000002998834e6f0 ConcurrentGCThread "G1 Refine#0" [stack: 0x000000a06d600000,0x000000a06d700000] [id=24372]
  0x00000299ef363d90 ConcurrentGCThread "G1 Refine#1" [stack: 0x000000a070b00000,0x000000a070c00000] [id=9560]
  0x00000299f3802670 ConcurrentGCThread "G1 Refine#2" [stack: 0x000000a072c00000,0x000000a072d00000] [id=28052]
  0x00000299f19f1460 ConcurrentGCThread "G1 Refine#3" [stack: 0x000000a072d00000,0x000000a072e00000] [id=28656]
  0x00000299f22b78c0 ConcurrentGCThread "G1 Refine#4" [stack: 0x000000a072e00000,0x000000a072f00000] [id=26040]
  0x00000299f22b8ac0 ConcurrentGCThread "G1 Refine#5" [stack: 0x000000a072f00000,0x000000a073000000] [id=26428]
  0x00000299f029e790 ConcurrentGCThread "G1 Refine#6" [stack: 0x000000a073000000,0x000000a073100000] [id=24604]
  0x00000299f22b90c0 ConcurrentGCThread "G1 Refine#7" [stack: 0x000000a073b00000,0x000000a073c00000] [id=17488]
  0x00000299ef4cf890 ConcurrentGCThread "G1 Refine#8" [stack: 0x000000a073c00000,0x000000a073d00000] [id=6768]
  0x00000299a6157d30 ConcurrentGCThread "G1 Service" [stack: 0x000000a06d700000,0x000000a06d800000] [id=27884]

Threads with active compile tasks:
C2 CompilerThread0  20693 17683       4       com.android.ide.common.resources.NodeUtils::updateNamespace (167 bytes)
C1 CompilerThread0  20693 17805       3       com.sun.org.apache.xerces.internal.impl.XMLNSDocumentScannerImpl::scanStartElement (1031 bytes)
C2 CompilerThread1  20693 17163       4       com.android.tools.r8.dex.z::a (1018 bytes)
C2 CompilerThread2  20693 17191 %     4       com.android.tools.r8.dex.z::a @ 150 (880 bytes)

VM state: not at safepoint (normal execution)

VM Mutex/Monitor currently owned by a thread:  ([mutex/lock_event])
[0x000002998829db10] JvmtiThreadState_lock - owner thread: 0x0000000000000000

Heap address: 0x0000000080000000, size: 2048 MB, Compressed Oops mode: 32-bit

CDS archive(s) mapped at: [0x00000299a7000000-0x00000299a7bb0000-0x00000299a7bb0000), size 12255232, SharedBaseAddress: 0x00000299a7000000, ArchiveRelocationMode: 1.
Compressed class space mapped at: 0x00000299a8000000-0x00000299e8000000, reserved size: 1073741824
Narrow klass base: 0x00000299a7000000, Narrow klass shift: 0, Narrow klass range: 0x100000000

GC Precious Log:
 CPUs: 10 total, 10 available
 Memory: 15751M
 Large Page Support: Disabled
 NUMA Support: Disabled
 Compressed Oops: Enabled (32-bit)
 Heap Region Size: 1M
 Heap Min Capacity: 8M
 Heap Initial Capacity: 248M
 Heap Max Capacity: 2G
 Pre-touch: Disabled
 Parallel Workers: 9
 Concurrent Workers: 2
 Concurrent Refinement Workers: 9
 Periodic GC: Disabled

Heap:
 garbage-first heap   total 431104K, used 325120K [0x0000000080000000, 0x0000000100000000)
  region size 1024K, 30 young (30720K), 8 survivors (8192K)
 Metaspace       used 126452K, committed 127872K, reserved 1179648K
  class space    used 17427K, committed 18112K, reserved 1048576K

Heap Regions: E=young(eden), S=young(survivor), O=old, HS=humongous(starts), HC=humongous(continues), CS=collection set, F=free, OA=open archive, CA=closed archive, TAMS=top-at-mark-start (previous, next)
|   0|0x0000000080000000, 0x0000000080100000, 0x0000000080100000|100%|HS|  |TAMS 0x0000000080100000, 0x0000000080000000| Complete 
|   1|0x0000000080100000, 0x0000000080200000, 0x0000000080200000|100%|HC|  |TAMS 0x0000000080200000, 0x0000000080100000| Complete 
|   2|0x0000000080200000, 0x0000000080300000, 0x0000000080300000|100%|HC|  |TAMS 0x0000000080300000, 0x0000000080200000| Complete 
|   3|0x0000000080300000, 0x0000000080400000, 0x0000000080400000|100%|HC|  |TAMS 0x0000000080400000, 0x0000000080300000| Complete 
|   4|0x0000000080400000, 0x0000000080500000, 0x0000000080500000|100%| O|  |TAMS 0x0000000080500000, 0x0000000080400000| Untracked 
|   5|0x0000000080500000, 0x0000000080600000, 0x0000000080600000|100%| O|  |TAMS 0x0000000080600000, 0x0000000080500000| Untracked 
|   6|0x0000000080600000, 0x0000000080700000, 0x0000000080700000|100%| O|  |TAMS 0x0000000080700000, 0x0000000080600000| Untracked 
|   7|0x0000000080700000, 0x0000000080800000, 0x0000000080800000|100%| O|  |TAMS 0x0000000080800000, 0x0000000080700000| Untracked 
|   8|0x0000000080800000, 0x0000000080900000, 0x0000000080900000|100%|HS|  |TAMS 0x0000000080900000, 0x0000000080800000| Complete 
|   9|0x0000000080900000, 0x0000000080a00000, 0x0000000080a00000|100%| O|  |TAMS 0x0000000080a00000, 0x0000000080900000| Untracked 
|  10|0x0000000080a00000, 0x0000000080b00000, 0x0000000080b00000|100%| O|  |TAMS 0x0000000080b00000, 0x0000000080a00000| Untracked 
|  11|0x0000000080b00000, 0x0000000080c00000, 0x0000000080c00000|100%| O|  |TAMS 0x0000000080c00000, 0x0000000080b00000| Untracked 
|  12|0x0000000080c00000, 0x0000000080d00000, 0x0000000080d00000|100%|HS|  |TAMS 0x0000000080d00000, 0x0000000080c00000| Complete 
|  13|0x0000000080d00000, 0x0000000080e00000, 0x0000000080e00000|100%|HS|  |TAMS 0x0000000080e00000, 0x0000000080d00000| Complete 
|  14|0x0000000080e00000, 0x0000000080f00000, 0x0000000080f00000|100%|HC|  |TAMS 0x0000000080f00000, 0x0000000080e00000| Complete 
|  15|0x0000000080f00000, 0x0000000081000000, 0x0000000081000000|100%|HC|  |TAMS 0x0000000081000000, 0x0000000080f00000| Complete 
|  16|0x0000000081000000, 0x0000000081100000, 0x0000000081100000|100%|HC|  |TAMS 0x0000000081100000, 0x0000000081000000| Complete 
|  17|0x0000000081100000, 0x0000000081200000, 0x0000000081200000|100%|HC|  |TAMS 0x0000000081200000, 0x0000000081100000| Complete 
|  18|0x0000000081200000, 0x0000000081300000, 0x0000000081300000|100%|HC|  |TAMS 0x0000000081300000, 0x0000000081200000| Complete 
|  19|0x0000000081300000, 0x0000000081400000, 0x0000000081400000|100%| O|  |TAMS 0x0000000081400000, 0x0000000081300000| Untracked 
|  20|0x0000000081400000, 0x0000000081500000, 0x0000000081500000|100%| O|  |TAMS 0x0000000081500000, 0x0000000081400000| Untracked 
|  21|0x0000000081500000, 0x0000000081600000, 0x0000000081600000|100%| O|  |TAMS 0x0000000081600000, 0x0000000081500000| Untracked 
|  22|0x0000000081600000, 0x0000000081700000, 0x0000000081700000|100%| O|  |TAMS 0x0000000081700000, 0x0000000081600000| Untracked 
|  23|0x0000000081700000, 0x0000000081800000, 0x0000000081800000|100%| O|  |TAMS 0x0000000081800000, 0x0000000081700000| Untracked 
|  24|0x0000000081800000, 0x0000000081900000, 0x0000000081900000|100%| O|  |TAMS 0x0000000081900000, 0x0000000081800000| Untracked 
|  25|0x0000000081900000, 0x0000000081a00000, 0x0000000081a00000|100%| O|  |TAMS 0x0000000081a00000, 0x0000000081900000| Untracked 
|  26|0x0000000081a00000, 0x0000000081b00000, 0x0000000081b00000|100%| O|  |TAMS 0x0000000081b00000, 0x0000000081a00000| Untracked 
|  27|0x0000000081b00000, 0x0000000081c00000, 0x0000000081c00000|100%| O|  |TAMS 0x0000000081c00000, 0x0000000081b00000| Untracked 
|  28|0x0000000081c00000, 0x0000000081d00000, 0x0000000081d00000|100%| O|  |TAMS 0x0000000081d00000, 0x0000000081c00000| Untracked 
|  29|0x0000000081d00000, 0x0000000081e00000, 0x0000000081e00000|100%|HS|  |TAMS 0x0000000081e00000, 0x0000000081d00000| Complete 
|  30|0x0000000081e00000, 0x0000000081f00000, 0x0000000081f00000|100%| O|  |TAMS 0x0000000081f00000, 0x0000000081e00000| Untracked 
|  31|0x0000000081f00000, 0x0000000082000000, 0x0000000082000000|100%| O|  |TAMS 0x0000000082000000, 0x0000000081f00000| Untracked 
|  32|0x0000000082000000, 0x0000000082100000, 0x0000000082100000|100%| O|  |TAMS 0x0000000082100000, 0x0000000082000000| Untracked 
|  33|0x0000000082100000, 0x0000000082200000, 0x0000000082200000|100%| O|  |TAMS 0x0000000082200000, 0x0000000082100000| Untracked 
|  34|0x0000000082200000, 0x0000000082300000, 0x0000000082300000|100%| O|  |TAMS 0x0000000082300000, 0x0000000082200000| Untracked 
|  35|0x0000000082300000, 0x0000000082400000, 0x0000000082400000|100%| O|  |TAMS 0x0000000082400000, 0x0000000082300000| Untracked 
|  36|0x0000000082400000, 0x0000000082500000, 0x0000000082500000|100%| O|  |TAMS 0x0000000082500000, 0x0000000082400000| Untracked 
|  37|0x0000000082500000, 0x0000000082600000, 0x0000000082600000|100%| O|  |TAMS 0x0000000082600000, 0x0000000082500000| Untracked 
|  38|0x0000000082600000, 0x0000000082700000, 0x0000000082700000|100%|HS|  |TAMS 0x0000000082700000, 0x0000000082600000| Complete 
|  39|0x0000000082700000, 0x0000000082800000, 0x0000000082800000|100%|HC|  |TAMS 0x0000000082800000, 0x0000000082700000| Complete 
|  40|0x0000000082800000, 0x0000000082900000, 0x0000000082900000|100%|HC|  |TAMS 0x0000000082900000, 0x0000000082800000| Complete 
|  41|0x0000000082900000, 0x0000000082a00000, 0x0000000082a00000|100%|HC|  |TAMS 0x0000000082a00000, 0x0000000082900000| Complete 
|  42|0x0000000082a00000, 0x0000000082b00000, 0x0000000082b00000|100%|HC|  |TAMS 0x0000000082b00000, 0x0000000082a00000| Complete 
|  43|0x0000000082b00000, 0x0000000082c00000, 0x0000000082c00000|100%|HC|  |TAMS 0x0000000082c00000, 0x0000000082b00000| Complete 
|  44|0x0000000082c00000, 0x0000000082d00000, 0x0000000082d00000|100%| O|  |TAMS 0x0000000082d00000, 0x0000000082c00000| Untracked 
|  45|0x0000000082d00000, 0x0000000082e00000, 0x0000000082e00000|100%|HS|  |TAMS 0x0000000082e00000, 0x0000000082d00000| Complete 
|  46|0x0000000082e00000, 0x0000000082f00000, 0x0000000082f00000|100%|HS|  |TAMS 0x0000000082f00000, 0x0000000082e00000| Complete 
|  47|0x0000000082f00000, 0x0000000083000000, 0x0000000083000000|100%| O|  |TAMS 0x0000000083000000, 0x0000000082f00000| Untracked 
|  48|0x0000000083000000, 0x0000000083100000, 0x0000000083100000|100%| O|  |TAMS 0x0000000083100000, 0x0000000083000000| Untracked 
|  49|0x0000000083100000, 0x0000000083200000, 0x0000000083200000|100%| O|  |TAMS 0x0000000083200000, 0x0000000083100000| Untracked 
|  50|0x0000000083200000, 0x0000000083300000, 0x0000000083300000|100%| O|  |TAMS 0x0000000083300000, 0x0000000083200000| Untracked 
|  51|0x0000000083300000, 0x0000000083400000, 0x0000000083400000|100%| O|  |TAMS 0x0000000083400000, 0x0000000083300000| Untracked 
|  52|0x0000000083400000, 0x0000000083500000, 0x0000000083500000|100%| O|  |TAMS 0x0000000083500000, 0x0000000083400000| Untracked 
|  53|0x0000000083500000, 0x0000000083600000, 0x0000000083600000|100%| O|  |TAMS 0x0000000083600000, 0x0000000083500000| Untracked 
|  54|0x0000000083600000, 0x0000000083700000, 0x0000000083700000|100%| O|  |TAMS 0x0000000083700000, 0x0000000083600000| Untracked 
|  55|0x0000000083700000, 0x0000000083800000, 0x0000000083800000|100%| O|  |TAMS 0x0000000083800000, 0x0000000083700000| Untracked 
|  56|0x0000000083800000, 0x0000000083900000, 0x0000000083900000|100%| O|  |TAMS 0x0000000083900000, 0x0000000083800000| Untracked 
|  57|0x0000000083900000, 0x0000000083a00000, 0x0000000083a00000|100%| O|  |TAMS 0x0000000083a00000, 0x0000000083900000| Untracked 
|  58|0x0000000083a00000, 0x0000000083b00000, 0x0000000083b00000|100%| O|  |TAMS 0x0000000083b00000, 0x0000000083a00000| Untracked 
|  59|0x0000000083b00000, 0x0000000083c00000, 0x0000000083c00000|100%| O|  |TAMS 0x0000000083c00000, 0x0000000083b00000| Untracked 
|  60|0x0000000083c00000, 0x0000000083d00000, 0x0000000083d00000|100%| O|  |TAMS 0x0000000083d00000, 0x0000000083c00000| Untracked 
|  61|0x0000000083d00000, 0x0000000083e00000, 0x0000000083e00000|100%| O|  |TAMS 0x0000000083e00000, 0x0000000083d00000| Untracked 
|  62|0x0000000083e00000, 0x0000000083f00000, 0x0000000083f00000|100%| O|  |TAMS 0x0000000083f00000, 0x0000000083e00000| Untracked 
|  63|0x0000000083f00000, 0x0000000084000000, 0x0000000084000000|100%| O|  |TAMS 0x0000000084000000, 0x0000000083f00000| Untracked 
|  64|0x0000000084000000, 0x0000000084100000, 0x0000000084100000|100%| O|  |TAMS 0x0000000084100000, 0x0000000084000000| Untracked 
|  65|0x0000000084100000, 0x0000000084200000, 0x0000000084200000|100%| O|  |TAMS 0x0000000084200000, 0x0000000084100000| Untracked 
|  66|0x0000000084200000, 0x0000000084300000, 0x0000000084300000|100%| O|  |TAMS 0x0000000084300000, 0x0000000084200000| Untracked 
|  67|0x0000000084300000, 0x0000000084400000, 0x0000000084400000|100%| O|  |TAMS 0x0000000084400000, 0x0000000084300000| Untracked 
|  68|0x0000000084400000, 0x0000000084500000, 0x0000000084500000|100%| O|  |TAMS 0x0000000084500000, 0x0000000084400000| Untracked 
|  69|0x0000000084500000, 0x0000000084600000, 0x0000000084600000|100%| O|  |TAMS 0x0000000084600000, 0x0000000084500000| Untracked 
|  70|0x0000000084600000, 0x0000000084700000, 0x0000000084700000|100%| O|  |TAMS 0x0000000084700000, 0x0000000084600000| Untracked 
|  71|0x0000000084700000, 0x0000000084800000, 0x0000000084800000|100%|HS|  |TAMS 0x0000000084800000, 0x0000000084700000| Complete 
|  72|0x0000000084800000, 0x0000000084900000, 0x0000000084900000|100%|HS|  |TAMS 0x0000000084900000, 0x0000000084800000| Complete 
|  73|0x0000000084900000, 0x0000000084a00000, 0x0000000084a00000|100%|HS|  |TAMS 0x0000000084a00000, 0x0000000084900000| Complete 
|  74|0x0000000084a00000, 0x0000000084b00000, 0x0000000084b00000|100%|HS|  |TAMS 0x0000000084b00000, 0x0000000084a00000| Complete 
|  75|0x0000000084b00000, 0x0000000084c00000, 0x0000000084c00000|100%|HC|  |TAMS 0x0000000084c00000, 0x0000000084b00000| Complete 
|  76|0x0000000084c00000, 0x0000000084d00000, 0x0000000084d00000|100%|HS|  |TAMS 0x0000000084d00000, 0x0000000084c00000| Complete 
|  77|0x0000000084d00000, 0x0000000084e00000, 0x0000000084e00000|100%| O|  |TAMS 0x0000000084e00000, 0x0000000084d00000| Untracked 
|  78|0x0000000084e00000, 0x0000000084f00000, 0x0000000084f00000|100%| O|  |TAMS 0x0000000084f00000, 0x0000000084e00000| Untracked 
|  79|0x0000000084f00000, 0x0000000085000000, 0x0000000085000000|100%|HS|  |TAMS 0x0000000085000000, 0x0000000084f00000| Complete 
|  80|0x0000000085000000, 0x0000000085100000, 0x0000000085100000|100%|HS|  |TAMS 0x0000000085100000, 0x0000000085000000| Complete 
|  81|0x0000000085100000, 0x0000000085200000, 0x0000000085200000|100%| O|  |TAMS 0x0000000085200000, 0x0000000085100000| Untracked 
|  82|0x0000000085200000, 0x0000000085300000, 0x0000000085300000|100%| O|  |TAMS 0x0000000085300000, 0x0000000085200000| Untracked 
|  83|0x0000000085300000, 0x0000000085400000, 0x0000000085400000|100%| O|  |TAMS 0x0000000085400000, 0x0000000085300000| Untracked 
|  84|0x0000000085400000, 0x0000000085500000, 0x0000000085500000|100%| O|  |TAMS 0x0000000085500000, 0x0000000085400000| Untracked 
|  85|0x0000000085500000, 0x0000000085600000, 0x0000000085600000|100%| O|  |TAMS 0x0000000085600000, 0x0000000085500000| Untracked 
|  86|0x0000000085600000, 0x0000000085700000, 0x0000000085700000|100%| O|  |TAMS 0x0000000085700000, 0x0000000085600000| Untracked 
|  87|0x0000000085700000, 0x0000000085800000, 0x0000000085800000|100%|HS|  |TAMS 0x0000000085800000, 0x0000000085700000| Complete 
|  88|0x0000000085800000, 0x0000000085900000, 0x0000000085900000|100%|HC|  |TAMS 0x0000000085900000, 0x0000000085800000| Complete 
|  89|0x0000000085900000, 0x0000000085a00000, 0x0000000085a00000|100%| O|  |TAMS 0x0000000085a00000, 0x0000000085900000| Untracked 
|  90|0x0000000085a00000, 0x0000000085b00000, 0x0000000085b00000|100%| O|  |TAMS 0x0000000085b00000, 0x0000000085a00000| Untracked 
|  91|0x0000000085b00000, 0x0000000085c00000, 0x0000000085c00000|100%| O|  |TAMS 0x0000000085c00000, 0x0000000085b00000| Untracked 
|  92|0x0000000085c00000, 0x0000000085d00000, 0x0000000085d00000|100%| O|  |TAMS 0x0000000085d00000, 0x0000000085c00000| Untracked 
|  93|0x0000000085d00000, 0x0000000085e00000, 0x0000000085e00000|100%| O|  |TAMS 0x0000000085e00000, 0x0000000085d00000| Untracked 
|  94|0x0000000085e00000, 0x0000000085f00000, 0x0000000085f00000|100%| O|  |TAMS 0x0000000085f00000, 0x0000000085e00000| Untracked 
|  95|0x0000000085f00000, 0x0000000086000000, 0x0000000086000000|100%| O|  |TAMS 0x0000000086000000, 0x0000000085f00000| Untracked 
|  96|0x0000000086000000, 0x0000000086100000, 0x0000000086100000|100%|HS|  |TAMS 0x0000000086100000, 0x0000000086000000| Complete 
|  97|0x0000000086100000, 0x0000000086200000, 0x0000000086200000|100%| O|  |TAMS 0x0000000086200000, 0x0000000086100000| Untracked 
|  98|0x0000000086200000, 0x0000000086300000, 0x0000000086300000|100%| O|  |TAMS 0x0000000086300000, 0x0000000086200000| Untracked 
|  99|0x0000000086300000, 0x0000000086400000, 0x0000000086400000|100%| O|  |TAMS 0x0000000086400000, 0x0000000086300000| Untracked 
| 100|0x0000000086400000, 0x0000000086500000, 0x0000000086500000|100%| O|  |TAMS 0x0000000086500000, 0x0000000086400000| Untracked 
| 101|0x0000000086500000, 0x0000000086600000, 0x0000000086600000|100%| O|  |TAMS 0x0000000086600000, 0x0000000086500000| Untracked 
| 102|0x0000000086600000, 0x0000000086700000, 0x0000000086700000|100%| O|  |TAMS 0x0000000086700000, 0x0000000086600000| Untracked 
| 103|0x0000000086700000, 0x0000000086800000, 0x0000000086800000|100%| O|  |TAMS 0x0000000086800000, 0x0000000086700000| Untracked 
| 104|0x0000000086800000, 0x0000000086900000, 0x0000000086900000|100%| O|  |TAMS 0x0000000086900000, 0x0000000086800000| Untracked 
| 105|0x0000000086900000, 0x0000000086a00000, 0x0000000086a00000|100%| O|  |TAMS 0x0000000086a00000, 0x0000000086900000| Untracked 
| 106|0x0000000086a00000, 0x0000000086b00000, 0x0000000086b00000|100%| O|  |TAMS 0x0000000086b00000, 0x0000000086a00000| Untracked 
| 107|0x0000000086b00000, 0x0000000086c00000, 0x0000000086c00000|100%| O|  |TAMS 0x0000000086c00000, 0x0000000086b00000| Untracked 
| 108|0x0000000086c00000, 0x0000000086d00000, 0x0000000086d00000|100%| O|  |TAMS 0x0000000086d00000, 0x0000000086c00000| Untracked 
| 109|0x0000000086d00000, 0x0000000086e00000, 0x0000000086e00000|100%| O|  |TAMS 0x0000000086e00000, 0x0000000086d00000| Untracked 
| 110|0x0000000086e00000, 0x0000000086f00000, 0x0000000086f00000|100%| O|  |TAMS 0x0000000086f00000, 0x0000000086e00000| Untracked 
| 111|0x0000000086f00000, 0x0000000087000000, 0x0000000087000000|100%| O|  |TAMS 0x0000000087000000, 0x0000000086f00000| Untracked 
| 112|0x0000000087000000, 0x0000000087100000, 0x0000000087100000|100%| O|  |TAMS 0x0000000087100000, 0x0000000087000000| Untracked 
| 113|0x0000000087100000, 0x0000000087200000, 0x0000000087200000|100%| O|  |TAMS 0x0000000087200000, 0x0000000087100000| Untracked 
| 114|0x0000000087200000, 0x0000000087300000, 0x0000000087300000|100%| O|  |TAMS 0x0000000087300000, 0x0000000087200000| Untracked 
| 115|0x0000000087300000, 0x0000000087400000, 0x0000000087400000|100%| O|  |TAMS 0x0000000087400000, 0x0000000087300000| Untracked 
| 116|0x0000000087400000, 0x0000000087500000, 0x0000000087500000|100%| O|  |TAMS 0x0000000087500000, 0x0000000087400000| Untracked 
| 117|0x0000000087500000, 0x0000000087600000, 0x0000000087600000|100%| O|  |TAMS 0x0000000087600000, 0x0000000087500000| Untracked 
| 118|0x0000000087600000, 0x0000000087700000, 0x0000000087700000|100%| O|  |TAMS 0x0000000087700000, 0x0000000087600000| Untracked 
| 119|0x0000000087700000, 0x0000000087800000, 0x0000000087800000|100%| O|  |TAMS 0x0000000087800000, 0x0000000087700000| Untracked 
| 120|0x0000000087800000, 0x0000000087900000, 0x0000000087900000|100%| O|  |TAMS 0x0000000087900000, 0x0000000087800000| Untracked 
| 121|0x0000000087900000, 0x0000000087a00000, 0x0000000087a00000|100%| O|  |TAMS 0x0000000087a00000, 0x0000000087900000| Untracked 
| 122|0x0000000087a00000, 0x0000000087b00000, 0x0000000087b00000|100%| O|  |TAMS 0x0000000087b00000, 0x0000000087a00000| Untracked 
| 123|0x0000000087b00000, 0x0000000087c00000, 0x0000000087c00000|100%|HS|  |TAMS 0x0000000087b00000, 0x0000000087b00000| Complete 
| 124|0x0000000087c00000, 0x0000000087d00000, 0x0000000087d00000|100%|HC|  |TAMS 0x0000000087c00000, 0x0000000087c00000| Complete 
| 125|0x0000000087d00000, 0x0000000087e00000, 0x0000000087e00000|100%| O|  |TAMS 0x0000000087e00000, 0x0000000087d00000| Untracked 
| 126|0x0000000087e00000, 0x0000000087f00000, 0x0000000087f00000|100%|HS|  |TAMS 0x0000000087e00000, 0x0000000087e00000| Complete 
| 127|0x0000000087f00000, 0x0000000088000000, 0x0000000088000000|100%|HS|  |TAMS 0x0000000087f00000, 0x0000000087f00000| Complete 
| 128|0x0000000088000000, 0x0000000088100000, 0x0000000088100000|100%| O|  |TAMS 0x0000000088100000, 0x0000000088000000| Untracked 
| 129|0x0000000088100000, 0x0000000088200000, 0x0000000088200000|100%| O|  |TAMS 0x0000000088200000, 0x0000000088100000| Untracked 
| 130|0x0000000088200000, 0x0000000088300000, 0x0000000088300000|100%| O|  |TAMS 0x0000000088300000, 0x0000000088200000| Untracked 
| 131|0x0000000088300000, 0x0000000088400000, 0x0000000088400000|100%| O|  |TAMS 0x0000000088400000, 0x0000000088300000| Untracked 
| 132|0x0000000088400000, 0x0000000088500000, 0x0000000088500000|100%| O|  |TAMS 0x0000000088500000, 0x0000000088400000| Untracked 
| 133|0x0000000088500000, 0x0000000088600000, 0x0000000088600000|100%| O|  |TAMS 0x0000000088576200, 0x0000000088500000| Untracked 
| 134|0x0000000088600000, 0x0000000088700000, 0x0000000088700000|100%| O|  |TAMS 0x0000000088600000, 0x0000000088600000| Untracked 
| 135|0x0000000088700000, 0x0000000088800000, 0x0000000088800000|100%| O|  |TAMS 0x0000000088700000, 0x0000000088700000| Untracked 
| 136|0x0000000088800000, 0x0000000088900000, 0x0000000088900000|100%| O|  |TAMS 0x0000000088800000, 0x0000000088800000| Untracked 
| 137|0x0000000088900000, 0x0000000088a00000, 0x0000000088a00000|100%| O|  |TAMS 0x0000000088900000, 0x0000000088900000| Untracked 
| 138|0x0000000088a00000, 0x0000000088b00000, 0x0000000088b00000|100%| O|  |TAMS 0x0000000088a00000, 0x0000000088a00000| Untracked 
| 139|0x0000000088b00000, 0x0000000088c00000, 0x0000000088c00000|100%| O|  |TAMS 0x0000000088b00000, 0x0000000088b00000| Untracked 
| 140|0x0000000088c00000, 0x0000000088d00000, 0x0000000088d00000|100%| O|  |TAMS 0x0000000088c00000, 0x0000000088c00000| Untracked 
| 141|0x0000000088d00000, 0x0000000088e00000, 0x0000000088e00000|100%| O|  |TAMS 0x0000000088d00000, 0x0000000088d00000| Untracked 
| 142|0x0000000088e00000, 0x0000000088f00000, 0x0000000088f00000|100%| O|  |TAMS 0x0000000088e00000, 0x0000000088e00000| Untracked 
| 143|0x0000000088f00000, 0x0000000089000000, 0x0000000089000000|100%| O|  |TAMS 0x0000000088f00000, 0x0000000088f00000| Untracked 
| 144|0x0000000089000000, 0x0000000089100000, 0x0000000089100000|100%| O|  |TAMS 0x0000000089000000, 0x0000000089000000| Untracked 
| 145|0x0000000089100000, 0x0000000089200000, 0x0000000089200000|100%| O|  |TAMS 0x0000000089100000, 0x0000000089100000| Untracked 
| 146|0x0000000089200000, 0x0000000089300000, 0x0000000089300000|100%| O|  |TAMS 0x0000000089200000, 0x0000000089200000| Untracked 
| 147|0x0000000089300000, 0x0000000089400000, 0x0000000089400000|100%| O|  |TAMS 0x0000000089300000, 0x0000000089300000| Untracked 
| 148|0x0000000089400000, 0x0000000089500000, 0x0000000089500000|100%| O|  |TAMS 0x0000000089400000, 0x0000000089400000| Untracked 
| 149|0x0000000089500000, 0x0000000089600000, 0x0000000089600000|100%| O|  |TAMS 0x0000000089500000, 0x0000000089500000| Untracked 
| 150|0x0000000089600000, 0x0000000089700000, 0x0000000089700000|100%| O|  |TAMS 0x0000000089600000, 0x0000000089600000| Untracked 
| 151|0x0000000089700000, 0x0000000089800000, 0x0000000089800000|100%| O|  |TAMS 0x0000000089700000, 0x0000000089700000| Untracked 
| 152|0x0000000089800000, 0x0000000089900000, 0x0000000089900000|100%| O|  |TAMS 0x0000000089800000, 0x0000000089800000| Untracked 
| 153|0x0000000089900000, 0x0000000089a00000, 0x0000000089a00000|100%| O|  |TAMS 0x0000000089900000, 0x0000000089900000| Untracked 
| 154|0x0000000089a00000, 0x0000000089b00000, 0x0000000089b00000|100%| O|  |TAMS 0x0000000089a00000, 0x0000000089a00000| Untracked 
| 155|0x0000000089b00000, 0x0000000089c00000, 0x0000000089c00000|100%|HS|  |TAMS 0x0000000089b00000, 0x0000000089b00000| Complete 
| 156|0x0000000089c00000, 0x0000000089d00000, 0x0000000089d00000|100%|HC|  |TAMS 0x0000000089c00000, 0x0000000089c00000| Complete 
| 157|0x0000000089d00000, 0x0000000089e00000, 0x0000000089e00000|100%|HS|  |TAMS 0x0000000089d00000, 0x0000000089d00000| Complete 
| 158|0x0000000089e00000, 0x0000000089f00000, 0x0000000089f00000|100%|HC|  |TAMS 0x0000000089e00000, 0x0000000089e00000| Complete 
| 159|0x0000000089f00000, 0x000000008a000000, 0x000000008a000000|100%|HS|  |TAMS 0x0000000089f00000, 0x0000000089f00000| Complete 
| 160|0x000000008a000000, 0x000000008a100000, 0x000000008a100000|100%|HC|  |TAMS 0x000000008a000000, 0x000000008a000000| Complete 
| 161|0x000000008a100000, 0x000000008a200000, 0x000000008a200000|100%|HC|  |TAMS 0x000000008a100000, 0x000000008a100000| Complete 
| 162|0x000000008a200000, 0x000000008a300000, 0x000000008a300000|100%|HS|  |TAMS 0x000000008a200000, 0x000000008a200000| Complete 
| 163|0x000000008a300000, 0x000000008a400000, 0x000000008a400000|100%|HS|  |TAMS 0x000000008a300000, 0x000000008a300000| Complete 
| 164|0x000000008a400000, 0x000000008a500000, 0x000000008a500000|100%|HS|  |TAMS 0x000000008a400000, 0x000000008a400000| Complete 
| 165|0x000000008a500000, 0x000000008a600000, 0x000000008a600000|100%|HS|  |TAMS 0x000000008a500000, 0x000000008a500000| Complete 
| 166|0x000000008a600000, 0x000000008a700000, 0x000000008a700000|100%|HC|  |TAMS 0x000000008a600000, 0x000000008a600000| Complete 
| 167|0x000000008a700000, 0x000000008a800000, 0x000000008a800000|100%| O|  |TAMS 0x000000008a700000, 0x000000008a700000| Untracked 
| 168|0x000000008a800000, 0x000000008a900000, 0x000000008a900000|100%|HS|  |TAMS 0x000000008a800000, 0x000000008a800000| Complete 
| 169|0x000000008a900000, 0x000000008aa00000, 0x000000008aa00000|100%| O|  |TAMS 0x000000008a900000, 0x000000008a900000| Untracked 
| 170|0x000000008aa00000, 0x000000008ab00000, 0x000000008ab00000|100%|HS|  |TAMS 0x000000008aa00000, 0x000000008aa00000| Complete 
| 171|0x000000008ab00000, 0x000000008ac00000, 0x000000008ac00000|100%| O|  |TAMS 0x000000008ab00000, 0x000000008ab00000| Untracked 
| 172|0x000000008ac00000, 0x000000008ad00000, 0x000000008ad00000|100%| O|  |TAMS 0x000000008ac00000, 0x000000008ac00000| Untracked 
| 173|0x000000008ad00000, 0x000000008ae00000, 0x000000008ae00000|100%| O|  |TAMS 0x000000008ad00000, 0x000000008ad00000| Untracked 
| 174|0x000000008ae00000, 0x000000008af00000, 0x000000008af00000|100%|HS|  |TAMS 0x000000008ae00000, 0x000000008ae00000| Complete 
| 175|0x000000008af00000, 0x000000008b000000, 0x000000008b000000|100%|HC|  |TAMS 0x000000008af00000, 0x000000008af00000| Complete 
| 176|0x000000008b000000, 0x000000008b100000, 0x000000008b100000|100%| O|  |TAMS 0x000000008b000000, 0x000000008b000000| Untracked 
| 177|0x000000008b100000, 0x000000008b200000, 0x000000008b200000|100%| O|  |TAMS 0x000000008b100000, 0x000000008b100000| Untracked 
| 178|0x000000008b200000, 0x000000008b300000, 0x000000008b300000|100%| O|  |TAMS 0x000000008b200000, 0x000000008b200000| Untracked 
| 179|0x000000008b300000, 0x000000008b400000, 0x000000008b400000|100%|HS|  |TAMS 0x000000008b300000, 0x000000008b300000| Complete 
| 180|0x000000008b400000, 0x000000008b500000, 0x000000008b500000|100%|HC|  |TAMS 0x000000008b400000, 0x000000008b400000| Complete 
| 181|0x000000008b500000, 0x000000008b600000, 0x000000008b600000|100%| O|  |TAMS 0x000000008b500000, 0x000000008b500000| Untracked 
| 182|0x000000008b600000, 0x000000008b700000, 0x000000008b700000|100%| O|  |TAMS 0x000000008b600000, 0x000000008b600000| Untracked 
| 183|0x000000008b700000, 0x000000008b800000, 0x000000008b800000|100%| O|  |TAMS 0x000000008b700000, 0x000000008b700000| Untracked 
| 184|0x000000008b800000, 0x000000008b900000, 0x000000008b900000|100%| O|  |TAMS 0x000000008b800000, 0x000000008b800000| Untracked 
| 185|0x000000008b900000, 0x000000008ba00000, 0x000000008ba00000|100%| O|  |TAMS 0x000000008b900000, 0x000000008b900000| Untracked 
| 186|0x000000008ba00000, 0x000000008bb00000, 0x000000008bb00000|100%| O|  |TAMS 0x000000008ba00000, 0x000000008ba00000| Untracked 
| 187|0x000000008bb00000, 0x000000008bc00000, 0x000000008bc00000|100%| O|  |TAMS 0x000000008bb00000, 0x000000008bb00000| Untracked 
| 188|0x000000008bc00000, 0x000000008bd00000, 0x000000008bd00000|100%|HS|  |TAMS 0x000000008bc00000, 0x000000008bc00000| Complete 
| 189|0x000000008bd00000, 0x000000008be00000, 0x000000008be00000|100%|HC|  |TAMS 0x000000008bd00000, 0x000000008bd00000| Complete 
| 190|0x000000008be00000, 0x000000008bf00000, 0x000000008bf00000|100%|HC|  |TAMS 0x000000008be00000, 0x000000008be00000| Complete 
| 191|0x000000008bf00000, 0x000000008c000000, 0x000000008c000000|100%| O|  |TAMS 0x000000008bf00000, 0x000000008bf00000| Untracked 
| 192|0x000000008c000000, 0x000000008c100000, 0x000000008c100000|100%| O|  |TAMS 0x000000008c000000, 0x000000008c000000| Untracked 
| 193|0x000000008c100000, 0x000000008c200000, 0x000000008c200000|100%| O|  |TAMS 0x000000008c100000, 0x000000008c100000| Untracked 
| 194|0x000000008c200000, 0x000000008c300000, 0x000000008c300000|100%| O|  |TAMS 0x000000008c200000, 0x000000008c200000| Untracked 
| 195|0x000000008c300000, 0x000000008c400000, 0x000000008c400000|100%| O|  |TAMS 0x000000008c300000, 0x000000008c300000| Untracked 
| 196|0x000000008c400000, 0x000000008c500000, 0x000000008c500000|100%| O|  |TAMS 0x000000008c400000, 0x000000008c400000| Untracked 
| 197|0x000000008c500000, 0x000000008c600000, 0x000000008c600000|100%| O|  |TAMS 0x000000008c500000, 0x000000008c500000| Untracked 
| 198|0x000000008c600000, 0x000000008c700000, 0x000000008c700000|100%| O|  |TAMS 0x000000008c600000, 0x000000008c600000| Untracked 
| 199|0x000000008c700000, 0x000000008c800000, 0x000000008c800000|100%| O|  |TAMS 0x000000008c700000, 0x000000008c700000| Untracked 
| 200|0x000000008c800000, 0x000000008c900000, 0x000000008c900000|100%| O|  |TAMS 0x000000008c800000, 0x000000008c800000| Untracked 
| 201|0x000000008c900000, 0x000000008ca00000, 0x000000008ca00000|100%| O|  |TAMS 0x000000008c900000, 0x000000008c900000| Untracked 
| 202|0x000000008ca00000, 0x000000008cb00000, 0x000000008cb00000|100%|HS|  |TAMS 0x000000008ca00000, 0x000000008ca00000| Complete 
| 203|0x000000008cb00000, 0x000000008cc00000, 0x000000008cc00000|100%|HC|  |TAMS 0x000000008cb00000, 0x000000008cb00000| Complete 
| 204|0x000000008cc00000, 0x000000008cd00000, 0x000000008cd00000|100%| O|  |TAMS 0x000000008cc00000, 0x000000008cc00000| Untracked 
| 205|0x000000008cd00000, 0x000000008ce00000, 0x000000008ce00000|100%| O|  |TAMS 0x000000008cd00000, 0x000000008cd00000| Untracked 
| 206|0x000000008ce00000, 0x000000008cf00000, 0x000000008cf00000|100%| O|  |TAMS 0x000000008ce00000, 0x000000008ce00000| Untracked 
| 207|0x000000008cf00000, 0x000000008d000000, 0x000000008d000000|100%| O|  |TAMS 0x000000008cf00000, 0x000000008cf00000| Untracked 
| 208|0x000000008d000000, 0x000000008d100000, 0x000000008d100000|100%| O|  |TAMS 0x000000008d000000, 0x000000008d000000| Untracked 
| 209|0x000000008d100000, 0x000000008d200000, 0x000000008d200000|100%| O|  |TAMS 0x000000008d100000, 0x000000008d100000| Untracked 
| 210|0x000000008d200000, 0x000000008d300000, 0x000000008d300000|100%| O|  |TAMS 0x000000008d200000, 0x000000008d200000| Untracked 
| 211|0x000000008d300000, 0x000000008d400000, 0x000000008d400000|100%| O|  |TAMS 0x000000008d300000, 0x000000008d300000| Untracked 
| 212|0x000000008d400000, 0x000000008d500000, 0x000000008d500000|100%| O|  |TAMS 0x000000008d400000, 0x000000008d400000| Untracked 
| 213|0x000000008d500000, 0x000000008d600000, 0x000000008d600000|100%| O|  |TAMS 0x000000008d500000, 0x000000008d500000| Untracked 
| 214|0x000000008d600000, 0x000000008d700000, 0x000000008d700000|100%| O|  |TAMS 0x000000008d600000, 0x000000008d600000| Untracked 
| 215|0x000000008d700000, 0x000000008d800000, 0x000000008d800000|100%| O|  |TAMS 0x000000008d700000, 0x000000008d700000| Untracked 
| 216|0x000000008d800000, 0x000000008d900000, 0x000000008d900000|100%| O|  |TAMS 0x000000008d800000, 0x000000008d800000| Untracked 
| 217|0x000000008d900000, 0x000000008da00000, 0x000000008da00000|100%| O|  |TAMS 0x000000008d900000, 0x000000008d900000| Untracked 
| 218|0x000000008da00000, 0x000000008db00000, 0x000000008db00000|100%| O|  |TAMS 0x000000008da00000, 0x000000008da00000| Untracked 
| 219|0x000000008db00000, 0x000000008dc00000, 0x000000008dc00000|100%| O|  |TAMS 0x000000008db00000, 0x000000008db00000| Untracked 
| 220|0x000000008dc00000, 0x000000008dd00000, 0x000000008dd00000|100%| O|  |TAMS 0x000000008dc00000, 0x000000008dc00000| Untracked 
| 221|0x000000008dd00000, 0x000000008de00000, 0x000000008de00000|100%| O|  |TAMS 0x000000008dd00000, 0x000000008dd00000| Untracked 
| 222|0x000000008de00000, 0x000000008df00000, 0x000000008df00000|100%| O|  |TAMS 0x000000008de00000, 0x000000008de00000| Untracked 
| 223|0x000000008df00000, 0x000000008e000000, 0x000000008e000000|100%| O|  |TAMS 0x000000008df00000, 0x000000008df00000| Untracked 
| 224|0x000000008e000000, 0x000000008e100000, 0x000000008e100000|100%| O|  |TAMS 0x000000008e000000, 0x000000008e000000| Untracked 
| 225|0x000000008e100000, 0x000000008e200000, 0x000000008e200000|100%| O|  |TAMS 0x000000008e100000, 0x000000008e100000| Untracked 
| 226|0x000000008e200000, 0x000000008e300000, 0x000000008e300000|100%| O|  |TAMS 0x000000008e200000, 0x000000008e200000| Untracked 
| 227|0x000000008e300000, 0x000000008e400000, 0x000000008e400000|100%| O|  |TAMS 0x000000008e300000, 0x000000008e300000| Untracked 
| 228|0x000000008e400000, 0x000000008e500000, 0x000000008e500000|100%| O|  |TAMS 0x000000008e400000, 0x000000008e400000| Untracked 
| 229|0x000000008e500000, 0x000000008e600000, 0x000000008e600000|100%| O|  |TAMS 0x000000008e500000, 0x000000008e500000| Untracked 
| 230|0x000000008e600000, 0x000000008e700000, 0x000000008e700000|100%| O|  |TAMS 0x000000008e600000, 0x000000008e600000| Untracked 
| 231|0x000000008e700000, 0x000000008e800000, 0x000000008e800000|100%| O|  |TAMS 0x000000008e700000, 0x000000008e700000| Untracked 
| 232|0x000000008e800000, 0x000000008e900000, 0x000000008e900000|100%| O|  |TAMS 0x000000008e800000, 0x000000008e800000| Untracked 
| 233|0x000000008e900000, 0x000000008ea00000, 0x000000008ea00000|100%| O|  |TAMS 0x000000008e900000, 0x000000008e900000| Untracked 
| 234|0x000000008ea00000, 0x000000008eb00000, 0x000000008eb00000|100%| O|  |TAMS 0x000000008ea00000, 0x000000008ea00000| Untracked 
| 235|0x000000008eb00000, 0x000000008ec00000, 0x000000008ec00000|100%| O|  |TAMS 0x000000008eb00000, 0x000000008eb00000| Untracked 
| 236|0x000000008ec00000, 0x000000008ed00000, 0x000000008ed00000|100%| O|  |TAMS 0x000000008ec00000, 0x000000008ec00000| Untracked 
| 237|0x000000008ed00000, 0x000000008ee00000, 0x000000008ee00000|100%| O|  |TAMS 0x000000008ed00000, 0x000000008ed00000| Untracked 
| 238|0x000000008ee00000, 0x000000008ef00000, 0x000000008ef00000|100%| O|  |TAMS 0x000000008ee00000, 0x000000008ee00000| Untracked 
| 239|0x000000008ef00000, 0x000000008f000000, 0x000000008f000000|100%| O|  |TAMS 0x000000008ef00000, 0x000000008ef00000| Untracked 
| 240|0x000000008f000000, 0x000000008f100000, 0x000000008f100000|100%| O|  |TAMS 0x000000008f000000, 0x000000008f000000| Untracked 
| 241|0x000000008f100000, 0x000000008f200000, 0x000000008f200000|100%| O|  |TAMS 0x000000008f100000, 0x000000008f100000| Untracked 
| 242|0x000000008f200000, 0x000000008f300000, 0x000000008f300000|100%| O|  |TAMS 0x000000008f200000, 0x000000008f200000| Untracked 
| 243|0x000000008f300000, 0x000000008f400000, 0x000000008f400000|100%| O|  |TAMS 0x000000008f300000, 0x000000008f300000| Untracked 
| 244|0x000000008f400000, 0x000000008f500000, 0x000000008f500000|100%| O|  |TAMS 0x000000008f400000, 0x000000008f400000| Untracked 
| 245|0x000000008f500000, 0x000000008f600000, 0x000000008f600000|100%| O|  |TAMS 0x000000008f500000, 0x000000008f500000| Untracked 
| 246|0x000000008f600000, 0x000000008f700000, 0x000000008f700000|100%| O|  |TAMS 0x000000008f600000, 0x000000008f600000| Untracked 
| 247|0x000000008f700000, 0x000000008f800000, 0x000000008f800000|100%| O|  |TAMS 0x000000008f700000, 0x000000008f700000| Untracked 
| 248|0x000000008f800000, 0x000000008f900000, 0x000000008f900000|100%| O|  |TAMS 0x000000008f800000, 0x000000008f800000| Untracked 
| 249|0x000000008f900000, 0x000000008fa00000, 0x000000008fa00000|100%| O|  |TAMS 0x000000008f900000, 0x000000008f900000| Untracked 
| 250|0x000000008fa00000, 0x000000008fb00000, 0x000000008fb00000|100%| O|  |TAMS 0x000000008fa00000, 0x000000008fa00000| Untracked 
| 251|0x000000008fb00000, 0x000000008fc00000, 0x000000008fc00000|100%| O|  |TAMS 0x000000008fb00000, 0x000000008fb00000| Untracked 
| 252|0x000000008fc00000, 0x000000008fd00000, 0x000000008fd00000|100%| O|  |TAMS 0x000000008fc00000, 0x000000008fc00000| Untracked 
| 253|0x000000008fd00000, 0x000000008fe00000, 0x000000008fe00000|100%| O|  |TAMS 0x000000008fd00000, 0x000000008fd00000| Untracked 
| 254|0x000000008fe00000, 0x000000008ff00000, 0x000000008ff00000|100%| O|  |TAMS 0x000000008fe00000, 0x000000008fe00000| Untracked 
| 255|0x000000008ff00000, 0x0000000090000000, 0x0000000090000000|100%| O|  |TAMS 0x000000008ff00000, 0x000000008ff00000| Untracked 
| 256|0x0000000090000000, 0x0000000090100000, 0x0000000090100000|100%| O|  |TAMS 0x0000000090000000, 0x0000000090000000| Untracked 
| 257|0x0000000090100000, 0x0000000090200000, 0x0000000090200000|100%| O|  |TAMS 0x0000000090100000, 0x0000000090100000| Untracked 
| 258|0x0000000090200000, 0x0000000090300000, 0x0000000090300000|100%| O|  |TAMS 0x0000000090200000, 0x0000000090200000| Untracked 
| 259|0x0000000090300000, 0x0000000090400000, 0x0000000090400000|100%| O|  |TAMS 0x0000000090300000, 0x0000000090300000| Untracked 
| 260|0x0000000090400000, 0x0000000090500000, 0x0000000090500000|100%| O|  |TAMS 0x0000000090400000, 0x0000000090400000| Untracked 
| 261|0x0000000090500000, 0x0000000090600000, 0x0000000090600000|100%| O|  |TAMS 0x0000000090500000, 0x0000000090500000| Untracked 
| 262|0x0000000090600000, 0x0000000090700000, 0x0000000090700000|100%| O|  |TAMS 0x0000000090600000, 0x0000000090600000| Untracked 
| 263|0x0000000090700000, 0x0000000090800000, 0x0000000090800000|100%| O|  |TAMS 0x0000000090700000, 0x0000000090700000| Untracked 
| 264|0x0000000090800000, 0x0000000090900000, 0x0000000090900000|100%| O|  |TAMS 0x0000000090800000, 0x0000000090800000| Untracked 
| 265|0x0000000090900000, 0x0000000090a00000, 0x0000000090a00000|100%| O|  |TAMS 0x0000000090900000, 0x0000000090900000| Untracked 
| 266|0x0000000090a00000, 0x0000000090b00000, 0x0000000090b00000|100%| O|  |TAMS 0x0000000090a00000, 0x0000000090a00000| Untracked 
| 267|0x0000000090b00000, 0x0000000090c00000, 0x0000000090c00000|100%| O|  |TAMS 0x0000000090b00000, 0x0000000090b00000| Untracked 
| 268|0x0000000090c00000, 0x0000000090d00000, 0x0000000090d00000|100%| O|  |TAMS 0x0000000090c00000, 0x0000000090c00000| Untracked 
| 269|0x0000000090d00000, 0x0000000090e00000, 0x0000000090e00000|100%| O|  |TAMS 0x0000000090d00000, 0x0000000090d00000| Untracked 
| 270|0x0000000090e00000, 0x0000000090f00000, 0x0000000090f00000|100%| O|  |TAMS 0x0000000090e00000, 0x0000000090e00000| Untracked 
| 271|0x0000000090f00000, 0x0000000091000000, 0x0000000091000000|100%| O|  |TAMS 0x0000000090f00000, 0x0000000090f00000| Untracked 
| 272|0x0000000091000000, 0x0000000091100000, 0x0000000091100000|100%| O|  |TAMS 0x0000000091000000, 0x0000000091000000| Untracked 
| 273|0x0000000091100000, 0x0000000091200000, 0x0000000091200000|100%| O|  |TAMS 0x0000000091100000, 0x0000000091100000| Untracked 
| 274|0x0000000091200000, 0x0000000091300000, 0x0000000091300000|100%|HS|  |TAMS 0x0000000091200000, 0x0000000091200000| Complete 
| 275|0x0000000091300000, 0x0000000091300000, 0x0000000091400000|  0%| F|  |TAMS 0x0000000091300000, 0x0000000091300000| Untracked 
| 276|0x0000000091400000, 0x0000000091400000, 0x0000000091500000|  0%| F|  |TAMS 0x0000000091400000, 0x0000000091400000| Untracked 
| 277|0x0000000091500000, 0x0000000091500000, 0x0000000091600000|  0%| F|  |TAMS 0x0000000091500000, 0x0000000091500000| Untracked 
| 278|0x0000000091600000, 0x0000000091600000, 0x0000000091700000|  0%| F|  |TAMS 0x0000000091600000, 0x0000000091600000| Untracked 
| 279|0x0000000091700000, 0x0000000091700000, 0x0000000091800000|  0%| F|  |TAMS 0x0000000091700000, 0x0000000091700000| Untracked 
| 280|0x0000000091800000, 0x0000000091800000, 0x0000000091900000|  0%| F|  |TAMS 0x0000000091800000, 0x0000000091800000| Untracked 
| 281|0x0000000091900000, 0x0000000091900000, 0x0000000091a00000|  0%| F|  |TAMS 0x0000000091900000, 0x0000000091900000| Untracked 
| 282|0x0000000091a00000, 0x0000000091a00000, 0x0000000091b00000|  0%| F|  |TAMS 0x0000000091a00000, 0x0000000091a00000| Untracked 
| 283|0x0000000091b00000, 0x0000000091b00000, 0x0000000091c00000|  0%| F|  |TAMS 0x0000000091b00000, 0x0000000091b00000| Untracked 
| 284|0x0000000091c00000, 0x0000000091c00000, 0x0000000091d00000|  0%| F|  |TAMS 0x0000000091c00000, 0x0000000091c00000| Untracked 
| 285|0x0000000091d00000, 0x0000000091d00000, 0x0000000091e00000|  0%| F|  |TAMS 0x0000000091d00000, 0x0000000091d00000| Untracked 
| 286|0x0000000091e00000, 0x0000000091e00000, 0x0000000091f00000|  0%| F|  |TAMS 0x0000000091e00000, 0x0000000091e00000| Untracked 
| 287|0x0000000091f00000, 0x0000000091f00000, 0x0000000092000000|  0%| F|  |TAMS 0x0000000091f00000, 0x0000000091f00000| Untracked 
| 288|0x0000000092000000, 0x0000000092000000, 0x0000000092100000|  0%| F|  |TAMS 0x0000000092000000, 0x0000000092000000| Untracked 
| 289|0x0000000092100000, 0x0000000092100000, 0x0000000092200000|  0%| F|  |TAMS 0x0000000092100000, 0x0000000092100000| Untracked 
| 290|0x0000000092200000, 0x0000000092200000, 0x0000000092300000|  0%| F|  |TAMS 0x0000000092200000, 0x0000000092200000| Untracked 
| 291|0x0000000092300000, 0x0000000092300000, 0x0000000092400000|  0%| F|  |TAMS 0x0000000092300000, 0x0000000092300000| Untracked 
| 292|0x0000000092400000, 0x0000000092500000, 0x0000000092500000|100%| O|  |TAMS 0x0000000092400000, 0x0000000092400000| Untracked 
| 293|0x0000000092500000, 0x0000000092600000, 0x0000000092600000|100%| O|  |TAMS 0x0000000092500000, 0x0000000092500000| Untracked 
| 294|0x0000000092600000, 0x0000000092700000, 0x0000000092700000|100%| O|  |TAMS 0x0000000092600000, 0x0000000092600000| Untracked 
| 295|0x0000000092700000, 0x0000000092800000, 0x0000000092800000|100%| O|  |TAMS 0x0000000092700000, 0x0000000092700000| Untracked 
| 296|0x0000000092800000, 0x0000000092900000, 0x0000000092900000|100%| O|  |TAMS 0x0000000092800000, 0x0000000092800000| Untracked 
| 297|0x0000000092900000, 0x0000000092a00000, 0x0000000092a00000|100%| O|  |TAMS 0x0000000092900000, 0x0000000092900000| Untracked 
| 298|0x0000000092a00000, 0x0000000092b00000, 0x0000000092b00000|100%| O|  |TAMS 0x0000000092a00000, 0x0000000092a00000| Untracked 
| 299|0x0000000092b00000, 0x0000000092c00000, 0x0000000092c00000|100%| O|  |TAMS 0x0000000092b00000, 0x0000000092b00000| Untracked 
| 300|0x0000000092c00000, 0x0000000092d00000, 0x0000000092d00000|100%| O|  |TAMS 0x0000000092c00000, 0x0000000092c00000| Untracked 
| 301|0x0000000092d00000, 0x0000000092e00000, 0x0000000092e00000|100%| O|  |TAMS 0x0000000092d00000, 0x0000000092d00000| Untracked 
| 302|0x0000000092e00000, 0x0000000092f00000, 0x0000000092f00000|100%| O|  |TAMS 0x0000000092e00000, 0x0000000092e00000| Untracked 
| 303|0x0000000092f00000, 0x0000000093000000, 0x0000000093000000|100%| O|  |TAMS 0x0000000092f00000, 0x0000000092f00000| Untracked 
| 304|0x0000000093000000, 0x0000000093100000, 0x0000000093100000|100%| O|  |TAMS 0x0000000093000000, 0x0000000093000000| Untracked 
| 305|0x0000000093100000, 0x0000000093200000, 0x0000000093200000|100%| O|  |TAMS 0x0000000093100000, 0x0000000093100000| Untracked 
| 306|0x0000000093200000, 0x0000000093280000, 0x0000000093300000| 50%| O|  |TAMS 0x0000000093200000, 0x0000000093200000| Untracked 
| 307|0x0000000093300000, 0x0000000093300000, 0x0000000093400000|  0%| F|  |TAMS 0x0000000093300000, 0x0000000093300000| Untracked 
| 308|0x0000000093400000, 0x0000000093400000, 0x0000000093500000|  0%| F|  |TAMS 0x0000000093400000, 0x0000000093400000| Untracked 
| 309|0x0000000093500000, 0x0000000093500000, 0x0000000093600000|  0%| F|  |TAMS 0x0000000093500000, 0x0000000093500000| Untracked 
| 310|0x0000000093600000, 0x0000000093600000, 0x0000000093700000|  0%| F|  |TAMS 0x0000000093600000, 0x0000000093600000| Untracked 
| 311|0x0000000093700000, 0x0000000093700000, 0x0000000093800000|  0%| F|  |TAMS 0x0000000093700000, 0x0000000093700000| Untracked 
| 312|0x0000000093800000, 0x0000000093800000, 0x0000000093900000|  0%| F|  |TAMS 0x0000000093800000, 0x0000000093800000| Untracked 
| 313|0x0000000093900000, 0x0000000093900000, 0x0000000093a00000|  0%| F|  |TAMS 0x0000000093900000, 0x0000000093900000| Untracked 
| 314|0x0000000093a00000, 0x0000000093a00000, 0x0000000093b00000|  0%| F|  |TAMS 0x0000000093a00000, 0x0000000093a00000| Untracked 
| 315|0x0000000093b00000, 0x0000000093b00000, 0x0000000093c00000|  0%| F|  |TAMS 0x0000000093b00000, 0x0000000093b00000| Untracked 
| 316|0x0000000093c00000, 0x0000000093c00000, 0x0000000093d00000|  0%| F|  |TAMS 0x0000000093c00000, 0x0000000093c00000| Untracked 
| 317|0x0000000093d00000, 0x0000000093d00000, 0x0000000093e00000|  0%| F|  |TAMS 0x0000000093d00000, 0x0000000093d00000| Untracked 
| 318|0x0000000093e00000, 0x0000000093e00000, 0x0000000093f00000|  0%| F|  |TAMS 0x0000000093e00000, 0x0000000093e00000| Untracked 
| 319|0x0000000093f00000, 0x0000000093f00000, 0x0000000094000000|  0%| F|  |TAMS 0x0000000093f00000, 0x0000000093f00000| Untracked 
| 320|0x0000000094000000, 0x0000000094000000, 0x0000000094100000|  0%| F|  |TAMS 0x0000000094000000, 0x0000000094000000| Untracked 
| 321|0x0000000094100000, 0x0000000094100000, 0x0000000094200000|  0%| F|  |TAMS 0x0000000094100000, 0x0000000094100000| Untracked 
| 322|0x0000000094200000, 0x0000000094200000, 0x0000000094300000|  0%| F|  |TAMS 0x0000000094200000, 0x0000000094200000| Untracked 
| 323|0x0000000094300000, 0x0000000094300000, 0x0000000094400000|  0%| F|  |TAMS 0x0000000094300000, 0x0000000094300000| Untracked 
| 324|0x0000000094400000, 0x0000000094400000, 0x0000000094500000|  0%| F|  |TAMS 0x0000000094400000, 0x0000000094400000| Untracked 
| 325|0x0000000094500000, 0x0000000094500000, 0x0000000094600000|  0%| F|  |TAMS 0x0000000094500000, 0x0000000094500000| Untracked 
| 326|0x0000000094600000, 0x0000000094600000, 0x0000000094700000|  0%| F|  |TAMS 0x0000000094600000, 0x0000000094600000| Untracked 
| 327|0x0000000094700000, 0x0000000094700000, 0x0000000094800000|  0%| F|  |TAMS 0x0000000094700000, 0x0000000094700000| Untracked 
| 328|0x0000000094800000, 0x0000000094800000, 0x0000000094900000|  0%| F|  |TAMS 0x0000000094800000, 0x0000000094800000| Untracked 
| 329|0x0000000094900000, 0x0000000094900000, 0x0000000094a00000|  0%| F|  |TAMS 0x0000000094900000, 0x0000000094900000| Untracked 
| 330|0x0000000094a00000, 0x0000000094a00000, 0x0000000094b00000|  0%| F|  |TAMS 0x0000000094a00000, 0x0000000094a00000| Untracked 
| 331|0x0000000094b00000, 0x0000000094b00000, 0x0000000094c00000|  0%| F|  |TAMS 0x0000000094b00000, 0x0000000094b00000| Untracked 
| 332|0x0000000094c00000, 0x0000000094c00000, 0x0000000094d00000|  0%| F|  |TAMS 0x0000000094c00000, 0x0000000094c00000| Untracked 
| 333|0x0000000094d00000, 0x0000000094d00000, 0x0000000094e00000|  0%| F|  |TAMS 0x0000000094d00000, 0x0000000094d00000| Untracked 
| 334|0x0000000094e00000, 0x0000000094e00000, 0x0000000094f00000|  0%| F|  |TAMS 0x0000000094e00000, 0x0000000094e00000| Untracked 
| 335|0x0000000094f00000, 0x0000000094f00000, 0x0000000095000000|  0%| F|  |TAMS 0x0000000094f00000, 0x0000000094f00000| Untracked 
| 336|0x0000000095000000, 0x0000000095000000, 0x0000000095100000|  0%| F|  |TAMS 0x0000000095000000, 0x0000000095000000| Untracked 
| 337|0x0000000095100000, 0x0000000095100000, 0x0000000095200000|  0%| F|  |TAMS 0x0000000095100000, 0x0000000095100000| Untracked 
| 338|0x0000000095200000, 0x0000000095200000, 0x0000000095300000|  0%| F|  |TAMS 0x0000000095200000, 0x0000000095200000| Untracked 
| 339|0x0000000095300000, 0x0000000095300000, 0x0000000095400000|  0%| F|  |TAMS 0x0000000095300000, 0x0000000095300000| Untracked 
| 340|0x0000000095400000, 0x0000000095400000, 0x0000000095500000|  0%| F|  |TAMS 0x0000000095400000, 0x0000000095400000| Untracked 
| 341|0x0000000095500000, 0x0000000095500000, 0x0000000095600000|  0%| F|  |TAMS 0x0000000095500000, 0x0000000095500000| Untracked 
| 342|0x0000000095600000, 0x0000000095600000, 0x0000000095700000|  0%| F|  |TAMS 0x0000000095600000, 0x0000000095600000| Untracked 
| 343|0x0000000095700000, 0x0000000095700000, 0x0000000095800000|  0%| F|  |TAMS 0x0000000095700000, 0x0000000095700000| Untracked 
| 344|0x0000000095800000, 0x0000000095800000, 0x0000000095900000|  0%| F|  |TAMS 0x0000000095800000, 0x0000000095800000| Untracked 
| 345|0x0000000095900000, 0x0000000095900000, 0x0000000095a00000|  0%| F|  |TAMS 0x0000000095900000, 0x0000000095900000| Untracked 
| 346|0x0000000095a00000, 0x0000000095a00000, 0x0000000095b00000|  0%| F|  |TAMS 0x0000000095a00000, 0x0000000095a00000| Untracked 
| 347|0x0000000095b00000, 0x0000000095b00000, 0x0000000095c00000|  0%| F|  |TAMS 0x0000000095b00000, 0x0000000095b00000| Untracked 
| 348|0x0000000095c00000, 0x0000000095c00000, 0x0000000095d00000|  0%| F|  |TAMS 0x0000000095c00000, 0x0000000095c00000| Untracked 
| 349|0x0000000095d00000, 0x0000000095d00000, 0x0000000095e00000|  0%| F|  |TAMS 0x0000000095d00000, 0x0000000095d00000| Untracked 
| 350|0x0000000095e00000, 0x0000000095e00000, 0x0000000095f00000|  0%| F|  |TAMS 0x0000000095e00000, 0x0000000095e00000| Untracked 
| 351|0x0000000095f00000, 0x0000000095f00000, 0x0000000096000000|  0%| F|  |TAMS 0x0000000095f00000, 0x0000000095f00000| Untracked 
| 352|0x0000000096000000, 0x0000000096000000, 0x0000000096100000|  0%| F|  |TAMS 0x0000000096000000, 0x0000000096000000| Untracked 
| 353|0x0000000096100000, 0x0000000096100000, 0x0000000096200000|  0%| F|  |TAMS 0x0000000096100000, 0x0000000096100000| Untracked 
| 354|0x0000000096200000, 0x0000000096200000, 0x0000000096300000|  0%| F|  |TAMS 0x0000000096200000, 0x0000000096200000| Untracked 
| 355|0x0000000096300000, 0x0000000096300000, 0x0000000096400000|  0%| F|  |TAMS 0x0000000096300000, 0x0000000096300000| Untracked 
| 356|0x0000000096400000, 0x0000000096400000, 0x0000000096500000|  0%| F|  |TAMS 0x0000000096400000, 0x0000000096400000| Untracked 
| 357|0x0000000096500000, 0x0000000096500000, 0x0000000096600000|  0%| F|  |TAMS 0x0000000096500000, 0x0000000096500000| Untracked 
| 358|0x0000000096600000, 0x0000000096600000, 0x0000000096700000|  0%| F|  |TAMS 0x0000000096600000, 0x0000000096600000| Untracked 
| 359|0x0000000096700000, 0x0000000096700000, 0x0000000096800000|  0%| F|  |TAMS 0x0000000096700000, 0x0000000096700000| Untracked 
| 360|0x0000000096800000, 0x0000000096800000, 0x0000000096900000|  0%| F|  |TAMS 0x0000000096800000, 0x0000000096800000| Untracked 
| 361|0x0000000096900000, 0x0000000096900000, 0x0000000096a00000|  0%| F|  |TAMS 0x0000000096900000, 0x0000000096900000| Untracked 
| 362|0x0000000096a00000, 0x0000000096a00000, 0x0000000096b00000|  0%| F|  |TAMS 0x0000000096a00000, 0x0000000096a00000| Untracked 
| 363|0x0000000096b00000, 0x0000000096b00000, 0x0000000096c00000|  0%| F|  |TAMS 0x0000000096b00000, 0x0000000096b00000| Untracked 
| 364|0x0000000096c00000, 0x0000000096d00000, 0x0000000096d00000|100%| S|CS|TAMS 0x0000000096c00000, 0x0000000096c00000| Complete 
| 365|0x0000000096d00000, 0x0000000096e00000, 0x0000000096e00000|100%| S|CS|TAMS 0x0000000096d00000, 0x0000000096d00000| Complete 
| 366|0x0000000096e00000, 0x0000000096f00000, 0x0000000096f00000|100%| S|CS|TAMS 0x0000000096e00000, 0x0000000096e00000| Complete 
| 367|0x0000000096f00000, 0x0000000097000000, 0x0000000097000000|100%| S|CS|TAMS 0x0000000096f00000, 0x0000000096f00000| Complete 
| 368|0x0000000097000000, 0x0000000097100000, 0x0000000097100000|100%| S|CS|TAMS 0x0000000097000000, 0x0000000097000000| Complete 
| 369|0x0000000097100000, 0x0000000097200000, 0x0000000097200000|100%| S|CS|TAMS 0x0000000097100000, 0x0000000097100000| Complete 
| 370|0x0000000097200000, 0x0000000097300000, 0x0000000097300000|100%| S|CS|TAMS 0x0000000097200000, 0x0000000097200000| Complete 
| 371|0x0000000097300000, 0x0000000097400000, 0x0000000097400000|100%| S|CS|TAMS 0x0000000097300000, 0x0000000097300000| Complete 
| 372|0x0000000097400000, 0x0000000097400000, 0x0000000097500000|  0%| F|  |TAMS 0x0000000097400000, 0x0000000097400000| Untracked 
| 373|0x0000000097500000, 0x0000000097500000, 0x0000000097600000|  0%| F|  |TAMS 0x0000000097500000, 0x0000000097500000| Untracked 
| 374|0x0000000097600000, 0x0000000097600000, 0x0000000097700000|  0%| F|  |TAMS 0x0000000097600000, 0x0000000097600000| Untracked 
| 375|0x0000000097700000, 0x0000000097700000, 0x0000000097800000|  0%| F|  |TAMS 0x0000000097700000, 0x0000000097700000| Untracked 
| 376|0x0000000097800000, 0x0000000097800000, 0x0000000097900000|  0%| F|  |TAMS 0x0000000097800000, 0x0000000097800000| Untracked 
| 377|0x0000000097900000, 0x0000000097900000, 0x0000000097a00000|  0%| F|  |TAMS 0x0000000097900000, 0x0000000097900000| Untracked 
| 378|0x0000000097a00000, 0x0000000097a00000, 0x0000000097b00000|  0%| F|  |TAMS 0x0000000097a00000, 0x0000000097a00000| Untracked 
| 379|0x0000000097b00000, 0x0000000097b00000, 0x0000000097c00000|  0%| F|  |TAMS 0x0000000097b00000, 0x0000000097b00000| Untracked 
| 380|0x0000000097c00000, 0x0000000097c00000, 0x0000000097d00000|  0%| F|  |TAMS 0x0000000097c00000, 0x0000000097c00000| Untracked 
| 381|0x0000000097d00000, 0x0000000097d00000, 0x0000000097e00000|  0%| F|  |TAMS 0x0000000097d00000, 0x0000000097d00000| Untracked 
| 382|0x0000000097e00000, 0x0000000097e00000, 0x0000000097f00000|  0%| F|  |TAMS 0x0000000097e00000, 0x0000000097e00000| Untracked 
| 383|0x0000000097f00000, 0x0000000097f00000, 0x0000000098000000|  0%| F|  |TAMS 0x0000000097f00000, 0x0000000097f00000| Untracked 
| 384|0x0000000098000000, 0x0000000098000000, 0x0000000098100000|  0%| F|  |TAMS 0x0000000098000000, 0x0000000098000000| Untracked 
| 385|0x0000000098100000, 0x0000000098100000, 0x0000000098200000|  0%| F|  |TAMS 0x0000000098100000, 0x0000000098100000| Untracked 
| 386|0x0000000098200000, 0x0000000098200000, 0x0000000098300000|  0%| F|  |TAMS 0x0000000098200000, 0x0000000098200000| Untracked 
| 387|0x0000000098300000, 0x0000000098300000, 0x0000000098400000|  0%| F|  |TAMS 0x0000000098300000, 0x0000000098300000| Untracked 
| 388|0x0000000098400000, 0x0000000098400000, 0x0000000098500000|  0%| F|  |TAMS 0x0000000098400000, 0x0000000098400000| Untracked 
| 389|0x0000000098500000, 0x0000000098500000, 0x0000000098600000|  0%| F|  |TAMS 0x0000000098500000, 0x0000000098500000| Untracked 
| 390|0x0000000098600000, 0x0000000098600000, 0x0000000098700000|  0%| F|  |TAMS 0x0000000098600000, 0x0000000098600000| Untracked 
| 391|0x0000000098700000, 0x0000000098700000, 0x0000000098800000|  0%| F|  |TAMS 0x0000000098700000, 0x0000000098700000| Untracked 
| 392|0x0000000098800000, 0x0000000098800000, 0x0000000098900000|  0%| F|  |TAMS 0x0000000098800000, 0x0000000098800000| Untracked 
| 393|0x0000000098900000, 0x0000000098900000, 0x0000000098a00000|  0%| F|  |TAMS 0x0000000098900000, 0x0000000098900000| Untracked 
| 394|0x0000000098a00000, 0x0000000098a00000, 0x0000000098b00000|  0%| F|  |TAMS 0x0000000098a00000, 0x0000000098a00000| Untracked 
| 395|0x0000000098b00000, 0x0000000098b00000, 0x0000000098c00000|  0%| F|  |TAMS 0x0000000098b00000, 0x0000000098b00000| Untracked 
| 396|0x0000000098c00000, 0x0000000098c00000, 0x0000000098d00000|  0%| F|  |TAMS 0x0000000098c00000, 0x0000000098c00000| Untracked 
| 397|0x0000000098d00000, 0x0000000098d00000, 0x0000000098e00000|  0%| F|  |TAMS 0x0000000098d00000, 0x0000000098d00000| Untracked 
| 398|0x0000000098e00000, 0x0000000098e8d7c8, 0x0000000098f00000| 55%| E|  |TAMS 0x0000000098e00000, 0x0000000098e00000| Complete 
| 399|0x0000000098f00000, 0x0000000099000000, 0x0000000099000000|100%| E|CS|TAMS 0x0000000098f00000, 0x0000000098f00000| Complete 
| 400|0x0000000099000000, 0x0000000099100000, 0x0000000099100000|100%| E|CS|TAMS 0x0000000099000000, 0x0000000099000000| Complete 
| 401|0x0000000099100000, 0x0000000099200000, 0x0000000099200000|100%| E|CS|TAMS 0x0000000099100000, 0x0000000099100000| Complete 
| 402|0x0000000099200000, 0x0000000099300000, 0x0000000099300000|100%| E|  |TAMS 0x0000000099200000, 0x0000000099200000| Complete 
| 403|0x0000000099300000, 0x0000000099400000, 0x0000000099400000|100%| E|CS|TAMS 0x0000000099300000, 0x0000000099300000| Complete 
| 404|0x0000000099400000, 0x0000000099500000, 0x0000000099500000|100%| E|CS|TAMS 0x0000000099400000, 0x0000000099400000| Complete 
| 405|0x0000000099500000, 0x0000000099600000, 0x0000000099600000|100%| E|CS|TAMS 0x0000000099500000, 0x0000000099500000| Complete 
| 406|0x0000000099600000, 0x0000000099700000, 0x0000000099700000|100%| E|CS|TAMS 0x0000000099600000, 0x0000000099600000| Complete 
| 407|0x0000000099700000, 0x0000000099800000, 0x0000000099800000|100%| E|CS|TAMS 0x0000000099700000, 0x0000000099700000| Complete 
| 408|0x0000000099800000, 0x0000000099900000, 0x0000000099900000|100%| E|CS|TAMS 0x0000000099800000, 0x0000000099800000| Complete 
| 409|0x0000000099900000, 0x0000000099a00000, 0x0000000099a00000|100%| E|CS|TAMS 0x0000000099900000, 0x0000000099900000| Complete 
| 410|0x0000000099a00000, 0x0000000099b00000, 0x0000000099b00000|100%| E|CS|TAMS 0x0000000099a00000, 0x0000000099a00000| Complete 
| 411|0x0000000099b00000, 0x0000000099c00000, 0x0000000099c00000|100%| E|CS|TAMS 0x0000000099b00000, 0x0000000099b00000| Complete 
| 412|0x0000000099c00000, 0x0000000099d00000, 0x0000000099d00000|100%| E|CS|TAMS 0x0000000099c00000, 0x0000000099c00000| Complete 
| 413|0x0000000099d00000, 0x0000000099e00000, 0x0000000099e00000|100%| E|CS|TAMS 0x0000000099d00000, 0x0000000099d00000| Complete 
| 414|0x0000000099e00000, 0x0000000099f00000, 0x0000000099f00000|100%| E|CS|TAMS 0x0000000099e00000, 0x0000000099e00000| Complete 
| 415|0x0000000099f00000, 0x000000009a000000, 0x000000009a000000|100%| E|CS|TAMS 0x0000000099f00000, 0x0000000099f00000| Complete 
| 416|0x000000009a000000, 0x000000009a100000, 0x000000009a100000|100%| E|CS|TAMS 0x000000009a000000, 0x000000009a000000| Complete 
| 417|0x000000009a100000, 0x000000009a200000, 0x000000009a200000|100%| E|CS|TAMS 0x000000009a100000, 0x000000009a100000| Complete 
| 418|0x000000009a200000, 0x000000009a300000, 0x000000009a300000|100%| E|CS|TAMS 0x000000009a200000, 0x000000009a200000| Complete 
| 419|0x000000009a300000, 0x000000009a400000, 0x000000009a400000|100%| E|CS|TAMS 0x000000009a300000, 0x000000009a300000| Complete 
| 420|0x000000009a400000, 0x000000009a500000, 0x000000009a500000|100%| E|CS|TAMS 0x000000009a400000, 0x000000009a400000| Complete 

Card table byte_map: [0x000002999f670000,0x000002999fa70000] _byte_map_base: 0x000002999f270000

Marking Bits (Prev, Next): (CMBitMap*) 0x00000299882fbf20, (CMBitMap*) 0x00000299882fbf60
 Prev Bits: [0x000002999fe70000, 0x00000299a1e70000)
 Next Bits: [0x00000299a1e70000, 0x00000299a3e70000)

Polling page: 0x00000299863d0000

Metaspace:

Usage:
  Non-class:    106.64 MB used.
      Class:     17.05 MB used.
       Both:    123.68 MB used.

Virtual space:
  Non-class space:      128.00 MB reserved,     107.38 MB ( 84%) committed,  2 nodes.
      Class space:        1.00 GB reserved,      17.75 MB (  2%) committed,  1 nodes.
             Both:        1.12 GB reserved,     125.12 MB ( 11%) committed. 

Chunk freelists:
   Non-Class:  3.73 MB
       Class:  14.09 MB
        Both:  17.83 MB

MaxMetaspaceSize: unlimited
CompressedClassSpaceSize: 1.00 GB
Initial GC threshold: 21.00 MB
Current GC threshold: 187.31 MB
CDS: on
MetaspaceReclaimPolicy: balanced
 - commit_granule_bytes: 65536.
 - commit_granule_words: 8192.
 - virtual_space_node_default_size: 8388608.
 - enlarge_chunks_in_place: 1.
 - new_chunks_are_fully_committed: 0.
 - uncommit_free_chunks: 1.
 - use_allocation_guard: 0.
 - handle_deallocations: 1.


Internal statistics:

num_allocs_failed_limit: 6.
num_arena_births: 2474.
num_arena_deaths: 2.
num_vsnodes_births: 3.
num_vsnodes_deaths: 0.
num_space_committed: 2001.
num_space_uncommitted: 0.
num_chunks_returned_to_freelist: 9.
num_chunks_taken_from_freelist: 8377.
num_chunk_merges: 6.
num_chunk_splits: 5289.
num_chunks_enlarged: 3263.
num_inconsistent_stats: 0.

CodeHeap 'non-profiled nmethods': size=120000Kb used=9999Kb max_used=10016Kb free=110000Kb
 bounds [0x0000029997900000, 0x00000299982d0000, 0x000002999ee30000]
CodeHeap 'profiled nmethods': size=120000Kb used=29349Kb max_used=29349Kb free=90650Kb
 bounds [0x000002998fe30000, 0x0000029991ae0000, 0x0000029997360000]
CodeHeap 'non-nmethods': size=5760Kb used=1871Kb max_used=1924Kb free=3889Kb
 bounds [0x0000029997360000, 0x00000299975d0000, 0x0000029997900000]
 total_blobs=15784 nmethods=14813 adapters=883
 compilation: enabled
              stopped_count=0, restarted_count=0
 full_count=0

Compilation events (20 events):
Event: 19.624 Thread 0x00000299a6a3bc80 nmethod 17743 0x0000029991ab5e10 code [0x0000029991ab5fc0, 0x0000029991ab6168]
Event: 19.624 Thread 0x00000299a6a3bc80 17746   !   2       org.gradle.internal.serialize.ClassLoaderObjectInputStream::resolveClass (58 bytes)
Event: 19.624 Thread 0x00000299a6a3bc80 nmethod 17746 0x0000029991ab6210 code [0x0000029991ab6420, 0x0000029991ab6958]
Event: 19.624 Thread 0x00000299a6a3bc80 17751       2       java.util.LinkedHashMap::internalWriteEntries (34 bytes)
Event: 19.624 Thread 0x00000299a6a3bc80 nmethod 17751 0x0000029991ab6e10 code [0x0000029991ab6fc0, 0x0000029991ab7198]
Event: 19.624 Thread 0x00000299a6a3bc80 17745       2       java.io.ObjectInputStream::readLong (8 bytes)
Event: 19.624 Thread 0x00000299a6a3bc80 nmethod 17745 0x0000029991ab7310 code [0x0000029991ab74c0, 0x0000029991ab75e8]
Event: 19.626 Thread 0x00000299a6a3bc80 17752       1       java.lang.ThreadGroup::getMaxPriority (5 bytes)
Event: 19.626 Thread 0x00000299a6a3bc80 nmethod 17752 0x0000029997e8a310 code [0x0000029997e8a4a0, 0x0000029997e8a578]
Event: 19.626 Thread 0x00000299a6a3bc80 17754       2       org.gradle.api.internal.provider.AbstractMinimalProvider::unpackState (5 bytes)
Event: 19.626 Thread 0x00000299a6a3bc80 nmethod 17754 0x0000029991ab7690 code [0x0000029991ab7840, 0x0000029991ab7998]
Event: 19.627 Thread 0x00000299a6a3bc80 17756       2       java.io.ObjectInputStream$BlockDataInputStream::readLong (76 bytes)
Event: 19.628 Thread 0x00000299a6a3bc80 nmethod 17756 0x0000029991ab7a90 code [0x0000029991ab7c60, 0x0000029991ab7e48]
Event: 19.629 Thread 0x00000299a6a3bc80 17757       2       java.util.HashMap::capacity (32 bytes)
Event: 19.629 Thread 0x00000299a6a3bc80 nmethod 17757 0x0000029991ab7f90 code [0x0000029991ab8140, 0x0000029991ab8298]
Event: 19.629 Thread 0x00000299a6a3bc80 17758       2       java.io.ObjectStreamClass::classNamesEqual (59 bytes)
Event: 19.630 Thread 0x00000299a6a3bc80 nmethod 17758 0x0000029991ab8390 code [0x0000029991ab8560, 0x0000029991ab8828]
Event: 19.630 Thread 0x00000299a6a3bc80 17759       2       java.io.Bits::getLong (105 bytes)
Event: 19.630 Thread 0x00000299a6a3bc80 nmethod 17759 0x0000029991ab8a90 code [0x0000029991ab8c40, 0x0000029991ab8ed8]
Event: 19.630 Thread 0x00000299a6a3bc80 17760   !   2       java.io.ObjectStreamClass::invokeReadObject (93 bytes)

GC Heap History (20 events):
Event: 17.004 GC heap before
{Heap before GC invocations=51 (full 0):
 garbage-first heap   total 234496K, used 197033K [0x0000000080000000, 0x0000000100000000)
  region size 1024K, 66 young (67584K), 2 survivors (2048K)
 Metaspace       used 109565K, committed 110848K, reserved 1179648K
  class space    used 14994K, committed 15616K, reserved 1048576K
}
Event: 17.007 GC heap after
{Heap after GC invocations=52 (full 0):
 garbage-first heap   total 234496K, used 136856K [0x0000000080000000, 0x0000000100000000)
  region size 1024K, 7 young (7168K), 7 survivors (7168K)
 Metaspace       used 109565K, committed 110848K, reserved 1179648K
  class space    used 14994K, committed 15616K, reserved 1048576K
}
Event: 17.350 GC heap before
{Heap before GC invocations=52 (full 0):
 garbage-first heap   total 234496K, used 195224K [0x0000000080000000, 0x0000000100000000)
  region size 1024K, 65 young (66560K), 7 survivors (7168K)
 Metaspace       used 111693K, committed 113024K, reserved 1179648K
  class space    used 15256K, committed 15936K, reserved 1048576K
}
Event: 17.354 GC heap after
{Heap after GC invocations=53 (full 0):
 garbage-first heap   total 234496K, used 142808K [0x0000000080000000, 0x0000000100000000)
  region size 1024K, 6 young (6144K), 6 survivors (6144K)
 Metaspace       used 111693K, committed 113024K, reserved 1179648K
  class space    used 15256K, committed 15936K, reserved 1048576K
}
Event: 17.673 GC heap before
{Heap before GC invocations=53 (full 0):
 garbage-first heap   total 234496K, used 197080K [0x0000000080000000, 0x0000000100000000)
  region size 1024K, 59 young (60416K), 6 survivors (6144K)
 Metaspace       used 113627K, committed 115008K, reserved 1179648K
  class space    used 15508K, committed 16192K, reserved 1048576K
}
Event: 17.677 GC heap after
{Heap after GC invocations=54 (full 0):
 garbage-first heap   total 234496K, used 149558K [0x0000000080000000, 0x0000000100000000)
  region size 1024K, 7 young (7168K), 7 survivors (7168K)
 Metaspace       used 113627K, committed 115008K, reserved 1179648K
  class space    used 15508K, committed 16192K, reserved 1048576K
}
Event: 17.960 GC heap before
{Heap before GC invocations=55 (full 0):
 garbage-first heap   total 270336K, used 197686K [0x0000000080000000, 0x0000000100000000)
  region size 1024K, 54 young (55296K), 7 survivors (7168K)
 Metaspace       used 114730K, committed 116160K, reserved 1179648K
  class space    used 15715K, committed 16384K, reserved 1048576K
}
Event: 17.965 GC heap after
{Heap after GC invocations=56 (full 0):
 garbage-first heap   total 270336K, used 156370K [0x0000000080000000, 0x0000000100000000)
  region size 1024K, 7 young (7168K), 7 survivors (7168K)
 Metaspace       used 114730K, committed 116160K, reserved 1179648K
  class space    used 15715K, committed 16384K, reserved 1048576K
}
Event: 18.008 GC heap before
{Heap before GC invocations=56 (full 0):
 garbage-first heap   total 270336K, used 162514K [0x0000000080000000, 0x0000000100000000)
  region size 1024K, 13 young (13312K), 7 survivors (7168K)
 Metaspace       used 114861K, committed 116288K, reserved 1179648K
  class space    used 15738K, committed 16448K, reserved 1048576K
}
Event: 18.011 GC heap after
{Heap after GC invocations=57 (full 0):
 garbage-first heap   total 270336K, used 156208K [0x0000000080000000, 0x0000000100000000)
  region size 1024K, 2 young (2048K), 2 survivors (2048K)
 Metaspace       used 114861K, committed 116288K, reserved 1179648K
  class space    used 15738K, committed 16448K, reserved 1048576K
}
Event: 18.303 GC heap before
{Heap before GC invocations=57 (full 0):
 garbage-first heap   total 270336K, used 218672K [0x0000000080000000, 0x0000000100000000)
  region size 1024K, 64 young (65536K), 2 survivors (2048K)
 Metaspace       used 115187K, committed 116608K, reserved 1179648K
  class space    used 15779K, committed 16448K, reserved 1048576K
}
Event: 18.306 GC heap after
{Heap after GC invocations=58 (full 0):
 garbage-first heap   total 431104K, used 158252K [0x0000000080000000, 0x0000000100000000)
  region size 1024K, 4 young (4096K), 4 survivors (4096K)
 Metaspace       used 115187K, committed 116608K, reserved 1179648K
  class space    used 15779K, committed 16448K, reserved 1048576K
}
Event: 19.022 GC heap before
{Heap before GC invocations=58 (full 0):
 garbage-first heap   total 431104K, used 376364K [0x0000000080000000, 0x0000000100000000)
  region size 1024K, 170 young (174080K), 4 survivors (4096K)
 Metaspace       used 121082K, committed 122496K, reserved 1179648K
  class space    used 16540K, committed 17216K, reserved 1048576K
}
Event: 19.033 GC heap after
{Heap after GC invocations=59 (full 0):
 garbage-first heap   total 431104K, used 223885K [0x0000000080000000, 0x0000000100000000)
  region size 1024K, 22 young (22528K), 22 survivors (22528K)
 Metaspace       used 121082K, committed 122496K, reserved 1179648K
  class space    used 16540K, committed 17216K, reserved 1048576K
}
Event: 19.367 GC heap before
{Heap before GC invocations=59 (full 0):
 garbage-first heap   total 431104K, used 338573K [0x0000000080000000, 0x0000000100000000)
  region size 1024K, 125 young (128000K), 22 survivors (22528K)
 Metaspace       used 124433K, committed 125888K, reserved 1179648K
  class space    used 17182K, committed 17920K, reserved 1048576K
}
Event: 19.382 GC heap after
{Heap after GC invocations=60 (full 0):
 garbage-first heap   total 431104K, used 255516K [0x0000000080000000, 0x0000000100000000)
  region size 1024K, 16 young (16384K), 16 survivors (16384K)
 Metaspace       used 124433K, committed 125888K, reserved 1179648K
  class space    used 17182K, committed 17920K, reserved 1048576K
}
Event: 19.470 GC heap before
{Heap before GC invocations=60 (full 0):
 garbage-first heap   total 431104K, used 335388K [0x0000000080000000, 0x0000000100000000)
  region size 1024K, 93 young (95232K), 16 survivors (16384K)
 Metaspace       used 124583K, committed 126080K, reserved 1179648K
  class space    used 17190K, committed 17920K, reserved 1048576K
}
Event: 19.488 GC heap after
{Heap after GC invocations=61 (full 0):
 garbage-first heap   total 431104K, used 292864K [0x0000000080000000, 0x0000000100000000)
  region size 1024K, 12 young (12288K), 12 survivors (12288K)
 Metaspace       used 124583K, committed 126080K, reserved 1179648K
  class space    used 17190K, committed 17920K, reserved 1048576K
}
Event: 19.631 GC heap before
{Heap before GC invocations=61 (full 0):
 garbage-first heap   total 431104K, used 360448K [0x0000000080000000, 0x0000000100000000)
  region size 1024K, 61 young (62464K), 12 survivors (12288K)
 Metaspace       used 125827K, committed 127296K, reserved 1179648K
  class space    used 17346K, committed 18048K, reserved 1048576K
}
Event: 19.638 GC heap after
{Heap after GC invocations=62 (full 0):
 garbage-first heap   total 431104K, used 304640K [0x0000000080000000, 0x0000000100000000)
  region size 1024K, 8 young (8192K), 8 survivors (8192K)
 Metaspace       used 125827K, committed 127296K, reserved 1179648K
  class space    used 17346K, committed 18048K, reserved 1048576K
}

Dll operation events (15 events):
Event: 0.006 Loaded shared library C:\Users\16696\.jdks\ms-17.0.19\bin\java.dll
Event: 0.017 Loaded shared library C:\Users\16696\.jdks\ms-17.0.19\bin\jsvml.dll
Event: 0.041 Loaded shared library C:\Users\16696\.jdks\ms-17.0.19\bin\zip.dll
Event: 0.043 Loaded shared library C:\Users\16696\.jdks\ms-17.0.19\bin\instrument.dll
Event: 0.046 Loaded shared library C:\Users\16696\.jdks\ms-17.0.19\bin\net.dll
Event: 0.047 Loaded shared library C:\Users\16696\.jdks\ms-17.0.19\bin\nio.dll
Event: 0.048 Loaded shared library C:\Users\16696\.jdks\ms-17.0.19\bin\zip.dll
Event: 0.135 Loaded shared library C:\Users\16696\.jdks\ms-17.0.19\bin\jimage.dll
Event: 0.332 Loaded shared library C:\Users\16696\.jdks\ms-17.0.19\bin\verify.dll
Event: 0.348 Loaded shared library C:\Users\16696\.gradle\native\660c5614fbf4a5f2a75b1949f50a0caf5cd603558e7d8a26e50b933a0cfb79d1\windows-amd64\native-platform.dll
Event: 0.354 Loaded shared library C:\Users\16696\.gradle\native\0.2.8\x86_64-windows-gnu\gradle-fileevents.dll
Event: 0.813 Loaded shared library C:\Users\16696\.jdks\ms-17.0.19\bin\management.dll
Event: 0.814 Loaded shared library C:\Users\16696\.jdks\ms-17.0.19\bin\management_ext.dll
Event: 0.975 Loaded shared library C:\Users\16696\.jdks\ms-17.0.19\bin\extnet.dll
Event: 1.090 Loaded shared library C:\Users\16696\.jdks\ms-17.0.19\bin\sunmscapi.dll

Deoptimization events (20 events):
Event: 19.574 Thread 0x00000299ee73da90 Uncommon trap: trap_request=0xffffff45 fr.pc=0x0000029997ede718 relative=0x0000000000005b58
Event: 19.574 Thread 0x00000299ee73da90 Uncommon trap: reason=unstable_if action=reinterpret pc=0x0000029997ede718 method=com.android.utils.XmlUtils.append(Lcom/android/utils/XmlUtils$PositionAwareStringBuilder;Lorg/w3c/dom/Node;Ljava/util/Map;Ljava/util/Set;)V @ 516 c2
Event: 19.574 Thread 0x00000299ee73da90 DEOPT PACKING pc=0x0000029997ede718 sp=0x000000a071ffa120
Event: 19.574 Thread 0x00000299ee73da90 DEOPT UNPACKING pc=0x00000299973b69a3 sp=0x000000a071ffa0d8 mode 2
Event: 19.603 Thread 0x00000299ee73da90 Uncommon trap: trap_request=0xffffffde fr.pc=0x0000029998145d80 relative=0x0000000000000060
Event: 19.603 Thread 0x00000299ee73da90 Uncommon trap: reason=class_check action=maybe_recompile pc=0x0000029998145d80 method=java.lang.invoke.LambdaForm$MH/0x00000299a83e2400.linkToTargetMethod(Ljava/lang/Object;Ljava/lang/Object;ILjava/lang/Object;)Ljava/lang/Object; @ 1 c2
Event: 19.603 Thread 0x00000299ee73da90 DEOPT PACKING pc=0x0000029998145d80 sp=0x000000a071ffa0c0
Event: 19.603 Thread 0x00000299ee73da90 DEOPT UNPACKING pc=0x00000299973b69a3 sp=0x000000a071ffa050 mode 2
Event: 19.617 Thread 0x00000299ee73da90 Uncommon trap: trap_request=0xffffffde fr.pc=0x0000029998145d80 relative=0x0000000000000060
Event: 19.617 Thread 0x00000299ee73da90 Uncommon trap: reason=class_check action=maybe_recompile pc=0x0000029998145d80 method=java.lang.invoke.LambdaForm$MH/0x00000299a83e2400.linkToTargetMethod(Ljava/lang/Object;Ljava/lang/Object;ILjava/lang/Object;)Ljava/lang/Object; @ 1 c2
Event: 19.617 Thread 0x00000299ee73da90 DEOPT PACKING pc=0x0000029998145d80 sp=0x000000a071ffa0c0
Event: 19.617 Thread 0x00000299ee73da90 DEOPT UNPACKING pc=0x00000299973b69a3 sp=0x000000a071ffa050 mode 2
Event: 19.619 Thread 0x00000299ee73da90 Uncommon trap: trap_request=0xffffffde fr.pc=0x0000029998145d80 relative=0x0000000000000060
Event: 19.619 Thread 0x00000299ee73da90 Uncommon trap: reason=class_check action=maybe_recompile pc=0x0000029998145d80 method=java.lang.invoke.LambdaForm$MH/0x00000299a83e2400.linkToTargetMethod(Ljava/lang/Object;Ljava/lang/Object;ILjava/lang/Object;)Ljava/lang/Object; @ 1 c2
Event: 19.619 Thread 0x00000299ee73da90 DEOPT PACKING pc=0x0000029998145d80 sp=0x000000a071ffa0c0
Event: 19.619 Thread 0x00000299ee73da90 DEOPT UNPACKING pc=0x00000299973b69a3 sp=0x000000a071ffa050 mode 2
Event: 19.622 Thread 0x00000299ee73da90 DEOPT PACKING pc=0x00000299916931d0 sp=0x000000a071ff99e0
Event: 19.622 Thread 0x00000299ee73da90 DEOPT UNPACKING pc=0x00000299973b7143 sp=0x000000a071ff8e48 mode 0
Event: 19.630 Thread 0x00000299ee73da90 DEOPT PACKING pc=0x0000029991a9f4df sp=0x000000a071ff8e60
Event: 19.630 Thread 0x00000299ee73da90 DEOPT UNPACKING pc=0x00000299973b7143 sp=0x000000a071ff8308 mode 0

Classes loaded (20 events):
Event: 19.070 Loading class java/util/concurrent/ConcurrentLinkedDeque$Node
Event: 19.070 Loading class java/util/concurrent/ConcurrentLinkedDeque$Node done
Event: 19.103 Loading class java/util/concurrent/ForkJoinTask$AdaptedCallable
Event: 19.103 Loading class java/util/concurrent/ForkJoinTask$AdaptedCallable done
Event: 19.103 Loading class java/util/concurrent/ForkJoinPool$DefaultForkJoinWorkerThreadFactory$1
Event: 19.103 Loading class java/util/concurrent/ForkJoinPool$DefaultForkJoinWorkerThreadFactory$1 done
Event: 19.125 Loading class com/sun/org/apache/xerces/internal/dom/DOMImplementationImpl
Event: 19.125 Loading class org/w3c/dom/DOMImplementation
Event: 19.125 Loading class org/w3c/dom/DOMImplementation done
Event: 19.125 Loading class com/sun/org/apache/xerces/internal/dom/CoreDOMImplementationImpl
Event: 19.125 Loading class org/w3c/dom/ls/DOMImplementationLS
Event: 19.125 Loading class org/w3c/dom/ls/DOMImplementationLS done
Event: 19.125 Loading class com/sun/org/apache/xerces/internal/dom/CoreDOMImplementationImpl done
Event: 19.125 Loading class com/sun/org/apache/xerces/internal/dom/DOMImplementationImpl done
Event: 19.125 Loading class com/sun/org/apache/xerces/internal/dom/DeferredDOMImplementationImpl
Event: 19.125 Loading class com/sun/org/apache/xerces/internal/dom/DeferredDOMImplementationImpl done
Event: 19.268 Loading class java/nio/ShortBuffer
Event: 19.268 Loading class java/nio/ShortBuffer done
Event: 19.268 Loading class java/nio/HeapShortBuffer
Event: 19.268 Loading class java/nio/HeapShortBuffer done

Classes unloaded (1 events):
Event: 17.719 Thread 0x00000299a6a0e240 Unloading class 0x00000299a8be4400 'java/lang/invoke/LambdaForm$MH+0x00000299a8be4400'

Classes redefined (0 events):
No events

Internal exceptions (20 events):
Event: 18.856 Thread 0x00000299fa7aec40 Exception <a 'java/lang/IncompatibleClassChangeError'{0x0000000094367280}: Found class java.lang.Object, but interface was expected> (0x0000000094367280) 
thrown [s\src\hotspot\share\interpreter\linkResolver.cpp, line 826]
Event: 18.857 Thread 0x00000299fa7aec40 Exception <a 'java/lang/IncompatibleClassChangeError'{0x00000000943955e8}: Found class java.lang.Object, but interface was expected> (0x00000000943955e8) 
thrown [s\src\hotspot\share\interpreter\linkResolver.cpp, line 826]
Event: 18.890 Thread 0x00000299ee73da90 Implicit null exception at 0x000002999827cb3d to 0x000002999827cd30
Event: 19.036 Thread 0x00000299ee73da90 Implicit null exception at 0x0000029997e13527 to 0x0000029997e179bc
Event: 19.104 Thread 0x00000299fa7afb70 Implicit null exception at 0x0000029997e63e49 to 0x0000029997e6b668
Event: 19.104 Thread 0x00000299fa7b0fb0 Implicit null exception at 0x0000029997e63e49 to 0x0000029997e6b668
Event: 19.105 Thread 0x00000299fa7b0fb0 Exception <a 'java/lang/IncompatibleClassChangeError'{0x00000000985dac08}: Found class java.lang.Object, but interface was expected> (0x00000000985dac08) 
thrown [s\src\hotspot\share\interpreter\linkResolver.cpp, line 826]
Event: 19.105 Thread 0x00000299fa7b14c0 Exception <a 'java/lang/IncompatibleClassChangeError'{0x000000009842c108}: Found class java.lang.Object, but interface was expected> (0x000000009842c108) 
thrown [s\src\hotspot\share\interpreter\linkResolver.cpp, line 826]
Event: 19.146 Thread 0x00000299fa7b2900 Exception <a 'java/lang/IncompatibleClassChangeError'{0x0000000097d6acd8}: Found class java.lang.Object, but interface was expected> (0x0000000097d6acd8) 
thrown [s\src\hotspot\share\interpreter\linkResolver.cpp, line 826]
Event: 19.147 Thread 0x00000299fa7b2900 Exception <a 'java/lang/IncompatibleClassChangeError'{0x0000000097d6ec80}: Found class java.lang.Object, but interface was expected> (0x0000000097d6ec80) 
thrown [s\src\hotspot\share\interpreter\linkResolver.cpp, line 826]
Event: 19.147 Thread 0x00000299fa7b14c0 Exception <a 'java/lang/NoSuchMethodError'{0x0000000097c33a88}: 'long java.lang.invoke.DirectMethodHandle$Holder.invokeStatic(java.lang.Object, java.lang.Object, java.lang.Object)'> (0x0000000097c33a88) 
thrown [s\src\hotspot\share\interpreter\linkResolver.cpp, line 759]
Event: 19.147 Thread 0x00000299fa7b0fb0 Exception <a 'java/lang/NoSuchMethodError'{0x0000000097c27a10}: 'long java.lang.invoke.DirectMethodHandle$Holder.invokeStatic(java.lang.Object, java.lang.Object, java.lang.Object)'> (0x0000000097c27a10) 
thrown [s\src\hotspot\share\interpreter\linkResolver.cpp, line 759]
Event: 19.559 Thread 0x00000299ee73da90 Implicit null exception at 0x0000029997ed9d09 to 0x0000029997ede6ec
Event: 19.559 Thread 0x00000299ee73da90 Implicit null exception at 0x0000029997ed9d09 to 0x0000029997ede6ec
Event: 19.574 Thread 0x00000299ee73da90 Implicit null exception at 0x0000029997ed9d09 to 0x0000029997ede6ec
Event: 19.604 Thread 0x00000299ee73da90 Exception <a 'java/lang/NoSuchMethodError'{0x0000000098513f18}: static Lcom/android/ide/common/resources/CompileResourceRequest;.<clinit>()V> (0x0000000098513f18) 
thrown [s\src\hotspot\share\prims\jni.cpp, line 1112]
Event: 19.606 Thread 0x00000299ee73da90 Exception <a 'java/lang/NoSuchMethodError'{0x000000009852d248}: static Ljava/lang/Object;.<clinit>()V> (0x000000009852d248) 
thrown [s\src\hotspot\share\prims\jni.cpp, line 1112]
Event: 19.606 Thread 0x00000299ee73da90 Exception <a 'java/lang/NoSuchMethodError'{0x000000009856f010}: static Ljava/lang/Object;.<clinit>()V> (0x000000009856f010) 
thrown [s\src\hotspot\share\prims\jni.cpp, line 1112]
Event: 19.607 Thread 0x00000299ee73da90 Exception <a 'java/lang/NoSuchMethodError'{0x00000000985825f0}: static Ljava/lang/Object;.<clinit>()V> (0x00000000985825f0) 
thrown [s\src\hotspot\share\prims\jni.cpp, line 1112]
Event: 19.610 Thread 0x00000299ee73da90 Exception <a 'java/lang/NoSuchMethodError'{0x00000000984d02a8}: static Lkotlin/InitializedLazyImpl;.<clinit>()V> (0x00000000984d02a8) 
thrown [s\src\hotspot\share\prims\jni.cpp, line 1112]

VM Operations (20 events):
Event: 19.068 Executing VM operation: HandshakeAllThreads done
Event: 19.103 Executing VM operation: HandshakeAllThreads
Event: 19.103 Executing VM operation: HandshakeAllThreads done
Event: 19.124 Executing VM operation: HandshakeAllThreads
Event: 19.124 Executing VM operation: HandshakeAllThreads done
Event: 19.335 Executing VM operation: ICBufferFull
Event: 19.335 Executing VM operation: ICBufferFull done
Event: 19.339 Executing VM operation: HandshakeAllThreads
Event: 19.352 Executing VM operation: HandshakeAllThreads done
Event: 19.353 Executing VM operation: HandshakeAllThreads
Event: 19.354 Executing VM operation: HandshakeAllThreads done
Event: 19.367 Executing VM operation: G1CollectForAllocation
Event: 19.382 Executing VM operation: G1CollectForAllocation done
Event: 19.398 Executing VM operation: HandshakeAllThreads
Event: 19.403 Executing VM operation: HandshakeAllThreads done
Event: 19.470 Executing VM operation: G1CollectForAllocation
Event: 19.488 Executing VM operation: G1CollectForAllocation done
Event: 19.630 Executing VM operation: G1CollectForAllocation
Event: 19.638 Executing VM operation: G1CollectForAllocation done
Event: 20.642 Executing VM operation: Cleanup

Memory protections (0 events):
No events

Nmethod flushes (20 events):
Event: 19.359 Thread 0x00000299a6a3f030 flushing  nmethod 0x0000029990123010
Event: 19.364 Thread 0x00000299a6a3f030 flushing  nmethod 0x0000029990902b10
Event: 19.383 Thread 0x00000299a6a3f030 flushing  nmethod 0x000002999106d490
Event: 19.383 Thread 0x00000299a6a3f030 flushing  nmethod 0x000002999106e710
Event: 19.383 Thread 0x00000299a6a3f030 flushing  nmethod 0x0000029991073410
Event: 19.383 Thread 0x00000299a6a3f030 flushing  nmethod 0x0000029991073990
Event: 19.389 Thread 0x00000299a6a3f030 flushing  nmethod 0x0000029991528d90
Event: 19.389 Thread 0x00000299a6a3f030 flushing  nmethod 0x0000029991529990
Event: 19.389 Thread 0x00000299a6a3f030 flushing  nmethod 0x0000029991529e90
Event: 19.389 Thread 0x00000299a6a3f030 flushing  nmethod 0x0000029991534b90
Event: 19.391 Thread 0x00000299a6a3f030 flushing  nmethod 0x00000299917d5190
Event: 19.391 Thread 0x00000299a6a3f030 flushing  nmethod 0x00000299917d5b90
Event: 19.391 Thread 0x00000299a6a3f030 flushing  nmethod 0x00000299917e3190
Event: 19.391 Thread 0x00000299a6a3f030 flushing  nmethod 0x00000299917e4e90
Event: 19.391 Thread 0x00000299a6a3f030 flushing  nmethod 0x00000299917f0d90
Event: 19.391 Thread 0x00000299a6a3f030 flushing  nmethod 0x00000299917f2990
Event: 19.391 Thread 0x00000299a6a3f030 flushing  nmethod 0x0000029991827290
Event: 19.391 Thread 0x00000299a6a3f030 flushing  nmethod 0x0000029991835110
Event: 19.391 Thread 0x00000299a6a3f030 flushing  nmethod 0x0000029991862190
Event: 19.391 Thread 0x00000299a6a3f030 flushing  nmethod 0x0000029991887710

Events (20 events):
Event: 17.871 Thread 0x00000299ee73da90 Thread added: 0x00000299fa7acde0
Event: 18.408 Thread 0x00000299ee73d580 Thread added: 0x00000299fa7add10
Event: 18.464 Thread 0x00000299fa7add10 Thread added: 0x00000299fa7aec40
Event: 18.464 Thread 0x00000299fa7add10 Thread added: 0x00000299fa7abeb0
Event: 19.104 Thread 0x00000299fa7aec40 Thread added: 0x00000299fa7b0fb0
Event: 19.104 Thread 0x00000299fa7b0fb0 Thread added: 0x00000299fa7afb70
Event: 19.104 Thread 0x00000299fa7afb70 Thread added: 0x00000299fa7b3830
Event: 19.105 Thread 0x00000299fa7b3830 Thread added: 0x00000299fa7b14c0
Event: 19.105 Thread 0x00000299fa7b14c0 Thread added: 0x00000299fa7b0aa0
Event: 19.106 Thread 0x00000299fa7b0aa0 Thread added: 0x00000299fa7b2900
Event: 19.106 Thread 0x00000299fa7b2900 Thread added: 0x00000299fa7b0080
Event: 19.106 Thread 0x00000299fa7b0080 Thread added: 0x00000299fa7b19d0
Event: 19.106 Thread 0x00000299fa7b19d0 Thread added: 0x00000299fa7b1ee0
Event: 19.106 Thread 0x00000299fa7b1ee0 Thread added: 0x00000299fa7b23f0
Event: 19.617 Thread 0x00000299ee73da90 Thread added: 0x00000299ef5039f0
Event: 19.619 Thread 0x00000299ee73da90 Thread added: 0x00000299ef501b90
Event: 19.621 Thread 0x00000299ee73da90 Thread added: 0x00000299ef504920
Event: 19.623 Thread 0x00000299ee73da90 Thread added: 0x00000299ef502ac0
Event: 19.626 Thread 0x00000299ee73da90 Thread added: 0x00000299ef502fd0
Event: 19.629 Thread 0x00000299ee73da90 Thread added: 0x00000299ef5025b0


Dynamic libraries:
0x00007ff76e8a0000 - 0x00007ff76e8ae000 	C:\Users\16696\.jdks\ms-17.0.19\bin\java.exe
0x00007ff880020000 - 0x00007ff880286000 	C:\Windows\SYSTEM32\ntdll.dll
0x00007ff87e450000 - 0x00007ff87e519000 	C:\Windows\System32\KERNEL32.DLL
0x00007ff87d960000 - 0x00007ff87dd5a000 	C:\Windows\System32\KERNELBASE.dll
0x00007ff87d620000 - 0x00007ff87d76c000 	C:\Windows\System32\ucrtbase.dll
0x00007ff86de00000 - 0x00007ff86de1e000 	C:\Users\16696\.jdks\ms-17.0.19\bin\VCRUNTIME140.dll
0x00007ff873110000 - 0x00007ff873128000 	C:\Users\16696\.jdks\ms-17.0.19\bin\jli.dll
0x00007ff87fa80000 - 0x00007ff87fc47000 	C:\Windows\System32\USER32.dll
0x00007ff87dd60000 - 0x00007ff87dd87000 	C:\Windows\System32\win32u.dll
0x00007ff87c3b0000 - 0x00007ff87c642000 	C:\Windows\WinSxS\amd64_microsoft.windows.common-controls_6595b64144ccf1df_6.0.26100.8521_none_3e08b75ce33403b3\COMCTL32.dll
0x00007ff87fa30000 - 0x00007ff87fa5b000 	C:\Windows\System32\GDI32.dll
0x00007ff87e5f0000 - 0x00007ff87e699000 	C:\Windows\System32\msvcrt.dll
0x00007ff87d830000 - 0x00007ff87d95b000 	C:\Windows\System32\gdi32full.dll
0x00007ff87d2b0000 - 0x00007ff87d353000 	C:\Windows\System32\msvcp_win.dll
0x00007ff87dea0000 - 0x00007ff87ded2000 	C:\Windows\System32\IMM32.DLL
0x00007ff873100000 - 0x00007ff87310c000 	C:\Users\16696\.jdks\ms-17.0.19\bin\vcruntime140_1.dll
0x00007ff839060000 - 0x00007ff8390e9000 	C:\Users\16696\.jdks\ms-17.0.19\bin\msvcp140.dll
0x00007ff807150000 - 0x00007ff807dcb000 	C:\Users\16696\.jdks\ms-17.0.19\bin\server\jvm.dll
0x00007ff87ed10000 - 0x00007ff87edc6000 	C:\Windows\System32\ADVAPI32.dll
0x00007ff87e1e0000 - 0x00007ff87e28a000 	C:\Windows\System32\sechost.dll
0x00007ff87f8a0000 - 0x00007ff87f9b8000 	C:\Windows\System32\RPCRT4.dll
0x00007ff87de10000 - 0x00007ff87de90000 	C:\Windows\System32\WS2_32.dll
0x00007ff87d110000 - 0x00007ff87d16e000 	C:\Windows\SYSTEM32\POWRPROF.dll
0x00007ff875350000 - 0x00007ff875386000 	C:\Windows\SYSTEM32\WINMM.dll
0x00007ff875340000 - 0x00007ff87534b000 	C:\Windows\SYSTEM32\VERSION.dll
0x00007ff87d0f0000 - 0x00007ff87d104000 	C:\Windows\SYSTEM32\UMPDC.dll
0x00007ff87b6d0000 - 0x00007ff87b6eb000 	C:\Windows\SYSTEM32\kernel.appcore.dll
0x00007ff86ddd0000 - 0x00007ff86ddda000 	C:\Users\16696\.jdks\ms-17.0.19\bin\jimage.dll
0x00007ff87ca80000 - 0x00007ff87ccc2000 	C:\Windows\SYSTEM32\DBGHELP.DLL
0x00007ff87fc50000 - 0x00007ff87ffd3000 	C:\Windows\System32\combase.dll
0x00007ff87f760000 - 0x00007ff87f839000 	C:\Windows\System32\OLEAUT32.dll
0x00007ff87c950000 - 0x00007ff87c98b000 	C:\Windows\SYSTEM32\dbgcore.DLL
0x00007ff87d360000 - 0x00007ff87d408000 	C:\Windows\System32\bcryptPrimitives.dll
0x00007ff86d940000 - 0x00007ff86d94f000 	C:\Users\16696\.jdks\ms-17.0.19\bin\instrument.dll
0x00007ff86d460000 - 0x00007ff86d486000 	C:\Users\16696\.jdks\ms-17.0.19\bin\java.dll
0x00007ff838aa0000 - 0x00007ff838b76000 	C:\Users\16696\.jdks\ms-17.0.19\bin\jsvml.dll
0x00007ff87ee60000 - 0x00007ff87f5e4000 	C:\Windows\System32\SHELL32.dll
0x00007ff87a390000 - 0x00007ff87ac10000 	C:\Windows\SYSTEM32\windows.storage.dll
0x00007ff87e350000 - 0x00007ff87e446000 	C:\Windows\System32\SHCORE.dll
0x00007ff87f9c0000 - 0x00007ff87fa27000 	C:\Windows\System32\shlwapi.dll
0x00007ff87d1d0000 - 0x00007ff87d1f9000 	C:\Windows\SYSTEM32\profapi.dll
0x00007ff86d080000 - 0x00007ff86d098000 	C:\Users\16696\.jdks\ms-17.0.19\bin\zip.dll
0x00007ff86ce40000 - 0x00007ff86ce5b000 	C:\Users\16696\.jdks\ms-17.0.19\bin\net.dll
0x00007ff874b00000 - 0x00007ff874c29000 	C:\Windows\SYSTEM32\WINHTTP.dll
0x00007ff87bbf0000 - 0x00007ff87bc5c000 	C:\Windows\system32\mswsock.dll
0x00007ff86ce20000 - 0x00007ff86ce36000 	C:\Users\16696\.jdks\ms-17.0.19\bin\nio.dll
0x00007ff86d930000 - 0x00007ff86d940000 	C:\Users\16696\.jdks\ms-17.0.19\bin\verify.dll
0x00007fffe4c80000 - 0x00007fffe4ca7000 	C:\Users\16696\.gradle\native\660c5614fbf4a5f2a75b1949f50a0caf5cd603558e7d8a26e50b933a0cfb79d1\windows-amd64\native-platform.dll
0x00007ff838bd0000 - 0x00007ff838c47000 	C:\Users\16696\.gradle\native\0.2.8\x86_64-windows-gnu\gradle-fileevents.dll
0x00007ff86ce10000 - 0x00007ff86ce1a000 	C:\Users\16696\.jdks\ms-17.0.19\bin\management.dll
0x00007ff86ce00000 - 0x00007ff86ce0c000 	C:\Users\16696\.jdks\ms-17.0.19\bin\management_ext.dll
0x00007ff87fa70000 - 0x00007ff87fa78000 	C:\Windows\System32\PSAPI.DLL
0x00007ff87b0f0000 - 0x00007ff87b123000 	C:\Windows\SYSTEM32\IPHLPAPI.DLL
0x00007ff87fa60000 - 0x00007ff87fa6a000 	C:\Windows\System32\NSI.dll
0x00007ff875390000 - 0x00007ff8753ad000 	C:\Windows\SYSTEM32\dhcpcsvc6.DLL
0x00007ff874450000 - 0x00007ff874475000 	C:\Windows\SYSTEM32\dhcpcsvc.DLL
0x00007ff87b180000 - 0x00007ff87b2ca000 	C:\Windows\SYSTEM32\DNSAPI.dll
0x00007ff87ba10000 - 0x00007ff87ba1d000 	C:\Windows\SYSTEM32\DSPARSE.dll
0x00007ff86cdd0000 - 0x00007ff86cdd9000 	C:\Users\16696\.jdks\ms-17.0.19\bin\extnet.dll
0x00007ff87cdd0000 - 0x00007ff87cdeb000 	C:\Windows\SYSTEM32\CRYPTSP.dll
0x00007ff87be90000 - 0x00007ff87bec9000 	C:\Windows\system32\rsaenh.dll
0x00007ff87bc60000 - 0x00007ff87bc93000 	C:\Windows\SYSTEM32\USERENV.dll
0x00007ff87d1a0000 - 0x00007ff87d1ca000 	C:\Windows\SYSTEM32\bcrypt.dll
0x00007ff87be80000 - 0x00007ff87be8c000 	C:\Windows\SYSTEM32\CRYPTBASE.dll
0x00007ff86cdc0000 - 0x00007ff86cdce000 	C:\Users\16696\.jdks\ms-17.0.19\bin\sunmscapi.dll
0x00007ff87d410000 - 0x00007ff87d588000 	C:\Windows\System32\CRYPT32.dll
0x00007ff87c370000 - 0x00007ff87c3a0000 	C:\Windows\SYSTEM32\ncrypt.dll
0x00007ff87c320000 - 0x00007ff87c35f000 	C:\Windows\SYSTEM32\NTASN1.dll
0x00007ff865540000 - 0x00007ff865548000 	C:\Windows\system32\wshunix.dll

dbghelp: loaded successfully - version: 4.0.5 - missing functions: none
symbol engine: initialized successfully - sym options: 0x614 - pdb path: .;C:\Users\16696\.jdks\ms-17.0.19\bin;C:\Windows\SYSTEM32;C:\Windows\WinSxS\amd64_microsoft.windows.common-controls_6595b64144ccf1df_6.0.26100.8521_none_3e08b75ce33403b3;C:\Users\16696\.jdks\ms-17.0.19\bin\server;C:\Users\16696\.gradle\native\660c5614fbf4a5f2a75b1949f50a0caf5cd603558e7d8a26e50b933a0cfb79d1\windows-amd64;C:\Users\16696\.gradle\native\0.2.8\x86_64-windows-gnu

VM Arguments:
jvm_args: --add-opens=java.base/java.lang=ALL-UNNAMED --add-opens=java.base/java.lang.invoke=ALL-UNNAMED --add-opens=java.base/java.util=ALL-UNNAMED --add-opens=java.prefs/java.util.prefs=ALL-UNNAMED --add-exports=jdk.compiler/com.sun.tools.javac.api=ALL-UNNAMED --add-exports=jdk.compiler/com.sun.tools.javac.util=ALL-UNNAMED --add-opens=java.base/java.util=ALL-UNNAMED --add-opens=java.prefs/java.util.prefs=ALL-UNNAMED --add-opens=java.base/java.nio.charset=ALL-UNNAMED --add-opens=java.base/java.net=ALL-UNNAMED --add-opens=java.base/java.util.concurrent=ALL-UNNAMED --add-opens=java.base/java.util.concurrent.atomic=ALL-UNNAMED --add-opens=java.xml/javax.xml.namespace=ALL-UNNAMED --add-opens=java.base/java.time=ALL-UNNAMED -Xmx2048m -Dfile.encoding=UTF-8 -Duser.country=CN -Duser.language=zh -Duser.variant -javaagent:C:\Users\16696\.gradle\wrapper\dists\gradle-9.4.1-bin\arn2x92ynaizyzdaamcbpbhtj\gradle-9.4.1\lib\agents\gradle-instrumentation-agent-9.4.1.jar 
java_command: org.gradle.launcher.daemon.bootstrap.GradleDaemon 9.4.1
java_class_path (initial): C:\Users\16696\.gradle\wrapper\dists\gradle-9.4.1-bin\arn2x92ynaizyzdaamcbpbhtj\gradle-9.4.1\lib\gradle-daemon-main-9.4.1.jar
Launcher Type: SUN_STANDARD

[Global flags]
     intx CICompilerCount                          = 4                                         {product} {ergonomic}
     uint ConcGCThreads                            = 2                                         {product} {ergonomic}
     uint G1ConcRefinementThreads                  = 9                                         {product} {ergonomic}
   size_t G1HeapRegionSize                         = 1048576                                   {product} {ergonomic}
    uintx GCDrainStackTargetSize                   = 64                                        {product} {ergonomic}
   size_t InitialHeapSize                          = 260046848                                 {product} {ergonomic}
   size_t MarkStackSize                            = 4194304                                   {product} {ergonomic}
   size_t MaxHeapSize                              = 2147483648                                {product} {command line}
   size_t MaxNewSize                               = 1287651328                                {product} {ergonomic}
   size_t MinHeapDeltaBytes                        = 1048576                                   {product} {ergonomic}
   size_t MinHeapSize                              = 8388608                                   {product} {ergonomic}
    uintx NonNMethodCodeHeapSize                   = 5839372                                {pd product} {ergonomic}
    uintx NonProfiledCodeHeapSize                  = 122909434                              {pd product} {ergonomic}
    uintx ProfiledCodeHeapSize                     = 122909434                              {pd product} {ergonomic}
    uintx ReservedCodeCacheSize                    = 251658240                              {pd product} {ergonomic}
     bool SegmentedCodeCache                       = true                                      {product} {ergonomic}
   size_t SoftMaxHeapSize                          = 2147483648                             {manageable} {ergonomic}
     bool UseCompressedClassPointers               = true                           {product lp64_product} {ergonomic}
     bool UseCompressedOops                        = true                           {product lp64_product} {ergonomic}
     bool UseG1GC                                  = true                                      {product} {ergonomic}
     bool UseLargePagesIndividualAllocation        = false                                  {pd product} {ergonomic}

Logging:
Log output configuration:
 #0: stdout all=warning uptime,level,tags
 #1: stderr all=off uptime,level,tags

Environment Variables:
PATH=D:\Android\jdk-8.0.492.9-hotspot\bin;C:\Program Files (x86)\VMware\VMware Workstation\bin\;C:\Windows\system32;C:\Windows;C:\Windows\System32\Wbem;C:\Windows\System32\WindowsPowerShell\v1.0\;C:\Windows\System32\OpenSSH\;D:\Git\Git\cmd;D:\Cmake\bin;D:\Windows Kits\10\Windows Performance Toolkit\;C:\Program Files\CMake\bin;C:\Program Files\TortoiseGit\bin;C:\NXP\S32DS.3.5\S32DS\build_tools\gcc-10.2-arm32-eabi\bin;D:\Xshell\;C:\Users\16696\AppData\Local\Programs\Python\Python314\Scripts\;C:\Users\16696\AppData\Local\Programs\Python\Python314\;C:\Users\16696\AppData\Local\Microsoft\WindowsApps;D:\pycharm\PyCharm 2026.1.2\bin;D:\vscode\Microsoft VS Code\bin;D:\Android\Sdk\platform-tools;
USERNAME=16696
OS=Windows_NT
PROCESSOR_IDENTIFIER=Intel64 Family 6 Model 198 Stepping 2, GenuineIntel
TMP=C:\Users\16696\AppData\Local\Temp
TEMP=C:\Users\16696\AppData\Local\Temp



Periodic native trim disabled


---------------  S Y S T E M  ---------------

OS:
 Windows 11 , 64 bit Build 26100 (10.0.26100.8521)
OS uptime: 1 days 20:26 hours
Hyper-V role detected

CPU: total 10 (initial active 10) (10 cores per cpu, 1 threads per core) family 6 model 198 stepping 2 microcode 0x118, cx8, cmov, fxsr, mmx, 3dnowpref, sse, sse2, sse3, ssse3, sse4.1, sse4.2, popcnt, lzcnt, tsc, tscinvbit, avx, avx2, aes, erms, clmul, bmi1, bmi2, adx, sha, fma, vzeroupper, clflush, clflushopt, clwb, hv
Processor Information for processor 0
  Max Mhz: 3300, Current Mhz: 3300, Mhz Limit: 3300
Processor Information for processor 1
  Max Mhz: 3300, Current Mhz: 3300, Mhz Limit: 3300
Processor Information for processor 2
  Max Mhz: 2700, Current Mhz: 2700, Mhz Limit: 2700
Processor Information for processor 3
  Max Mhz: 2700, Current Mhz: 2700, Mhz Limit: 2700
Processor Information for processor 4
  Max Mhz: 2700, Current Mhz: 2700, Mhz Limit: 2700
Processor Information for processor 5
  Max Mhz: 2700, Current Mhz: 2700, Mhz Limit: 2700
Processor Information for processor 6
  Max Mhz: 3300, Current Mhz: 3300, Mhz Limit: 3300
Processor Information for processor 7
  Max Mhz: 3300, Current Mhz: 3300, Mhz Limit: 3300
Processor Information for processor 8
  Max Mhz: 3300, Current Mhz: 3300, Mhz Limit: 3300
Processor Information for processor 9
  Max Mhz: 3300, Current Mhz: 3300, Mhz Limit: 3300

Memory: 4k page, system-wide physical 15751M (832M free)
TotalPageFile size 54151M (AvailPageFile size 25M)
current process WorkingSet (physical memory assigned to process): 765M, peak: 795M
current process commit charge ("private bytes"): 822M, peak: 849M

vm_info: OpenJDK 64-Bit Server VM (17.0.19+10-LTS) for windows-amd64 JRE (17.0.19+10-LTS), built on Apr 18 2026 18:24:40 by "MicrosoftCorporation" with MS VC++ 17.14 (VS2022)

END.
