#
# There is insufficient memory for the Java Runtime Environment to continue.
# Native memory allocation (mmap) failed to map 704643072 bytes. Error detail: G1 virtual space
# Possible reasons:
#   The system is out of physical RAM or swap space
#   This process is running with CompressedOops enabled, and the Java Heap may be blocking the growth of the native heap
# Possible solutions:
#   Reduce memory load on the system
#   Increase physical memory or swap space
#   Check if swap backing store is full
#   Decrease Java heap size (-Xmx/-Xms)
#   Decrease number of Java threads
#   Decrease Java thread stack sizes (-Xss)
#   Set larger code cache with -XX:ReservedCodeCacheSize=
#   JVM is running with Unscaled Compressed Oops mode in which the Java heap is
#     placed in the first 4GB address space. The Java Heap base address is the
#     maximum limit for the native heap growth. Please use -XX:HeapBaseMinAddress
#     to set the Java Heap base and to place the Java Heap above 4GB virtual address.
# This output file may be truncated or incomplete.
#
#  Out of Memory Error (os_windows.cpp:3690), pid=12716, tid=13464
#
# JRE version: OpenJDK Runtime Environment Microsoft-13877129 (17.0.19+10) (build 17.0.19+10-LTS)
# Java VM: OpenJDK 64-Bit Server VM Microsoft-13877129 (17.0.19+10-LTS, mixed mode, tiered, compressed oops, compressed class ptrs, g1 gc, windows-amd64)
# No core dump will be written. Minidumps are not enabled by default on client versions of Windows
#

---------------  S U M M A R Y ------------

Command Line: --add-opens=java.base/java.lang=ALL-UNNAMED --add-opens=java.base/java.lang.invoke=ALL-UNNAMED --add-opens=java.base/java.util=ALL-UNNAMED --add-opens=java.prefs/java.util.prefs=ALL-UNNAMED --add-exports=jdk.compiler/com.sun.tools.javac.api=ALL-UNNAMED --add-exports=jdk.compiler/com.sun.tools.javac.util=ALL-UNNAMED --add-opens=java.base/java.util=ALL-UNNAMED --add-opens=java.prefs/java.util.prefs=ALL-UNNAMED --add-opens=java.base/java.nio.charset=ALL-UNNAMED --add-opens=java.base/java.net=ALL-UNNAMED --add-opens=java.base/java.util.concurrent=ALL-UNNAMED --add-opens=java.base/java.util.concurrent.atomic=ALL-UNNAMED --add-opens=java.xml/javax.xml.namespace=ALL-UNNAMED --add-opens=java.base/java.time=ALL-UNNAMED -Xmx2048m -Dfile.encoding=UTF-8 -Duser.country=CN -Duser.language=zh -Duser.variant -javaagent:C:\Users\16696\.gradle\wrapper\dists\gradle-9.4.1-bin\arn2x92ynaizyzdaamcbpbhtj\gradle-9.4.1\lib\agents\gradle-instrumentation-agent-9.4.1.jar org.gradle.launcher.daemon.bootstrap.GradleDaemon 9.4.1

Host: Intel(R) Core(TM) Ultra 5 225, 10 cores, 15G,  Windows 11 , 64 bit Build 26100 (10.0.26100.8521)
Time: Thu Jul 16 10:47:22 2026  Windows 11 , 64 bit Build 26100 (10.0.26100.8521) elapsed time: 59.368786 seconds (0d 0h 0m 59s)

---------------  T H R E A D  ---------------

Current thread (0x000002460400ca70):  VMThread "VM Thread" [stack: 0x000000bd01b00000,0x000000bd01c00000] [id=13464]

Stack: [0x000000bd01b00000,0x000000bd01c00000]
Native frames: (J=compiled Java code, j=interpreted, Vv=VM code, C=native code)
V  [jvm.dll+0x68cc89]  (no source info available)
V  [jvm.dll+0x845d89]  (no source info available)
V  [jvm.dll+0x847af8]  (no source info available)
V  [jvm.dll+0x848183]  (no source info available)
V  [jvm.dll+0x24d0bf]  (no source info available)
V  [jvm.dll+0x68c089]  (no source info available)
V  [jvm.dll+0x68064a]  (no source info available)
V  [jvm.dll+0x3102f0]  (no source info available)
V  [jvm.dll+0x310192]  (no source info available)
V  [jvm.dll+0x317709]  (no source info available)
V  [jvm.dll+0x369b09]  (no source info available)
V  [jvm.dll+0x369d3d]  (no source info available)
V  [jvm.dll+0x2e6afa]  (no source info available)
V  [jvm.dll+0x2e4ef1]  (no source info available)
V  [jvm.dll+0x2e468c]  (no source info available)
V  [jvm.dll+0x32903b]  (no source info available)
V  [jvm.dll+0x84ca0d]  (no source info available)
V  [jvm.dll+0x84d723]  (no source info available)
V  [jvm.dll+0x84dc54]  (no source info available)
V  [jvm.dll+0x84e038]  (no source info available)
V  [jvm.dll+0x84e12e]  (no source info available)
V  [jvm.dll+0x7f62cc]  (no source info available)
V  [jvm.dll+0x68e227]  (no source info available)
C  [ucrtbase.dll+0x2cd30]  (no source info available)
C  [KERNEL32.DLL+0x2e957]  (no source info available)
C  [ntdll.dll+0x87c1c]  (no source info available)

VM_Operation (0x000000bd077fca70): G1CollectForAllocation, mode: safepoint, requested by thread 0x00000246091de760


---------------  P R O C E S S  ---------------

Threads class SMR info:
_java_thread_list=0x0000024608485ae0, length=85, elements={
0x0000024644ed9b10, 0x000002460400cd30, 0x000002460407a1c0, 0x000002460408d260,
0x000002460408db30, 0x000002460408e400, 0x000002460408ecd0, 0x0000024604090ca0,
0x00000246040fe240, 0x0000024604107cd0, 0x000002460421f500, 0x00000246043b9b50,
0x0000024605c2a080, 0x0000024605d574f0, 0x0000024606c8ca60, 0x0000024606bc00d0,
0x0000024606c9b7a0, 0x0000024606c0afe0, 0x0000024606c0b4f0, 0x0000024606c0c930,
0x0000024606c0a0b0, 0x0000024606c0a5c0, 0x0000024606c0ba00, 0x0000024606c0aad0,
0x000002460860f700, 0x0000024608610120, 0x000002460860e2c0, 0x000002460860ece0,
0x000002460860f1f0, 0x000002460860e7d0, 0x000002460860ddb0, 0x000002460860fc10,
0x000002460860ce80, 0x0000024608610b40, 0x0000024608612eb0, 0x000002460983fd70,
0x000002460a535360, 0x000002460a536290, 0x000002460a5367a0, 0x000002460a536cb0,
0x000002460a5371c0, 0x000002460a534940, 0x000002460a53a970, 0x000002460a53ae80,
0x000002460a537be0, 0x000002460a5376d0, 0x000002460983bba0, 0x000002460983c0b0,
0x000002460983b180, 0x000002460983d4f0, 0x000002460983c5c0, 0x000002460983cad0,
0x000002460983cfe0, 0x0000024609839d40, 0x000002460983a250, 0x000002460983df10,
0x000002460983b690, 0x000002460983a760, 0x00000246098411b0, 0x000002460860d390,
0x0000024608611050, 0x000002460860d8a0, 0x00000246086133c0, 0x0000024608613de0,
0x00000246086138d0, 0x00000246086129a0, 0x00000246086142f0, 0x0000024608611a70,
0x0000024608611560, 0x0000024606c0c420, 0x000002460a539f50, 0x00000246091df180,
0x00000246091dec70, 0x00000246091dfba0, 0x000002460520b5b0, 0x000002460520a070,
0x00000246091e0ad0, 0x00000246091dd830, 0x00000246091de760, 0x00000246091e00b0,
0x00000246091e05c0, 0x00000246091e0fe0, 0x00000246091ddd40, 0x0000024614bedec0,
0x0000024614beedf0
}

Java Threads: ( => current thread )
  0x0000024644ed9b10 JavaThread "main" [_thread_blocked, id=3120, stack(0x000000bd01500000,0x000000bd01600000)]
  0x000002460400cd30 JavaThread "Reference Handler" daemon [_thread_blocked, id=4124, stack(0x000000bd01c00000,0x000000bd01d00000)]
  0x000002460407a1c0 JavaThread "Finalizer" daemon [_thread_blocked, id=23444, stack(0x000000bd01d00000,0x000000bd01e00000)]
  0x000002460408d260 JavaThread "Signal Dispatcher" daemon [_thread_blocked, id=23660, stack(0x000000bd01e00000,0x000000bd01f00000)]
  0x000002460408db30 JavaThread "Attach Listener" daemon [_thread_blocked, id=21600, stack(0x000000bd01f00000,0x000000bd02000000)]
  0x000002460408e400 JavaThread "Service Thread" daemon [_thread_blocked, id=24452, stack(0x000000bd02000000,0x000000bd02100000)]
  0x000002460408ecd0 JavaThread "Monitor Deflation Thread" daemon [_thread_blocked, id=4780, stack(0x000000bd02100000,0x000000bd02200000)]
  0x0000024604090ca0 JavaThread "C2 CompilerThread0" daemon [_thread_blocked, id=25272, stack(0x000000bd02200000,0x000000bd02300000)]
  0x00000246040fe240 JavaThread "C1 CompilerThread0" daemon [_thread_blocked, id=24948, stack(0x000000bd02300000,0x000000bd02400000)]
  0x0000024604107cd0 JavaThread "Sweeper thread" daemon [_thread_blocked, id=5088, stack(0x000000bd02400000,0x000000bd02500000)]
  0x000002460421f500 JavaThread "Common-Cleaner" daemon [_thread_blocked, id=9988, stack(0x000000bd02500000,0x000000bd02600000)]
  0x00000246043b9b50 JavaThread "Notification Thread" daemon [_thread_blocked, id=17156, stack(0x000000bd02600000,0x000000bd02700000)]
  0x0000024605c2a080 JavaThread "Daemon health stats" [_thread_blocked, id=6324, stack(0x000000bd02e00000,0x000000bd02f00000)]
  0x0000024605d574f0 JavaThread "Incoming local TCP Connector on port 58566" [_thread_in_native, id=17656, stack(0x000000bd02900000,0x000000bd02a00000)]
  0x0000024606c8ca60 JavaThread "Daemon periodic checks" [_thread_blocked, id=3240, stack(0x000000bd02f00000,0x000000bd03000000)]
  0x0000024606bc00d0 JavaThread "Daemon" [_thread_blocked, id=24984, stack(0x000000bd03100000,0x000000bd03200000)]
  0x0000024606c9b7a0 JavaThread "Daemon worker" [_thread_blocked, id=26344, stack(0x000000bd03400000,0x000000bd03500000)]
  0x0000024606c0afe0 JavaThread "Cache worker for journal cache (C:\Users\16696\.gradle\caches\journal-1)" [_thread_blocked, id=2956, stack(0x000000bd03d00000,0x000000bd03e00000)]
  0x0000024606c0b4f0 JavaThread "File lock request listener" [_thread_in_native, id=24048, stack(0x000000bd03e00000,0x000000bd03f00000)]
  0x0000024606c0c930 JavaThread "Cache worker for file hash cache (C:\Users\16696\.gradle\caches\9.4.1\fileHashes)" [_thread_blocked, id=23916, stack(0x000000bd03f00000,0x000000bd04000000)]
  0x0000024606c0a0b0 JavaThread "File watcher server" daemon [_thread_blocked, id=6844, stack(0x000000bd04100000,0x000000bd04200000)]
  0x0000024606c0a5c0 JavaThread "File watcher consumer" daemon [_thread_blocked, id=8312, stack(0x000000bd04200000,0x000000bd04300000)]
  0x0000024606c0ba00 JavaThread "jar transforms" [_thread_blocked, id=17896, stack(0x000000bd04400000,0x000000bd04500000)]
  0x0000024606c0aad0 JavaThread "jar transforms Thread 2" [_thread_blocked, id=7244, stack(0x000000bd04500000,0x000000bd04600000)]
  0x000002460860f700 JavaThread "jar transforms Thread 3" [_thread_blocked, id=1320, stack(0x000000bd04600000,0x000000bd04700000)]
  0x0000024608610120 JavaThread "jar transforms Thread 4" [_thread_blocked, id=23732, stack(0x000000bd04700000,0x000000bd04800000)]
  0x000002460860e2c0 JavaThread "jar transforms Thread 5" [_thread_blocked, id=16368, stack(0x000000bd04800000,0x000000bd04900000)]
  0x000002460860ece0 JavaThread "jar transforms Thread 6" [_thread_blocked, id=8380, stack(0x000000bd04900000,0x000000bd04a00000)]
  0x000002460860f1f0 JavaThread "jar transforms Thread 7" [_thread_blocked, id=13824, stack(0x000000bd04a00000,0x000000bd04b00000)]
  0x000002460860e7d0 JavaThread "jar transforms Thread 8" [_thread_blocked, id=26204, stack(0x000000bd04b00000,0x000000bd04c00000)]
  0x000002460860ddb0 JavaThread "jar transforms Thread 9" [_thread_blocked, id=20336, stack(0x000000bd04c00000,0x000000bd04d00000)]
  0x000002460860fc10 JavaThread "jar transforms Thread 10" [_thread_blocked, id=16564, stack(0x000000bd04d00000,0x000000bd04e00000)]
  0x000002460860ce80 JavaThread "VFS cleanup" [_thread_blocked, id=28176, stack(0x000000bd03500000,0x000000bd03600000)]
  0x0000024608610b40 JavaThread "File lock release action executor" [_thread_blocked, id=2132, stack(0x000000bd02800000,0x000000bd02900000)]
  0x0000024608612eb0 JavaThread "Cache worker for file content cache (C:\Users\16696\.gradle\caches\9.4.1\fileContent)" [_thread_blocked, id=24468, stack(0x000000bd05200000,0x000000bd05300000)]
  0x000002460983fd70 JavaThread "Memory manager" [_thread_blocked, id=17508, stack(0x000000bd05b00000,0x000000bd05c00000)]
  0x000002460a535360 JavaThread "Handler for socket connection from /127.0.0.1:58566 to /127.0.0.1:58682" [_thread_in_native, id=4380, stack(0x000000bd03300000,0x000000bd03400000)]
  0x000002460a536290 JavaThread "Cancel handler" [_thread_blocked, id=25432, stack(0x000000bd03600000,0x000000bd03700000)]
  0x000002460a5367a0 JavaThread "Asynchronous log dispatcher for DefaultDaemonConnection: socket connection from /127.0.0.1:58566 to /127.0.0.1:58682" [_thread_blocked, id=22688, stack(0x000000bd03700000,0x000000bd03800000)]
  0x000002460a536cb0 JavaThread "Stdin handler" [_thread_blocked, id=28052, stack(0x000000bd04000000,0x000000bd04100000)]
  0x000002460a5371c0 JavaThread "Daemon client event forwarder" [_thread_blocked, id=25700, stack(0x000000bd04f00000,0x000000bd05000000)]
  0x000002460a534940 JavaThread "Cache worker for file hash cache (D:\Code\Application\music1\.gradle\9.4.1\fileHashes)" [_thread_blocked, id=27240, stack(0x000000bd05000000,0x000000bd05100000)]
  0x000002460a53a970 JavaThread "Cache worker for Build Output Cleanup Cache (D:\Code\Application\music1\.gradle\buildOutputCleanup)" [_thread_blocked, id=6768, stack(0x000000bd05100000,0x000000bd05200000)]
  0x000002460a53ae80 JavaThread "Cache worker for checksums cache (D:\Code\Application\music1\.gradle\9.4.1\checksums)" [_thread_blocked, id=28556, stack(0x000000bd05300000,0x000000bd05400000)]
  0x000002460a537be0 JavaThread "Cache worker for cache directory md-supplier (C:\Users\16696\.gradle\caches\9.4.1\md-supplier)" [_thread_blocked, id=23556, stack(0x000000bd05400000,0x000000bd05500000)]
  0x000002460a5376d0 JavaThread "Cache worker for cache directory md-rule (C:\Users\16696\.gradle\caches\9.4.1\md-rule)" [_thread_blocked, id=19284, stack(0x000000bd05500000,0x000000bd05600000)]
  0x000002460983bba0 JavaThread "Build operations" [_thread_blocked, id=2032, stack(0x000000bd05600000,0x000000bd05700000)]
  0x000002460983c0b0 JavaThread "Build operations Thread 2" [_thread_blocked, id=5792, stack(0x000000bd05700000,0x000000bd05800000)]
  0x000002460983b180 JavaThread "Build operations Thread 3" [_thread_blocked, id=13272, stack(0x000000bd05800000,0x000000bd05900000)]
  0x000002460983d4f0 JavaThread "Build operations Thread 4" [_thread_blocked, id=12436, stack(0x000000bd05900000,0x000000bd05a00000)]
  0x000002460983c5c0 JavaThread "Build operations Thread 5" [_thread_blocked, id=18028, stack(0x000000bd05a00000,0x000000bd05b00000)]
  0x000002460983cad0 JavaThread "Build operations Thread 6" [_thread_blocked, id=1484, stack(0x000000bd05c00000,0x000000bd05d00000)]
  0x000002460983cfe0 JavaThread "Build operations Thread 7" [_thread_blocked, id=20872, stack(0x000000bd05d00000,0x000000bd05e00000)]
  0x0000024609839d40 JavaThread "Build operations Thread 8" [_thread_blocked, id=10076, stack(0x000000bd05e00000,0x000000bd05f00000)]
  0x000002460983a250 JavaThread "Build operations Thread 9" [_thread_blocked, id=27332, stack(0x000000bd05f00000,0x000000bd06000000)]
  0x000002460983df10 JavaThread "Build operations Thread 10" [_thread_blocked, id=23580, stack(0x000000bd06000000,0x000000bd06100000)]
  0x000002460983b690 JavaThread "build event listener" [_thread_blocked, id=21112, stack(0x000000bd06300000,0x000000bd06400000)]
  0x000002460983a760 JavaThread "build event listener" [_thread_blocked, id=6532, stack(0x000000bd06400000,0x000000bd06500000)]
  0x00000246098411b0 JavaThread "included builds" [_thread_blocked, id=23792, stack(0x000000bd06500000,0x000000bd06600000)]
  0x000002460860d390 JavaThread "Execution worker" [_thread_blocked, id=21092, stack(0x000000bd06600000,0x000000bd06700000)]
  0x0000024608611050 JavaThread "Execution worker Thread 2" [_thread_blocked, id=25768, stack(0x000000bd06700000,0x000000bd06800000)]
  0x000002460860d8a0 JavaThread "Execution worker Thread 3" [_thread_blocked, id=27604, stack(0x000000bd06800000,0x000000bd06900000)]
  0x00000246086133c0 JavaThread "Execution worker Thread 4" [_thread_blocked, id=17488, stack(0x000000bd06900000,0x000000bd06a00000)]
  0x0000024608613de0 JavaThread "Execution worker Thread 5" [_thread_blocked, id=14796, stack(0x000000bd06a00000,0x000000bd06b00000)]
  0x00000246086138d0 JavaThread "Execution worker Thread 6" [_thread_blocked, id=23420, stack(0x000000bd06b00000,0x000000bd06c00000)]
  0x00000246086129a0 JavaThread "Execution worker Thread 7" [_thread_blocked, id=9132, stack(0x000000bd06c00000,0x000000bd06d00000)]
  0x00000246086142f0 JavaThread "Execution worker Thread 8" [_thread_blocked, id=23588, stack(0x000000bd06d00000,0x000000bd06e00000)]
  0x0000024608611a70 JavaThread "Cache worker for execution history cache (D:\Code\Application\music1\.gradle\9.4.1\executionHistory)" [_thread_blocked, id=3964, stack(0x000000bd06e00000,0x000000bd06f00000)]
  0x0000024608611560 JavaThread "Execution worker Thread 9" [_thread_blocked, id=20832, stack(0x000000bd06f00000,0x000000bd07000000)]
  0x0000024606c0c420 JavaThread "WorkerExecutor Queue" [_thread_blocked, id=21472, stack(0x000000bd07000000,0x000000bd07100000)]
  0x000002460a539f50 JavaThread "WorkerExecutor Queue Thread 2" [_thread_blocked, id=4364, stack(0x000000bd07100000,0x000000bd07200000)]
  0x00000246091df180 JavaThread "pool-5-thread-1" [_thread_blocked, id=9032, stack(0x000000bd07200000,0x000000bd07300000)]
  0x00000246091dec70 JavaThread "stderr" [_thread_in_native, id=20540, stack(0x000000bd07300000,0x000000bd07400000)]
  0x00000246091dfba0 JavaThread "stdout" [_thread_in_native, id=7208, stack(0x000000bd07400000,0x000000bd07500000)]
  0x000002460520b5b0 JavaThread "C2 CompilerThread1" daemon [_thread_blocked, id=27908, stack(0x000000bd06100000,0x000000bd06200000)]
  0x000002460520a070 JavaThread "C2 CompilerThread2" daemon [_thread_blocked, id=10976, stack(0x000000bd06200000,0x000000bd06300000)]
  0x00000246091e0ad0 JavaThread "WorkerExecutor Queue Thread 3" [_thread_blocked, id=22856, stack(0x000000bd07500000,0x000000bd07600000)]
  0x00000246091dd830 JavaThread "WorkerExecutor Queue Thread 4" [_thread_blocked, id=14280, stack(0x000000bd07600000,0x000000bd07700000)]
  0x00000246091de760 JavaThread "WorkerExecutor Queue Thread 5" [_thread_blocked, id=18992, stack(0x000000bd07700000,0x000000bd07800000)]
  0x00000246091e00b0 JavaThread "WorkerExecutor Queue Thread 6" [_thread_blocked, id=20096, stack(0x000000bd07800000,0x000000bd07900000)]
  0x00000246091e05c0 JavaThread "WorkerExecutor Queue Thread 7" [_thread_blocked, id=27720, stack(0x000000bd07900000,0x000000bd07a00000)]
  0x00000246091e0fe0 JavaThread "WorkerExecutor Queue Thread 8" [_thread_blocked, id=17176, stack(0x000000bd07a00000,0x000000bd07b00000)]
  0x00000246091ddd40 JavaThread "WorkerExecutor Queue Thread 9" [_thread_blocked, id=24132, stack(0x000000bd07b00000,0x000000bd07c00000)]
  0x0000024614bedec0 JavaThread "WorkerExecutor Queue Thread 10" [_thread_blocked, id=25152, stack(0x000000bd07c00000,0x000000bd07d00000)]
  0x0000024614beedf0 JavaThread "WorkerExecutor Queue Thread 11" [_thread_blocked, id=25328, stack(0x000000bd07d00000,0x000000bd07e00000)]

Other Threads:
=>0x000002460400ca70 VMThread "VM Thread" [stack: 0x000000bd01b00000,0x000000bd01c00000] [id=13464]
  0x00000246043ba030 WatcherThread [stack: 0x000000bd02700000,0x000000bd02800000] [id=24628]
  0x0000024644f3acd0 GCTaskThread "GC Thread#0" [stack: 0x000000bd01600000,0x000000bd01700000] [id=11796]
  0x00000246058c48a0 GCTaskThread "GC Thread#1" [stack: 0x000000bd02a00000,0x000000bd02b00000] [id=27540]
  0x00000246058c56b0 GCTaskThread "GC Thread#2" [stack: 0x000000bd02b00000,0x000000bd02c00000] [id=22740]
  0x00000246058c4b70 GCTaskThread "GC Thread#3" [stack: 0x000000bd02c00000,0x000000bd02d00000] [id=26820]
  0x00000246058c4e40 GCTaskThread "GC Thread#4" [stack: 0x000000bd02d00000,0x000000bd02e00000] [id=22352]
  0x00000246058c5980 GCTaskThread "GC Thread#5" [stack: 0x000000bd03800000,0x000000bd03900000] [id=26588]
  0x00000246058c4030 GCTaskThread "GC Thread#6" [stack: 0x000000bd03900000,0x000000bd03a00000] [id=22656]
  0x00000246058c45d0 GCTaskThread "GC Thread#7" [stack: 0x000000bd03a00000,0x000000bd03b00000] [id=19736]
  0x0000024606ef3fc0 GCTaskThread "GC Thread#8" [stack: 0x000000bd03b00000,0x000000bd03c00000] [id=9628]
  0x0000024644f4bb40 ConcurrentGCThread "G1 Main Marker" [stack: 0x000000bd01700000,0x000000bd01800000] [id=23872]
  0x0000024644f4c470 ConcurrentGCThread "G1 Conc#0" [stack: 0x000000bd01800000,0x000000bd01900000] [id=27296]
  0x0000024606ef7260 ConcurrentGCThread "G1 Conc#1" [stack: 0x000000bd03c00000,0x000000bd03d00000] [id=20696]
  0x0000024644f8e610 ConcurrentGCThread "G1 Refine#0" [stack: 0x000000bd01900000,0x000000bd01a00000] [id=23788]
  0x0000024606c71850 ConcurrentGCThread "G1 Refine#1" [stack: 0x000000bd04300000,0x000000bd04400000] [id=9044]
  0x000002460943d540 ConcurrentGCThread "G1 Refine#2" [stack: 0x000000bd04e00000,0x000000bd04f00000] [id=27428]
  0x000002466350a210 ConcurrentGCThread "G1 Service" [stack: 0x000000bd01a00000,0x000000bd01b00000] [id=5292]

Threads with active compile tasks:
C2 CompilerThread0  59403 18984       4       java.util.HashMap::remove (26 bytes)
C1 CompilerThread0  59403 19027       3       com.android.tools.r8.internal.a52::a (218 bytes)
C2 CompilerThread1  59403 17949   !   4       java.lang.invoke.MethodHandleNatives::linkMethodHandleConstant (50 bytes)
C2 CompilerThread2  59403 18949       4       java.util.function.Predicate$$Lambda$223/0x000000010024bde8::test (15 bytes)

VM state: at safepoint (normal execution)

VM Mutex/Monitor currently owned by a thread:  ([mutex/lock_event])
[0x0000024642bce200] Threads_lock - owner thread: 0x000002460400ca70
[0x0000024644ed8420] Heap_lock - owner thread: 0x00000246091de760

Heap address: 0x0000000080000000, size: 2048 MB, Compressed Oops mode: 32-bit

CDS archive(s) not mapped
Compressed class space mapped at: 0x0000000100000000-0x0000000140000000, reserved size: 1073741824
Narrow klass base: 0x0000000000000000, Narrow klass shift: 3, Narrow klass range: 0x140000000

GC Precious Log:
 CPUs: 10 total, 10 available
 Memory: 15751M
 Large Page Support: Disabled
 NUMA Support: Disabled
 Compressed Oops: Enabled (32-bit)
 Heap Region Size: 1M
 Heap Min Capacity: 8M
 Heap Initial Capacity: 248M
 Heap Max Capacity: 2G
 Pre-touch: Disabled
 Parallel Workers: 9
 Concurrent Workers: 2
 Concurrent Refinement Workers: 9
 Periodic GC: Disabled

Heap:
 garbage-first heap   total 378880K, used 187620K [0x0000000080000000, 0x0000000100000000)
  region size 1024K, 9 young (9216K), 9 survivors (9216K)
 Metaspace       used 152239K, committed 153792K, reserved 1245184K
  class space    used 21307K, committed 22080K, reserved 1048576K

Heap Regions: E=young(eden), S=young(survivor), O=old, HS=humongous(starts), HC=humongous(continues), CS=collection set, F=free, OA=open archive, CA=closed archive, TAMS=top-at-mark-start (previous, next)
|   0|0x0000000080000000, 0x0000000080100000, 0x0000000080100000|100%|HS|  |TAMS 0x0000000080100000, 0x0000000080100000| Complete 
|   1|0x0000000080100000, 0x0000000080200000, 0x0000000080200000|100%|HC|  |TAMS 0x0000000080200000, 0x0000000080200000| Complete 
|   2|0x0000000080200000, 0x0000000080300000, 0x0000000080300000|100%|HC|  |TAMS 0x0000000080300000, 0x0000000080300000| Complete 
|   3|0x0000000080300000, 0x0000000080400000, 0x0000000080400000|100%|HC|  |TAMS 0x0000000080400000, 0x0000000080400000| Complete 
|   4|0x0000000080400000, 0x0000000080500000, 0x0000000080500000|100%| O|  |TAMS 0x0000000080500000, 0x0000000080500000| Untracked 
|   5|0x0000000080500000, 0x0000000080600000, 0x0000000080600000|100%| O|  |TAMS 0x0000000080600000, 0x0000000080600000| Untracked 
|   6|0x0000000080600000, 0x0000000080700000, 0x0000000080700000|100%| O|  |TAMS 0x0000000080700000, 0x0000000080700000| Untracked 
|   7|0x0000000080700000, 0x0000000080800000, 0x0000000080800000|100%| O|  |TAMS 0x0000000080800000, 0x0000000080800000| Untracked 
|   8|0x0000000080800000, 0x0000000080900000, 0x0000000080900000|100%|HS|  |TAMS 0x0000000080900000, 0x0000000080900000| Complete 
|   9|0x0000000080900000, 0x0000000080a00000, 0x0000000080a00000|100%| O|  |TAMS 0x0000000080a00000, 0x0000000080a00000| Untracked 
|  10|0x0000000080a00000, 0x0000000080b00000, 0x0000000080b00000|100%| O|  |TAMS 0x0000000080b00000, 0x0000000080b00000| Untracked 
|  11|0x0000000080b00000, 0x0000000080c00000, 0x0000000080c00000|100%| O|  |TAMS 0x0000000080c00000, 0x0000000080c00000| Untracked 
|  12|0x0000000080c00000, 0x0000000080d00000, 0x0000000080d00000|100%|HS|  |TAMS 0x0000000080d00000, 0x0000000080d00000| Complete 
|  13|0x0000000080d00000, 0x0000000080e00000, 0x0000000080e00000|100%| O|  |TAMS 0x0000000080e00000, 0x0000000080e00000| Untracked 
|  14|0x0000000080e00000, 0x0000000080f00000, 0x0000000080f00000|100%| O|  |TAMS 0x0000000080f00000, 0x0000000080f00000| Untracked 
|  15|0x0000000080f00000, 0x0000000081000000, 0x0000000081000000|100%| O|  |TAMS 0x0000000081000000, 0x0000000081000000| Untracked 
|  16|0x0000000081000000, 0x0000000081100000, 0x0000000081100000|100%| O|  |TAMS 0x0000000081100000, 0x0000000081100000| Untracked 
|  17|0x0000000081100000, 0x0000000081200000, 0x0000000081200000|100%| O|  |TAMS 0x0000000081200000, 0x0000000081200000| Untracked 
|  18|0x0000000081200000, 0x0000000081300000, 0x0000000081300000|100%| O|  |TAMS 0x0000000081300000, 0x0000000081300000| Untracked 
|  19|0x0000000081300000, 0x0000000081400000, 0x0000000081400000|100%| O|  |TAMS 0x0000000081400000, 0x0000000081400000| Untracked 
|  20|0x0000000081400000, 0x0000000081500000, 0x0000000081500000|100%| O|  |TAMS 0x0000000081500000, 0x0000000081500000| Untracked 
|  21|0x0000000081500000, 0x0000000081600000, 0x0000000081600000|100%| O|  |TAMS 0x0000000081600000, 0x0000000081600000| Untracked 
|  22|0x0000000081600000, 0x0000000081700000, 0x0000000081700000|100%|HS|  |TAMS 0x0000000081700000, 0x0000000081700000| Complete 
|  23|0x0000000081700000, 0x0000000081800000, 0x0000000081800000|100%|HC|  |TAMS 0x0000000081800000, 0x0000000081800000| Complete 
|  24|0x0000000081800000, 0x0000000081900000, 0x0000000081900000|100%|HC|  |TAMS 0x0000000081900000, 0x0000000081900000| Complete 
|  25|0x0000000081900000, 0x0000000081a00000, 0x0000000081a00000|100%|HC|  |TAMS 0x0000000081a00000, 0x0000000081a00000| Complete 
|  26|0x0000000081a00000, 0x0000000081b00000, 0x0000000081b00000|100%|HC|  |TAMS 0x0000000081b00000, 0x0000000081b00000| Complete 
|  27|0x0000000081b00000, 0x0000000081c00000, 0x0000000081c00000|100%|HC|  |TAMS 0x0000000081c00000, 0x0000000081c00000| Complete 
|  28|0x0000000081c00000, 0x0000000081d00000, 0x0000000081d00000|100%|HS|  |TAMS 0x0000000081d00000, 0x0000000081d00000| Complete 
|  29|0x0000000081d00000, 0x0000000081e00000, 0x0000000081e00000|100%|HS|  |TAMS 0x0000000081e00000, 0x0000000081e00000| Complete 
|  30|0x0000000081e00000, 0x0000000081f00000, 0x0000000081f00000|100%| O|  |TAMS 0x0000000081f00000, 0x0000000081f00000| Untracked 
|  31|0x0000000081f00000, 0x0000000082000000, 0x0000000082000000|100%| O|  |TAMS 0x0000000082000000, 0x0000000082000000| Untracked 
|  32|0x0000000082000000, 0x0000000082100000, 0x0000000082100000|100%| O|  |TAMS 0x0000000082100000, 0x0000000082100000| Untracked 
|  33|0x0000000082100000, 0x0000000082200000, 0x0000000082200000|100%| O|  |TAMS 0x0000000082200000, 0x0000000082200000| Untracked 
|  34|0x0000000082200000, 0x0000000082300000, 0x0000000082300000|100%| O|  |TAMS 0x0000000082300000, 0x0000000082300000| Untracked 
|  35|0x0000000082300000, 0x0000000082400000, 0x0000000082400000|100%| O|  |TAMS 0x0000000082400000, 0x0000000082400000| Untracked 
|  36|0x0000000082400000, 0x0000000082500000, 0x0000000082500000|100%| O|  |TAMS 0x0000000082500000, 0x0000000082500000| Untracked 
|  37|0x0000000082500000, 0x0000000082600000, 0x0000000082600000|100%| O|  |TAMS 0x0000000082600000, 0x0000000082600000| Untracked 
|  38|0x0000000082600000, 0x0000000082700000, 0x0000000082700000|100%|HS|  |TAMS 0x0000000082700000, 0x0000000082700000| Complete 
|  39|0x0000000082700000, 0x0000000082800000, 0x0000000082800000|100%|HC|  |TAMS 0x0000000082800000, 0x0000000082800000| Complete 
|  40|0x0000000082800000, 0x0000000082900000, 0x0000000082900000|100%|HC|  |TAMS 0x0000000082900000, 0x0000000082900000| Complete 
|  41|0x0000000082900000, 0x0000000082a00000, 0x0000000082a00000|100%|HC|  |TAMS 0x0000000082a00000, 0x0000000082a00000| Complete 
|  42|0x0000000082a00000, 0x0000000082b00000, 0x0000000082b00000|100%|HC|  |TAMS 0x0000000082b00000, 0x0000000082b00000| Complete 
|  43|0x0000000082b00000, 0x0000000082c00000, 0x0000000082c00000|100%|HC|  |TAMS 0x0000000082c00000, 0x0000000082c00000| Complete 
|  44|0x0000000082c00000, 0x0000000082d00000, 0x0000000082d00000|100%|HS|  |TAMS 0x0000000082d00000, 0x0000000082d00000| Complete 
|  45|0x0000000082d00000, 0x0000000082e00000, 0x0000000082e00000|100%|HS|  |TAMS 0x0000000082e00000, 0x0000000082e00000| Complete 
|  46|0x0000000082e00000, 0x0000000082f00000, 0x0000000082f00000|100%| O|  |TAMS 0x0000000082f00000, 0x0000000082f00000| Untracked 
|  47|0x0000000082f00000, 0x0000000083000000, 0x0000000083000000|100%| O|  |TAMS 0x0000000083000000, 0x0000000083000000| Untracked 
|  48|0x0000000083000000, 0x0000000083100000, 0x0000000083100000|100%| O|  |TAMS 0x0000000083100000, 0x0000000083100000| Untracked 
|  49|0x0000000083100000, 0x0000000083200000, 0x0000000083200000|100%| O|  |TAMS 0x0000000083200000, 0x0000000083200000| Untracked 
|  50|0x0000000083200000, 0x0000000083300000, 0x0000000083300000|100%| O|  |TAMS 0x0000000083300000, 0x0000000083300000| Untracked 
|  51|0x0000000083300000, 0x0000000083400000, 0x0000000083400000|100%| O|  |TAMS 0x0000000083400000, 0x0000000083400000| Untracked 
|  52|0x0000000083400000, 0x0000000083500000, 0x0000000083500000|100%| O|  |TAMS 0x0000000083500000, 0x0000000083500000| Untracked 
|  53|0x0000000083500000, 0x0000000083600000, 0x0000000083600000|100%| O|  |TAMS 0x0000000083600000, 0x0000000083600000| Untracked 
|  54|0x0000000083600000, 0x0000000083700000, 0x0000000083700000|100%| O|  |TAMS 0x0000000083700000, 0x0000000083700000| Untracked 
|  55|0x0000000083700000, 0x0000000083800000, 0x0000000083800000|100%| O|  |TAMS 0x0000000083800000, 0x0000000083800000| Untracked 
|  56|0x0000000083800000, 0x0000000083900000, 0x0000000083900000|100%| O|  |TAMS 0x0000000083900000, 0x0000000083900000| Untracked 
|  57|0x0000000083900000, 0x0000000083a00000, 0x0000000083a00000|100%| O|  |TAMS 0x0000000083a00000, 0x0000000083a00000| Untracked 
|  58|0x0000000083a00000, 0x0000000083b00000, 0x0000000083b00000|100%| O|  |TAMS 0x0000000083b00000, 0x0000000083b00000| Untracked 
|  59|0x0000000083b00000, 0x0000000083c00000, 0x0000000083c00000|100%| O|  |TAMS 0x0000000083c00000, 0x0000000083c00000| Untracked 
|  60|0x0000000083c00000, 0x0000000083d00000, 0x0000000083d00000|100%| O|  |TAMS 0x0000000083d00000, 0x0000000083d00000| Untracked 
|  61|0x0000000083d00000, 0x0000000083e00000, 0x0000000083e00000|100%| O|  |TAMS 0x0000000083e00000, 0x0000000083e00000| Untracked 
|  62|0x0000000083e00000, 0x0000000083f00000, 0x0000000083f00000|100%| O|  |TAMS 0x0000000083f00000, 0x0000000083f00000| Untracked 
|  63|0x0000000083f00000, 0x0000000084000000, 0x0000000084000000|100%| O|  |TAMS 0x0000000084000000, 0x0000000084000000| Untracked 
|  64|0x0000000084000000, 0x0000000084100000, 0x0000000084100000|100%| O|  |TAMS 0x0000000084100000, 0x0000000084100000| Untracked 
|  65|0x0000000084100000, 0x0000000084200000, 0x0000000084200000|100%| O|  |TAMS 0x0000000084200000, 0x0000000084200000| Untracked 
|  66|0x0000000084200000, 0x0000000084300000, 0x0000000084300000|100%| O|  |TAMS 0x0000000084300000, 0x0000000084300000| Untracked 
|  67|0x0000000084300000, 0x0000000084400000, 0x0000000084400000|100%| O|  |TAMS 0x0000000084400000, 0x0000000084400000| Untracked 
|  68|0x0000000084400000, 0x0000000084500000, 0x0000000084500000|100%| O|  |TAMS 0x0000000084500000, 0x0000000084500000| Untracked 
|  69|0x0000000084500000, 0x0000000084600000, 0x0000000084600000|100%| O|  |TAMS 0x0000000084600000, 0x0000000084600000| Untracked 
|  70|0x0000000084600000, 0x0000000084700000, 0x0000000084700000|100%| O|  |TAMS 0x0000000084600000, 0x0000000084700000| Untracked 
|  71|0x0000000084700000, 0x0000000084800000, 0x0000000084800000|100%| O|  |TAMS 0x0000000084700000, 0x0000000084800000| Untracked 
|  72|0x0000000084800000, 0x0000000084900000, 0x0000000084900000|100%| O|  |TAMS 0x0000000084900000, 0x0000000084900000| Untracked 
|  73|0x0000000084900000, 0x0000000084a00000, 0x0000000084a00000|100%|HS|  |TAMS 0x0000000084a00000, 0x0000000084a00000| Complete 
|  74|0x0000000084a00000, 0x0000000084b00000, 0x0000000084b00000|100%|HS|  |TAMS 0x0000000084b00000, 0x0000000084b00000| Complete 
|  75|0x0000000084b00000, 0x0000000084c00000, 0x0000000084c00000|100%|HS|  |TAMS 0x0000000084c00000, 0x0000000084c00000| Complete 
|  76|0x0000000084c00000, 0x0000000084d00000, 0x0000000084d00000|100%|HC|  |TAMS 0x0000000084d00000, 0x0000000084d00000| Complete 
|  77|0x0000000084d00000, 0x0000000084e00000, 0x0000000084e00000|100%|HS|  |TAMS 0x0000000084e00000, 0x0000000084e00000| Complete 
|  78|0x0000000084e00000, 0x0000000084f00000, 0x0000000084f00000|100%| O|  |TAMS 0x0000000084f00000, 0x0000000084f00000| Untracked 
|  79|0x0000000084f00000, 0x0000000085000000, 0x0000000085000000|100%| O|  |TAMS 0x0000000085000000, 0x0000000085000000| Untracked 
|  80|0x0000000085000000, 0x0000000085100000, 0x0000000085100000|100%|HS|  |TAMS 0x0000000085100000, 0x0000000085100000| Complete 
|  81|0x0000000085100000, 0x0000000085200000, 0x0000000085200000|100%|HS|  |TAMS 0x0000000085200000, 0x0000000085200000| Complete 
|  82|0x0000000085200000, 0x0000000085300000, 0x0000000085300000|100%| O|  |TAMS 0x0000000085300000, 0x0000000085300000| Untracked 
|  83|0x0000000085300000, 0x0000000085400000, 0x0000000085400000|100%| O|  |TAMS 0x0000000085400000, 0x0000000085400000| Untracked 
|  84|0x0000000085400000, 0x0000000085500000, 0x0000000085500000|100%| O|  |TAMS 0x0000000085500000, 0x0000000085500000| Untracked 
|  85|0x0000000085500000, 0x0000000085600000, 0x0000000085600000|100%| O|  |TAMS 0x0000000085600000, 0x0000000085600000| Untracked 
|  86|0x0000000085600000, 0x0000000085700000, 0x0000000085700000|100%| O|  |TAMS 0x0000000085700000, 0x0000000085700000| Untracked 
|  87|0x0000000085700000, 0x0000000085800000, 0x0000000085800000|100%|HS|  |TAMS 0x0000000085800000, 0x0000000085800000| Complete 
|  88|0x0000000085800000, 0x0000000085900000, 0x0000000085900000|100%|HC|  |TAMS 0x0000000085900000, 0x0000000085900000| Complete 
|  89|0x0000000085900000, 0x0000000085a00000, 0x0000000085a00000|100%| O|  |TAMS 0x0000000085a00000, 0x0000000085a00000| Untracked 
|  90|0x0000000085a00000, 0x0000000085b00000, 0x0000000085b00000|100%| O|  |TAMS 0x0000000085b00000, 0x0000000085b00000| Untracked 
|  91|0x0000000085b00000, 0x0000000085c00000, 0x0000000085c00000|100%| O|  |TAMS 0x0000000085c00000, 0x0000000085c00000| Untracked 
|  92|0x0000000085c00000, 0x0000000085d00000, 0x0000000085d00000|100%| O|  |TAMS 0x0000000085d00000, 0x0000000085d00000| Untracked 
|  93|0x0000000085d00000, 0x0000000085e00000, 0x0000000085e00000|100%| O|  |TAMS 0x0000000085e00000, 0x0000000085e00000| Untracked 
|  94|0x0000000085e00000, 0x0000000085f00000, 0x0000000085f00000|100%| O|  |TAMS 0x0000000085f00000, 0x0000000085f00000| Untracked 
|  95|0x0000000085f00000, 0x0000000086000000, 0x0000000086000000|100%| O|  |TAMS 0x0000000086000000, 0x0000000086000000| Untracked 
|  96|0x0000000086000000, 0x0000000086100000, 0x0000000086100000|100%| O|  |TAMS 0x0000000086100000, 0x0000000086100000| Untracked 
|  97|0x0000000086100000, 0x0000000086200000, 0x0000000086200000|100%| O|  |TAMS 0x0000000086200000, 0x0000000086200000| Untracked 
|  98|0x0000000086200000, 0x0000000086300000, 0x0000000086300000|100%|HS|  |TAMS 0x0000000086300000, 0x0000000086300000| Complete 
|  99|0x0000000086300000, 0x0000000086400000, 0x0000000086400000|100%| O|  |TAMS 0x0000000086400000, 0x0000000086400000| Untracked 
| 100|0x0000000086400000, 0x0000000086500000, 0x0000000086500000|100%| O|  |TAMS 0x0000000086500000, 0x0000000086500000| Untracked 
| 101|0x0000000086500000, 0x0000000086600000, 0x0000000086600000|100%| O|  |TAMS 0x0000000086600000, 0x0000000086600000| Untracked 
| 102|0x0000000086600000, 0x0000000086700000, 0x0000000086700000|100%| O|  |TAMS 0x0000000086700000, 0x0000000086700000| Untracked 
| 103|0x0000000086700000, 0x0000000086800000, 0x0000000086800000|100%| O|  |TAMS 0x0000000086800000, 0x0000000086800000| Untracked 
| 104|0x0000000086800000, 0x0000000086900000, 0x0000000086900000|100%| O|  |TAMS 0x0000000086900000, 0x0000000086900000| Untracked 
| 105|0x0000000086900000, 0x0000000086a00000, 0x0000000086a00000|100%| O|  |TAMS 0x0000000086900000, 0x0000000086a00000| Untracked 
| 106|0x0000000086a00000, 0x0000000086b00000, 0x0000000086b00000|100%| O|  |TAMS 0x0000000086b00000, 0x0000000086b00000| Untracked 
| 107|0x0000000086b00000, 0x0000000086c00000, 0x0000000086c00000|100%| O|  |TAMS 0x0000000086c00000, 0x0000000086c00000| Untracked 
| 108|0x0000000086c00000, 0x0000000086d00000, 0x0000000086d00000|100%| O|  |TAMS 0x0000000086d00000, 0x0000000086d00000| Untracked 
| 109|0x0000000086d00000, 0x0000000086e00000, 0x0000000086e00000|100%| O|  |TAMS 0x0000000086e00000, 0x0000000086e00000| Untracked 
| 110|0x0000000086e00000, 0x0000000086f00000, 0x0000000086f00000|100%| O|  |TAMS 0x0000000086f00000, 0x0000000086f00000| Untracked 
| 111|0x0000000086f00000, 0x0000000087000000, 0x0000000087000000|100%| O|  |TAMS 0x0000000087000000, 0x0000000087000000| Untracked 
| 112|0x0000000087000000, 0x0000000087100000, 0x0000000087100000|100%| O|  |TAMS 0x0000000087100000, 0x0000000087100000| Untracked 
| 113|0x0000000087100000, 0x0000000087200000, 0x0000000087200000|100%| O|  |TAMS 0x0000000087200000, 0x0000000087200000| Untracked 
| 114|0x0000000087200000, 0x0000000087300000, 0x0000000087300000|100%| O|  |TAMS 0x0000000087300000, 0x0000000087300000| Untracked 
| 115|0x0000000087300000, 0x0000000087400000, 0x0000000087400000|100%| O|  |TAMS 0x0000000087400000, 0x0000000087400000| Untracked 
| 116|0x0000000087400000, 0x0000000087500000, 0x0000000087500000|100%| O|  |TAMS 0x0000000087500000, 0x0000000087500000| Untracked 
| 117|0x0000000087500000, 0x0000000087600000, 0x0000000087600000|100%| O|  |TAMS 0x0000000087600000, 0x0000000087600000| Untracked 
| 118|0x0000000087600000, 0x0000000087700000, 0x0000000087700000|100%| O|  |TAMS 0x0000000087700000, 0x0000000087700000| Untracked 
| 119|0x0000000087700000, 0x0000000087800000, 0x0000000087800000|100%| O|  |TAMS 0x0000000087800000, 0x0000000087800000| Untracked 
| 120|0x0000000087800000, 0x0000000087900000, 0x0000000087900000|100%| O|  |TAMS 0x0000000087900000, 0x0000000087900000| Untracked 
| 121|0x0000000087900000, 0x0000000087a00000, 0x0000000087a00000|100%| O|  |TAMS 0x0000000087a00000, 0x0000000087a00000| Untracked 
| 122|0x0000000087a00000, 0x0000000087b00000, 0x0000000087b00000|100%| O|  |TAMS 0x0000000087b00000, 0x0000000087b00000| Untracked 
| 123|0x0000000087b00000, 0x0000000087c00000, 0x0000000087c00000|100%| O|  |TAMS 0x0000000087c00000, 0x0000000087c00000| Untracked 
| 124|0x0000000087c00000, 0x0000000087c00000, 0x0000000087d00000|  0%| F|  |TAMS 0x0000000087c00000, 0x0000000087c00000| Untracked 
| 125|0x0000000087d00000, 0x0000000087d00000, 0x0000000087e00000|  0%| F|  |TAMS 0x0000000087d00000, 0x0000000087d00000| Untracked 
| 126|0x0000000087e00000, 0x0000000087f00000, 0x0000000087f00000|100%| O|  |TAMS 0x0000000087e00000, 0x0000000087f00000| Untracked 
| 127|0x0000000087f00000, 0x0000000088000000, 0x0000000088000000|100%| O|  |TAMS 0x0000000088000000, 0x0000000088000000| Untracked 
| 128|0x0000000088000000, 0x0000000088100000, 0x0000000088100000|100%| O|  |TAMS 0x0000000088100000, 0x0000000088100000| Untracked 
| 129|0x0000000088100000, 0x0000000088200000, 0x0000000088200000|100%| O|  |TAMS 0x0000000088200000, 0x0000000088200000| Untracked 
| 130|0x0000000088200000, 0x0000000088300000, 0x0000000088300000|100%| O|  |TAMS 0x0000000088300000, 0x0000000088300000| Untracked 
| 131|0x0000000088300000, 0x0000000088400000, 0x0000000088400000|100%| O|  |TAMS 0x0000000088400000, 0x0000000088400000| Untracked 
| 132|0x0000000088400000, 0x0000000088500000, 0x0000000088500000|100%| O|  |TAMS 0x0000000088400000, 0x0000000088500000| Untracked 
| 133|0x0000000088500000, 0x0000000088600000, 0x0000000088600000|100%| O|  |TAMS 0x0000000088600000, 0x0000000088600000| Untracked 
| 134|0x0000000088600000, 0x0000000088700000, 0x0000000088700000|100%| O|  |TAMS 0x0000000088700000, 0x0000000088700000| Untracked 
| 135|0x0000000088700000, 0x0000000088800000, 0x0000000088800000|100%| O|  |TAMS 0x0000000088800000, 0x0000000088800000| Untracked 
| 136|0x0000000088800000, 0x0000000088900000, 0x0000000088900000|100%| O|  |TAMS 0x0000000088900000, 0x0000000088900000| Untracked 
| 137|0x0000000088900000, 0x0000000088a00000, 0x0000000088a00000|100%| O|  |TAMS 0x0000000088a00000, 0x0000000088a00000| Untracked 
| 138|0x0000000088a00000, 0x0000000088b00000, 0x0000000088b00000|100%| O|  |TAMS 0x0000000088b00000, 0x0000000088b00000| Untracked 
| 139|0x0000000088b00000, 0x0000000088c00000, 0x0000000088c00000|100%| O|  |TAMS 0x0000000088c00000, 0x0000000088c00000| Untracked 
| 140|0x0000000088c00000, 0x0000000088d00000, 0x0000000088d00000|100%| O|  |TAMS 0x0000000088d00000, 0x0000000088d00000| Untracked 
| 141|0x0000000088d00000, 0x0000000088e00000, 0x0000000088e00000|100%| O|  |TAMS 0x0000000088e00000, 0x0000000088e00000| Untracked 
| 142|0x0000000088e00000, 0x0000000088f00000, 0x0000000088f00000|100%| O|  |TAMS 0x0000000088f00000, 0x0000000088f00000| Untracked 
| 143|0x0000000088f00000, 0x0000000089000000, 0x0000000089000000|100%| O|  |TAMS 0x0000000089000000, 0x0000000089000000| Untracked 
| 144|0x0000000089000000, 0x0000000089100000, 0x0000000089100000|100%| O|  |TAMS 0x0000000089100000, 0x0000000089100000| Untracked 
| 145|0x0000000089100000, 0x0000000089200000, 0x0000000089200000|100%| O|  |TAMS 0x0000000089200000, 0x0000000089200000| Untracked 
| 146|0x0000000089200000, 0x0000000089300000, 0x0000000089300000|100%| O|  |TAMS 0x0000000089300000, 0x0000000089300000| Untracked 
| 147|0x0000000089300000, 0x0000000089400000, 0x0000000089400000|100%| O|  |TAMS 0x0000000089400000, 0x0000000089400000| Untracked 
| 148|0x0000000089400000, 0x0000000089500000, 0x0000000089500000|100%| O|  |TAMS 0x0000000089500000, 0x0000000089500000| Untracked 
| 149|0x0000000089500000, 0x0000000089600000, 0x0000000089600000|100%| O|  |TAMS 0x0000000089600000, 0x0000000089600000| Untracked 
| 150|0x0000000089600000, 0x0000000089700000, 0x0000000089700000|100%| O|  |TAMS 0x0000000089700000, 0x0000000089700000| Untracked 
| 151|0x0000000089700000, 0x0000000089800000, 0x0000000089800000|100%| O|  |TAMS 0x0000000089800000, 0x0000000089800000| Untracked 
| 152|0x0000000089800000, 0x0000000089800000, 0x0000000089900000|  0%| F|  |TAMS 0x0000000089800000, 0x0000000089800000| Untracked 
| 153|0x0000000089900000, 0x0000000089a00000, 0x0000000089a00000|100%| O|  |TAMS 0x0000000089a00000, 0x0000000089a00000| Untracked 
| 154|0x0000000089a00000, 0x0000000089b00000, 0x0000000089b00000|100%| O|  |TAMS 0x0000000089b00000, 0x0000000089b00000| Untracked 
| 155|0x0000000089b00000, 0x0000000089c00000, 0x0000000089c00000|100%| O|  |TAMS 0x0000000089c00000, 0x0000000089c00000| Untracked 
| 156|0x0000000089c00000, 0x0000000089d00000, 0x0000000089d00000|100%| O|  |TAMS 0x0000000089d00000, 0x0000000089d00000| Untracked 
| 157|0x0000000089d00000, 0x0000000089e00000, 0x0000000089e00000|100%| O|  |TAMS 0x0000000089e00000, 0x0000000089e00000| Untracked 
| 158|0x0000000089e00000, 0x0000000089f00000, 0x0000000089f00000|100%| O|  |TAMS 0x0000000089f00000, 0x0000000089f00000| Untracked 
| 159|0x0000000089f00000, 0x000000008a000000, 0x000000008a000000|100%| O|  |TAMS 0x000000008a000000, 0x000000008a000000| Untracked 
| 160|0x000000008a000000, 0x000000008a100000, 0x000000008a100000|100%| O|  |TAMS 0x000000008a100000, 0x000000008a100000| Untracked 
| 161|0x000000008a100000, 0x000000008a200000, 0x000000008a200000|100%| O|  |TAMS 0x000000008a200000, 0x000000008a200000| Untracked 
| 162|0x000000008a200000, 0x000000008a200000, 0x000000008a300000|  0%| F|  |TAMS 0x000000008a200000, 0x000000008a200000| Untracked 
| 163|0x000000008a300000, 0x000000008a300000, 0x000000008a400000|  0%| F|  |TAMS 0x000000008a300000, 0x000000008a300000| Untracked 
| 164|0x000000008a400000, 0x000000008a500000, 0x000000008a500000|100%| O|  |TAMS 0x000000008a4a9a00, 0x000000008a500000| Untracked 
| 165|0x000000008a500000, 0x000000008a600000, 0x000000008a600000|100%| O|  |TAMS 0x000000008a500000, 0x000000008a600000| Untracked 
| 166|0x000000008a600000, 0x000000008a700000, 0x000000008a700000|100%| O|  |TAMS 0x000000008a600000, 0x000000008a700000| Untracked 
| 167|0x000000008a700000, 0x000000008a800000, 0x000000008a800000|100%| O|  |TAMS 0x000000008a700000, 0x000000008a800000| Untracked 
| 168|0x000000008a800000, 0x000000008a900000, 0x000000008a900000|100%| O|  |TAMS 0x000000008a800000, 0x000000008a900000| Untracked 
| 169|0x000000008a900000, 0x000000008aa00000, 0x000000008aa00000|100%| O|  |TAMS 0x000000008a900000, 0x000000008aa00000| Untracked 
| 170|0x000000008aa00000, 0x000000008ab00000, 0x000000008ab00000|100%| O|  |TAMS 0x000000008aa00000, 0x000000008ab00000| Untracked 
| 171|0x000000008ab00000, 0x000000008ac00000, 0x000000008ac00000|100%| O|  |TAMS 0x000000008ab00000, 0x000000008ac00000| Untracked 
| 172|0x000000008ac00000, 0x000000008ad00000, 0x000000008ad00000|100%| O|  |TAMS 0x000000008ac00000, 0x000000008ad00000| Untracked 
| 173|0x000000008ad00000, 0x000000008ae00000, 0x000000008ae00000|100%| O|  |TAMS 0x000000008ad00000, 0x000000008ae00000| Untracked 
| 174|0x000000008ae00000, 0x000000008af00000, 0x000000008af00000|100%| O|  |TAMS 0x000000008ae00000, 0x000000008af00000| Untracked 
| 175|0x000000008af00000, 0x000000008b000000, 0x000000008b000000|100%| O|  |TAMS 0x000000008af00000, 0x000000008b000000| Untracked 
| 176|0x000000008b000000, 0x000000008b100000, 0x000000008b100000|100%| O|  |TAMS 0x000000008b000000, 0x000000008b100000| Untracked 
| 177|0x000000008b100000, 0x000000008b200000, 0x000000008b200000|100%| O|  |TAMS 0x000000008b100000, 0x000000008b200000| Untracked 
| 178|0x000000008b200000, 0x000000008b300000, 0x000000008b300000|100%| O|  |TAMS 0x000000008b200000, 0x000000008b300000| Untracked 
| 179|0x000000008b300000, 0x000000008b393800, 0x000000008b400000| 57%| O|  |TAMS 0x000000008b300000, 0x000000008b393800| Untracked 
| 180|0x000000008b400000, 0x000000008b400000, 0x000000008b500000|  0%| F|  |TAMS 0x000000008b400000, 0x000000008b400000| Untracked 
| 181|0x000000008b500000, 0x000000008b500000, 0x000000008b600000|  0%| F|  |TAMS 0x000000008b500000, 0x000000008b500000| Untracked 
| 182|0x000000008b600000, 0x000000008b600000, 0x000000008b700000|  0%| F|  |TAMS 0x000000008b600000, 0x000000008b600000| Untracked 
| 183|0x000000008b700000, 0x000000008b700000, 0x000000008b800000|  0%| F|  |TAMS 0x000000008b700000, 0x000000008b700000| Untracked 
| 184|0x000000008b800000, 0x000000008b800000, 0x000000008b900000|  0%| F|  |TAMS 0x000000008b800000, 0x000000008b800000| Untracked 
| 185|0x000000008b900000, 0x000000008b900000, 0x000000008ba00000|  0%| F|  |TAMS 0x000000008b900000, 0x000000008b900000| Untracked 
| 186|0x000000008ba00000, 0x000000008ba00000, 0x000000008bb00000|  0%| F|  |TAMS 0x000000008ba00000, 0x000000008ba00000| Untracked 
| 187|0x000000008bb00000, 0x000000008bb00000, 0x000000008bc00000|  0%| F|  |TAMS 0x000000008bb00000, 0x000000008bb00000| Untracked 
| 188|0x000000008bc00000, 0x000000008bc00000, 0x000000008bd00000|  0%| F|  |TAMS 0x000000008bc00000, 0x000000008bc00000| Untracked 
| 189|0x000000008bd00000, 0x000000008bd00000, 0x000000008be00000|  0%| F|  |TAMS 0x000000008bd00000, 0x000000008bd00000| Untracked 
| 190|0x000000008be00000, 0x000000008be00000, 0x000000008bf00000|  0%| F|  |TAMS 0x000000008be00000, 0x000000008be00000| Untracked 
| 191|0x000000008bf00000, 0x000000008bf00000, 0x000000008c000000|  0%| F|  |TAMS 0x000000008bf00000, 0x000000008bf00000| Untracked 
| 192|0x000000008c000000, 0x000000008c000000, 0x000000008c100000|  0%| F|  |TAMS 0x000000008c000000, 0x000000008c000000| Untracked 
| 193|0x000000008c100000, 0x000000008c100000, 0x000000008c200000|  0%| F|  |TAMS 0x000000008c100000, 0x000000008c100000| Untracked 
| 194|0x000000008c200000, 0x000000008c200000, 0x000000008c300000|  0%| F|  |TAMS 0x000000008c200000, 0x000000008c200000| Untracked 
| 195|0x000000008c300000, 0x000000008c300000, 0x000000008c400000|  0%| F|  |TAMS 0x000000008c300000, 0x000000008c300000| Untracked 
| 196|0x000000008c400000, 0x000000008c400000, 0x000000008c500000|  0%| F|  |TAMS 0x000000008c400000, 0x000000008c400000| Untracked 
| 197|0x000000008c500000, 0x000000008c500000, 0x000000008c600000|  0%| F|  |TAMS 0x000000008c500000, 0x000000008c500000| Untracked 
| 198|0x000000008c600000, 0x000000008c600000, 0x000000008c700000|  0%| F|  |TAMS 0x000000008c600000, 0x000000008c600000| Untracked 
| 199|0x000000008c700000, 0x000000008c700000, 0x000000008c800000|  0%| F|  |TAMS 0x000000008c700000, 0x000000008c700000| Untracked 
| 200|0x000000008c800000, 0x000000008c800000, 0x000000008c900000|  0%| F|  |TAMS 0x000000008c800000, 0x000000008c800000| Untracked 
| 201|0x000000008c900000, 0x000000008c900000, 0x000000008ca00000|  0%| F|  |TAMS 0x000000008c900000, 0x000000008c900000| Untracked 
| 202|0x000000008ca00000, 0x000000008ca00000, 0x000000008cb00000|  0%| F|  |TAMS 0x000000008ca00000, 0x000000008ca00000| Untracked 
| 203|0x000000008cb00000, 0x000000008cb00000, 0x000000008cc00000|  0%| F|  |TAMS 0x000000008cb00000, 0x000000008cb00000| Untracked 
| 204|0x000000008cc00000, 0x000000008cc00000, 0x000000008cd00000|  0%| F|  |TAMS 0x000000008cc00000, 0x000000008cc00000| Untracked 
| 205|0x000000008cd00000, 0x000000008cd00000, 0x000000008ce00000|  0%| F|  |TAMS 0x000000008cd00000, 0x000000008cd00000| Untracked 
| 206|0x000000008ce00000, 0x000000008ce00000, 0x000000008cf00000|  0%| F|  |TAMS 0x000000008ce00000, 0x000000008ce00000| Untracked 
| 207|0x000000008cf00000, 0x000000008cf00000, 0x000000008d000000|  0%| F|  |TAMS 0x000000008cf00000, 0x000000008cf00000| Untracked 
| 208|0x000000008d000000, 0x000000008d000000, 0x000000008d100000|  0%| F|  |TAMS 0x000000008d000000, 0x000000008d000000| Untracked 
| 209|0x000000008d100000, 0x000000008d100000, 0x000000008d200000|  0%| F|  |TAMS 0x000000008d100000, 0x000000008d100000| Untracked 
| 210|0x000000008d200000, 0x000000008d200000, 0x000000008d300000|  0%| F|  |TAMS 0x000000008d200000, 0x000000008d200000| Untracked 
| 211|0x000000008d300000, 0x000000008d300000, 0x000000008d400000|  0%| F|  |TAMS 0x000000008d300000, 0x000000008d300000| Untracked 
| 212|0x000000008d400000, 0x000000008d400000, 0x000000008d500000|  0%| F|  |TAMS 0x000000008d400000, 0x000000008d400000| Untracked 
| 213|0x000000008d500000, 0x000000008d500000, 0x000000008d600000|  0%| F|  |TAMS 0x000000008d500000, 0x000000008d500000| Untracked 
| 214|0x000000008d600000, 0x000000008d600000, 0x000000008d700000|  0%| F|  |TAMS 0x000000008d600000, 0x000000008d600000| Untracked 
| 215|0x000000008d700000, 0x000000008d700000, 0x000000008d800000|  0%| F|  |TAMS 0x000000008d700000, 0x000000008d700000| Untracked 
| 216|0x000000008d800000, 0x000000008d800000, 0x000000008d900000|  0%| F|  |TAMS 0x000000008d800000, 0x000000008d800000| Untracked 
| 217|0x000000008d900000, 0x000000008d900000, 0x000000008da00000|  0%| F|  |TAMS 0x000000008d900000, 0x000000008d900000| Untracked 
| 218|0x000000008da00000, 0x000000008da00000, 0x000000008db00000|  0%| F|  |TAMS 0x000000008da00000, 0x000000008da00000| Untracked 
| 219|0x000000008db00000, 0x000000008db00000, 0x000000008dc00000|  0%| F|  |TAMS 0x000000008db00000, 0x000000008db00000| Untracked 
| 220|0x000000008dc00000, 0x000000008dc00000, 0x000000008dd00000|  0%| F|  |TAMS 0x000000008dc00000, 0x000000008dc00000| Untracked 
| 221|0x000000008dd00000, 0x000000008dd00000, 0x000000008de00000|  0%| F|  |TAMS 0x000000008dd00000, 0x000000008dd00000| Untracked 
| 222|0x000000008de00000, 0x000000008de00000, 0x000000008df00000|  0%| F|  |TAMS 0x000000008de00000, 0x000000008de00000| Untracked 
| 223|0x000000008df00000, 0x000000008df00000, 0x000000008e000000|  0%| F|  |TAMS 0x000000008df00000, 0x000000008df00000| Untracked 
| 224|0x000000008e000000, 0x000000008e000000, 0x000000008e100000|  0%| F|  |TAMS 0x000000008e000000, 0x000000008e000000| Untracked 
| 225|0x000000008e100000, 0x000000008e100000, 0x000000008e200000|  0%| F|  |TAMS 0x000000008e100000, 0x000000008e100000| Untracked 
| 226|0x000000008e200000, 0x000000008e200000, 0x000000008e300000|  0%| F|  |TAMS 0x000000008e200000, 0x000000008e200000| Untracked 
| 227|0x000000008e300000, 0x000000008e300000, 0x000000008e400000|  0%| F|  |TAMS 0x000000008e300000, 0x000000008e300000| Untracked 
| 228|0x000000008e400000, 0x000000008e400000, 0x000000008e500000|  0%| F|  |TAMS 0x000000008e400000, 0x000000008e400000| Untracked 
| 229|0x000000008e500000, 0x000000008e500000, 0x000000008e600000|  0%| F|  |TAMS 0x000000008e500000, 0x000000008e500000| Untracked 
| 230|0x000000008e600000, 0x000000008e600000, 0x000000008e700000|  0%| F|  |TAMS 0x000000008e600000, 0x000000008e600000| Untracked 
| 231|0x000000008e700000, 0x000000008e700000, 0x000000008e800000|  0%| F|  |TAMS 0x000000008e700000, 0x000000008e700000| Untracked 
| 232|0x000000008e800000, 0x000000008e800000, 0x000000008e900000|  0%| F|  |TAMS 0x000000008e800000, 0x000000008e800000| Untracked 
| 233|0x000000008e900000, 0x000000008e900000, 0x000000008ea00000|  0%| F|  |TAMS 0x000000008e900000, 0x000000008e900000| Untracked 
| 234|0x000000008ea00000, 0x000000008eaa5ba0, 0x000000008eb00000| 64%| S|CS|TAMS 0x000000008ea00000, 0x000000008ea00000| Complete 
| 235|0x000000008eb00000, 0x000000008ec00000, 0x000000008ec00000|100%| S|CS|TAMS 0x000000008eb00000, 0x000000008eb00000| Complete 
| 236|0x000000008ec00000, 0x000000008ed00000, 0x000000008ed00000|100%| S|CS|TAMS 0x000000008ec00000, 0x000000008ec00000| Complete 
| 237|0x000000008ed00000, 0x000000008ee00000, 0x000000008ee00000|100%| S|CS|TAMS 0x000000008ed00000, 0x000000008ed00000| Complete 
| 238|0x000000008ee00000, 0x000000008ef00000, 0x000000008ef00000|100%| S|CS|TAMS 0x000000008ee00000, 0x000000008ee00000| Complete 
| 239|0x000000008ef00000, 0x000000008f000000, 0x000000008f000000|100%| S|CS|TAMS 0x000000008ef00000, 0x000000008ef00000| Complete 
| 240|0x000000008f000000, 0x000000008f100000, 0x000000008f100000|100%| S|CS|TAMS 0x000000008f000000, 0x000000008f000000| Complete 
| 241|0x000000008f100000, 0x000000008f200000, 0x000000008f200000|100%| S|CS|TAMS 0x000000008f100000, 0x000000008f100000| Complete 
| 242|0x000000008f200000, 0x000000008f300000, 0x000000008f300000|100%| S|CS|TAMS 0x000000008f200000, 0x000000008f200000| Complete 
| 243|0x000000008f300000, 0x000000008f300000, 0x000000008f400000|  0%| F|  |TAMS 0x000000008f300000, 0x000000008f300000| Untracked 
| 244|0x000000008f400000, 0x000000008f400000, 0x000000008f500000|  0%| F|  |TAMS 0x000000008f400000, 0x000000008f400000| Untracked 
| 245|0x000000008f500000, 0x000000008f500000, 0x000000008f600000|  0%| F|  |TAMS 0x000000008f500000, 0x000000008f500000| Untracked 
| 246|0x000000008f600000, 0x000000008f600000, 0x000000008f700000|  0%| F|  |TAMS 0x000000008f600000, 0x000000008f600000| Untracked 
| 247|0x000000008f700000, 0x000000008f700000, 0x000000008f800000|  0%| F|  |TAMS 0x000000008f700000, 0x000000008f700000| Untracked 
| 248|0x000000008f800000, 0x000000008f800000, 0x000000008f900000|  0%| F|  |TAMS 0x000000008f800000, 0x000000008f800000| Untracked 
| 249|0x000000008f900000, 0x000000008f900000, 0x000000008fa00000|  0%| F|  |TAMS 0x000000008f900000, 0x000000008f900000| Untracked 
| 250|0x000000008fa00000, 0x000000008fa00000, 0x000000008fb00000|  0%| F|  |TAMS 0x000000008fa00000, 0x000000008fa00000| Untracked 
| 251|0x000000008fb00000, 0x000000008fb00000, 0x000000008fc00000|  0%| F|  |TAMS 0x000000008fb00000, 0x000000008fb00000| Untracked 
| 252|0x000000008fc00000, 0x000000008fc00000, 0x000000008fd00000|  0%| F|  |TAMS 0x000000008fc00000, 0x000000008fc00000| Untracked 
| 253|0x000000008fd00000, 0x000000008fd00000, 0x000000008fe00000|  0%| F|  |TAMS 0x000000008fd00000, 0x000000008fd00000| Untracked 
| 254|0x000000008fe00000, 0x000000008fe00000, 0x000000008ff00000|  0%| F|  |TAMS 0x000000008fe00000, 0x000000008fe00000| Untracked 
| 255|0x000000008ff00000, 0x000000008ff00000, 0x0000000090000000|  0%| F|  |TAMS 0x000000008ff00000, 0x000000008ff00000| Untracked 
| 256|0x0000000090000000, 0x0000000090000000, 0x0000000090100000|  0%| F|  |TAMS 0x0000000090000000, 0x0000000090000000| Untracked 
| 257|0x0000000090100000, 0x0000000090100000, 0x0000000090200000|  0%| F|  |TAMS 0x0000000090100000, 0x0000000090100000| Untracked 
| 258|0x0000000090200000, 0x0000000090200000, 0x0000000090300000|  0%| F|  |TAMS 0x0000000090200000, 0x0000000090200000| Untracked 
| 259|0x0000000090300000, 0x0000000090300000, 0x0000000090400000|  0%| F|  |TAMS 0x0000000090300000, 0x0000000090300000| Untracked 
| 260|0x0000000090400000, 0x0000000090400000, 0x0000000090500000|  0%| F|  |TAMS 0x0000000090400000, 0x0000000090400000| Untracked 
| 261|0x0000000090500000, 0x0000000090500000, 0x0000000090600000|  0%| F|  |TAMS 0x0000000090500000, 0x0000000090500000| Untracked 
| 262|0x0000000090600000, 0x0000000090600000, 0x0000000090700000|  0%| F|  |TAMS 0x0000000090600000, 0x0000000090600000| Untracked 
| 263|0x0000000090700000, 0x0000000090700000, 0x0000000090800000|  0%| F|  |TAMS 0x0000000090700000, 0x0000000090700000| Untracked 
| 264|0x0000000090800000, 0x0000000090800000, 0x0000000090900000|  0%| F|  |TAMS 0x0000000090800000, 0x0000000090800000| Untracked 
| 265|0x0000000090900000, 0x0000000090900000, 0x0000000090a00000|  0%| F|  |TAMS 0x0000000090900000, 0x0000000090900000| Untracked 
| 266|0x0000000090a00000, 0x0000000090a00000, 0x0000000090b00000|  0%| F|  |TAMS 0x0000000090a00000, 0x0000000090a00000| Untracked 
| 267|0x0000000090b00000, 0x0000000090b00000, 0x0000000090c00000|  0%| F|  |TAMS 0x0000000090b00000, 0x0000000090b00000| Untracked 
| 268|0x0000000090c00000, 0x0000000090c00000, 0x0000000090d00000|  0%| F|  |TAMS 0x0000000090c00000, 0x0000000090c00000| Untracked 
| 269|0x0000000090d00000, 0x0000000090d00000, 0x0000000090e00000|  0%| F|  |TAMS 0x0000000090d00000, 0x0000000090d00000| Untracked 
| 270|0x0000000090e00000, 0x0000000090e00000, 0x0000000090f00000|  0%| F|  |TAMS 0x0000000090e00000, 0x0000000090e00000| Untracked 
| 271|0x0000000090f00000, 0x0000000090f00000, 0x0000000091000000|  0%| F|  |TAMS 0x0000000090f00000, 0x0000000090f00000| Untracked 
| 272|0x0000000091000000, 0x0000000091000000, 0x0000000091100000|  0%| F|  |TAMS 0x0000000091000000, 0x0000000091000000| Untracked 
| 273|0x0000000091100000, 0x0000000091100000, 0x0000000091200000|  0%| F|  |TAMS 0x0000000091100000, 0x0000000091100000| Untracked 
| 274|0x0000000091200000, 0x0000000091200000, 0x0000000091300000|  0%| F|  |TAMS 0x0000000091200000, 0x0000000091200000| Untracked 
| 275|0x0000000091300000, 0x0000000091300000, 0x0000000091400000|  0%| F|  |TAMS 0x0000000091300000, 0x0000000091300000| Untracked 
| 276|0x0000000091400000, 0x0000000091400000, 0x0000000091500000|  0%| F|  |TAMS 0x0000000091400000, 0x0000000091400000| Untracked 
| 277|0x0000000091500000, 0x0000000091500000, 0x0000000091600000|  0%| F|  |TAMS 0x0000000091500000, 0x0000000091500000| Untracked 
| 278|0x0000000091600000, 0x0000000091600000, 0x0000000091700000|  0%| F|  |TAMS 0x0000000091600000, 0x0000000091600000| Untracked 
| 279|0x0000000091700000, 0x0000000091700000, 0x0000000091800000|  0%| F|  |TAMS 0x0000000091700000, 0x0000000091700000| Untracked 
| 280|0x0000000091800000, 0x0000000091800000, 0x0000000091900000|  0%| F|  |TAMS 0x0000000091800000, 0x0000000091800000| Untracked 
| 281|0x0000000091900000, 0x0000000091900000, 0x0000000091a00000|  0%| F|  |TAMS 0x0000000091900000, 0x0000000091900000| Untracked 
| 282|0x0000000091a00000, 0x0000000091a00000, 0x0000000091b00000|  0%| F|  |TAMS 0x0000000091a00000, 0x0000000091a00000| Untracked 
| 283|0x0000000091b00000, 0x0000000091b00000, 0x0000000091c00000|  0%| F|  |TAMS 0x0000000091b00000, 0x0000000091b00000| Untracked 
| 284|0x0000000091c00000, 0x0000000091c00000, 0x0000000091d00000|  0%| F|  |TAMS 0x0000000091c00000, 0x0000000091c00000| Untracked 
| 285|0x0000000091d00000, 0x0000000091d00000, 0x0000000091e00000|  0%| F|  |TAMS 0x0000000091d00000, 0x0000000091d00000| Untracked 
| 286|0x0000000091e00000, 0x0000000091e00000, 0x0000000091f00000|  0%| F|  |TAMS 0x0000000091e00000, 0x0000000091e00000| Untracked 
| 287|0x0000000091f00000, 0x0000000091f00000, 0x0000000092000000|  0%| F|  |TAMS 0x0000000091f00000, 0x0000000091f00000| Untracked 
| 288|0x0000000092000000, 0x0000000092000000, 0x0000000092100000|  0%| F|  |TAMS 0x0000000092000000, 0x0000000092000000| Untracked 
| 289|0x0000000092100000, 0x0000000092100000, 0x0000000092200000|  0%| F|  |TAMS 0x0000000092100000, 0x0000000092100000| Untracked 
| 290|0x0000000092200000, 0x0000000092200000, 0x0000000092300000|  0%| F|  |TAMS 0x0000000092200000, 0x0000000092200000| Untracked 
| 291|0x0000000092300000, 0x0000000092300000, 0x0000000092400000|  0%| F|  |TAMS 0x0000000092300000, 0x0000000092300000| Untracked 
| 292|0x0000000092400000, 0x0000000092400000, 0x0000000092500000|  0%| F|  |TAMS 0x0000000092400000, 0x0000000092400000| Untracked 
| 293|0x0000000092500000, 0x0000000092500000, 0x0000000092600000|  0%| F|  |TAMS 0x0000000092500000, 0x0000000092500000| Untracked 
| 294|0x0000000092600000, 0x0000000092600000, 0x0000000092700000|  0%| F|  |TAMS 0x0000000092600000, 0x0000000092600000| Untracked 
| 295|0x0000000092700000, 0x0000000092700000, 0x0000000092800000|  0%| F|  |TAMS 0x0000000092700000, 0x0000000092700000| Untracked 
| 296|0x0000000092800000, 0x0000000092800000, 0x0000000092900000|  0%| F|  |TAMS 0x0000000092800000, 0x0000000092800000| Untracked 
| 297|0x0000000092900000, 0x0000000092900000, 0x0000000092a00000|  0%| F|  |TAMS 0x0000000092900000, 0x0000000092900000| Untracked 
| 298|0x0000000092a00000, 0x0000000092a00000, 0x0000000092b00000|  0%| F|  |TAMS 0x0000000092a00000, 0x0000000092a00000| Untracked 
| 299|0x0000000092b00000, 0x0000000092b00000, 0x0000000092c00000|  0%| F|  |TAMS 0x0000000092b00000, 0x0000000092b00000| Untracked 
| 300|0x0000000092c00000, 0x0000000092c00000, 0x0000000092d00000|  0%| F|  |TAMS 0x0000000092c00000, 0x0000000092c00000| Untracked 
| 301|0x0000000092d00000, 0x0000000092d00000, 0x0000000092e00000|  0%| F|  |TAMS 0x0000000092d00000, 0x0000000092d00000| Untracked 
| 302|0x0000000092e00000, 0x0000000092e00000, 0x0000000092f00000|  0%| F|  |TAMS 0x0000000092e00000, 0x0000000092e00000| Untracked 
| 303|0x0000000092f00000, 0x0000000092f00000, 0x0000000093000000|  0%| F|  |TAMS 0x0000000092f00000, 0x0000000092f00000| Untracked 
| 304|0x0000000093000000, 0x0000000093000000, 0x0000000093100000|  0%| F|  |TAMS 0x0000000093000000, 0x0000000093000000| Untracked 
| 305|0x0000000093100000, 0x0000000093100000, 0x0000000093200000|  0%| F|  |TAMS 0x0000000093100000, 0x0000000093100000| Untracked 
| 306|0x0000000093200000, 0x0000000093200000, 0x0000000093300000|  0%| F|  |TAMS 0x0000000093200000, 0x0000000093200000| Untracked 
| 307|0x0000000093300000, 0x0000000093300000, 0x0000000093400000|  0%| F|  |TAMS 0x0000000093300000, 0x0000000093300000| Untracked 
| 308|0x0000000093400000, 0x0000000093400000, 0x0000000093500000|  0%| F|  |TAMS 0x0000000093400000, 0x0000000093400000| Untracked 
| 309|0x0000000093500000, 0x0000000093500000, 0x0000000093600000|  0%| F|  |TAMS 0x0000000093500000, 0x0000000093500000| Untracked 
| 310|0x0000000093600000, 0x0000000093600000, 0x0000000093700000|  0%| F|  |TAMS 0x0000000093600000, 0x0000000093600000| Untracked 
| 311|0x0000000093700000, 0x0000000093700000, 0x0000000093800000|  0%| F|  |TAMS 0x0000000093700000, 0x0000000093700000| Untracked 
| 312|0x0000000093800000, 0x0000000093800000, 0x0000000093900000|  0%| F|  |TAMS 0x0000000093800000, 0x0000000093800000| Untracked 
| 313|0x0000000093900000, 0x0000000093900000, 0x0000000093a00000|  0%| F|  |TAMS 0x0000000093900000, 0x0000000093900000| Untracked 
| 314|0x0000000093a00000, 0x0000000093a00000, 0x0000000093b00000|  0%| F|  |TAMS 0x0000000093a00000, 0x0000000093a00000| Untracked 
| 315|0x0000000093b00000, 0x0000000093b00000, 0x0000000093c00000|  0%| F|  |TAMS 0x0000000093b00000, 0x0000000093b00000| Untracked 
| 316|0x0000000093c00000, 0x0000000093c00000, 0x0000000093d00000|  0%| F|  |TAMS 0x0000000093c00000, 0x0000000093c00000| Untracked 
| 317|0x0000000093d00000, 0x0000000093d00000, 0x0000000093e00000|  0%| F|  |TAMS 0x0000000093d00000, 0x0000000093d00000| Untracked 
| 318|0x0000000093e00000, 0x0000000093e00000, 0x0000000093f00000|  0%| F|  |TAMS 0x0000000093e00000, 0x0000000093e00000| Untracked 
| 319|0x0000000093f00000, 0x0000000093f00000, 0x0000000094000000|  0%| F|  |TAMS 0x0000000093f00000, 0x0000000093f00000| Untracked 
| 320|0x0000000094000000, 0x0000000094000000, 0x0000000094100000|  0%| F|  |TAMS 0x0000000094000000, 0x0000000094000000| Untracked 
| 321|0x0000000094100000, 0x0000000094100000, 0x0000000094200000|  0%| F|  |TAMS 0x0000000094100000, 0x0000000094100000| Untracked 
| 322|0x0000000094200000, 0x0000000094200000, 0x0000000094300000|  0%| F|  |TAMS 0x0000000094200000, 0x0000000094200000| Untracked 
| 323|0x0000000094300000, 0x0000000094300000, 0x0000000094400000|  0%| F|  |TAMS 0x0000000094300000, 0x0000000094300000| Untracked 
| 324|0x0000000094400000, 0x0000000094400000, 0x0000000094500000|  0%| F|  |TAMS 0x0000000094400000, 0x0000000094400000| Untracked 
| 325|0x0000000094500000, 0x0000000094500000, 0x0000000094600000|  0%| F|  |TAMS 0x0000000094500000, 0x0000000094500000| Untracked 
| 326|0x0000000094600000, 0x0000000094600000, 0x0000000094700000|  0%| F|  |TAMS 0x0000000094600000, 0x0000000094600000| Untracked 
| 327|0x0000000094700000, 0x0000000094700000, 0x0000000094800000|  0%| F|  |TAMS 0x0000000094700000, 0x0000000094700000| Untracked 
| 328|0x0000000094800000, 0x0000000094800000, 0x0000000094900000|  0%| F|  |TAMS 0x0000000094800000, 0x0000000094800000| Untracked 
| 329|0x0000000094900000, 0x0000000094900000, 0x0000000094a00000|  0%| F|  |TAMS 0x0000000094900000, 0x0000000094900000| Untracked 
| 330|0x0000000094a00000, 0x0000000094a00000, 0x0000000094b00000|  0%| F|  |TAMS 0x0000000094a00000, 0x0000000094a00000| Untracked 
| 331|0x0000000094b00000, 0x0000000094b00000, 0x0000000094c00000|  0%| F|  |TAMS 0x0000000094b00000, 0x0000000094b00000| Untracked 
| 332|0x0000000094c00000, 0x0000000094c00000, 0x0000000094d00000|  0%| F|  |TAMS 0x0000000094c00000, 0x0000000094c00000| Untracked 
| 333|0x0000000094d00000, 0x0000000094d00000, 0x0000000094e00000|  0%| F|  |TAMS 0x0000000094d00000, 0x0000000094d00000| Untracked 
| 334|0x0000000094e00000, 0x0000000094e00000, 0x0000000094f00000|  0%| F|  |TAMS 0x0000000094e00000, 0x0000000094e00000| Untracked 
| 335|0x0000000094f00000, 0x0000000094f00000, 0x0000000095000000|  0%| F|  |TAMS 0x0000000094f00000, 0x0000000094f00000| Untracked 
| 336|0x0000000095000000, 0x0000000095000000, 0x0000000095100000|  0%| F|  |TAMS 0x0000000095000000, 0x0000000095000000| Untracked 
| 337|0x0000000095100000, 0x0000000095100000, 0x0000000095200000|  0%| F|  |TAMS 0x0000000095100000, 0x0000000095100000| Untracked 
| 338|0x0000000095200000, 0x0000000095200000, 0x0000000095300000|  0%| F|  |TAMS 0x0000000095200000, 0x0000000095200000| Untracked 
| 339|0x0000000095300000, 0x0000000095300000, 0x0000000095400000|  0%| F|  |TAMS 0x0000000095300000, 0x0000000095300000| Untracked 
| 340|0x0000000095400000, 0x0000000095400000, 0x0000000095500000|  0%| F|  |TAMS 0x0000000095400000, 0x0000000095400000| Untracked 
| 341|0x0000000095500000, 0x0000000095500000, 0x0000000095600000|  0%| F|  |TAMS 0x0000000095500000, 0x0000000095500000| Untracked 
| 342|0x0000000095600000, 0x0000000095600000, 0x0000000095700000|  0%| F|  |TAMS 0x0000000095600000, 0x0000000095600000| Untracked 
| 343|0x0000000095700000, 0x0000000095700000, 0x0000000095800000|  0%| F|  |TAMS 0x0000000095700000, 0x0000000095700000| Untracked 
| 344|0x0000000095800000, 0x0000000095800000, 0x0000000095900000|  0%| F|  |TAMS 0x0000000095800000, 0x0000000095800000| Untracked 
| 345|0x0000000095900000, 0x0000000095900000, 0x0000000095a00000|  0%| F|  |TAMS 0x0000000095900000, 0x0000000095900000| Untracked 
| 346|0x0000000095a00000, 0x0000000095a00000, 0x0000000095b00000|  0%| F|  |TAMS 0x0000000095a00000, 0x0000000095a00000| Untracked 
| 347|0x0000000095b00000, 0x0000000095b00000, 0x0000000095c00000|  0%| F|  |TAMS 0x0000000095b00000, 0x0000000095b00000| Untracked 
| 348|0x0000000095c00000, 0x0000000095c00000, 0x0000000095d00000|  0%| F|  |TAMS 0x0000000095c00000, 0x0000000095c00000| Untracked 
| 349|0x0000000095d00000, 0x0000000095d00000, 0x0000000095e00000|  0%| F|  |TAMS 0x0000000095d00000, 0x0000000095d00000| Untracked 
| 350|0x0000000095e00000, 0x0000000095e00000, 0x0000000095f00000|  0%| F|  |TAMS 0x0000000095e00000, 0x0000000095e00000| Untracked 
| 351|0x0000000095f00000, 0x0000000095f00000, 0x0000000096000000|  0%| F|  |TAMS 0x0000000095f00000, 0x0000000095f00000| Untracked 
| 352|0x0000000096000000, 0x0000000096000000, 0x0000000096100000|  0%| F|  |TAMS 0x0000000096000000, 0x0000000096000000| Untracked 
| 353|0x0000000096100000, 0x0000000096100000, 0x0000000096200000|  0%| F|  |TAMS 0x0000000096100000, 0x0000000096100000| Untracked 
| 354|0x0000000096200000, 0x0000000096200000, 0x0000000096300000|  0%| F|  |TAMS 0x0000000096200000, 0x0000000096200000| Untracked 
| 355|0x0000000096300000, 0x0000000096300000, 0x0000000096400000|  0%| F|  |TAMS 0x0000000096300000, 0x0000000096300000| Untracked 
| 356|0x0000000096400000, 0x0000000096400000, 0x0000000096500000|  0%| F|  |TAMS 0x0000000096400000, 0x0000000096400000| Untracked 
| 357|0x0000000096500000, 0x0000000096500000, 0x0000000096600000|  0%| F|  |TAMS 0x0000000096500000, 0x0000000096500000| Untracked 
| 358|0x0000000096600000, 0x0000000096600000, 0x0000000096700000|  0%| F|  |TAMS 0x0000000096600000, 0x0000000096600000| Untracked 
| 359|0x0000000096700000, 0x0000000096700000, 0x0000000096800000|  0%| F|  |TAMS 0x0000000096700000, 0x0000000096700000| Untracked 
| 360|0x0000000096800000, 0x0000000096800000, 0x0000000096900000|  0%| F|  |TAMS 0x0000000096800000, 0x0000000096800000| Untracked 
| 361|0x0000000096900000, 0x0000000096900000, 0x0000000096a00000|  0%| F|  |TAMS 0x0000000096900000, 0x0000000096900000| Untracked 
| 362|0x0000000096a00000, 0x0000000096a00000, 0x0000000096b00000|  0%| F|  |TAMS 0x0000000096a00000, 0x0000000096a00000| Untracked 
| 363|0x0000000096b00000, 0x0000000096b00000, 0x0000000096c00000|  0%| F|  |TAMS 0x0000000096b00000, 0x0000000096b00000| Untracked 
| 364|0x0000000096c00000, 0x0000000096c00000, 0x0000000096d00000|  0%| F|  |TAMS 0x0000000096c00000, 0x0000000096c00000| Untracked 
| 365|0x0000000096d00000, 0x0000000096d00000, 0x0000000096e00000|  0%| F|  |TAMS 0x0000000096d00000, 0x0000000096d00000| Untracked 
| 366|0x0000000096e00000, 0x0000000096e00000, 0x0000000096f00000|  0%| F|  |TAMS 0x0000000096e00000, 0x0000000096e00000| Untracked 
| 367|0x0000000096f00000, 0x0000000096f00000, 0x0000000097000000|  0%| F|  |TAMS 0x0000000096f00000, 0x0000000096f00000| Untracked 
| 368|0x0000000097000000, 0x0000000097000000, 0x0000000097100000|  0%| F|  |TAMS 0x0000000097000000, 0x0000000097000000| Untracked 
| 369|0x0000000097100000, 0x0000000097100000, 0x0000000097200000|  0%| F|  |TAMS 0x0000000097100000, 0x0000000097100000| Untracked 

Card table byte_map: [0x000002465c2c0000,0x000002465c6c0000] _byte_map_base: 0x000002465bec0000

Marking Bits (Prev, Next): (CMBitMap*) 0x0000024644f3b210, (CMBitMap*) 0x0000024644f3b250
 Prev Bits: [0x000002465cac0000, 0x000002465eac0000)
 Next Bits: [0x000002465eac0000, 0x0000024660ac0000)

Polling page: 0x00000246430d0000

Metaspace:

Usage:
  Non-class:    127.86 MB used.
      Class:     20.81 MB used.
       Both:    148.67 MB used.

Virtual space:
  Non-class space:      192.00 MB reserved,     128.62 MB ( 67%) committed,  3 nodes.
      Class space:        1.00 GB reserved,      21.56 MB (  2%) committed,  1 nodes.
             Both:        1.19 GB reserved,     150.19 MB ( 12%) committed. 

Chunk freelists:
   Non-Class:  15.25 MB
       Class:  10.38 MB
        Both:  25.62 MB

MaxMetaspaceSize: unlimited
CompressedClassSpaceSize: 1.00 GB
Initial GC threshold: 21.00 MB
Current GC threshold: 214.50 MB
CDS: off
MetaspaceReclaimPolicy: balanced
 - commit_granule_bytes: 65536.
 - commit_granule_words: 8192.
 - virtual_space_node_default_size: 8388608.
 - enlarge_chunks_in_place: 1.
 - new_chunks_are_fully_committed: 0.
 - uncommit_free_chunks: 1.
 - use_allocation_guard: 0.
 - handle_deallocations: 1.


Internal statistics:

num_allocs_failed_limit: 6.
num_arena_births: 2704.
num_arena_deaths: 2.
num_vsnodes_births: 4.
num_vsnodes_deaths: 0.
num_space_committed: 2402.
num_space_uncommitted: 0.
num_chunks_returned_to_freelist: 8.
num_chunks_taken_from_freelist: 9382.
num_chunk_merges: 6.
num_chunk_splits: 5984.
num_chunks_enlarged: 3685.
num_inconsistent_stats: 0.

CodeHeap 'non-profiled nmethods': size=120000Kb used=10699Kb max_used=10699Kb free=109300Kb
 bounds [0x0000024654540000, 0x0000024654fc0000, 0x000002465ba70000]
CodeHeap 'profiled nmethods': size=120000Kb used=30608Kb max_used=30608Kb free=89391Kb
 bounds [0x000002464ca70000, 0x000002464e860000, 0x0000024653fa0000]
CodeHeap 'non-nmethods': size=5760Kb used=1885Kb max_used=1930Kb free=3874Kb
 bounds [0x0000024653fa0000, 0x0000024654210000, 0x0000024654540000]
 total_blobs=16943 nmethods=15955 adapters=899
 compilation: enabled
              stopped_count=0, restarted_count=0
 full_count=0

Compilation events (20 events):
Event: 58.178 Thread 0x00000246040fe240 nmethod 18983 0x000002464e84a810 code [0x000002464e84a9c0, 0x000002464e84ac18]
Event: 58.178 Thread 0x00000246040fe240 18963       3       com.android.tools.r8.internal.ir2::getValue (13 bytes)
Event: 58.178 Thread 0x00000246040fe240 nmethod 18963 0x000002464e84ad90 code [0x000002464e84af40, 0x000002464e84b078]
Event: 58.178 Thread 0x00000246040fe240 18942       3       com.android.tools.r8.internal.uj4::<init> (31 bytes)
Event: 58.178 Thread 0x00000246040fe240 nmethod 18942 0x000002464e84b190 code [0x000002464e84b3a0, 0x000002464e84bb58]
Event: 58.178 Thread 0x00000246040fe240 19007       3       com.android.tools.r8.internal.uz3::<init> (15 bytes)
Event: 58.178 Thread 0x00000246040fe240 nmethod 19007 0x000002464e84bd90 code [0x000002464e84bf60, 0x000002464e84c278]
Event: 58.178 Thread 0x00000246040fe240 18944       3       com.android.tools.r8.internal.uj4::a (153 bytes)
Event: 58.179 Thread 0x00000246040fe240 nmethod 18944 0x000002464e84c410 code [0x000002464e84c680, 0x000002464e84d0f8]
Event: 58.179 Thread 0x00000246040fe240 19008       3       com.android.tools.r8.internal.tg0::<init> (10 bytes)
Event: 58.179 Thread 0x00000246040fe240 nmethod 19008 0x000002464e84d410 code [0x000002464e84d5c0, 0x000002464e84d738]
Event: 58.179 Thread 0x00000246040fe240 19010   !   3       java.util.concurrent.ConcurrentHashMap::computeIfAbsent (576 bytes)
Event: 58.182 Thread 0x00000246040fe240 nmethod 19010 0x000002464e84d810 code [0x000002464e84dc20, 0x000002464e84fdb8]
Event: 58.182 Thread 0x00000246040fe240 19023       3       com.android.tools.r8.internal.oj4::a (453 bytes)
Event: 58.183 Thread 0x00000246040fe240 nmethod 19023 0x000002464e850d10 code [0x000002464e8510c0, 0x000002464e852e88]
Event: 58.183 Thread 0x00000246040fe240 19018       3       com.android.tools.r8.internal.gn1::next (64 bytes)
Event: 58.184 Thread 0x00000246040fe240 nmethod 19018 0x000002464e853390 code [0x000002464e853580, 0x000002464e853b78]
Event: 58.184 Thread 0x00000246040fe240 19009       3       com.android.tools.r8.internal.dc0::a (30 bytes)
Event: 58.184 Thread 0x00000246040fe240 nmethod 19009 0x000002464e853d90 code [0x000002464e853f20, 0x000002464e854038]
Event: 58.184 Thread 0x00000246040fe240 19027       3       com.android.tools.r8.internal.a52::a (218 bytes)

GC Heap History (20 events):
Event: 47.137 GC heap after
{Heap after GC invocations=71 (full 0):
 garbage-first heap   total 378880K, used 121193K [0x0000000080000000, 0x0000000100000000)
  region size 1024K, 2 young (2048K), 2 survivors (2048K)
 Metaspace       used 104824K, committed 106048K, reserved 1179648K
  class space    used 14233K, committed 14848K, reserved 1048576K
}
Event: 47.759 GC heap before
{Heap before GC invocations=71 (full 0):
 garbage-first heap   total 378880K, used 212329K [0x0000000080000000, 0x0000000100000000)
  region size 1024K, 92 young (94208K), 2 survivors (2048K)
 Metaspace       used 112182K, committed 113472K, reserved 1179648K
  class space    used 15161K, committed 15808K, reserved 1048576K
}
Event: 47.762 GC heap after
{Heap after GC invocations=72 (full 0):
 garbage-first heap   total 378880K, used 124444K [0x0000000080000000, 0x0000000100000000)
  region size 1024K, 5 young (5120K), 5 survivors (5120K)
 Metaspace       used 112182K, committed 113472K, reserved 1179648K
  class space    used 15161K, committed 15808K, reserved 1048576K
}
Event: 53.111 GC heap before
{Heap before GC invocations=73 (full 0):
 garbage-first heap   total 378880K, used 307740K [0x0000000080000000, 0x0000000100000000)
  region size 1024K, 180 young (184320K), 5 survivors (5120K)
 Metaspace       used 120284K, committed 121664K, reserved 1179648K
  class space    used 16020K, committed 16704K, reserved 1048576K
}
Event: 53.122 GC heap after
{Heap after GC invocations=74 (full 0):
 garbage-first heap   total 378880K, used 137033K [0x0000000080000000, 0x0000000100000000)
  region size 1024K, 17 young (17408K), 17 survivors (17408K)
 Metaspace       used 120284K, committed 121664K, reserved 1179648K
  class space    used 16020K, committed 16704K, reserved 1048576K
}
Event: 53.126 GC heap before
{Heap before GC invocations=74 (full 0):
 garbage-first heap   total 378880K, used 138057K [0x0000000080000000, 0x0000000100000000)
  region size 1024K, 18 young (18432K), 17 survivors (17408K)
 Metaspace       used 120284K, committed 121664K, reserved 1179648K
  class space    used 16020K, committed 16704K, reserved 1048576K
}
Event: 53.134 GC heap after
{Heap after GC invocations=75 (full 0):
 garbage-first heap   total 378880K, used 137412K [0x0000000080000000, 0x0000000100000000)
  region size 1024K, 1 young (1024K), 1 survivors (1024K)
 Metaspace       used 120284K, committed 121664K, reserved 1179648K
  class space    used 16020K, committed 16704K, reserved 1048576K
}
Event: 54.363 GC heap before
{Heap before GC invocations=75 (full 0):
 garbage-first heap   total 378880K, used 306372K [0x0000000080000000, 0x0000000100000000)
  region size 1024K, 166 young (169984K), 1 survivors (1024K)
 Metaspace       used 125554K, committed 126976K, reserved 1179648K
  class space    used 16761K, committed 17472K, reserved 1048576K
}
Event: 54.372 GC heap after
{Heap after GC invocations=76 (full 0):
 garbage-first heap   total 378880K, used 156646K [0x0000000080000000, 0x0000000100000000)
  region size 1024K, 20 young (20480K), 20 survivors (20480K)
 Metaspace       used 125554K, committed 126976K, reserved 1179648K
  class space    used 16761K, committed 17472K, reserved 1048576K
}
Event: 55.202 GC heap before
{Heap before GC invocations=77 (full 0):
 garbage-first heap   total 378880K, used 303078K [0x0000000080000000, 0x0000000100000000)
  region size 1024K, 164 young (167936K), 20 survivors (20480K)
 Metaspace       used 128246K, committed 129728K, reserved 1179648K
  class space    used 17096K, committed 17792K, reserved 1048576K
}
Event: 55.210 GC heap after
{Heap after GC invocations=78 (full 0):
 garbage-first heap   total 378880K, used 166480K [0x0000000080000000, 0x0000000100000000)
  region size 1024K, 10 young (10240K), 10 survivors (10240K)
 Metaspace       used 128246K, committed 129728K, reserved 1179648K
  class space    used 17096K, committed 17792K, reserved 1048576K
}
Event: 55.259 GC heap before
{Heap before GC invocations=78 (full 0):
 garbage-first heap   total 378880K, used 173648K [0x0000000080000000, 0x0000000100000000)
  region size 1024K, 18 young (18432K), 10 survivors (10240K)
 Metaspace       used 128334K, committed 129856K, reserved 1179648K
  class space    used 17107K, committed 17856K, reserved 1048576K
}
Event: 55.264 GC heap after
{Heap after GC invocations=79 (full 0):
 garbage-first heap   total 378880K, used 165766K [0x0000000080000000, 0x0000000100000000)
  region size 1024K, 3 young (3072K), 3 survivors (3072K)
 Metaspace       used 128334K, committed 129856K, reserved 1179648K
  class space    used 17107K, committed 17856K, reserved 1048576K
}
Event: 56.834 GC heap before
{Heap before GC invocations=79 (full 0):
 garbage-first heap   total 378880K, used 244614K [0x0000000080000000, 0x0000000100000000)
  region size 1024K, 82 young (83968K), 3 survivors (3072K)
 Metaspace       used 129965K, committed 131456K, reserved 1179648K
  class space    used 17293K, committed 18048K, reserved 1048576K
}
Event: 56.838 GC heap after
{Heap after GC invocations=80 (full 0):
 garbage-first heap   total 378880K, used 168355K [0x0000000080000000, 0x0000000100000000)
  region size 1024K, 5 young (5120K), 5 survivors (5120K)
 Metaspace       used 129965K, committed 131456K, reserved 1179648K
  class space    used 17293K, committed 18048K, reserved 1048576K
}
Event: 57.732 GC heap before
{Heap before GC invocations=81 (full 0):
 garbage-first heap   total 378880K, used 310691K [0x0000000080000000, 0x0000000100000000)
  region size 1024K, 143 young (146432K), 5 survivors (5120K)
 Metaspace       used 143394K, committed 145024K, reserved 1179648K
  class space    used 19794K, committed 20608K, reserved 1048576K
}
Event: 57.738 GC heap after
{Heap after GC invocations=82 (full 0):
 garbage-first heap   total 378880K, used 181263K [0x0000000080000000, 0x0000000100000000)
  region size 1024K, 18 young (18432K), 18 survivors (18432K)
 Metaspace       used 143394K, committed 145024K, reserved 1179648K
  class space    used 19794K, committed 20608K, reserved 1048576K
}
Event: 57.747 GC heap before
{Heap before GC invocations=82 (full 0):
 garbage-first heap   total 378880K, used 182287K [0x0000000080000000, 0x0000000100000000)
  region size 1024K, 19 young (19456K), 18 survivors (18432K)
 Metaspace       used 143503K, committed 145088K, reserved 1179648K
  class space    used 19819K, committed 20608K, reserved 1048576K
}
Event: 57.751 GC heap after
{Heap after GC invocations=83 (full 0):
 garbage-first heap   total 378880K, used 181101K [0x0000000080000000, 0x0000000100000000)
  region size 1024K, 3 young (3072K), 3 survivors (3072K)
 Metaspace       used 143503K, committed 145088K, reserved 1179648K
  class space    used 19819K, committed 20608K, reserved 1048576K
}
Event: 58.184 GC heap before
{Heap before GC invocations=83 (full 0):
 garbage-first heap   total 378880K, used 307053K [0x0000000080000000, 0x0000000100000000)
  region size 1024K, 127 young (130048K), 3 survivors (3072K)
 Metaspace       used 152239K, committed 153792K, reserved 1245184K
  class space    used 21307K, committed 22080K, reserved 1048576K
}

Dll operation events (15 events):
Event: 0.007 Loaded shared library C:\Users\16696\.jdks\ms-17.0.19\bin\java.dll
Event: 1.169 Loaded shared library C:\Users\16696\.jdks\ms-17.0.19\bin\jsvml.dll
Event: 2.283 Loaded shared library C:\Users\16696\.jdks\ms-17.0.19\bin\zip.dll
Event: 2.291 Loaded shared library C:\Users\16696\.jdks\ms-17.0.19\bin\instrument.dll
Event: 2.303 Loaded shared library C:\Users\16696\.jdks\ms-17.0.19\bin\net.dll
Event: 2.305 Loaded shared library C:\Users\16696\.jdks\ms-17.0.19\bin\nio.dll
Event: 2.312 Loaded shared library C:\Users\16696\.jdks\ms-17.0.19\bin\zip.dll
Event: 2.415 Loaded shared library C:\Users\16696\.jdks\ms-17.0.19\bin\jimage.dll
Event: 2.632 Loaded shared library C:\Users\16696\.jdks\ms-17.0.19\bin\verify.dll
Event: 2.659 Loaded shared library C:\Users\16696\.gradle\native\660c5614fbf4a5f2a75b1949f50a0caf5cd603558e7d8a26e50b933a0cfb79d1\windows-amd64\native-platform.dll
Event: 2.668 Loaded shared library C:\Users\16696\.gradle\native\0.2.8\x86_64-windows-gnu\gradle-fileevents.dll
Event: 3.179 Loaded shared library C:\Users\16696\.jdks\ms-17.0.19\bin\management.dll
Event: 3.181 Loaded shared library C:\Users\16696\.jdks\ms-17.0.19\bin\management_ext.dll
Event: 3.358 Loaded shared library C:\Users\16696\.jdks\ms-17.0.19\bin\extnet.dll
Event: 3.501 Loaded shared library C:\Users\16696\.jdks\ms-17.0.19\bin\sunmscapi.dll

Deoptimization events (20 events):
Event: 58.161 Thread 0x0000024606c0c420 Uncommon trap: trap_request=0xffffff45 fr.pc=0x0000024654f916ec relative=0x000000000000014c
Event: 58.161 Thread 0x0000024606c0c420 Uncommon trap: reason=unstable_if action=reinterpret pc=0x0000024654f916ec method=java.util.IdentityHashMap.maskNull(Ljava/lang/Object;)Ljava/lang/Object; @ 1 c2
Event: 58.161 Thread 0x0000024606c0c420 DEOPT PACKING pc=0x0000024654f916ec sp=0x000000bd070fd1f0
Event: 58.161 Thread 0x0000024606c0c420 DEOPT UNPACKING pc=0x0000024653ff69a3 sp=0x000000bd070fd118 mode 2
Event: 58.165 Thread 0x00000246091dd830 Uncommon trap: trap_request=0xffffff45 fr.pc=0x00000246547d04c0 relative=0x0000000000000460
Event: 58.165 Thread 0x00000246091dd830 Uncommon trap: reason=unstable_if action=reinterpret pc=0x00000246547d04c0 method=sun.security.provider.DigestBase.engineUpdate([BII)V @ 1 c2
Event: 58.165 Thread 0x00000246091dd830 DEOPT PACKING pc=0x00000246547d04c0 sp=0x000000bd076fd340
Event: 58.165 Thread 0x00000246091dd830 DEOPT UNPACKING pc=0x0000024653ff69a3 sp=0x000000bd076fd2f8 mode 2
Event: 58.167 Thread 0x00000246091de760 Uncommon trap: trap_request=0xffffff45 fr.pc=0x00000246547486d4 relative=0x0000000000000234
Event: 58.167 Thread 0x00000246091de760 Uncommon trap: reason=unstable_if action=reinterpret pc=0x00000246547486d4 method=java.util.HashMap.getNode(Ljava/lang/Object;)Ljava/util/HashMap$Node; @ 85 c2
Event: 58.167 Thread 0x00000246091de760 DEOPT PACKING pc=0x00000246547486d4 sp=0x000000bd077fca90
Event: 58.167 Thread 0x00000246091de760 DEOPT UNPACKING pc=0x0000024653ff69a3 sp=0x000000bd077fc9a8 mode 2
Event: 58.172 Thread 0x00000246091de760 Uncommon trap: trap_request=0xffffff45 fr.pc=0x0000024654b54ab4 relative=0x00000000000014f4
Event: 58.172 Thread 0x00000246091de760 Uncommon trap: reason=unstable_if action=reinterpret pc=0x0000024654b54ab4 method=java.util.concurrent.ConcurrentHashMap.computeIfAbsent(Ljava/lang/Object;Ljava/util/function/Function;)Ljava/lang/Object; @ 539 c2
Event: 58.172 Thread 0x00000246091de760 DEOPT PACKING pc=0x0000024654b54ab4 sp=0x000000bd077fc7d0
Event: 58.172 Thread 0x00000246091de760 DEOPT UNPACKING pc=0x0000024653ff69a3 sp=0x000000bd077fc750 mode 2
Event: 58.180 Thread 0x00000246091e0ad0 Uncommon trap: trap_request=0xffffff45 fr.pc=0x0000024654fa278c relative=0x000000000000014c
Event: 58.180 Thread 0x00000246091e0ad0 Uncommon trap: reason=unstable_if action=reinterpret pc=0x0000024654fa278c method=com.android.tools.r8.internal.oj4.a(Lcom/android/tools/r8/internal/dk4;)Lcom/android/tools/r8/internal/of4; @ 26 c2
Event: 58.180 Thread 0x00000246091e0ad0 DEOPT PACKING pc=0x0000024654fa278c sp=0x000000bd075fc8c0
Event: 58.180 Thread 0x00000246091e0ad0 DEOPT UNPACKING pc=0x0000024653ff69a3 sp=0x000000bd075fc850 mode 2

Classes loaded (20 events):
Event: 57.088 Loading class java/util/concurrent/RejectedExecutionException
Event: 57.088 Loading class java/util/concurrent/RejectedExecutionException done
Event: 57.779 Loading class java/util/IdentityHashMap$ValueIterator
Event: 57.779 Loading class java/util/IdentityHashMap$ValueIterator done
Event: 57.920 Loading class java/util/IdentityHashMap$EntrySpliterator
Event: 57.920 Loading class java/util/IdentityHashMap$IdentityHashMapSpliterator
Event: 57.920 Loading class java/util/IdentityHashMap$IdentityHashMapSpliterator done
Event: 57.920 Loading class java/util/IdentityHashMap$EntrySpliterator done
Event: 57.939 Loading class java/util/SortedSet$1
Event: 57.939 Loading class java/util/SortedSet$1 done
Event: 57.950 Loading class java/util/PriorityQueue
Event: 57.951 Loading class java/util/PriorityQueue done
Event: 58.119 Loading class java/util/AbstractMap$SimpleEntry
Event: 58.120 Loading class java/util/AbstractMap$SimpleEntry done
Event: 58.160 Loading class java/nio/ShortBuffer
Event: 58.163 Loading class java/nio/ShortBuffer done
Event: 58.172 Loading class java/util/concurrent/ConcurrentHashMap$TreeNode
Event: 58.172 Loading class java/util/concurrent/ConcurrentHashMap$TreeNode done
Event: 58.173 Loading class java/util/concurrent/ConcurrentHashMap$TreeBin
Event: 58.173 Loading class java/util/concurrent/ConcurrentHashMap$TreeBin done

Classes unloaded (1 events):
Event: 54.421 Thread 0x000002460400ca70 Unloading class 0x0000000100cc8400 'java/lang/invoke/LambdaForm$MH+0x0000000100cc8400'

Classes redefined (0 events):
No events

Internal exceptions (20 events):
Event: 57.977 Thread 0x00000246091dd830 Exception <a 'java/lang/NoSuchMethodError'{0x0000000094b3d908}: 'int java.lang.invoke.DirectMethodHandle$Holder.invokeSpecial(java.lang.Object, java.lang.Object, java.lang.Object, int, java.lang.Object)'> (0x0000000094b3d908) 
thrown [s\src\hotspot\share\interpreter\linkResolver.cpp, line 759]
Event: 57.977 Thread 0x00000246091e0ad0 Exception <a 'java/lang/NoSuchMethodError'{0x0000000094a11dc0}: 'int java.lang.invoke.DirectMethodHandle$Holder.invokeSpecial(java.lang.Object, java.lang.Object, java.lang.Object, int, java.lang.Object)'> (0x0000000094a11dc0) 
thrown [s\src\hotspot\share\interpreter\linkResolver.cpp, line 759]
Event: 57.977 Thread 0x00000246091e00b0 Exception <a 'java/lang/NoSuchMethodError'{0x0000000094a37b98}: 'int java.lang.invoke.DirectMethodHandle$Holder.invokeSpecial(java.lang.Object, java.lang.Object, java.lang.Object, int, java.lang.Object)'> (0x0000000094a37b98) 
thrown [s\src\hotspot\share\interpreter\linkResolver.cpp, line 759]
Event: 57.977 Thread 0x0000024614bedec0 Exception <a 'java/lang/NoSuchMethodError'{0x0000000094c78560}: 'int java.lang.invoke.DirectMethodHandle$Holder.invokeSpecial(java.lang.Object, java.lang.Object, java.lang.Object, int, java.lang.Object)'> (0x0000000094c78560) 
thrown [s\src\hotspot\share\interpreter\linkResolver.cpp, line 759]
Event: 57.977 Thread 0x0000024606c0c420 Exception <a 'java/lang/NoSuchMethodError'{0x0000000094bd38e0}: 'int java.lang.invoke.DirectMethodHandle$Holder.invokeSpecial(java.lang.Object, java.lang.Object, java.lang.Object, int, java.lang.Object)'> (0x0000000094bd38e0) 
thrown [s\src\hotspot\share\interpreter\linkResolver.cpp, line 759]
Event: 57.977 Thread 0x00000246091e05c0 Exception <a 'java/lang/NoSuchMethodError'{0x0000000094cbe5d0}: 'int java.lang.invoke.DirectMethodHandle$Holder.invokeSpecial(java.lang.Object, java.lang.Object, java.lang.Object, int, java.lang.Object)'> (0x0000000094cbe5d0) 
thrown [s\src\hotspot\share\interpreter\linkResolver.cpp, line 759]
Event: 58.026 Thread 0x00000246091dd830 Exception <a 'java/lang/IncompatibleClassChangeError'{0x0000000093dfd250}: Found class java.lang.Object, but interface was expected> (0x0000000093dfd250) 
thrown [s\src\hotspot\share\interpreter\linkResolver.cpp, line 826]
Event: 58.026 Thread 0x0000024606c0c420 Exception <a 'java/lang/IncompatibleClassChangeError'{0x00000000941ffb08}: Found class java.lang.Object, but interface was expected> (0x00000000941ffb08) 
thrown [s\src\hotspot\share\interpreter\linkResolver.cpp, line 826]
Event: 58.030 Thread 0x000002460a539f50 Exception <a 'java/lang/IncompatibleClassChangeError'{0x0000000093bd2958}: Found class java.lang.Object, but interface was expected> (0x0000000093bd2958) 
thrown [s\src\hotspot\share\interpreter\linkResolver.cpp, line 826]
Event: 58.030 Thread 0x000002460a539f50 Exception <a 'java/lang/IncompatibleClassChangeError'{0x0000000093bde478}: Found class java.lang.Object, but interface was expected> (0x0000000093bde478) 
thrown [s\src\hotspot\share\interpreter\linkResolver.cpp, line 826]
Event: 58.058 Thread 0x00000246091ddd40 Exception <a 'java/lang/NoSuchMethodError'{0x0000000092c1f488}: 'void java.lang.invoke.DirectMethodHandle$Holder.invokeSpecial(java.lang.Object, java.lang.Object, java.lang.Object, int, java.lang.Object, java.lang.Object, java.lang.Object, java.lang.Object)'> (0x0000000092c1f488) 
thrown [s\src\hotspot\share\interpreter\linkResolver.cpp, line 759]
Event: 58.058 Thread 0x0000024614bedec0 Exception <a 'java/lang/NoSuchMethodError'{0x0000000092c97420}: 'void java.lang.invoke.DirectMethodHandle$Holder.invokeSpecial(java.lang.Object, java.lang.Object, java.lang.Object, int, java.lang.Object, java.lang.Object, java.lang.Object, java.lang.Object)'> (0x0000000092c97420) 
thrown [s\src\hotspot\share\interpreter\linkResolver.cpp, line 759]
Event: 58.061 Thread 0x0000024614bedec0 Exception <a 'java/lang/NoSuchMethodError'{0x0000000092a038c0}: 'void java.lang.invoke.DirectMethodHandle$Holder.invokeStatic(java.lang.Object, java.lang.Object, java.lang.Object, java.lang.Object, java.lang.Object, java.lang.Object, java.lang.Object, java.lang.Object)'> (0x0000000092a038c0) 
thrown [s\src\hotspot\share\interpreter\linkResolver.cpp, line 759]
Event: 58.061 Thread 0x00000246091ddd40 Exception <a 'java/lang/NoSuchMethodError'{0x0000000092bd9858}: 'void java.lang.invoke.DirectMethodHandle$Holder.invokeStatic(java.lang.Object, java.lang.Object, java.lang.Object, java.lang.Object, java.lang.Object, java.lang.Object, java.lang.Object, java.lang.Object)'> (0x0000000092bd9858) 
thrown [s\src\hotspot\share\interpreter\linkResolver.cpp, line 759]
Event: 58.068 Thread 0x000002460a539f50 Exception <a 'java/lang/IncompatibleClassChangeError'{0x0000000092893410}: Found class java.lang.Object, but interface was expected> (0x0000000092893410) 
thrown [s\src\hotspot\share\interpreter\linkResolver.cpp, line 826]
Event: 58.074 Thread 0x00000246091e0ad0 Exception <a 'java/lang/NoSuchMethodError'{0x00000000926a8158}: 'int java.lang.invoke.DirectMethodHandle$Holder.invokeInterface(java.lang.Object, java.lang.Object, int)'> (0x00000000926a8158) 
thrown [s\src\hotspot\share\interpreter\linkResolver.cpp, line 759]
Event: 58.082 Thread 0x0000024606c0c420 Exception <a 'java/lang/NoSuchMethodError'{0x00000000923ffcc0}: 'java.lang.Object java.lang.invoke.DirectMethodHandle$Holder.invokeInterface(java.lang.Object, java.lang.Object, int)'> (0x00000000923ffcc0) 
thrown [s\src\hotspot\share\interpreter\linkResolver.cpp, line 759]
Event: 58.115 Thread 0x00000246091dd830 Implicit null exception at 0x00000246547ae2cf to 0x00000246547ae408
Event: 58.161 Thread 0x0000024606c0c420 Implicit null exception at 0x0000024654f915cf to 0x0000024654f916d8
Event: 58.170 Thread 0x00000246091ddd40 Exception <a 'java/lang/IncompatibleClassChangeError'{0x000000008f80ba48}: Found class java.lang.Object, but interface was expected> (0x000000008f80ba48) 
thrown [s\src\hotspot\share\interpreter\linkResolver.cpp, line 826]

VM Operations (20 events):
Event: 57.769 Executing VM operation: HandshakeAllThreads done
Event: 57.816 Executing VM operation: HandshakeAllThreads
Event: 57.816 Executing VM operation: HandshakeAllThreads done
Event: 57.994 Executing VM operation: ICBufferFull
Event: 57.994 Executing VM operation: ICBufferFull done
Event: 57.997 Executing VM operation: HandshakeAllThreads
Event: 57.998 Executing VM operation: HandshakeAllThreads done
Event: 58.035 Executing VM operation: HandshakeAllThreads
Event: 58.036 Executing VM operation: HandshakeAllThreads done
Event: 58.065 Executing VM operation: ICBufferFull
Event: 58.066 Executing VM operation: ICBufferFull done
Event: 58.077 Executing VM operation: HandshakeAllThreads
Event: 58.077 Executing VM operation: HandshakeAllThreads done
Event: 58.099 Executing VM operation: ICBufferFull
Event: 58.099 Executing VM operation: ICBufferFull done
Event: 58.117 Executing VM operation: HandshakeAllThreads
Event: 58.117 Executing VM operation: HandshakeAllThreads done
Event: 58.165 Executing VM operation: ICBufferFull
Event: 58.166 Executing VM operation: ICBufferFull done
Event: 58.184 Executing VM operation: G1CollectForAllocation

Memory protections (0 events):
No events

Nmethod flushes (20 events):
Event: 56.732 Thread 0x0000024604107cd0 flushing  nmethod 0x000002464e3f8f10
Event: 56.732 Thread 0x0000024604107cd0 flushing  nmethod 0x000002464e3f9290
Event: 56.732 Thread 0x0000024604107cd0 flushing  nmethod 0x000002464e3f9590
Event: 56.732 Thread 0x0000024604107cd0 flushing  nmethod 0x000002464e3f9d10
Event: 56.732 Thread 0x0000024604107cd0 flushing  nmethod 0x000002464e3fb890
Event: 56.732 Thread 0x0000024604107cd0 flushing  nmethod 0x000002464e3fbe90
Event: 56.732 Thread 0x0000024604107cd0 flushing  nmethod 0x000002464e400a90
Event: 56.732 Thread 0x0000024604107cd0 flushing  nmethod 0x000002464e40b790
Event: 56.732 Thread 0x0000024604107cd0 flushing  nmethod 0x000002464e431f10
Event: 56.732 Thread 0x0000024604107cd0 flushing  nmethod 0x000002464e4b2310
Event: 56.732 Thread 0x0000024604107cd0 flushing  nmethod 0x000002464e58f010
Event: 56.732 Thread 0x0000024604107cd0 flushing  nmethod 0x000002464e5a0590
Event: 56.732 Thread 0x0000024604107cd0 flushing  nmethod 0x000002464e5b4d10
Event: 56.732 Thread 0x0000024604107cd0 flushing  nmethod 0x000002464e5ce690
Event: 56.732 Thread 0x0000024604107cd0 flushing  nmethod 0x000002464e5cf590
Event: 57.757 Thread 0x0000024604107cd0 flushing  nmethod 0x000002464cad2b90
Event: 57.758 Thread 0x0000024604107cd0 flushing  nmethod 0x000002464cbec110
Event: 57.776 Thread 0x0000024604107cd0 flushing  nmethod 0x000002464de1d710
Event: 57.776 Thread 0x0000024604107cd0 flushing  nmethod 0x000002464de20c10
Event: 57.782 Thread 0x0000024604107cd0 flushing  nmethod 0x000002464e36d110

Events (20 events):
Event: 54.088 Thread 0x000002460860d390 Thread added: 0x0000024608611a70
Event: 54.088 Thread 0x00000246098411b0 Thread added: 0x0000024608611560
Event: 55.173 Thread 0x00000246086138d0 Thread added: 0x0000024606c0c420
Event: 55.347 Thread 0x00000246086138d0 Thread added: 0x000002460a539f50
Event: 55.392 Thread 0x0000024606c0c420 Thread added: 0x00000246091df180
Event: 55.468 Thread 0x0000024606c0c420 Thread added: 0x00000246091dec70
Event: 55.468 Thread 0x0000024606c0c420 Thread added: 0x00000246091dfba0
Event: 56.205 Thread 0x0000024608f4d490 Thread exited: 0x0000024608f4d490
Event: 56.205 Thread 0x0000024608f4cf40 Thread exited: 0x0000024608f4cf40
Event: 56.665 Thread 0x00000246040fe240 Thread added: 0x000002460520b5b0
Event: 56.673 Thread 0x00000246040fe240 Thread added: 0x000002460520a070
Event: 56.900 Thread 0x0000024608611560 Thread added: 0x00000246091e0ad0
Event: 56.901 Thread 0x0000024608611560 Thread added: 0x00000246091dd830
Event: 56.901 Thread 0x0000024608611560 Thread added: 0x00000246091de760
Event: 56.902 Thread 0x0000024608611560 Thread added: 0x00000246091e00b0
Event: 56.902 Thread 0x0000024608611560 Thread added: 0x00000246091e05c0
Event: 56.910 Thread 0x0000024608611560 Thread added: 0x00000246091e0fe0
Event: 56.910 Thread 0x0000024608611560 Thread added: 0x00000246091ddd40
Event: 56.911 Thread 0x0000024608611560 Thread added: 0x0000024614bedec0
Event: 56.917 Thread 0x0000024608611560 Thread added: 0x0000024614beedf0


Dynamic libraries:
0x00007ff61cb70000 - 0x00007ff61cb7e000 	C:\Users\16696\.jdks\ms-17.0.19\bin\java.exe
0x00007ff880020000 - 0x00007ff880286000 	C:\Windows\SYSTEM32\ntdll.dll
0x00007ff87e450000 - 0x00007ff87e519000 	C:\Windows\System32\KERNEL32.DLL
0x00007ff87d960000 - 0x00007ff87dd5a000 	C:\Windows\System32\KERNELBASE.dll
0x00007ff87d620000 - 0x00007ff87d76c000 	C:\Windows\System32\ucrtbase.dll
0x00007ff86de00000 - 0x00007ff86de18000 	C:\Users\16696\.jdks\ms-17.0.19\bin\jli.dll
0x00007ff876f80000 - 0x00007ff876f9e000 	C:\Users\16696\.jdks\ms-17.0.19\bin\VCRUNTIME140.dll
0x00007ff87fa80000 - 0x00007ff87fc47000 	C:\Windows\System32\USER32.dll
0x00007ff87dd60000 - 0x00007ff87dd87000 	C:\Windows\System32\win32u.dll
0x00007ff87fa30000 - 0x00007ff87fa5b000 	C:\Windows\System32\GDI32.dll
0x00007ff87c3b0000 - 0x00007ff87c642000 	C:\Windows\WinSxS\amd64_microsoft.windows.common-controls_6595b64144ccf1df_6.0.26100.8521_none_3e08b75ce33403b3\COMCTL32.dll
0x00007ff87d830000 - 0x00007ff87d95b000 	C:\Windows\System32\gdi32full.dll
0x00007ff87e5f0000 - 0x00007ff87e699000 	C:\Windows\System32\msvcrt.dll
0x00007ff87d2b0000 - 0x00007ff87d353000 	C:\Windows\System32\msvcp_win.dll
0x00007ff87dea0000 - 0x00007ff87ded2000 	C:\Windows\System32\IMM32.DLL
0x00007ff86ddd0000 - 0x00007ff86dddc000 	C:\Users\16696\.jdks\ms-17.0.19\bin\vcruntime140_1.dll
0x00007ff83a4f0000 - 0x00007ff83a579000 	C:\Users\16696\.jdks\ms-17.0.19\bin\msvcp140.dll
0x00007ff807150000 - 0x00007ff807dcb000 	C:\Users\16696\.jdks\ms-17.0.19\bin\server\jvm.dll
0x00007ff87ed10000 - 0x00007ff87edc6000 	C:\Windows\System32\ADVAPI32.dll
0x00007ff87e1e0000 - 0x00007ff87e28a000 	C:\Windows\System32\sechost.dll
0x00007ff87f8a0000 - 0x00007ff87f9b8000 	C:\Windows\System32\RPCRT4.dll
0x00007ff87de10000 - 0x00007ff87de90000 	C:\Windows\System32\WS2_32.dll
0x00007ff875340000 - 0x00007ff87534b000 	C:\Windows\SYSTEM32\VERSION.dll
0x00007ff875350000 - 0x00007ff875386000 	C:\Windows\SYSTEM32\WINMM.dll
0x00007ff87d110000 - 0x00007ff87d16e000 	C:\Windows\SYSTEM32\POWRPROF.dll
0x00007ff87d0f0000 - 0x00007ff87d104000 	C:\Windows\SYSTEM32\UMPDC.dll
0x00007ff87b6d0000 - 0x00007ff87b6eb000 	C:\Windows\SYSTEM32\kernel.appcore.dll
0x00007ff86d940000 - 0x00007ff86d94a000 	C:\Users\16696\.jdks\ms-17.0.19\bin\jimage.dll
0x00007ff87ca80000 - 0x00007ff87ccc2000 	C:\Windows\SYSTEM32\DBGHELP.DLL
0x00007ff87fc50000 - 0x00007ff87ffd3000 	C:\Windows\System32\combase.dll
0x00007ff87f760000 - 0x00007ff87f839000 	C:\Windows\System32\OLEAUT32.dll
0x00007ff87c950000 - 0x00007ff87c98b000 	C:\Windows\SYSTEM32\dbgcore.DLL
0x00007ff87d360000 - 0x00007ff87d408000 	C:\Windows\System32\bcryptPrimitives.dll
0x00007ff86d930000 - 0x00007ff86d93f000 	C:\Users\16696\.jdks\ms-17.0.19\bin\instrument.dll
0x00007ff86d460000 - 0x00007ff86d486000 	C:\Users\16696\.jdks\ms-17.0.19\bin\java.dll
0x00007ff838aa0000 - 0x00007ff838b76000 	C:\Users\16696\.jdks\ms-17.0.19\bin\jsvml.dll
0x00007ff87ee60000 - 0x00007ff87f5e4000 	C:\Windows\System32\SHELL32.dll
0x00007ff87a390000 - 0x00007ff87ac10000 	C:\Windows\SYSTEM32\windows.storage.dll
0x00007ff87e350000 - 0x00007ff87e446000 	C:\Windows\System32\SHCORE.dll
0x00007ff87f9c0000 - 0x00007ff87fa27000 	C:\Windows\System32\shlwapi.dll
0x00007ff87d1d0000 - 0x00007ff87d1f9000 	C:\Windows\SYSTEM32\profapi.dll
0x00007ff86d080000 - 0x00007ff86d098000 	C:\Users\16696\.jdks\ms-17.0.19\bin\zip.dll
0x00007ff86d060000 - 0x00007ff86d07b000 	C:\Users\16696\.jdks\ms-17.0.19\bin\net.dll
0x00007ff874b00000 - 0x00007ff874c29000 	C:\Windows\SYSTEM32\WINHTTP.dll
0x00007ff87bbf0000 - 0x00007ff87bc5c000 	C:\Windows\system32\mswsock.dll
0x00007ff86ce10000 - 0x00007ff86ce26000 	C:\Users\16696\.jdks\ms-17.0.19\bin\nio.dll
0x00007ff86ce00000 - 0x00007ff86ce10000 	C:\Users\16696\.jdks\ms-17.0.19\bin\verify.dll
0x00007fffe4c80000 - 0x00007fffe4ca7000 	C:\Users\16696\.gradle\native\660c5614fbf4a5f2a75b1949f50a0caf5cd603558e7d8a26e50b933a0cfb79d1\windows-amd64\native-platform.dll
0x00007ff839070000 - 0x00007ff8390e7000 	C:\Users\16696\.gradle\native\0.2.8\x86_64-windows-gnu\gradle-fileevents.dll
0x00007ff86cdd0000 - 0x00007ff86cdda000 	C:\Users\16696\.jdks\ms-17.0.19\bin\management.dll
0x00007ff86cdc0000 - 0x00007ff86cdcc000 	C:\Users\16696\.jdks\ms-17.0.19\bin\management_ext.dll
0x00007ff87fa70000 - 0x00007ff87fa78000 	C:\Windows\System32\PSAPI.DLL
0x00007ff87b0f0000 - 0x00007ff87b123000 	C:\Windows\SYSTEM32\IPHLPAPI.DLL
0x00007ff87fa60000 - 0x00007ff87fa6a000 	C:\Windows\System32\NSI.dll
0x00007ff875390000 - 0x00007ff8753ad000 	C:\Windows\SYSTEM32\dhcpcsvc6.DLL
0x00007ff874450000 - 0x00007ff874475000 	C:\Windows\SYSTEM32\dhcpcsvc.DLL
0x00007ff87b180000 - 0x00007ff87b2ca000 	C:\Windows\SYSTEM32\DNSAPI.dll
0x00007ff87ba10000 - 0x00007ff87ba1d000 	C:\Windows\SYSTEM32\DSPARSE.dll
0x00007ff86c0d0000 - 0x00007ff86c0d9000 	C:\Users\16696\.jdks\ms-17.0.19\bin\extnet.dll
0x00007ff87cdd0000 - 0x00007ff87cdeb000 	C:\Windows\SYSTEM32\CRYPTSP.dll
0x00007ff87be90000 - 0x00007ff87bec9000 	C:\Windows\system32\rsaenh.dll
0x00007ff87bc60000 - 0x00007ff87bc93000 	C:\Windows\SYSTEM32\USERENV.dll
0x00007ff87d1a0000 - 0x00007ff87d1ca000 	C:\Windows\SYSTEM32\bcrypt.dll
0x00007ff87be80000 - 0x00007ff87be8c000 	C:\Windows\SYSTEM32\CRYPTBASE.dll
0x00007ff866be0000 - 0x00007ff866bee000 	C:\Users\16696\.jdks\ms-17.0.19\bin\sunmscapi.dll
0x00007ff87d410000 - 0x00007ff87d588000 	C:\Windows\System32\CRYPT32.dll
0x00007ff87c370000 - 0x00007ff87c3a0000 	C:\Windows\SYSTEM32\ncrypt.dll
0x00007ff87c320000 - 0x00007ff87c35f000 	C:\Windows\SYSTEM32\NTASN1.dll
0x00007ff865540000 - 0x00007ff865548000 	C:\Windows\system32\wshunix.dll

dbghelp: loaded successfully - version: 4.0.5 - missing functions: none
symbol engine: initialized successfully - sym options: 0x614 - pdb path: .;C:\Users\16696\.jdks\ms-17.0.19\bin;C:\Windows\SYSTEM32;C:\Windows\WinSxS\amd64_microsoft.windows.common-controls_6595b64144ccf1df_6.0.26100.8521_none_3e08b75ce33403b3;C:\Users\16696\.jdks\ms-17.0.19\bin\server;C:\Users\16696\.gradle\native\660c5614fbf4a5f2a75b1949f50a0caf5cd603558e7d8a26e50b933a0cfb79d1\windows-amd64;C:\Users\16696\.gradle\native\0.2.8\x86_64-windows-gnu

VM Arguments:
jvm_args: --add-opens=java.base/java.lang=ALL-UNNAMED --add-opens=java.base/java.lang.invoke=ALL-UNNAMED --add-opens=java.base/java.util=ALL-UNNAMED --add-opens=java.prefs/java.util.prefs=ALL-UNNAMED --add-exports=jdk.compiler/com.sun.tools.javac.api=ALL-UNNAMED --add-exports=jdk.compiler/com.sun.tools.javac.util=ALL-UNNAMED --add-opens=java.base/java.util=ALL-UNNAMED --add-opens=java.prefs/java.util.prefs=ALL-UNNAMED --add-opens=java.base/java.nio.charset=ALL-UNNAMED --add-opens=java.base/java.net=ALL-UNNAMED --add-opens=java.base/java.util.concurrent=ALL-UNNAMED --add-opens=java.base/java.util.concurrent.atomic=ALL-UNNAMED --add-opens=java.xml/javax.xml.namespace=ALL-UNNAMED --add-opens=java.base/java.time=ALL-UNNAMED -Xmx2048m -Dfile.encoding=UTF-8 -Duser.country=CN -Duser.language=zh -Duser.variant -javaagent:C:\Users\16696\.gradle\wrapper\dists\gradle-9.4.1-bin\arn2x92ynaizyzdaamcbpbhtj\gradle-9.4.1\lib\agents\gradle-instrumentation-agent-9.4.1.jar 
java_command: org.gradle.launcher.daemon.bootstrap.GradleDaemon 9.4.1
java_class_path (initial): C:\Users\16696\.gradle\wrapper\dists\gradle-9.4.1-bin\arn2x92ynaizyzdaamcbpbhtj\gradle-9.4.1\lib\gradle-daemon-main-9.4.1.jar
Launcher Type: SUN_STANDARD

[Global flags]
     intx CICompilerCount                          = 4                                         {product} {ergonomic}
     uint ConcGCThreads                            = 2                                         {product} {ergonomic}
     uint G1ConcRefinementThreads                  = 9                                         {product} {ergonomic}
   size_t G1HeapRegionSize                         = 1048576                                   {product} {ergonomic}
    uintx GCDrainStackTargetSize                   = 64                                        {product} {ergonomic}
   size_t InitialHeapSize                          = 260046848                                 {product} {ergonomic}
   size_t MarkStackSize                            = 4194304                                   {product} {ergonomic}
   size_t MaxHeapSize                              = 2147483648                                {product} {command line}
   size_t MaxNewSize                               = 1287651328                                {product} {ergonomic}
   size_t MinHeapDeltaBytes                        = 1048576                                   {product} {ergonomic}
   size_t MinHeapSize                              = 8388608                                   {product} {ergonomic}
    uintx NonNMethodCodeHeapSize                   = 5839372                                {pd product} {ergonomic}
    uintx NonProfiledCodeHeapSize                  = 122909434                              {pd product} {ergonomic}
    uintx ProfiledCodeHeapSize                     = 122909434                              {pd product} {ergonomic}
    uintx ReservedCodeCacheSize                    = 251658240                              {pd product} {ergonomic}
     bool SegmentedCodeCache                       = true                                      {product} {ergonomic}
   size_t SoftMaxHeapSize                          = 2147483648                             {manageable} {ergonomic}
     bool UseCompressedClassPointers               = true                           {product lp64_product} {ergonomic}
     bool UseCompressedOops                        = true                           {product lp64_product} {ergonomic}
     bool UseG1GC                                  = true                                      {product} {ergonomic}
     bool UseLargePagesIndividualAllocation        = false                                  {pd product} {ergonomic}

Logging:
Log output configuration:
 #0: stdout all=warning uptime,level,tags
 #1: stderr all=off uptime,level,tags

Environment Variables:
PATH=D:\Android\jdk-8.0.492.9-hotspot\bin;C:\Program Files (x86)\VMware\VMware Workstation\bin\;C:\Windows\system32;C:\Windows;C:\Windows\System32\Wbem;C:\Windows\System32\WindowsPowerShell\v1.0\;C:\Windows\System32\OpenSSH\;D:\Git\Git\cmd;D:\Cmake\bin;D:\Windows Kits\10\Windows Performance Toolkit\;C:\Program Files\CMake\bin;C:\Program Files\TortoiseGit\bin;C:\NXP\S32DS.3.5\S32DS\build_tools\gcc-10.2-arm32-eabi\bin;D:\Xshell\;C:\Users\16696\AppData\Local\Programs\Python\Python314\Scripts\;C:\Users\16696\AppData\Local\Programs\Python\Python314\;C:\Users\16696\AppData\Local\Microsoft\WindowsApps;D:\pycharm\PyCharm 2026.1.2\bin;D:\vscode\Microsoft VS Code\bin;D:\Android\Sdk\platform-tools;
USERNAME=16696
OS=Windows_NT
PROCESSOR_IDENTIFIER=Intel64 Family 6 Model 198 Stepping 2, GenuineIntel
TMP=C:\Users\16696\AppData\Local\Temp
TEMP=C:\Users\16696\AppData\Local\Temp



Periodic native trim disabled


---------------  S Y S T E M  ---------------

OS:
 Windows 11 , 64 bit Build 26100 (10.0.26100.8521)
OS uptime: 1 days 20:34 hours
Hyper-V role detected

CPU: total 10 (initial active 10) (10 cores per cpu, 1 threads per core) family 6 model 198 stepping 2 microcode 0x118, cx8, cmov, fxsr, mmx, 3dnowpref, sse, sse2, sse3, ssse3, sse4.1, sse4.2, popcnt, lzcnt, tsc, tscinvbit, avx, avx2, aes, erms, clmul, bmi1, bmi2, adx, sha, fma, vzeroupper, clflush, clflushopt, clwb, hv
Processor Information for processor 0
  Max Mhz: 3300, Current Mhz: 3300, Mhz Limit: 3300
Processor Information for processor 1
  Max Mhz: 3300, Current Mhz: 3300, Mhz Limit: 3300
Processor Information for processor 2
  Max Mhz: 2700, Current Mhz: 2700, Mhz Limit: 2700
Processor Information for processor 3
  Max Mhz: 2700, Current Mhz: 2700, Mhz Limit: 2700
Processor Information for processor 4
  Max Mhz: 2700, Current Mhz: 2700, Mhz Limit: 2700
Processor Information for processor 5
  Max Mhz: 2700, Current Mhz: 2700, Mhz Limit: 2700
Processor Information for processor 6
  Max Mhz: 3300, Current Mhz: 3300, Mhz Limit: 3300
Processor Information for processor 7
  Max Mhz: 3300, Current Mhz: 3300, Mhz Limit: 3300
Processor Information for processor 8
  Max Mhz: 3300, Current Mhz: 3300, Mhz Limit: 3300
Processor Information for processor 9
  Max Mhz: 3300, Current Mhz: 3300, Mhz Limit: 3300

Memory: 4k page, system-wide physical 15751M (1237M free)
TotalPageFile size 54151M (AvailPageFile size 640M)
current process WorkingSet (physical memory assigned to process): 736M, peak: 748M
current process commit charge ("private bytes"): 794M, peak: 1466M

vm_info: OpenJDK 64-Bit Server VM (17.0.19+10-LTS) for windows-amd64 JRE (17.0.19+10-LTS), built on Apr 18 2026 18:24:40 by "MicrosoftCorporation" with MS VC++ 17.14 (VS2022)

END.
