#
# There is insufficient memory for the Java Runtime Environment to continue.
# Native memory allocation (malloc) failed to allocate 1791216 bytes. Error detail: Chunk::new
# Possible reasons:
#   The system is out of physical RAM or swap space
#   This process is running with CompressedOops enabled, and the Java Heap may be blocking the growth of the native heap
# Possible solutions:
#   Reduce memory load on the system
#   Increase physical memory or swap space
#   Check if swap backing store is full
#   Decrease Java heap size (-Xmx/-Xms)
#   Decrease number of Java threads
#   Decrease Java thread stack sizes (-Xss)
#   Set larger code cache with -XX:ReservedCodeCacheSize=
#   JVM is running with Unscaled Compressed Oops mode in which the Java heap is
#     placed in the first 4GB address space. The Java Heap base address is the
#     maximum limit for the native heap growth. Please use -XX:HeapBaseMinAddress
#     to set the Java Heap base and to place the Java Heap above 4GB virtual address.
# This output file may be truncated or incomplete.
#
#  Out of Memory Error (arena.cpp:168), pid=21092, tid=26128
#
# JRE version: OpenJDK Runtime Environment (21.0.10) (build 21.0.10+-14961533-b1163.108)
# Java VM: OpenJDK 64-Bit Server VM (21.0.10+-14961533-b1163.108, mixed mode, tiered, compressed oops, compressed class ptrs, g1 gc, windows-amd64)
# No core dump will be written. Minidumps are not enabled by default on client versions of Windows
#

---------------  S U M M A R Y ------------

Command Line: --add-opens=java.base/java.lang=ALL-UNNAMED --add-opens=java.base/java.lang.invoke=ALL-UNNAMED --add-opens=java.base/java.util=ALL-UNNAMED --add-opens=java.prefs/java.util.prefs=ALL-UNNAMED --add-exports=jdk.compiler/com.sun.tools.javac.api=ALL-UNNAMED --add-exports=jdk.compiler/com.sun.tools.javac.util=ALL-UNNAMED --add-opens=java.base/java.util=ALL-UNNAMED --add-opens=java.prefs/java.util.prefs=ALL-UNNAMED --add-opens=java.base/java.nio.charset=ALL-UNNAMED --add-opens=java.base/java.net=ALL-UNNAMED --add-opens=java.base/java.util.concurrent=ALL-UNNAMED --add-opens=java.base/java.util.concurrent.atomic=ALL-UNNAMED --add-opens=java.xml/javax.xml.namespace=ALL-UNNAMED --add-opens=java.base/java.time=ALL-UNNAMED -Xmx2048m -Dfile.encoding=UTF-8 -Duser.country=CN -Duser.language=zh -Duser.variant -javaagent:C:\Users\16696\.gradle\wrapper\dists\gradle-9.4.1-bin\arn2x92ynaizyzdaamcbpbhtj\gradle-9.4.1\lib\agents\gradle-instrumentation-agent-9.4.1.jar org.gradle.launcher.daemon.bootstrap.GradleDaemon 9.4.1

Host: Intel(R) Core(TM) Ultra 5 225, 10 cores, 15G,  Windows 11 , 64 bit Build 26100 (10.0.26100.8875)
Time: Wed Jul 29 20:56:51 2026 elapsed time: 8.841230 seconds (0d 0h 0m 8s)

---------------  T H R E A D  ---------------

Current thread (0x0000019796c712f0):  JavaThread "C2 CompilerThread0" daemon [_thread_in_native, id=26128, stack(0x0000000e9b600000,0x0000000e9b700000) (1024K)]


Current CompileTask:
C2:8841 9989   !   4       sun.reflect.annotation.AnnotationParser::parseAnnotations (37 bytes)

Stack: [0x0000000e9b600000,0x0000000e9b700000]
Native frames: (J=compiled Java code, j=interpreted, Vv=VM code, C=native code)
V  [jvm.dll+0x6d78a9]
V  [jvm.dll+0x8665b3]
V  [jvm.dll+0x868bde]
V  [jvm.dll+0x8692c3]
V  [jvm.dll+0x280ee6]
V  [jvm.dll+0xc07cd]
V  [jvm.dll+0xc0d03]
V  [jvm.dll+0x3ba091]
V  [jvm.dll+0x385df7]
V  [jvm.dll+0x38526a]
V  [jvm.dll+0x249bd2]
V  [jvm.dll+0x2491a1]
V  [jvm.dll+0x1c76e4]
V  [jvm.dll+0x25891e]
V  [jvm.dll+0x256e66]
V  [jvm.dll+0x3f513e]
V  [jvm.dll+0x80fd28]
V  [jvm.dll+0x6d60fd]
C  [ucrtbase.dll+0x2cd30]
C  [KERNEL32.DLL+0x2e957]
C  [ntdll.dll+0xaad6c]


---------------  P R O C E S S  ---------------

Threads class SMR info:
_java_thread_list=0x00000197a022d410, length=48, elements={
0x00000197ff14dae0, 0x0000019796c30f60, 0x0000019796c329d0, 0x0000019796c4e600,
0x0000019796c59260, 0x0000019796c59cc0, 0x0000019796c635a0, 0x0000019796c6f1b0,
0x0000019796c712f0, 0x0000019796c74490, 0x00000197970a4340, 0x0000019796c75fd0,
0x0000019796c736f0, 0x000001979d46fd30, 0x000001979e070c70, 0x000001979e5d6050,
0x000001979df9e4d0, 0x000001979cd0d140, 0x000001979d5c8e00, 0x000001979cba56a0,
0x000001979d5a9570, 0x000001979d5a8850, 0x000001979d5a6e10, 0x000001979d5a81c0,
0x000001979d5a7b30, 0x000001979d5a74a0, 0x000001979c78ba50, 0x000001979c78ad30,
0x000001979c78c0e0, 0x000001979c78b3c0, 0x000001979c7892f0, 0x000001979c78c770,
0x000001979c78ce00, 0x000001979c789980, 0x000001979c78d490, 0x000001979c78a010,
0x000001979c78e1b0, 0x000001979c790280, 0x000001979c78e840, 0x000001979c790910,
0x00000197a0cb3890, 0x00000197a0cb6d10, 0x00000197a0cb73a0, 0x00000197a0cb5960,
0x00000197a0cb4c40, 0x00000197a0cb6680, 0x00000197a0cb52d0, 0x00000197a0cb3f20
}

Java Threads: ( => current thread )
  0x00000197ff14dae0 JavaThread "main"                              [_thread_blocked, id=10324, stack(0x0000000e9a700000,0x0000000e9a800000) (1024K)]
  0x0000019796c30f60 JavaThread "Common-Cleaner"             daemon [_thread_blocked, id=22908, stack(0x0000000e9af00000,0x0000000e9b000000) (1024K)]
  0x0000019796c329d0 JavaThread "Reference Handler"          daemon [_thread_blocked, id=25428, stack(0x0000000e9b000000,0x0000000e9b100000) (1024K)]
  0x0000019796c4e600 JavaThread "Finalizer"                  daemon [_thread_blocked, id=11260, stack(0x0000000e9b100000,0x0000000e9b200000) (1024K)]
  0x0000019796c59260 JavaThread "Signal Dispatcher"          daemon [_thread_blocked, id=24944, stack(0x0000000e9b200000,0x0000000e9b300000) (1024K)]
  0x0000019796c59cc0 JavaThread "Attach Listener"            daemon [_thread_blocked, id=26396, stack(0x0000000e9b300000,0x0000000e9b400000) (1024K)]
  0x0000019796c635a0 JavaThread "Service Thread"             daemon [_thread_blocked, id=16452, stack(0x0000000e9b400000,0x0000000e9b500000) (1024K)]
  0x0000019796c6f1b0 JavaThread "Monitor Deflation Thread"   daemon [_thread_blocked, id=18928, stack(0x0000000e9b500000,0x0000000e9b600000) (1024K)]
=>0x0000019796c712f0 JavaThread "C2 CompilerThread0"         daemon [_thread_in_native, id=26128, stack(0x0000000e9b600000,0x0000000e9b700000) (1024K)]
  0x0000019796c74490 JavaThread "C1 CompilerThread0"         daemon [_thread_blocked, id=20476, stack(0x0000000e9b700000,0x0000000e9b800000) (1024K)]
  0x00000197970a4340 JavaThread "Notification Thread"        daemon [_thread_blocked, id=25040, stack(0x0000000e9b800000,0x0000000e9b900000) (1024K)]
  0x0000019796c75fd0 JavaThread "C2 CompilerThread1"         daemon [_thread_blocked, id=24412, stack(0x0000000e9b900000,0x0000000e9ba00000) (1024K)]
  0x0000019796c736f0 JavaThread "C2 CompilerThread2"         daemon [_thread_blocked, id=11152, stack(0x0000000e9ba00000,0x0000000e9bb00000) (1024K)]
  0x000001979d46fd30 JavaThread "Daemon health stats"               [_thread_blocked, id=3412, stack(0x0000000e9bf00000,0x0000000e9c000000) (1024K)]
  0x000001979e070c70 JavaThread "Incoming local TCP Connector on port 59177"        [_thread_in_native, id=24324, stack(0x0000000e9c000000,0x0000000e9c100000) (1024K)]
  0x000001979e5d6050 JavaThread "Daemon periodic checks"            [_thread_blocked, id=23044, stack(0x0000000e9c100000,0x0000000e9c200000) (1024K)]
  0x000001979df9e4d0 JavaThread "Daemon"                            [_thread_blocked, id=3584, stack(0x0000000e9c200000,0x0000000e9c300000) (1024K)]
  0x000001979cd0d140 JavaThread "Handler for socket connection from /127.0.0.1:59177 to /127.0.0.1:59178"        [_thread_in_native, id=19404, stack(0x0000000e9c300000,0x0000000e9c400000) (1024K)]
  0x000001979d5c8e00 JavaThread "Cancel handler"                    [_thread_blocked, id=18156, stack(0x0000000e9c900000,0x0000000e9ca00000) (1024K)]
  0x000001979cba56a0 JavaThread "Daemon worker"                     [_thread_blocked, id=23224, stack(0x0000000e9ca00000,0x0000000e9cb00000) (1024K)]
  0x000001979d5a9570 JavaThread "Asynchronous log dispatcher for DefaultDaemonConnection: socket connection from /127.0.0.1:59177 to /127.0.0.1:59178"        [_thread_blocked, id=22856, stack(0x0000000e9cb00000,0x0000000e9cc00000) (1024K)]
  0x000001979d5a8850 JavaThread "Stdin handler"                     [_thread_blocked, id=23040, stack(0x0000000e9cc00000,0x0000000e9cd00000) (1024K)]
  0x000001979d5a6e10 JavaThread "Daemon client event forwarder"        [_thread_blocked, id=3524, stack(0x0000000e9cd00000,0x0000000e9ce00000) (1024K)]
  0x000001979d5a81c0 JavaThread "Cache worker for journal cache (C:\Users\16696\.gradle\caches\journal-1)"        [_thread_blocked, id=12704, stack(0x0000000e9ce00000,0x0000000e9cf00000) (1024K)]
  0x000001979d5a7b30 JavaThread "File lock request listener"        [_thread_in_native, id=25324, stack(0x0000000e9cf00000,0x0000000e9d000000) (1024K)]
  0x000001979d5a74a0 JavaThread "Cache worker for file hash cache (C:\Users\16696\.gradle\caches\9.4.1\fileHashes)"        [_thread_blocked, id=24592, stack(0x0000000e9d000000,0x0000000e9d100000) (1024K)]
  0x000001979c78ba50 JavaThread "Cache worker for file hash cache (D:\Code\Application\music1\.gradle\9.4.1\fileHashes)"        [_thread_blocked, id=21564, stack(0x0000000e9d100000,0x0000000e9d200000) (1024K)]
  0x000001979c78ad30 JavaThread "Cache worker for Build Output Cleanup Cache (D:\Code\Application\music1\.gradle\buildOutputCleanup)"        [_thread_blocked, id=10020, stack(0x0000000e9d200000,0x0000000e9d300000) (1024K)]
  0x000001979c78c0e0 JavaThread "File watcher server"        daemon [_thread_in_native, id=24484, stack(0x0000000e9d300000,0x0000000e9d400000) (1024K)]
  0x000001979c78b3c0 JavaThread "File watcher consumer"      daemon [_thread_blocked, id=24196, stack(0x0000000e9d400000,0x0000000e9d500000) (1024K)]
  0x000001979c7892f0 JavaThread "Cache worker for file content cache (C:\Users\16696\.gradle\caches\9.4.1\fileContent)"        [_thread_blocked, id=2224, stack(0x0000000e9d500000,0x0000000e9d600000) (1024K)]
  0x000001979c78c770 JavaThread "Cache worker for checksums cache (D:\Code\Application\music1\.gradle\9.4.1\checksums)"        [_thread_blocked, id=17184, stack(0x0000000e9d600000,0x0000000e9d700000) (1024K)]
  0x000001979c78ce00 JavaThread "Cache worker for cache directory md-supplier (C:\Users\16696\.gradle\caches\9.4.1\md-supplier)"        [_thread_blocked, id=22928, stack(0x0000000e9d700000,0x0000000e9d800000) (1024K)]
  0x000001979c789980 JavaThread "Cache worker for cache directory md-rule (C:\Users\16696\.gradle\caches\9.4.1\md-rule)"        [_thread_blocked, id=12120, stack(0x0000000e9d800000,0x0000000e9d900000) (1024K)]
  0x000001979c78d490 JavaThread "jar transforms"                    [_thread_blocked, id=11008, stack(0x0000000e9d900000,0x0000000e9da00000) (1024K)]
  0x000001979c78a010 JavaThread "jar transforms Thread 2"           [_thread_blocked, id=18660, stack(0x0000000e9da00000,0x0000000e9db00000) (1024K)]
  0x000001979c78e1b0 JavaThread "Build operations"                  [_thread_blocked, id=26508, stack(0x0000000e9db00000,0x0000000e9dc00000) (1024K)]
  0x000001979c790280 JavaThread "Build operations Thread 2"         [_thread_blocked, id=18500, stack(0x0000000e9dc00000,0x0000000e9dd00000) (1024K)]
  0x000001979c78e840 JavaThread "Build operations Thread 3"         [_thread_blocked, id=25320, stack(0x0000000e9dd00000,0x0000000e9de00000) (1024K)]
  0x000001979c790910 JavaThread "Build operations Thread 4"         [_thread_blocked, id=11096, stack(0x0000000e9de00000,0x0000000e9df00000) (1024K)]
  0x00000197a0cb3890 JavaThread "Build operations Thread 5"         [_thread_blocked, id=8884, stack(0x0000000e9df00000,0x0000000e9e000000) (1024K)]
  0x00000197a0cb6d10 JavaThread "Build operations Thread 6"         [_thread_blocked, id=14640, stack(0x0000000e9e000000,0x0000000e9e100000) (1024K)]
  0x00000197a0cb73a0 JavaThread "Build operations Thread 7"         [_thread_blocked, id=8792, stack(0x0000000e9e100000,0x0000000e9e200000) (1024K)]
  0x00000197a0cb5960 JavaThread "Build operations Thread 8"         [_thread_blocked, id=17800, stack(0x0000000e9e200000,0x0000000e9e300000) (1024K)]
  0x00000197a0cb4c40 JavaThread "Build operations Thread 9"         [_thread_blocked, id=23952, stack(0x0000000e9e300000,0x0000000e9e400000) (1024K)]
  0x00000197a0cb6680 JavaThread "Build operations Thread 10"        [_thread_blocked, id=24348, stack(0x0000000e9e400000,0x0000000e9e500000) (1024K)]
  0x00000197a0cb52d0 JavaThread "Memory manager"                    [_thread_blocked, id=23200, stack(0x0000000e9e500000,0x0000000e9e600000) (1024K)]
  0x00000197a0cb3f20 JavaThread "build event listener"              [_thread_blocked, id=3520, stack(0x0000000e9e600000,0x0000000e9e700000) (1024K)]
Total: 48

Other Threads:
  0x0000019796bb8370 VMThread "VM Thread"                           [id=22652, stack(0x0000000e9ae00000,0x0000000e9af00000) (1024K)] _threads_hazard_ptr=0x00000197a022d410
  0x0000019796ba09d0 WatcherThread "VM Periodic Task Thread"        [id=24952, stack(0x0000000e9ad00000,0x0000000e9ae00000) (1024K)]
  0x00000197ff1a74a0 WorkerThread "GC Thread#0"                     [id=11464, stack(0x0000000e9a800000,0x0000000e9a900000) (1024K)]
  0x000001979c914bb0 WorkerThread "GC Thread#1"                     [id=21648, stack(0x0000000e9bb00000,0x0000000e9bc00000) (1024K)]
  0x000001979c76e400 WorkerThread "GC Thread#2"                     [id=7588, stack(0x0000000e9bc00000,0x0000000e9bd00000) (1024K)]
  0x000001979c76e7b0 WorkerThread "GC Thread#3"                     [id=5164, stack(0x0000000e9bd00000,0x0000000e9be00000) (1024K)]
  0x000001979c76eb60 WorkerThread "GC Thread#4"                     [id=24144, stack(0x0000000e9be00000,0x0000000e9bf00000) (1024K)]
  0x000001979e5ea090 WorkerThread "GC Thread#5"                     [id=22372, stack(0x0000000e9c400000,0x0000000e9c500000) (1024K)]
  0x000001979c6bebe0 WorkerThread "GC Thread#6"                     [id=22912, stack(0x0000000e9c500000,0x0000000e9c600000) (1024K)]
  0x000001979d59b770 WorkerThread "GC Thread#7"                     [id=16248, stack(0x0000000e9c600000,0x0000000e9c700000) (1024K)]
  0x000001979d59bb20 WorkerThread "GC Thread#8"                     [id=9428, stack(0x0000000e9c700000,0x0000000e9c800000) (1024K)]
  0x00000197ff1b83a0 ConcurrentGCThread "G1 Main Marker"            [id=25796, stack(0x0000000e9a900000,0x0000000e9aa00000) (1024K)]
  0x00000197ff1b8dc0 WorkerThread "G1 Conc#0"                       [id=24000, stack(0x0000000e9aa00000,0x0000000e9ab00000) (1024K)]
  0x000001979d59a150 WorkerThread "G1 Conc#1"                       [id=26416, stack(0x0000000e9c800000,0x0000000e9c900000) (1024K)]
  0x00000197969f56c0 ConcurrentGCThread "G1 Refine#0"               [id=16904, stack(0x0000000e9ab00000,0x0000000e9ac00000) (1024K)]
  0x00000197969f7000 ConcurrentGCThread "G1 Service"                [id=24812, stack(0x0000000e9ac00000,0x0000000e9ad00000) (1024K)]
Total: 16

Threads with active compile tasks:
C2 CompilerThread0  8853 9989   !   4       sun.reflect.annotation.AnnotationParser::parseAnnotations (37 bytes)
C1 CompilerThread0  8853 10055       3       java.util.ComparableTimSort::countRunAndMakeAscending (123 bytes)
C2 CompilerThread1  8853 10035       4       org.gradle.internal.reflect.ClassInspector::inspectClass (179 bytes)
C2 CompilerThread2  8853 10053       4       jdk.internal.misc.Unsafe::copyMemory (33 bytes)
Total: 4

VM state: synchronizing (normal execution)

VM Mutex/Monitor currently owned by a thread:  ([mutex/lock_event])
[0x00007ff9f33486d0] Threads_lock - owner thread: 0x0000019796bb8370

Heap address: 0x0000000080000000, size: 2048 MB, Compressed Oops mode: 32-bit

CDS archive(s) not mapped
Compressed class space mapped at: 0x0000000100000000-0x0000000140000000, reserved size: 1073741824
Narrow klass base: 0x0000000000000000, Narrow klass shift: 3, Narrow klass range: 0x140000000

GC Precious Log:
 CardTable entry size: 512
 Card Set container configuration: InlinePtr #cards 5 size 8 Array Of Cards #cards 12 size 40 Howl #buckets 4 coarsen threshold 1843 Howl Bitmap #cards 512 size 80 coarsen threshold 460 Card regions per heap region 1 cards per card region 2048
 CPUs: 10 total, 10 available
 Memory: 15751M
 Large Page Support: Disabled
 NUMA Support: Disabled
 Compressed Oops: Enabled (32-bit)
 Heap Region Size: 1M
 Heap Min Capacity: 8M
 Heap Initial Capacity: 248M
 Heap Max Capacity: 2G
 Pre-touch: Disabled
 Parallel Workers: 9
 Concurrent Workers: 2
 Concurrent Refinement Workers: 9
 Periodic GC: Disabled

Heap:
 garbage-first heap   total 165888K, used 92517K [0x0000000080000000, 0x0000000100000000)
  region size 1024K, 14 young (14336K), 4 survivors (4096K)
 Metaspace       used 91874K, committed 93888K, reserved 1179648K
  class space    used 12892K, committed 13888K, reserved 1048576K

Heap Regions: E=young(eden), S=young(survivor), O=old, HS=humongous(starts), HC=humongous(continues), CS=collection set, F=free, TAMS=top-at-mark-start, PB=parsable bottom
|   0|0x0000000080000000, 0x0000000080100000, 0x0000000080100000|100%|HS|  |TAMS 0x0000000080000000| PB 0x0000000080000000| Complete 
|   1|0x0000000080100000, 0x0000000080200000, 0x0000000080200000|100%|HC|  |TAMS 0x0000000080100000| PB 0x0000000080100000| Complete 
|   2|0x0000000080200000, 0x0000000080300000, 0x0000000080300000|100%|HC|  |TAMS 0x0000000080200000| PB 0x0000000080200000| Complete 
|   3|0x0000000080300000, 0x0000000080400000, 0x0000000080400000|100%|HC|  |TAMS 0x0000000080300000| PB 0x0000000080300000| Complete 
|   4|0x0000000080400000, 0x0000000080500000, 0x0000000080500000|100%| O|  |TAMS 0x0000000080400000| PB 0x0000000080400000| Untracked 
|   5|0x0000000080500000, 0x0000000080600000, 0x0000000080600000|100%| O|  |TAMS 0x0000000080500000| PB 0x0000000080500000| Untracked 
|   6|0x0000000080600000, 0x0000000080700000, 0x0000000080700000|100%| O|  |TAMS 0x0000000080600000| PB 0x0000000080600000| Untracked 
|   7|0x0000000080700000, 0x0000000080800000, 0x0000000080800000|100%| O|  |TAMS 0x0000000080700000| PB 0x0000000080700000| Untracked 
|   8|0x0000000080800000, 0x0000000080900000, 0x0000000080900000|100%| O|  |TAMS 0x0000000080800000| PB 0x0000000080800000| Untracked 
|   9|0x0000000080900000, 0x0000000080a00000, 0x0000000080a00000|100%| O|  |TAMS 0x0000000080900000| PB 0x0000000080900000| Untracked 
|  10|0x0000000080a00000, 0x0000000080b00000, 0x0000000080b00000|100%| O|  |TAMS 0x0000000080a00000| PB 0x0000000080a00000| Untracked 
|  11|0x0000000080b00000, 0x0000000080c00000, 0x0000000080c00000|100%|HS|  |TAMS 0x0000000080b00000| PB 0x0000000080b00000| Complete 
|  12|0x0000000080c00000, 0x0000000080d00000, 0x0000000080d00000|100%| O|  |TAMS 0x0000000080c00000| PB 0x0000000080c00000| Untracked 
|  13|0x0000000080d00000, 0x0000000080e00000, 0x0000000080e00000|100%| O|  |TAMS 0x0000000080d00000| PB 0x0000000080d00000| Untracked 
|  14|0x0000000080e00000, 0x0000000080f00000, 0x0000000080f00000|100%| O|  |TAMS 0x0000000080e00000| PB 0x0000000080e00000| Untracked 
|  15|0x0000000080f00000, 0x0000000081000000, 0x0000000081000000|100%| O|  |TAMS 0x0000000080f00000| PB 0x0000000080f00000| Untracked 
|  16|0x0000000081000000, 0x0000000081100000, 0x0000000081100000|100%| O|  |TAMS 0x0000000081000000| PB 0x0000000081000000| Untracked 
|  17|0x0000000081100000, 0x0000000081200000, 0x0000000081200000|100%| O|  |TAMS 0x0000000081100000| PB 0x0000000081100000| Untracked 
|  18|0x0000000081200000, 0x0000000081300000, 0x0000000081300000|100%| O|  |TAMS 0x0000000081200000| PB 0x0000000081200000| Untracked 
|  19|0x0000000081300000, 0x0000000081400000, 0x0000000081400000|100%| O|  |TAMS 0x0000000081300000| PB 0x0000000081300000| Untracked 
|  20|0x0000000081400000, 0x0000000081500000, 0x0000000081500000|100%| O|  |TAMS 0x0000000081400000| PB 0x0000000081400000| Untracked 
|  21|0x0000000081500000, 0x0000000081600000, 0x0000000081600000|100%| O|  |TAMS 0x0000000081500000| PB 0x0000000081500000| Untracked 
|  22|0x0000000081600000, 0x0000000081700000, 0x0000000081700000|100%| O|  |TAMS 0x0000000081600000| PB 0x0000000081600000| Untracked 
|  23|0x0000000081700000, 0x0000000081800000, 0x0000000081800000|100%| O|  |TAMS 0x0000000081700000| PB 0x0000000081700000| Untracked 
|  24|0x0000000081800000, 0x0000000081900000, 0x0000000081900000|100%| O|  |TAMS 0x0000000081800000| PB 0x0000000081800000| Untracked 
|  25|0x0000000081900000, 0x0000000081a00000, 0x0000000081a00000|100%| O|  |TAMS 0x0000000081900000| PB 0x0000000081900000| Untracked 
|  26|0x0000000081a00000, 0x0000000081b00000, 0x0000000081b00000|100%| O|  |TAMS 0x0000000081a00000| PB 0x0000000081a00000| Untracked 
|  27|0x0000000081b00000, 0x0000000081c00000, 0x0000000081c00000|100%| O|  |TAMS 0x0000000081b00000| PB 0x0000000081b00000| Untracked 
|  28|0x0000000081c00000, 0x0000000081d00000, 0x0000000081d00000|100%| O|  |TAMS 0x0000000081c00000| PB 0x0000000081c00000| Untracked 
|  29|0x0000000081d00000, 0x0000000081e00000, 0x0000000081e00000|100%| O|  |TAMS 0x0000000081d00000| PB 0x0000000081d00000| Untracked 
|  30|0x0000000081e00000, 0x0000000081f00000, 0x0000000081f00000|100%| O|  |TAMS 0x0000000081e00000| PB 0x0000000081e00000| Untracked 
|  31|0x0000000081f00000, 0x0000000082000000, 0x0000000082000000|100%| O|  |TAMS 0x0000000081f00000| PB 0x0000000081f00000| Untracked 
|  32|0x0000000082000000, 0x0000000082100000, 0x0000000082100000|100%| O|  |TAMS 0x0000000082000000| PB 0x0000000082000000| Untracked 
|  33|0x0000000082100000, 0x0000000082200000, 0x0000000082200000|100%| O|  |TAMS 0x0000000082100000| PB 0x0000000082100000| Untracked 
|  34|0x0000000082200000, 0x0000000082300000, 0x0000000082300000|100%| O|  |TAMS 0x0000000082200000| PB 0x0000000082200000| Untracked 
|  35|0x0000000082300000, 0x0000000082400000, 0x0000000082400000|100%| O|  |TAMS 0x0000000082300000| PB 0x0000000082300000| Untracked 
|  36|0x0000000082400000, 0x0000000082500000, 0x0000000082500000|100%| O|  |TAMS 0x0000000082400000| PB 0x0000000082400000| Untracked 
|  37|0x0000000082500000, 0x0000000082600000, 0x0000000082600000|100%| O|  |TAMS 0x0000000082500000| PB 0x0000000082500000| Untracked 
|  38|0x0000000082600000, 0x0000000082700000, 0x0000000082700000|100%|HS|  |TAMS 0x0000000082600000| PB 0x0000000082600000| Complete 
|  39|0x0000000082700000, 0x0000000082800000, 0x0000000082800000|100%|HS|  |TAMS 0x0000000082700000| PB 0x0000000082700000| Complete 
|  40|0x0000000082800000, 0x0000000082900000, 0x0000000082900000|100%|HS|  |TAMS 0x0000000082800000| PB 0x0000000082800000| Complete 
|  41|0x0000000082900000, 0x0000000082a00000, 0x0000000082a00000|100%| O|  |TAMS 0x0000000082900000| PB 0x0000000082900000| Untracked 
|  42|0x0000000082a00000, 0x0000000082b00000, 0x0000000082b00000|100%| O|  |TAMS 0x0000000082a00000| PB 0x0000000082a00000| Untracked 
|  43|0x0000000082b00000, 0x0000000082c00000, 0x0000000082c00000|100%| O|  |TAMS 0x0000000082b00000| PB 0x0000000082b00000| Untracked 
|  44|0x0000000082c00000, 0x0000000082d00000, 0x0000000082d00000|100%| O|  |TAMS 0x0000000082c00000| PB 0x0000000082c00000| Untracked 
|  45|0x0000000082d00000, 0x0000000082e00000, 0x0000000082e00000|100%| O|  |TAMS 0x0000000082d00000| PB 0x0000000082d00000| Untracked 
|  46|0x0000000082e00000, 0x0000000082f00000, 0x0000000082f00000|100%| O|Cm|TAMS 0x0000000082e00000| PB 0x0000000082e00000| Complete 
|  47|0x0000000082f00000, 0x0000000083000000, 0x0000000083000000|100%|HS|  |TAMS 0x0000000082f00000| PB 0x0000000082f00000| Complete 
|  48|0x0000000083000000, 0x0000000083100000, 0x0000000083100000|100%|HC|  |TAMS 0x0000000083000000| PB 0x0000000083000000| Complete 
|  49|0x0000000083100000, 0x0000000083200000, 0x0000000083200000|100%| O|  |TAMS 0x0000000083100000| PB 0x0000000083100000| Untracked 
|  50|0x0000000083200000, 0x0000000083300000, 0x0000000083300000|100%| O|  |TAMS 0x0000000083200000| PB 0x0000000083200000| Untracked 
|  51|0x0000000083300000, 0x0000000083400000, 0x0000000083400000|100%| O|  |TAMS 0x0000000083300000| PB 0x0000000083300000| Untracked 
|  52|0x0000000083400000, 0x0000000083500000, 0x0000000083500000|100%|HS|  |TAMS 0x0000000083400000| PB 0x0000000083400000| Complete 
|  53|0x0000000083500000, 0x0000000083600000, 0x0000000083600000|100%| O|  |TAMS 0x0000000083500000| PB 0x0000000083500000| Untracked 
|  54|0x0000000083600000, 0x0000000083700000, 0x0000000083700000|100%|HS|  |TAMS 0x0000000083600000| PB 0x0000000083600000| Complete 
|  55|0x0000000083700000, 0x0000000083800000, 0x0000000083800000|100%| O|  |TAMS 0x0000000083700000| PB 0x0000000083700000| Untracked 
|  56|0x0000000083800000, 0x0000000083900000, 0x0000000083900000|100%| O|  |TAMS 0x0000000083800000| PB 0x0000000083800000| Untracked 
|  57|0x0000000083900000, 0x0000000083a00000, 0x0000000083a00000|100%|HS|  |TAMS 0x0000000083900000| PB 0x0000000083900000| Complete 
|  58|0x0000000083a00000, 0x0000000083b00000, 0x0000000083b00000|100%| O|  |TAMS 0x0000000083a00000| PB 0x0000000083a00000| Untracked 
|  59|0x0000000083b00000, 0x0000000083c00000, 0x0000000083c00000|100%| O|  |TAMS 0x0000000083b00000| PB 0x0000000083b00000| Untracked 
|  60|0x0000000083c00000, 0x0000000083d00000, 0x0000000083d00000|100%|HS|  |TAMS 0x0000000083c00000| PB 0x0000000083c00000| Complete 
|  61|0x0000000083d00000, 0x0000000083e00000, 0x0000000083e00000|100%|HC|  |TAMS 0x0000000083d00000| PB 0x0000000083d00000| Complete 
|  62|0x0000000083e00000, 0x0000000083f00000, 0x0000000083f00000|100%| O|  |TAMS 0x0000000083e00000| PB 0x0000000083e00000| Untracked 
|  63|0x0000000083f00000, 0x0000000084000000, 0x0000000084000000|100%| O|  |TAMS 0x0000000083f00000| PB 0x0000000083f00000| Untracked 
|  64|0x0000000084000000, 0x0000000084100000, 0x0000000084100000|100%| O|  |TAMS 0x0000000084000000| PB 0x0000000084000000| Untracked 
|  65|0x0000000084100000, 0x0000000084200000, 0x0000000084200000|100%| O|  |TAMS 0x0000000084100000| PB 0x0000000084100000| Untracked 
|  66|0x0000000084200000, 0x0000000084300000, 0x0000000084300000|100%|HS|  |TAMS 0x0000000084200000| PB 0x0000000084200000| Complete 
|  67|0x0000000084300000, 0x0000000084400000, 0x0000000084400000|100%|HS|  |TAMS 0x0000000084300000| PB 0x0000000084300000| Complete 
|  68|0x0000000084400000, 0x0000000084500000, 0x0000000084500000|100%| O|  |TAMS 0x0000000084400000| PB 0x0000000084400000| Untracked 
|  69|0x0000000084500000, 0x0000000084600000, 0x0000000084600000|100%| O|  |TAMS 0x0000000084500000| PB 0x0000000084500000| Untracked 
|  70|0x0000000084600000, 0x0000000084700000, 0x0000000084700000|100%| O|  |TAMS 0x0000000084600000| PB 0x0000000084600000| Untracked 
|  71|0x0000000084700000, 0x0000000084800000, 0x0000000084800000|100%| O|  |TAMS 0x0000000084700000| PB 0x0000000084700000| Untracked 
|  72|0x0000000084800000, 0x0000000084900000, 0x0000000084900000|100%| O|  |TAMS 0x0000000084800000| PB 0x0000000084800000| Untracked 
|  73|0x0000000084900000, 0x0000000084a00000, 0x0000000084a00000|100%| O|Cm|TAMS 0x0000000084900000| PB 0x0000000084900000| Complete 
|  74|0x0000000084a00000, 0x0000000084a259b0, 0x0000000084b00000| 14%| O|  |TAMS 0x0000000084a00000| PB 0x0000000084a00000| Untracked 
|  75|0x0000000084b00000, 0x0000000084b00000, 0x0000000084c00000|  0%| F|  |TAMS 0x0000000084b00000| PB 0x0000000084b00000| Untracked 
|  76|0x0000000084c00000, 0x0000000084c00000, 0x0000000084d00000|  0%| F|  |TAMS 0x0000000084c00000| PB 0x0000000084c00000| Untracked 
|  77|0x0000000084d00000, 0x0000000084d00000, 0x0000000084e00000|  0%| F|  |TAMS 0x0000000084d00000| PB 0x0000000084d00000| Untracked 
|  78|0x0000000084e00000, 0x0000000084e00000, 0x0000000084f00000|  0%| F|  |TAMS 0x0000000084e00000| PB 0x0000000084e00000| Untracked 
|  79|0x0000000084f00000, 0x0000000084f00000, 0x0000000085000000|  0%| F|  |TAMS 0x0000000084f00000| PB 0x0000000084f00000| Untracked 
|  80|0x0000000085000000, 0x0000000085000000, 0x0000000085100000|  0%| F|  |TAMS 0x0000000085000000| PB 0x0000000085000000| Untracked 
|  81|0x0000000085100000, 0x0000000085100000, 0x0000000085200000|  0%| F|  |TAMS 0x0000000085100000| PB 0x0000000085100000| Untracked 
|  82|0x0000000085200000, 0x0000000085200000, 0x0000000085300000|  0%| F|  |TAMS 0x0000000085200000| PB 0x0000000085200000| Untracked 
|  83|0x0000000085300000, 0x0000000085300000, 0x0000000085400000|  0%| F|  |TAMS 0x0000000085300000| PB 0x0000000085300000| Untracked 
|  84|0x0000000085400000, 0x0000000085400000, 0x0000000085500000|  0%| F|  |TAMS 0x0000000085400000| PB 0x0000000085400000| Untracked 
|  85|0x0000000085500000, 0x0000000085500000, 0x0000000085600000|  0%| F|  |TAMS 0x0000000085500000| PB 0x0000000085500000| Untracked 
|  86|0x0000000085600000, 0x0000000085600000, 0x0000000085700000|  0%| F|  |TAMS 0x0000000085600000| PB 0x0000000085600000| Untracked 
|  87|0x0000000085700000, 0x0000000085733d98, 0x0000000085800000| 20%| S|CS|TAMS 0x0000000085700000| PB 0x0000000085700000| Complete 
|  88|0x0000000085800000, 0x0000000085900000, 0x0000000085900000|100%| S|CS|TAMS 0x0000000085800000| PB 0x0000000085800000| Complete 
|  89|0x0000000085900000, 0x0000000085900000, 0x0000000085a00000|  0%| F|  |TAMS 0x0000000085900000| PB 0x0000000085900000| Untracked 
|  90|0x0000000085a00000, 0x0000000085a00000, 0x0000000085b00000|  0%| F|  |TAMS 0x0000000085a00000| PB 0x0000000085a00000| Untracked 
|  91|0x0000000085b00000, 0x0000000085c00000, 0x0000000085c00000|100%| S|CS|TAMS 0x0000000085b00000| PB 0x0000000085b00000| Complete 
|  92|0x0000000085c00000, 0x0000000085d00000, 0x0000000085d00000|100%| S|CS|TAMS 0x0000000085c00000| PB 0x0000000085c00000| Complete 
|  93|0x0000000085d00000, 0x0000000085d00000, 0x0000000085e00000|  0%| F|  |TAMS 0x0000000085d00000| PB 0x0000000085d00000| Untracked 
|  94|0x0000000085e00000, 0x0000000085e00000, 0x0000000085f00000|  0%| F|  |TAMS 0x0000000085e00000| PB 0x0000000085e00000| Untracked 
|  95|0x0000000085f00000, 0x0000000085f00000, 0x0000000086000000|  0%| F|  |TAMS 0x0000000085f00000| PB 0x0000000085f00000| Untracked 
|  96|0x0000000086000000, 0x0000000086000000, 0x0000000086100000|  0%| F|  |TAMS 0x0000000086000000| PB 0x0000000086000000| Untracked 
|  97|0x0000000086100000, 0x0000000086100000, 0x0000000086200000|  0%| F|  |TAMS 0x0000000086100000| PB 0x0000000086100000| Untracked 
|  98|0x0000000086200000, 0x0000000086200000, 0x0000000086300000|  0%| F|  |TAMS 0x0000000086200000| PB 0x0000000086200000| Untracked 
|  99|0x0000000086300000, 0x0000000086300000, 0x0000000086400000|  0%| F|  |TAMS 0x0000000086300000| PB 0x0000000086300000| Untracked 
| 100|0x0000000086400000, 0x0000000086400000, 0x0000000086500000|  0%| F|  |TAMS 0x0000000086400000| PB 0x0000000086400000| Untracked 
| 101|0x0000000086500000, 0x0000000086500000, 0x0000000086600000|  0%| F|  |TAMS 0x0000000086500000| PB 0x0000000086500000| Untracked 
| 102|0x0000000086600000, 0x0000000086600000, 0x0000000086700000|  0%| F|  |TAMS 0x0000000086600000| PB 0x0000000086600000| Untracked 
| 103|0x0000000086700000, 0x0000000086700000, 0x0000000086800000|  0%| F|  |TAMS 0x0000000086700000| PB 0x0000000086700000| Untracked 
| 104|0x0000000086800000, 0x0000000086800000, 0x0000000086900000|  0%| F|  |TAMS 0x0000000086800000| PB 0x0000000086800000| Untracked 
| 105|0x0000000086900000, 0x0000000086900000, 0x0000000086a00000|  0%| F|  |TAMS 0x0000000086900000| PB 0x0000000086900000| Untracked 
| 106|0x0000000086a00000, 0x0000000086a00000, 0x0000000086b00000|  0%| F|  |TAMS 0x0000000086a00000| PB 0x0000000086a00000| Untracked 
| 107|0x0000000086b00000, 0x0000000086b00000, 0x0000000086c00000|  0%| F|  |TAMS 0x0000000086b00000| PB 0x0000000086b00000| Untracked 
| 108|0x0000000086c00000, 0x0000000086c00000, 0x0000000086d00000|  0%| F|  |TAMS 0x0000000086c00000| PB 0x0000000086c00000| Untracked 
| 109|0x0000000086d00000, 0x0000000086d00000, 0x0000000086e00000|  0%| F|  |TAMS 0x0000000086d00000| PB 0x0000000086d00000| Untracked 
| 110|0x0000000086e00000, 0x0000000086e00000, 0x0000000086f00000|  0%| F|  |TAMS 0x0000000086e00000| PB 0x0000000086e00000| Untracked 
| 111|0x0000000086f00000, 0x0000000086f00000, 0x0000000087000000|  0%| F|  |TAMS 0x0000000086f00000| PB 0x0000000086f00000| Untracked 
| 112|0x0000000087000000, 0x0000000087000000, 0x0000000087100000|  0%| F|  |TAMS 0x0000000087000000| PB 0x0000000087000000| Untracked 
| 113|0x0000000087100000, 0x0000000087100000, 0x0000000087200000|  0%| F|  |TAMS 0x0000000087100000| PB 0x0000000087100000| Untracked 
| 114|0x0000000087200000, 0x0000000087200000, 0x0000000087300000|  0%| F|  |TAMS 0x0000000087200000| PB 0x0000000087200000| Untracked 
| 115|0x0000000087300000, 0x0000000087300000, 0x0000000087400000|  0%| F|  |TAMS 0x0000000087300000| PB 0x0000000087300000| Untracked 
| 116|0x0000000087400000, 0x0000000087400000, 0x0000000087500000|  0%| F|  |TAMS 0x0000000087400000| PB 0x0000000087400000| Untracked 
| 117|0x0000000087500000, 0x0000000087500000, 0x0000000087600000|  0%| F|  |TAMS 0x0000000087500000| PB 0x0000000087500000| Untracked 
| 118|0x0000000087600000, 0x0000000087600000, 0x0000000087700000|  0%| F|  |TAMS 0x0000000087600000| PB 0x0000000087600000| Untracked 
| 119|0x0000000087700000, 0x0000000087700000, 0x0000000087800000|  0%| F|  |TAMS 0x0000000087700000| PB 0x0000000087700000| Untracked 
| 120|0x0000000087800000, 0x0000000087800000, 0x0000000087900000|  0%| F|  |TAMS 0x0000000087800000| PB 0x0000000087800000| Untracked 
| 121|0x0000000087900000, 0x0000000087900000, 0x0000000087a00000|  0%| F|  |TAMS 0x0000000087900000| PB 0x0000000087900000| Untracked 
| 122|0x0000000087a00000, 0x0000000087a00000, 0x0000000087b00000|  0%| F|  |TAMS 0x0000000087a00000| PB 0x0000000087a00000| Untracked 
| 123|0x0000000087b00000, 0x0000000087b00000, 0x0000000087c00000|  0%| F|  |TAMS 0x0000000087b00000| PB 0x0000000087b00000| Untracked 
| 124|0x0000000087c00000, 0x0000000087c00000, 0x0000000087d00000|  0%| F|  |TAMS 0x0000000087c00000| PB 0x0000000087c00000| Untracked 
| 125|0x0000000087d00000, 0x0000000087d00000, 0x0000000087e00000|  0%| F|  |TAMS 0x0000000087d00000| PB 0x0000000087d00000| Untracked 
| 126|0x0000000087e00000, 0x0000000087e00000, 0x0000000087f00000|  0%| F|  |TAMS 0x0000000087e00000| PB 0x0000000087e00000| Untracked 
| 127|0x0000000087f00000, 0x0000000087f00000, 0x0000000088000000|  0%| F|  |TAMS 0x0000000087f00000| PB 0x0000000087f00000| Untracked 
| 128|0x0000000088000000, 0x0000000088000000, 0x0000000088100000|  0%| F|  |TAMS 0x0000000088000000| PB 0x0000000088000000| Untracked 
| 129|0x0000000088100000, 0x0000000088100000, 0x0000000088200000|  0%| F|  |TAMS 0x0000000088100000| PB 0x0000000088100000| Untracked 
| 130|0x0000000088200000, 0x0000000088200000, 0x0000000088300000|  0%| F|  |TAMS 0x0000000088200000| PB 0x0000000088200000| Untracked 
| 131|0x0000000088300000, 0x0000000088300000, 0x0000000088400000|  0%| F|  |TAMS 0x0000000088300000| PB 0x0000000088300000| Untracked 
| 132|0x0000000088400000, 0x0000000088400000, 0x0000000088500000|  0%| F|  |TAMS 0x0000000088400000| PB 0x0000000088400000| Untracked 
| 133|0x0000000088500000, 0x0000000088500000, 0x0000000088600000|  0%| F|  |TAMS 0x0000000088500000| PB 0x0000000088500000| Untracked 
| 134|0x0000000088600000, 0x0000000088600000, 0x0000000088700000|  0%| F|  |TAMS 0x0000000088600000| PB 0x0000000088600000| Untracked 
| 135|0x0000000088700000, 0x0000000088700000, 0x0000000088800000|  0%| F|  |TAMS 0x0000000088700000| PB 0x0000000088700000| Untracked 
| 136|0x0000000088800000, 0x0000000088800000, 0x0000000088900000|  0%| F|  |TAMS 0x0000000088800000| PB 0x0000000088800000| Untracked 
| 137|0x0000000088900000, 0x0000000088900000, 0x0000000088a00000|  0%| F|  |TAMS 0x0000000088900000| PB 0x0000000088900000| Untracked 
| 138|0x0000000088a00000, 0x0000000088a00000, 0x0000000088b00000|  0%| F|  |TAMS 0x0000000088a00000| PB 0x0000000088a00000| Untracked 
| 139|0x0000000088b00000, 0x0000000088b00000, 0x0000000088c00000|  0%| F|  |TAMS 0x0000000088b00000| PB 0x0000000088b00000| Untracked 
| 140|0x0000000088c00000, 0x0000000088c00000, 0x0000000088d00000|  0%| F|  |TAMS 0x0000000088c00000| PB 0x0000000088c00000| Untracked 
| 141|0x0000000088d00000, 0x0000000088d00000, 0x0000000088e00000|  0%| F|  |TAMS 0x0000000088d00000| PB 0x0000000088d00000| Untracked 
| 142|0x0000000088e00000, 0x0000000088e00000, 0x0000000088f00000|  0%| F|  |TAMS 0x0000000088e00000| PB 0x0000000088e00000| Untracked 
| 143|0x0000000088f00000, 0x0000000088f00000, 0x0000000089000000|  0%| F|  |TAMS 0x0000000088f00000| PB 0x0000000088f00000| Untracked 
| 144|0x0000000089000000, 0x0000000089000000, 0x0000000089100000|  0%| F|  |TAMS 0x0000000089000000| PB 0x0000000089000000| Untracked 
| 145|0x0000000089100000, 0x0000000089100000, 0x0000000089200000|  0%| F|  |TAMS 0x0000000089100000| PB 0x0000000089100000| Untracked 
| 185|0x000000008b900000, 0x000000008b900000, 0x000000008ba00000|  0%| F|  |TAMS 0x000000008b900000| PB 0x000000008b900000| Untracked 
| 186|0x000000008ba00000, 0x000000008ba00000, 0x000000008bb00000|  0%| F|  |TAMS 0x000000008ba00000| PB 0x000000008ba00000| Untracked 
| 187|0x000000008bb00000, 0x000000008bb02d30, 0x000000008bc00000|  1%| E|  |TAMS 0x000000008bb00000| PB 0x000000008bb00000| Complete 
| 188|0x000000008bc00000, 0x000000008bd00000, 0x000000008bd00000|100%| E|CS|TAMS 0x000000008bc00000| PB 0x000000008bc00000| Complete 
| 189|0x000000008bd00000, 0x000000008be00000, 0x000000008be00000|100%| E|CS|TAMS 0x000000008bd00000| PB 0x000000008bd00000| Complete 
| 190|0x000000008be00000, 0x000000008bf00000, 0x000000008bf00000|100%| E|CS|TAMS 0x000000008be00000| PB 0x000000008be00000| Complete 
| 191|0x000000008bf00000, 0x000000008c000000, 0x000000008c000000|100%| E|CS|TAMS 0x000000008bf00000| PB 0x000000008bf00000| Complete 
| 192|0x000000008c000000, 0x000000008c100000, 0x000000008c100000|100%| E|CS|TAMS 0x000000008c000000| PB 0x000000008c000000| Complete 
| 193|0x000000008c100000, 0x000000008c200000, 0x000000008c200000|100%| E|CS|TAMS 0x000000008c100000| PB 0x000000008c100000| Complete 
| 247|0x000000008f700000, 0x000000008f800000, 0x000000008f800000|100%| E|CS|TAMS 0x000000008f700000| PB 0x000000008f700000| Complete 
|2042|0x00000000ffa00000, 0x00000000ffb00000, 0x00000000ffb00000|100%| O|  |TAMS 0x00000000ffa00000| PB 0x00000000ffa00000| Untracked 
|2043|0x00000000ffb00000, 0x00000000ffc00000, 0x00000000ffc00000|100%| E|CS|TAMS 0x00000000ffb00000| PB 0x00000000ffb00000| Complete 
|2044|0x00000000ffc00000, 0x00000000ffd00000, 0x00000000ffd00000|100%| E|CS|TAMS 0x00000000ffc00000| PB 0x00000000ffc00000| Complete 
|2045|0x00000000ffd00000, 0x00000000ffe00000, 0x00000000ffe00000|100%| O|  |TAMS 0x00000000ffd00000| PB 0x00000000ffd00000| Untracked 
|2046|0x00000000ffe00000, 0x00000000fff00000, 0x00000000fff00000|100%| O|  |TAMS 0x00000000ffe00000| PB 0x00000000ffe00000| Untracked 
|2047|0x00000000fff00000, 0x0000000100000000, 0x0000000100000000|100%| O|  |TAMS 0x00000000fff00000| PB 0x00000000fff00000| Untracked 

Card table byte_map: [0x00000197ffa60000,0x00000197ffe60000] _byte_map_base: 0x00000197ff660000

Marking Bits: (CMBitMap*) 0x00000197ff1a7ac0
 Bits: [0x00000197920a0000, 0x00000197940a0000)

Polling page: 0x00000197fd2a0000

Metaspace:

Usage:
  Non-class:     77.13 MB used.
      Class:     12.59 MB used.
       Both:     89.72 MB used.

Virtual space:
  Non-class space:      128.00 MB reserved,      78.12 MB ( 61%) committed,  2 nodes.
      Class space:        1.00 GB reserved,      13.56 MB (  1%) committed,  1 nodes.
             Both:        1.12 GB reserved,      91.69 MB (  8%) committed. 

Chunk freelists:
   Non-Class:  1.34 MB
       Class:  2.47 MB
        Both:  3.81 MB

MaxMetaspaceSize: unlimited
CompressedClassSpaceSize: 1.00 GB
Initial GC threshold: 21.00 MB
Current GC threshold: 148.06 MB
CDS: off
 - commit_granule_bytes: 65536.
 - commit_granule_words: 8192.
 - virtual_space_node_default_size: 8388608.
 - enlarge_chunks_in_place: 1.
 - use_allocation_guard: 0.


Internal statistics:

num_allocs_failed_limit: 12.
num_arena_births: 3988.
num_arena_deaths: 0.
num_vsnodes_births: 3.
num_vsnodes_deaths: 0.
num_space_committed: 1467.
num_space_uncommitted: 0.
num_chunks_returned_to_freelist: 12.
num_chunks_taken_from_freelist: 7902.
num_chunk_merges: 9.
num_chunk_splits: 5134.
num_chunks_enlarged: 3153.
num_inconsistent_stats: 0.

CodeHeap 'non-profiled nmethods': size=120000Kb used=5130Kb max_used=5299Kb free=114869Kb
 bounds [0x000001978ab70000, 0x000001978b0a0000, 0x00000197920a0000]
CodeHeap 'profiled nmethods': size=120000Kb used=15184Kb max_used=15449Kb free=104815Kb
 bounds [0x00000197830a0000, 0x0000019783fc0000, 0x000001978a5d0000]
CodeHeap 'non-nmethods': size=5760Kb used=1961Kb max_used=2037Kb free=3798Kb
 bounds [0x000001978a5d0000, 0x000001978a840000, 0x000001978ab70000]
CodeCache: size=245760Kb, used=22275Kb, max_used=22785Kb, free=223482Kb
 total_blobs=9263, nmethods=8420, adapters=746, full_count=0
Compilation: enabled, stopped_count=0, restarted_count=0

Compilation events (20 events):
Event: 7.805 Thread 0x0000019796c74490 10044       3       com.google.common.collect.ImmutableList::iterator (5 bytes)
Event: 7.805 Thread 0x0000019796c74490 nmethod 10044 0x0000019783930110 code [0x0000019783930340, 0x0000019783930ab8]
Event: 7.810 Thread 0x0000019796c74490 10045       1       org.apache.commons.lang3.stream.LangCollectors$SimpleCollector::characteristics (5 bytes)
Event: 7.810 Thread 0x0000019796c74490 nmethod 10045 0x000001978b04e990 code [0x000001978b04eb20, 0x000001978b04ebe8]
Event: 7.810 Thread 0x0000019796c74490 10046       1       org.gradle.api.internal.DefaultNamedDomainObjectCollection$AbstractNamedDomainObjectProvider::getName (5 bytes)
Event: 7.810 Thread 0x0000019796c74490 nmethod 10046 0x000001978ac99f10 code [0x000001978ac9a0a0, 0x000001978ac9a168]
Event: 7.814 Thread 0x0000019796c736f0 10047       4       java.util.concurrent.locks.LockSupport::unpark (26 bytes)
Event: 7.814 Thread 0x0000019796c736f0 nmethod 10047 0x000001978ac99a10 code [0x000001978ac99ba0, 0x000001978ac99c80]
Event: 7.814 Thread 0x0000019796c736f0 10048   !   4       java.util.concurrent.ConcurrentHashMap::computeIfAbsent (576 bytes)
Event: 7.826 Thread 0x0000019796c736f0 nmethod 10048 0x000001978af26510 code [0x000001978af267e0, 0x000001978af28820]
Event: 7.830 Thread 0x0000019796c74490 10049       3       com.android.build.gradle.options.ProjectOptions::getExplicitlySetStringOptions (9 bytes)
Event: 7.830 Thread 0x0000019796c74490 nmethod 10049 0x000001978365b910 code [0x000001978365bac0, 0x000001978365bc00]
Event: 7.830 Thread 0x0000019796c74490 10050       3       com.android.build.gradle.options.ProjectOptions::getSimulatedAGPVersion (25 bytes)
Event: 7.831 Thread 0x0000019796c74490 nmethod 10050 0x00000197837ca090 code [0x00000197837ca340, 0x00000197837cadd0]
Event: 7.831 Thread 0x0000019796c74490 10051       3       com.android.build.gradle.options.ProjectOptions::get (81 bytes)
Event: 7.831 Thread 0x0000019796c74490 nmethod 10051 0x0000019783303d90 code [0x0000019783304060, 0x0000019783304e48]
Event: 7.831 Thread 0x0000019796c74490 10052       1       org.gradle.api.internal.artifacts.configurations.DefaultConfiguration::getIncoming (5 bytes)
Event: 7.831 Thread 0x0000019796c74490 nmethod 10052 0x000001978afd7890 code [0x000001978afd7a20, 0x000001978afd7ae8]
Event: 7.833 Thread 0x0000019796c736f0 10053       4       jdk.internal.misc.Unsafe::copyMemory (33 bytes)
Event: 7.925 Thread 0x0000019796c74490 10055       3       java.util.ComparableTimSort::countRunAndMakeAscending (123 bytes)

GC Heap History (20 events):
Event: 5.924 GC heap before
{Heap before GC invocations=19 (full 0):
 garbage-first heap   total 102400K, used 99728K [0x0000000080000000, 0x0000000100000000)
  region size 1024K, 45 young (46080K), 4 survivors (4096K)
 Metaspace       used 71058K, committed 72896K, reserved 1114112K
  class space    used 10073K, committed 10944K, reserved 1048576K
}
Event: 5.927 GC heap after
{Heap after GC invocations=20 (full 0):
 garbage-first heap   total 113664K, used 65770K [0x0000000080000000, 0x0000000100000000)
  region size 1024K, 6 young (6144K), 6 survivors (6144K)
 Metaspace       used 71058K, committed 72896K, reserved 1114112K
  class space    used 10073K, committed 10944K, reserved 1048576K
}
Event: 6.169 GC heap before
{Heap before GC invocations=20 (full 0):
 garbage-first heap   total 113664K, used 99562K [0x0000000080000000, 0x0000000100000000)
  region size 1024K, 40 young (40960K), 6 survivors (6144K)
 Metaspace       used 74007K, committed 75776K, reserved 1114112K
  class space    used 10393K, committed 11264K, reserved 1048576K
}
Event: 6.171 GC heap after
{Heap after GC invocations=21 (full 0):
 garbage-first heap   total 113664K, used 67471K [0x0000000080000000, 0x0000000100000000)
  region size 1024K, 2 young (2048K), 2 survivors (2048K)
 Metaspace       used 74007K, committed 75776K, reserved 1114112K
  class space    used 10393K, committed 11264K, reserved 1048576K
}
Event: 6.347 GC heap before
{Heap before GC invocations=21 (full 0):
 garbage-first heap   total 113664K, used 94095K [0x0000000080000000, 0x0000000100000000)
  region size 1024K, 29 young (29696K), 2 survivors (2048K)
 Metaspace       used 76768K, committed 78720K, reserved 1179648K
  class space    used 10835K, committed 11776K, reserved 1048576K
}
Event: 6.349 GC heap after
{Heap after GC invocations=22 (full 0):
 garbage-first heap   total 113664K, used 68241K [0x0000000080000000, 0x0000000100000000)
  region size 1024K, 3 young (3072K), 3 survivors (3072K)
 Metaspace       used 76768K, committed 78720K, reserved 1179648K
  class space    used 10835K, committed 11776K, reserved 1048576K
}
Event: 6.634 GC heap before
{Heap before GC invocations=23 (full 0):
 garbage-first heap   total 119808K, used 105105K [0x0000000080000000, 0x0000000100000000)
  region size 1024K, 37 young (37888K), 3 survivors (3072K)
 Metaspace       used 80451K, committed 82304K, reserved 1179648K
  class space    used 11334K, committed 12224K, reserved 1048576K
}
Event: 6.636 GC heap after
{Heap after GC invocations=24 (full 0):
 garbage-first heap   total 119808K, used 71801K [0x0000000080000000, 0x0000000100000000)
  region size 1024K, 4 young (4096K), 4 survivors (4096K)
 Metaspace       used 80451K, committed 82304K, reserved 1179648K
  class space    used 11334K, committed 12224K, reserved 1048576K
}
Event: 6.931 GC heap before
{Heap before GC invocations=24 (full 0):
 garbage-first heap   total 119808K, used 110713K [0x0000000080000000, 0x0000000100000000)
  region size 1024K, 41 young (41984K), 4 survivors (4096K)
 Metaspace       used 83565K, committed 85504K, reserved 1179648K
  class space    used 11751K, committed 12736K, reserved 1048576K
}
Event: 6.933 GC heap after
{Heap after GC invocations=25 (full 0):
 garbage-first heap   total 119808K, used 75226K [0x0000000080000000, 0x0000000100000000)
  region size 1024K, 6 young (6144K), 6 survivors (6144K)
 Metaspace       used 83565K, committed 85504K, reserved 1179648K
  class space    used 11751K, committed 12736K, reserved 1048576K
}
Event: 6.936 GC heap before
{Heap before GC invocations=25 (full 0):
 garbage-first heap   total 119808K, used 77274K [0x0000000080000000, 0x0000000100000000)
  region size 1024K, 9 young (9216K), 6 survivors (6144K)
 Metaspace       used 83565K, committed 85504K, reserved 1179648K
  class space    used 11751K, committed 12736K, reserved 1048576K
}
Event: 6.938 GC heap after
{Heap after GC invocations=26 (full 0):
 garbage-first heap   total 119808K, used 77245K [0x0000000080000000, 0x0000000100000000)
  region size 1024K, 3 young (3072K), 3 survivors (3072K)
 Metaspace       used 83565K, committed 85504K, reserved 1179648K
  class space    used 11751K, committed 12736K, reserved 1048576K
}
Event: 7.058 GC heap before
{Heap before GC invocations=27 (full 0):
 garbage-first heap   total 138240K, used 102845K [0x0000000080000000, 0x0000000100000000)
  region size 1024K, 24 young (24576K), 3 survivors (3072K)
 Metaspace       used 84410K, committed 86400K, reserved 1179648K
  class space    used 11884K, committed 12864K, reserved 1048576K
}
Event: 7.060 GC heap after
{Heap after GC invocations=28 (full 0):
 garbage-first heap   total 138240K, used 79708K [0x0000000080000000, 0x0000000100000000)
  region size 1024K, 2 young (2048K), 2 survivors (2048K)
 Metaspace       used 84410K, committed 86400K, reserved 1179648K
  class space    used 11884K, committed 12864K, reserved 1048576K
}
Event: 7.308 GC heap before
{Heap before GC invocations=28 (full 0):
 garbage-first heap   total 138240K, used 113500K [0x0000000080000000, 0x0000000100000000)
  region size 1024K, 35 young (35840K), 2 survivors (2048K)
 Metaspace       used 86732K, committed 88640K, reserved 1179648K
  class space    used 12177K, committed 13120K, reserved 1048576K
}
Event: 7.311 GC heap after
{Heap after GC invocations=29 (full 0):
 garbage-first heap   total 138240K, used 80888K [0x0000000080000000, 0x0000000100000000)
  region size 1024K, 3 young (3072K), 3 survivors (3072K)
 Metaspace       used 86732K, committed 88640K, reserved 1179648K
  class space    used 12177K, committed 13120K, reserved 1048576K
}
Event: 7.545 GC heap before
{Heap before GC invocations=29 (full 0):
 garbage-first heap   total 138240K, used 116728K [0x0000000080000000, 0x0000000100000000)
  region size 1024K, 38 young (38912K), 3 survivors (3072K)
 Metaspace       used 88750K, committed 90752K, reserved 1179648K
  class space    used 12434K, committed 13440K, reserved 1048576K
}
Event: 7.547 GC heap after
{Heap after GC invocations=30 (full 0):
 garbage-first heap   total 138240K, used 83234K [0x0000000080000000, 0x0000000100000000)
  region size 1024K, 4 young (4096K), 4 survivors (4096K)
 Metaspace       used 88750K, committed 90752K, reserved 1179648K
  class space    used 12434K, committed 13440K, reserved 1048576K
}
Event: 7.771 GC heap before
{Heap before GC invocations=31 (full 0):
 garbage-first heap   total 138240K, used 119074K [0x0000000080000000, 0x0000000100000000)
  region size 1024K, 40 young (40960K), 4 survivors (4096K)
 Metaspace       used 91222K, committed 93312K, reserved 1179648K
  class space    used 12783K, committed 13824K, reserved 1048576K
}
Event: 7.773 GC heap after
{Heap after GC invocations=32 (full 0):
 garbage-first heap   total 165888K, used 83301K [0x0000000080000000, 0x0000000100000000)
  region size 1024K, 4 young (4096K), 4 survivors (4096K)
 Metaspace       used 91222K, committed 93312K, reserved 1179648K
  class space    used 12783K, committed 13824K, reserved 1048576K
}

Dll operation events (3 events):
Event: 0.006 Loaded shared library D:\Android\Android Studio\jbr\bin\java.dll
Event: 0.009 Loaded shared library D:\Android\Android Studio\jbr\bin\zip.dll
Event: 1.409 Loaded shared library D:\Android\Android Studio\jbr\bin\verify.dll

Deoptimization events (20 events):
Event: 7.556 Thread 0x000001979cba56a0 Uncommon trap: trap_request=0xffffffde fr.pc=0x000001978af6cd14 relative=0x0000000000000074
Event: 7.556 Thread 0x000001979cba56a0 Uncommon trap: reason=class_check action=maybe_recompile pc=0x000001978af6cd14 method=com.google.common.base.Objects.equal(Ljava/lang/Object;Ljava/lang/Object;)Z @ 11 c2
Event: 7.556 Thread 0x000001979cba56a0 DEOPT PACKING pc=0x000001978af6cd14 sp=0x0000000e9caf7ec0
Event: 7.556 Thread 0x000001979cba56a0 DEOPT UNPACKING pc=0x000001978a6243a2 sp=0x0000000e9caf7e58 mode 2
Event: 7.556 Thread 0x000001979cba56a0 Uncommon trap: trap_request=0xffffffde fr.pc=0x000001978af6cd14 relative=0x0000000000000074
Event: 7.556 Thread 0x000001979cba56a0 Uncommon trap: reason=class_check action=maybe_recompile pc=0x000001978af6cd14 method=com.google.common.base.Objects.equal(Ljava/lang/Object;Ljava/lang/Object;)Z @ 11 c2
Event: 7.556 Thread 0x000001979cba56a0 DEOPT PACKING pc=0x000001978af6cd14 sp=0x0000000e9caf7de0
Event: 7.556 Thread 0x000001979cba56a0 DEOPT UNPACKING pc=0x000001978a6243a2 sp=0x0000000e9caf7d78 mode 2
Event: 7.564 Thread 0x000001979cba56a0 Uncommon trap: trap_request=0xffffffde fr.pc=0x000001978ace5f3c relative=0x00000000000003bc
Event: 7.564 Thread 0x000001979cba56a0 Uncommon trap: reason=class_check action=maybe_recompile pc=0x000001978ace5f3c method=java.lang.StringConcatHelper.stringOf(Ljava/lang/Object;)Ljava/lang/String; @ 5 c2
Event: 7.564 Thread 0x000001979cba56a0 DEOPT PACKING pc=0x000001978ace5f3c sp=0x0000000e9caf7f70
Event: 7.564 Thread 0x000001979cba56a0 DEOPT UNPACKING pc=0x000001978a6243a2 sp=0x0000000e9caf7eb0 mode 2
Event: 7.564 Thread 0x000001979cba56a0 Uncommon trap: trap_request=0xffffffde fr.pc=0x000001978ace5f3c relative=0x00000000000003bc
Event: 7.564 Thread 0x000001979cba56a0 Uncommon trap: reason=class_check action=maybe_recompile pc=0x000001978ace5f3c method=java.lang.StringConcatHelper.stringOf(Ljava/lang/Object;)Ljava/lang/String; @ 5 c2
Event: 7.564 Thread 0x000001979cba56a0 DEOPT PACKING pc=0x000001978ace5f3c sp=0x0000000e9caf7f70
Event: 7.564 Thread 0x000001979cba56a0 DEOPT UNPACKING pc=0x000001978a6243a2 sp=0x0000000e9caf7eb0 mode 2
Event: 7.685 Thread 0x000001979cba56a0 Uncommon trap: trap_request=0xffffff45 fr.pc=0x000001978b08c43c relative=0x0000000000008a9c
Event: 7.685 Thread 0x000001979cba56a0 Uncommon trap: reason=unstable_if action=reinterpret pc=0x000001978b08c43c method=org.gradle.internal.instantiation.generator.AbstractClassGenerator$PropertyMetadata.addGetter(Lorg/gradle/internal/instantiation/generator/AbstractClassGenerator$MethodMetad
Event: 7.685 Thread 0x000001979cba56a0 DEOPT PACKING pc=0x000001978b08c43c sp=0x0000000e9caf6fc0
Event: 7.685 Thread 0x000001979cba56a0 DEOPT UNPACKING pc=0x000001978a6243a2 sp=0x0000000e9caf6ef8 mode 2

Classes loaded (20 events):
Event: 7.090 Loading class java/lang/foreign/ValueLayout
Event: 7.091 Loading class java/lang/foreign/MemoryLayout
Event: 7.091 Loading class java/lang/foreign/MemoryLayout done
Event: 7.091 Loading class java/lang/foreign/ValueLayout done
Event: 7.270 Loading class java/security/KeyStore
Event: 7.270 Loading class java/security/KeyStore done
Event: 7.377 Loading class javax/xml/stream/XMLStreamException
Event: 7.377 Loading class javax/xml/stream/XMLStreamException done
Event: 7.393 Loading class sun/reflect/annotation/AnnotationInvocationHandler$1
Event: 7.393 Loading class sun/reflect/annotation/AnnotationInvocationHandler$1 done
Event: 7.799 Loading class java/util/stream/ReferencePipeline$4
Event: 7.799 Loading class java/util/stream/IntPipeline$StatelessOp
Event: 7.799 Loading class java/util/stream/IntPipeline$StatelessOp done
Event: 7.799 Loading class java/util/stream/ReferencePipeline$4 done
Event: 7.799 Loading class java/util/stream/ReduceOps$6
Event: 7.799 Loading class java/util/stream/ReduceOps$6 done
Event: 7.799 Loading class java/util/stream/ReduceOps$5ReducingSink
Event: 7.799 Loading class java/util/stream/ReduceOps$5ReducingSink done
Event: 7.799 Loading class java/util/stream/ReferencePipeline$4$1
Event: 7.799 Loading class java/util/stream/ReferencePipeline$4$1 done

Classes unloaded (0 events):
No events

Classes redefined (0 events):
No events

Internal exceptions (20 events):
Event: 7.825 Thread 0x000001979cba56a0 Exception <a 'sun/nio/fs/WindowsException'{0x000000008bd21b90}> (0x000000008bd21b90) 
thrown [s\src\hotspot\share\prims\jni.cpp, line 537]
Event: 7.825 Thread 0x000001979cba56a0 Exception <a 'sun/nio/fs/WindowsException'{0x000000008bd38460}> (0x000000008bd38460) 
thrown [s\src\hotspot\share\prims\jni.cpp, line 537]
Event: 7.826 Thread 0x000001979cba56a0 Exception <a 'sun/nio/fs/WindowsException'{0x000000008bd54f10}> (0x000000008bd54f10) 
thrown [s\src\hotspot\share\prims\jni.cpp, line 537]
Event: 7.827 Thread 0x000001979cba56a0 Exception <a 'sun/nio/fs/WindowsException'{0x000000008bd67228}> (0x000000008bd67228) 
thrown [s\src\hotspot\share\prims\jni.cpp, line 537]
Event: 7.827 Thread 0x000001979cba56a0 Exception <a 'sun/nio/fs/WindowsException'{0x000000008bd74720}> (0x000000008bd74720) 
thrown [s\src\hotspot\share\prims\jni.cpp, line 537]
Event: 7.827 Thread 0x000001979cba56a0 Exception <a 'sun/nio/fs/WindowsException'{0x000000008bd81e88}> (0x000000008bd81e88) 
thrown [s\src\hotspot\share\prims\jni.cpp, line 537]
Event: 7.827 Thread 0x000001979cba56a0 Exception <a 'sun/nio/fs/WindowsException'{0x000000008bd94ad0}> (0x000000008bd94ad0) 
thrown [s\src\hotspot\share\prims\jni.cpp, line 537]
Event: 7.828 Thread 0x000001979cba56a0 Exception <a 'sun/nio/fs/WindowsException'{0x000000008bda8ed0}> (0x000000008bda8ed0) 
thrown [s\src\hotspot\share\prims\jni.cpp, line 537]
Event: 7.828 Thread 0x000001979cba56a0 Exception <a 'sun/nio/fs/WindowsException'{0x000000008bdb7ba0}> (0x000000008bdb7ba0) 
thrown [s\src\hotspot\share\prims\jni.cpp, line 537]
Event: 7.829 Thread 0x000001979cba56a0 Exception <a 'sun/nio/fs/WindowsException'{0x000000008bdd94d8}> (0x000000008bdd94d8) 
thrown [s\src\hotspot\share\prims\jni.cpp, line 537]
Event: 7.829 Thread 0x000001979cba56a0 Exception <a 'sun/nio/fs/WindowsException'{0x000000008bde7ff8}> (0x000000008bde7ff8) 
thrown [s\src\hotspot\share\prims\jni.cpp, line 537]
Event: 7.830 Thread 0x000001979cba56a0 Exception <a 'sun/nio/fs/WindowsException'{0x000000008bc09470}> (0x000000008bc09470) 
thrown [s\src\hotspot\share\prims\jni.cpp, line 537]
Event: 7.831 Thread 0x000001979cba56a0 Exception <a 'sun/nio/fs/WindowsException'{0x000000008bc1de70}> (0x000000008bc1de70) 
thrown [s\src\hotspot\share\prims\jni.cpp, line 537]
Event: 7.831 Thread 0x000001979cba56a0 Exception <a 'sun/nio/fs/WindowsException'{0x000000008bc2ad20}> (0x000000008bc2ad20) 
thrown [s\src\hotspot\share\prims\jni.cpp, line 537]
Event: 7.832 Thread 0x000001979cba56a0 Exception <a 'sun/nio/fs/WindowsException'{0x000000008bc41c30}> (0x000000008bc41c30) 
thrown [s\src\hotspot\share\prims\jni.cpp, line 537]
Event: 7.832 Thread 0x000001979cba56a0 Exception <a 'sun/nio/fs/WindowsException'{0x000000008bc4f6e8}> (0x000000008bc4f6e8) 
thrown [s\src\hotspot\share\prims\jni.cpp, line 537]
Event: 7.832 Thread 0x000001979cba56a0 Exception <a 'sun/nio/fs/WindowsException'{0x000000008bc5ced8}> (0x000000008bc5ced8) 
thrown [s\src\hotspot\share\prims\jni.cpp, line 537]
Event: 7.833 Thread 0x000001979cba56a0 Exception <a 'sun/nio/fs/WindowsException'{0x000000008bc6a578}> (0x000000008bc6a578) 
thrown [s\src\hotspot\share\prims\jni.cpp, line 537]
Event: 7.834 Thread 0x000001979cba56a0 Exception <a 'sun/nio/fs/WindowsException'{0x000000008bc7de78}> (0x000000008bc7de78) 
thrown [s\src\hotspot\share\prims\jni.cpp, line 537]
Event: 7.834 Thread 0x000001979cba56a0 Exception <a 'sun/nio/fs/WindowsException'{0x000000008bc8cc68}> (0x000000008bc8cc68) 
thrown [s\src\hotspot\share\prims\jni.cpp, line 537]

ZGC Phase Switch (0 events):
No events

VM Operations (20 events):
Event: 6.938 Executing safepoint VM operation: G1TryInitiateConcMark (G1 Humongous Allocation) done
Event: 6.959 Executing safepoint VM operation: G1PauseRemark
Event: 6.962 Executing safepoint VM operation: G1PauseRemark done
Event: 6.973 Executing safepoint VM operation: G1PauseCleanup
Event: 6.973 Executing safepoint VM operation: G1PauseCleanup done
Event: 7.058 Executing safepoint VM operation: G1CollectForAllocation (G1 Evacuation Pause)
Event: 7.060 Executing safepoint VM operation: G1CollectForAllocation (G1 Evacuation Pause) done
Event: 7.308 Executing safepoint VM operation: G1CollectForAllocation (G1 Evacuation Pause)
Event: 7.311 Executing safepoint VM operation: G1CollectForAllocation (G1 Evacuation Pause) done
Event: 7.538 Executing safepoint VM operation: ICBufferFull
Event: 7.538 Executing safepoint VM operation: ICBufferFull done
Event: 7.545 Executing safepoint VM operation: G1CollectForAllocation (G1 Evacuation Pause)
Event: 7.547 Executing safepoint VM operation: G1CollectForAllocation (G1 Evacuation Pause) done
Event: 7.570 Executing safepoint VM operation: G1PauseRemark
Event: 7.572 Executing safepoint VM operation: G1PauseRemark done
Event: 7.583 Executing safepoint VM operation: G1PauseCleanup
Event: 7.583 Executing safepoint VM operation: G1PauseCleanup done
Event: 7.771 Executing safepoint VM operation: G1CollectForAllocation (G1 Evacuation Pause)
Event: 7.773 Executing safepoint VM operation: G1CollectForAllocation (G1 Evacuation Pause) done
Event: 8.778 Executing safepoint VM operation: Cleanup

Memory protections (0 events):
No events

Nmethod flushes (20 events):
Event: 7.572 Thread 0x0000019796bb8370 flushing  nmethod 0x00000197830f7e10
Event: 7.572 Thread 0x0000019796bb8370 flushing  nmethod 0x00000197831b8d10
Event: 7.572 Thread 0x0000019796bb8370 flushing  nmethod 0x00000197831b9590
Event: 7.572 Thread 0x0000019796bb8370 flushing  nmethod 0x0000019783297b90
Event: 7.572 Thread 0x0000019796bb8370 flushing  nmethod 0x0000019783299210
Event: 7.572 Thread 0x0000019796bb8370 flushing  nmethod 0x00000197832d8390
Event: 7.572 Thread 0x0000019796bb8370 flushing  nmethod 0x0000019783375a10
Event: 7.572 Thread 0x0000019796bb8370 flushing  nmethod 0x00000197833e3e10
Event: 7.572 Thread 0x0000019796bb8370 flushing  nmethod 0x000001978347ce90
Event: 7.572 Thread 0x0000019796bb8370 flushing  nmethod 0x00000197834ee510
Event: 7.572 Thread 0x0000019796bb8370 flushing  nmethod 0x00000197836f3a10
Event: 7.572 Thread 0x0000019796bb8370 flushing  nmethod 0x00000197836f3d90
Event: 7.572 Thread 0x0000019796bb8370 flushing  nmethod 0x00000197836fd690
Event: 7.572 Thread 0x0000019796bb8370 flushing  nmethod 0x00000197837a8090
Event: 7.572 Thread 0x0000019796bb8370 flushing  nmethod 0x00000197837a9310
Event: 7.572 Thread 0x0000019796bb8370 flushing  nmethod 0x0000019783960590
Event: 7.572 Thread 0x0000019796bb8370 flushing  nmethod 0x0000019783cb4410
Event: 7.572 Thread 0x0000019796bb8370 flushing  nmethod 0x0000019783cb5310
Event: 7.572 Thread 0x0000019796bb8370 flushing  nmethod 0x0000019783d55710
Event: 7.572 Thread 0x0000019796bb8370 flushing  nmethod 0x0000019783e53f90

Events (20 events):
Event: 3.072 Thread 0x000001979cba56a0 Thread added: 0x000001979c78c0e0
Event: 3.075 Thread 0x000001979cba56a0 Thread added: 0x000001979c78b3c0
Event: 3.170 Thread 0x000001979cba56a0 Thread added: 0x000001979c7892f0
Event: 3.204 Thread 0x000001979cba56a0 Thread added: 0x000001979c78c770
Event: 3.311 Thread 0x000001979cba56a0 Thread added: 0x000001979c78ce00
Event: 3.335 Thread 0x000001979cba56a0 Thread added: 0x000001979c789980
Event: 3.425 Thread 0x000001979cba56a0 Thread added: 0x000001979c78d490
Event: 3.450 Thread 0x000001979cba56a0 Thread added: 0x000001979c78a010
Event: 4.196 Thread 0x000001979cba56a0 Thread added: 0x000001979c78e1b0
Event: 4.222 Thread 0x000001979cba56a0 Thread added: 0x000001979c790280
Event: 4.247 Thread 0x000001979cba56a0 Thread added: 0x000001979c78e840
Event: 5.077 Thread 0x000001979cba56a0 Thread added: 0x000001979c790910
Event: 5.077 Thread 0x000001979cba56a0 Thread added: 0x00000197a0cb3890
Event: 5.077 Thread 0x000001979cba56a0 Thread added: 0x00000197a0cb6d10
Event: 5.078 Thread 0x000001979cba56a0 Thread added: 0x00000197a0cb73a0
Event: 5.078 Thread 0x000001979cba56a0 Thread added: 0x00000197a0cb5960
Event: 5.078 Thread 0x000001979cba56a0 Thread added: 0x00000197a0cb4c40
Event: 5.078 Thread 0x000001979cba56a0 Thread added: 0x00000197a0cb6680
Event: 6.326 Thread 0x000001979cba56a0 Thread added: 0x00000197a0cb52d0
Event: 6.694 Thread 0x000001979cba56a0 Thread added: 0x00000197a0cb3f20


Dynamic libraries:
0x00007ff79e130000 - 0x00007ff79e13a000 	D:\Android\Android Studio\jbr\bin\java.exe
0x00007ffa768e0000 - 0x00007ffa76b46000 	C:\Windows\SYSTEM32\ntdll.dll
0x00007ffa75840000 - 0x00007ffa75909000 	C:\Windows\System32\KERNEL32.DLL
0x00007ffa73b00000 - 0x00007ffa73efe000 	C:\Windows\System32\KERNELBASE.dll
0x00007ffa73fa0000 - 0x00007ffa740ec000 	C:\Windows\System32\ucrtbase.dll
0x00007ffa6e380000 - 0x00007ffa6e39b000 	D:\Android\Android Studio\jbr\bin\VCRUNTIME140.dll
0x00007ffa3a440000 - 0x00007ffa3a458000 	D:\Android\Android Studio\jbr\bin\jli.dll
0x00007ffa74f70000 - 0x00007ffa75137000 	C:\Windows\System32\USER32.dll
0x00007ffa74280000 - 0x00007ffa742a7000 	C:\Windows\System32\win32u.dll
0x00007ffa56e20000 - 0x00007ffa570b2000 	C:\Windows\WinSxS\amd64_microsoft.windows.common-controls_6595b64144ccf1df_6.0.26100.8875_none_3e0d5d42e32fe9dd\COMCTL32.dll
0x00007ffa76570000 - 0x00007ffa7659b000 	C:\Windows\System32\GDI32.dll
0x00007ffa747b0000 - 0x00007ffa74859000 	C:\Windows\System32\msvcrt.dll
0x00007ffa744e0000 - 0x00007ffa7460a000 	C:\Windows\System32\gdi32full.dll
0x00007ffa742b0000 - 0x00007ffa74353000 	C:\Windows\System32\msvcp_win.dll
0x00007ffa74860000 - 0x00007ffa74892000 	C:\Windows\System32\IMM32.DLL
0x00007ffa6e4f0000 - 0x00007ffa6e4fc000 	D:\Android\Android Studio\jbr\bin\vcruntime140_1.dll
0x00007ffa64620000 - 0x00007ffa646ad000 	D:\Android\Android Studio\jbr\bin\msvcp140.dll
0x00007ff9f2790000 - 0x00007ff9f3426000 	D:\Android\Android Studio\jbr\bin\server\jvm.dll
0x00007ffa751c0000 - 0x00007ffa75277000 	C:\Windows\System32\ADVAPI32.dll
0x00007ffa765a0000 - 0x00007ffa7664a000 	C:\Windows\System32\sechost.dll
0x00007ffa76660000 - 0x00007ffa76778000 	C:\Windows\System32\RPCRT4.dll
0x00007ffa748b0000 - 0x00007ffa74930000 	C:\Windows\System32\WS2_32.dll
0x00007ffa73960000 - 0x00007ffa739be000 	C:\Windows\SYSTEM32\POWRPROF.dll
0x00007ffa6ac10000 - 0x00007ffa6ac1b000 	C:\Windows\SYSTEM32\VERSION.dll
0x00007ffa6b7e0000 - 0x00007ffa6b816000 	C:\Windows\SYSTEM32\WINMM.dll
0x00007ffa73940000 - 0x00007ffa73954000 	C:\Windows\SYSTEM32\UMPDC.dll
0x00007ffa727b0000 - 0x00007ffa727cb000 	C:\Windows\SYSTEM32\kernel.appcore.dll
0x00007ffa6e4e0000 - 0x00007ffa6e4ea000 	D:\Android\Android Studio\jbr\bin\jimage.dll
0x00007ffa70dc0000 - 0x00007ffa71002000 	C:\Windows\SYSTEM32\DBGHELP.DLL
0x00007ffa74be0000 - 0x00007ffa74f63000 	C:\Windows\System32\combase.dll
0x00007ffa75760000 - 0x00007ffa75839000 	C:\Windows\System32\OLEAUT32.dll
0x00007ffa49c50000 - 0x00007ffa49c8b000 	C:\Windows\SYSTEM32\dbgcore.DLL
0x00007ffa741c0000 - 0x00007ffa7426c000 	C:\Windows\System32\bcryptPrimitives.dll
0x00007ffa649e0000 - 0x00007ffa649ee000 	D:\Android\Android Studio\jbr\bin\instrument.dll
0x00007ffa6a6a0000 - 0x00007ffa6a6c0000 	D:\Android\Android Studio\jbr\bin\java.dll
0x00007ffa652b0000 - 0x00007ffa652c8000 	D:\Android\Android Studio\jbr\bin\zip.dll
0x00007ffa75910000 - 0x00007ffa760a2000 	C:\Windows\System32\SHELL32.dll
0x00007ffa71570000 - 0x00007ffa71e02000 	C:\Windows\SYSTEM32\windows.storage.dll
0x00007ffa76780000 - 0x00007ffa76877000 	C:\Windows\System32\SHCORE.dll
0x00007ffa76440000 - 0x00007ffa764a7000 	C:\Windows\System32\shlwapi.dll
0x00007ffa73a20000 - 0x00007ffa73a49000 	C:\Windows\SYSTEM32\profapi.dll
0x00007ffa65460000 - 0x00007ffa65470000 	D:\Android\Android Studio\jbr\bin\net.dll
0x00007ffa6b340000 - 0x00007ffa6b467000 	C:\Windows\SYSTEM32\WINHTTP.dll
0x00007ffa72d70000 - 0x00007ffa72ddc000 	C:\Windows\system32\mswsock.dll
0x00007ffa64f60000 - 0x00007ffa64f76000 	D:\Android\Android Studio\jbr\bin\nio.dll
0x00007ffa64b10000 - 0x00007ffa64b20000 	D:\Android\Android Studio\jbr\bin\verify.dll
0x00007ffa540a0000 - 0x00007ffa540c7000 	C:\Users\16696\.gradle\native\660c5614fbf4a5f2a75b1949f50a0caf5cd603558e7d8a26e50b933a0cfb79d1\windows-amd64\native-platform.dll
0x00007ffa2bda0000 - 0x00007ffa2be17000 	C:\Users\16696\.gradle\native\0.2.8\x86_64-windows-gnu\gradle-fileevents.dll
0x00007ffa65170000 - 0x00007ffa65179000 	D:\Android\Android Studio\jbr\bin\management.dll
0x00007ffa65000000 - 0x00007ffa6500b000 	D:\Android\Android Studio\jbr\bin\management_ext.dll
0x00007ffa74bd0000 - 0x00007ffa74bd8000 	C:\Windows\System32\PSAPI.DLL
0x00007ffa72140000 - 0x00007ffa72173000 	C:\Windows\SYSTEM32\IPHLPAPI.DLL
0x00007ffa76650000 - 0x00007ffa7665a000 	C:\Windows\System32\NSI.dll
0x00007ffa65370000 - 0x00007ffa65379000 	D:\Android\Android Studio\jbr\bin\extnet.dll
0x00007ffa730b0000 - 0x00007ffa730cb000 	C:\Windows\SYSTEM32\CRYPTSP.dll
0x00007ffa72710000 - 0x00007ffa72749000 	C:\Windows\system32\rsaenh.dll
0x00007ffa72e30000 - 0x00007ffa72e62000 	C:\Windows\SYSTEM32\USERENV.dll
0x00007ffa739f0000 - 0x00007ffa73a1a000 	C:\Windows\SYSTEM32\bcrypt.dll
0x00007ffa73090000 - 0x00007ffa7309c000 	C:\Windows\SYSTEM32\CRYPTBASE.dll
0x00007ffa3c240000 - 0x00007ffa3c248000 	C:\Windows\system32\wshunix.dll

JVMTI agents:
C:\Users\16696\.gradle\wrapper\dists\gradle-9.4.1-bin\arn2x92ynaizyzdaamcbpbhtj\gradle-9.4.1\lib\agents\gradle-instrumentation-agent-9.4.1.jar path:D:\Android\Android Studio\jbr\bin\instrument.dll, loaded, initialized, instrumentlib options:none

dbghelp: loaded successfully - version: 4.0.5 - missing functions: none
symbol engine: initialized successfully - sym options: 0x614 - pdb path: .;D:\Android\Android Studio\jbr\bin;C:\Windows\SYSTEM32;C:\Windows\WinSxS\amd64_microsoft.windows.common-controls_6595b64144ccf1df_6.0.26100.8875_none_3e0d5d42e32fe9dd;D:\Android\Android Studio\jbr\bin\server;C:\Users\16696\.gradle\native\660c5614fbf4a5f2a75b1949f50a0caf5cd603558e7d8a26e50b933a0cfb79d1\windows-amd64;C:\Users\16696\.gradle\native\0.2.8\x86_64-windows-gnu

VM Arguments:
jvm_args: --add-opens=java.base/java.lang=ALL-UNNAMED --add-opens=java.base/java.lang.invoke=ALL-UNNAMED --add-opens=java.base/java.util=ALL-UNNAMED --add-opens=java.prefs/java.util.prefs=ALL-UNNAMED --add-exports=jdk.compiler/com.sun.tools.javac.api=ALL-UNNAMED --add-exports=jdk.compiler/com.sun.tools.javac.util=ALL-UNNAMED --add-opens=java.base/java.util=ALL-UNNAMED --add-opens=java.prefs/java.util.prefs=ALL-UNNAMED --add-opens=java.base/java.nio.charset=ALL-UNNAMED --add-opens=java.base/java.net=ALL-UNNAMED --add-opens=java.base/java.util.concurrent=ALL-UNNAMED --add-opens=java.base/java.util.concurrent.atomic=ALL-UNNAMED --add-opens=java.xml/javax.xml.namespace=ALL-UNNAMED --add-opens=java.base/java.time=ALL-UNNAMED -Xmx2048m -Dfile.encoding=UTF-8 -Duser.country=CN -Duser.language=zh -Duser.variant -javaagent:C:\Users\16696\.gradle\wrapper\dists\gradle-9.4.1-bin\arn2x92ynaizyzdaamcbpbhtj\gradle-9.4.1\lib\agents\gradle-instrumentation-agent-9.4.1.jar 
java_command: org.gradle.launcher.daemon.bootstrap.GradleDaemon 9.4.1
java_class_path (initial): C:\Users\16696\.gradle\wrapper\dists\gradle-9.4.1-bin\arn2x92ynaizyzdaamcbpbhtj\gradle-9.4.1\lib\gradle-daemon-main-9.4.1.jar
Launcher Type: SUN_STANDARD

[Global flags]
     intx CICompilerCount                          = 4                                         {product} {ergonomic}
     uint ConcGCThreads                            = 2                                         {product} {ergonomic}
     uint G1ConcRefinementThreads                  = 9                                         {product} {ergonomic}
   size_t G1HeapRegionSize                         = 1048576                                   {product} {ergonomic}
    uintx GCDrainStackTargetSize                   = 64                                        {product} {ergonomic}
   size_t InitialHeapSize                          = 260046848                                 {product} {ergonomic}
   size_t MarkStackSize                            = 4194304                                   {product} {ergonomic}
   size_t MaxHeapSize                              = 2147483648                                {product} {command line}
   size_t MaxNewSize                               = 1287651328                                {product} {ergonomic}
   size_t MinHeapDeltaBytes                        = 1048576                                   {product} {ergonomic}
   size_t MinHeapSize                              = 8388608                                   {product} {ergonomic}
    uintx NonNMethodCodeHeapSize                   = 5839372                                {pd product} {ergonomic}
    uintx NonProfiledCodeHeapSize                  = 122909434                              {pd product} {ergonomic}
    uintx ProfiledCodeHeapSize                     = 122909434                              {pd product} {ergonomic}
    uintx ReservedCodeCacheSize                    = 251658240                              {pd product} {ergonomic}
     bool SegmentedCodeCache                       = true                                      {product} {ergonomic}
   size_t SoftMaxHeapSize                          = 2147483648                             {manageable} {ergonomic}
     bool UseCompressedOops                        = true                           {product lp64_product} {ergonomic}
     bool UseG1GC                                  = true                                      {product} {ergonomic}
     bool UseLargePagesIndividualAllocation        = false                                  {pd product} {ergonomic}

Logging:
Log output configuration:
 #0: stdout all=warning uptime,level,tags foldmultilines=false
 #1: stderr all=off uptime,level,tags foldmultilines=false

Release file:
JAVA_VERSION="21.0.10" 
MODULES="java.base java.compiler java.datatransfer java.xml java.prefs java.desktop java.instrument java.logging java.management java.security.sasl java.naming java.rmi java.management.rmi java.net.http java.scripting java.security.jgss java.transaction.xa java.sql java.sql.rowset java.xml.crypto java.se java.smartcardio jdk.accessibility jdk.internal.jvmstat jdk.attach jdk.charsets jdk.internal.opt jdk.zipfs jdk.compiler jdk.crypto.ec jdk.crypto.cryptoki jdk.dynalink jdk.hotspot.agent jdk.httpserver jdk.internal.ed jdk.internal.le jdk.internal.vm.ci jdk.jartool jdk.javadoc jdk.jcmd jdk.jdeps jdk.jdwp.agent jdk.jdi jdk.jfr jdk.jlink jdk.jsobject jdk.localedata jdk.management jdk.management.agent jdk.management.jfr jdk.naming.dns jdk.naming.rmi jdk.net jdk.sctp jdk.security.auth jdk.security.jgss jdk.unsupported jdk.unsupported.desktop jdk.xml.dom" 
IMPLEMENTOR="JetBrains s.r.o." 
JAVA_RUNTIME_VERSION="21.0.10+-14961533-b1163.108" 
LIBC="default" 
OS_ARCH="x86_64" 
OS_NAME="Windows" 
SOURCE=".:git:1351622c2ff2" 

Environment Variables:
PATH=c:\Users\16696\.trae-cn\tools\trae-gopls\current;c:\Users\16696\.trae-cn\sdks\workspaces\5d727ef8\versions\node\current;c:\Users\16696\.trae-cn\sdks\versions\node\current;D:\Android\jdk-8.0.492.9-hotspot\bin;C:\Program Files (x86)\VMware\VMware Workstation\bin\;C:\Windows\system32;C:\Windows;C:\Windows\System32\Wbem;C:\Windows\System32\WindowsPowerShell\v1.0\;C:\Windows\System32\OpenSSH\;D:\Git\Git\cmd;D:\Cmake\bin;D:\Windows Kits\10\Windows Performance Toolkit\;C:\Program Files\TortoiseGit\bin;C:\NXP\S32DS.3.5\S32DS\build_tools\gcc-10.2-arm32-eabi\bin;D:\Xshell\;C:\Users\16696\AppData\Local\Programs\Python\Python314\Scripts\;C:\Users\16696\AppData\Local\Programs\Python\Python314\;C:\Users\16696\AppData\Local\Microsoft\WindowsApps;D:\pycharm\PyCharm 2026.1.2\bin;D:\vscode\Microsoft VS Code\bin;D:\Android\Sdk\platform-tools;D:\Android\Sdk;;d:\Trea\Trae CN\resources\app\bin\lib
USERNAME=16696
OS=Windows_NT
PROCESSOR_IDENTIFIER=Intel64 Family 6 Model 198 Stepping 2, GenuineIntel
TMP=C:\Users\16696\AppData\Local\Temp
TEMP=C:\Users\16696\AppData\Local\Temp




Periodic native trim disabled

JNI global refs:
JNI global refs: 28, weak refs: 0

JNI global refs memory usage: 835, weak refs: 833

Process memory usage:
Resident Set Size: 405560K (2% of 16129048K total physical memory with 495836K free physical memory)

OOME stack traces (most recent first):
Classloader memory used:
Loader org.gradle.internal.classloader.VisitableURLClassLoader                         : 39847K
Loader bootstrap                                                                       : 26306K
Loader org.gradle.internal.classloader.VisitableURLClassLoader$InstrumentingVisitableURLClassLoader: 14408K
Loader org.gradle.initialization.MixInLegacyTypesClassLoader                           : 10522K
Loader jdk.internal.reflect.DelegatingClassLoader                                      : 223K
Loader jdk.internal.loader.ClassLoaders$AppClassLoader                                 : 189K
Loader jdk.internal.loader.ClassLoaders$PlatformClassLoader                            : 183K
Loader org.gradle.internal.classloader.VisitableURLClassLoader                         : 169K
Loader org.gradle.groovy.scripts.internal.DefaultScriptCompilationHandler$ScriptClassLoader: 39240B

Classes loaded by more than one classloader:
Class Program                                                                         : loaded 5 times (x 72B)
Class Build_gradle                                                                    : loaded 3 times (x 126B)
Class com.google.common.collect.RegularImmutableMap$KeySet                            : loaded 2 times (x 152B)
Class org.gradle.internal.classloader.FilteringClassLoader                            : loaded 2 times (x 105B)
Class com.google.common.base.CharMatcher$IsEither                                     : loaded 2 times (x 111B)
Class org.gradle.internal.classloader.ClassLoaderHierarchy                            : loaded 2 times (x 70B)
Class com.google.common.collect.ImmutableEnumSet                                      : loaded 2 times (x 146B)
Class com.google.common.util.concurrent.ExecutionError                                : loaded 2 times (x 82B)
Class com.google.common.collect.ImmutableList$1                                       : loaded 2 times (x 97B)
Class com.google.common.collect.RegularImmutableMap                                   : loaded 2 times (x 121B)
Class com.google.common.collect.ImmutableMap$MapViewOfValuesAsSingletonSets           : loaded 2 times (x 126B)
Class [Lorg.objectweb.asm.Symbol;                                                     : loaded 2 times (x 69B)
Class org.objectweb.asm.ClassVisitor                                                  : loaded 2 times (x 88B)
Class com.google.common.collect.UnmodifiableListIterator                              : loaded 2 times (x 95B)
Class org.objectweb.asm.MethodTooLargeException                                       : loaded 2 times (x 83B)
Class [Lcom.google.common.cache.CacheBuilder$OneWeigher;                              : loaded 2 times (x 69B)
Class com.google.common.base.Suppliers                                                : loaded 2 times (x 71B)
Class org.gradle.internal.classloader.DefaultClassLoaderFactory                       : loaded 2 times (x 82B)
Class [Lcom.google.common.collect.ImmutableMapEntry;                                  : loaded 2 times (x 69B)
Class com.google.common.collect.ListMultimap                                          : loaded 2 times (x 70B)
Class com.google.common.collect.ImmutableEnumMap                                      : loaded 2 times (x 126B)
Class com.google.common.collect.Sets$1                                                : loaded 2 times (x 139B)
Class org.objectweb.asm.AnnotationVisitor                                             : loaded 2 times (x 78B)
Class org.gradle.api.internal.DefaultClassPathProvider                                : loaded 2 times (x 76B)
Class com.google.common.collect.Sets$2                                                : loaded 2 times (x 139B)
Class [Lorg.gradle.api.internal.ClassPathProvider;                                    : loaded 2 times (x 69B)
Class org.gradle.api.internal.ClassPathProvider                                       : loaded 2 times (x 70B)
Class [Lorg.objectweb.asm.AnnotationVisitor;                                          : loaded 2 times (x 69B)
Class com.google.common.collect.Sets$3                                                : loaded 2 times (x 139B)
Class com.google.common.cache.LocalCache$LocalLoadingCache                            : loaded 2 times (x 134B)
Class org.gradle.internal.service.UnknownServiceException                             : loaded 2 times (x 83B)
Class com.google.common.collect.Sets$4                                                : loaded 2 times (x 139B)
Class org.objectweb.asm.ModuleVisitor                                                 : loaded 2 times (x 81B)
Class com.google.common.cache.LocalCache$Strength$1                                   : loaded 2 times (x 81B)
Class com.google.common.util.concurrent.SettableFuture                                : loaded 2 times (x 114B)
Class com.google.common.cache.LocalCache$Strength$2                                   : loaded 2 times (x 81B)
Class com.google.common.cache.LocalCache$Strength$3                                   : loaded 2 times (x 81B)
Class com.google.common.collect.MapDifference                                         : loaded 2 times (x 70B)
Class org.objectweb.asm.FieldWriter                                                   : loaded 2 times (x 78B)
Class com.google.common.cache.CacheBuilder$NullListener                               : loaded 2 times (x 82B)
Class org.gradle.internal.classpath.TransformedClassPath                              : loaded 2 times (x 96B)
Class org.gradle.internal.classloader.InstrumentingClassLoader                        : loaded 2 times (x 70B)
Class com.google.common.cache.CacheLoader$FunctionToCacheLoader                       : loaded 2 times (x 75B)
Class com.google.common.collect.Iterators$ArrayItr                                    : loaded 2 times (x 97B)
Class com.google.common.collect.ImmutableCollection$Builder                           : loaded 2 times (x 76B)
Class com.google.common.base.MoreObjects                                              : loaded 2 times (x 71B)
Class com.google.common.collect.Platform                                              : loaded 2 times (x 71B)
Class com.google.common.base.Equivalence$Identity                                     : loaded 2 times (x 82B)
Class com.google.common.collect.UnmodifiableIterator                                  : loaded 2 times (x 80B)
Class org.gradle.internal.service.ServiceLocator                                      : loaded 2 times (x 70B)
Class com.google.common.base.Ascii                                                    : loaded 2 times (x 71B)
Class com.google.common.cache.LocalCache$1                                            : loaded 2 times (x 89B)
Class com.google.common.collect.Iterators$SingletonIterator                           : loaded 2 times (x 81B)
Class com.google.common.collect.AbstractMapEntry                                      : loaded 2 times (x 81B)
Class com.google.common.collect.ImmutableList$Builder                                 : loaded 2 times (x 77B)
Class com.google.common.collect.AbstractMultimap                                      : loaded 2 times (x 123B)
Class com.google.common.cache.LocalCache$2                                            : loaded 2 times (x 142B)
Class com.google.common.collect.RegularImmutableAsList                                : loaded 2 times (x 217B)
Class com.google.common.util.concurrent.AbstractFuture$Trusted                        : loaded 2 times (x 70B)
Class com.google.common.collect.Iterators                                             : loaded 2 times (x 71B)
Class com.google.common.collect.Lists$StringAsImmutableList                           : loaded 2 times (x 207B)
Class com.google.common.util.concurrent.UncheckedExecutionException                   : loaded 2 times (x 82B)
Class org.gradle.kotlin.dsl.VersionCatalogAccessorsKt                                 : loaded 2 times (x 71B)
Class org.objectweb.asm.ClassWriter                                                   : loaded 2 times (x 106B)
Class com.google.common.cache.CacheLoader$UnsupportedLoadingOperationException        : loaded 2 times (x 82B)
Class com.google.common.base.CharMatcher$And                                          : loaded 2 times (x 112B)
Class org.objectweb.asm.FieldVisitor                                                  : loaded 2 times (x 77B)
Class com.google.common.collect.IndexedImmutableSet                                   : loaded 2 times (x 152B)
Class com.google.common.collect.ImmutableMap$1                                        : loaded 2 times (x 81B)
Class com.google.common.collect.BiMap                                                 : loaded 2 times (x 70B)
Class org.gradle.api.internal.classpath.DefaultModuleRegistry$DefaultModule           : loaded 2 times (x 82B)
Class com.google.common.primitives.Ints                                               : loaded 2 times (x 71B)
Class com.google.common.collect.AbstractIterator                                      : loaded 2 times (x 82B)
Class com.google.common.collect.ObjectArrays                                          : loaded 2 times (x 71B)
Class com.google.common.math.MathPreconditions                                        : loaded 2 times (x 71B)
Class com.google.common.collect.Multiset                                              : loaded 2 times (x 70B)
Class com.google.common.collect.ArrayListMultimapGwtSerializationDependencies         : loaded 2 times (x 172B)
Class com.google.common.collect.AbstractIndexedListIterator                           : loaded 2 times (x 96B)
Class com.google.common.collect.ImmutableMapEntrySet                                  : loaded 2 times (x 152B)
Class org.gradle.api.internal.classpath.Module                                        : loaded 2 times (x 70B)
Class com.google.common.cache.Weigher                                                 : loaded 2 times (x 70B)
Class org.gradle.api.internal.classpath.UnknownModuleException                        : loaded 2 times (x 82B)
Class com.google.common.base.Stopwatch                                                : loaded 2 times (x 72B)
Class com.google.common.cache.LocalCache$Strength                                     : loaded 2 times (x 81B)
Class com.google.common.cache.Cache                                                   : loaded 2 times (x 70B)
Class com.google.common.util.concurrent.AbstractFuture$Cancellation                   : loaded 2 times (x 72B)
Class com.google.common.collect.ImmutableMap$Builder                                  : loaded 2 times (x 82B)
Class com.google.common.cache.RemovalListener                                         : loaded 2 times (x 70B)
Class org.gradle.api.internal.DefaultClassPathRegistry                                : loaded 2 times (x 76B)
Class com.google.common.primitives.IntsMethodsForWeb                                  : loaded 2 times (x 71B)
Class com.google.common.collect.Multimap                                              : loaded 2 times (x 70B)
Class org.gradle.internal.classpath.DefaultClassPath$ImmutableUniqueList              : loaded 2 times (x 199B)
Class org.gradle.api.internal.ClassPathRegistry                                       : loaded 2 times (x 70B)
Class [Lorg.objectweb.asm.Type;                                                       : loaded 2 times (x 69B)
Class com.google.common.cache.CacheBuilder                                            : loaded 2 times (x 72B)
Class com.google.common.collect.SingletonImmutableList                                : loaded 2 times (x 207B)
Class Settings_gradle$1                                                               : loaded 2 times (x 74B)
Class org.gradle.internal.classpath.ClassPath                                         : loaded 2 times (x 70B)
Class com.google.common.collect.ImmutableList$ReverseImmutableList                    : loaded 2 times (x 209B)
Class org.objectweb.asm.SymbolTable$Entry                                             : loaded 2 times (x 74B)
Class org.gradle.api.internal.classpath.DefaultModuleRegistry$DefaultModuleAlias      : loaded 2 times (x 80B)
Class org.objectweb.asm.Edge                                                          : loaded 2 times (x 72B)
Class com.google.common.base.Suppliers$SupplierOfInstance                             : loaded 2 times (x 79B)
Class com.google.common.collect.Iterators$1                                           : loaded 2 times (x 81B)
Class com.google.common.cache.LocalCache$ComputingValueReference                      : loaded 2 times (x 96B)
Class com.google.common.collect.SingletonImmutableSet                                 : loaded 2 times (x 146B)
Class com.google.common.collect.ImmutableMap$IteratorBasedImmutableMap                : loaded 2 times (x 126B)
Class com.google.common.cache.LocalCache$Segment                                      : loaded 2 times (x 154B)
Class com.google.common.collect.AbstractListMultimap                                  : loaded 2 times (x 172B)
Class [Lorg.objectweb.asm.SymbolTable$Entry;                                          : loaded 2 times (x 69B)
Class com.google.common.cache.CacheLoader                                             : loaded 2 times (x 74B)
Class com.google.common.collect.Iterators$4                                           : loaded 2 times (x 82B)
Class com.google.common.collect.ImmutableBiMap                                        : loaded 2 times (x 143B)
Class org.gradle.api.internal.classpath.ModuleRegistry                                : loaded 2 times (x 70B)
Class org.gradle.internal.installation.GradleInstallation$1                           : loaded 2 times (x 75B)
Class com.google.common.collect.ImmutableSet$JdkBackedSetBuilderImpl                  : loaded 2 times (x 76B)
Class com.google.common.util.concurrent.internal.InternalFutureFailureAccess          : loaded 2 times (x 72B)
Class com.google.common.collect.Iterators$5                                           : loaded 2 times (x 82B)
Class com.google.common.cache.LocalCache$LocalManualCache$1                           : loaded 2 times (x 75B)
Class com.google.common.base.CharMatcher$ForPredicate                                 : loaded 2 times (x 112B)
Class com.google.common.base.CharMatcher$AnyOf                                        : loaded 2 times (x 112B)
Class com.google.common.collect.ImmutableCollection                                   : loaded 2 times (x 125B)
Class org.gradle.api.internal.classpath.DefaultModuleRegistry                         : loaded 2 times (x 84B)
Class com.google.common.collect.Lists                                                 : loaded 2 times (x 71B)
Class com.google.common.util.concurrent.ListenableFuture                              : loaded 2 times (x 70B)
Class com.google.common.cache.ReferenceEntry                                          : loaded 2 times (x 70B)
Class com.google.common.base.Converter                                                : loaded 2 times (x 90B)
Class com.google.common.collect.ImmutableSet$CachingAsList                            : loaded 2 times (x 148B)
Class com.google.common.collect.AbstractMapBasedMultimap                              : loaded 2 times (x 139B)
Class com.google.common.util.concurrent.AbstractFuture                                : loaded 2 times (x 106B)
Class com.google.common.base.FunctionalEquivalence                                    : loaded 2 times (x 83B)
Class com.google.common.collect.Iterators$9                                           : loaded 2 times (x 81B)
Class com.google.common.collect.ImmutableAsList                                       : loaded 2 times (x 209B)
Class org.objectweb.asm.RecordComponentVisitor                                        : loaded 2 times (x 77B)
Class com.google.common.cache.CacheLoader$SupplierToCacheLoader                       : loaded 2 times (x 75B)
Class org.gradle.internal.service.ServiceLookupException                              : loaded 2 times (x 82B)
Class [Lcom.google.common.cache.LocalCache$EntryFactory;                              : loaded 2 times (x 69B)
Class org.gradle.internal.classloader.ClassLoaderFactory                              : loaded 2 times (x 70B)
Class com.google.common.cache.LocalCache$LocalManualCache                             : loaded 2 times (x 99B)
Class com.google.common.base.CharMatcher$IsNot                                        : loaded 2 times (x 111B)
Class org.gradle.internal.service.CachingServiceLocator                               : loaded 2 times (x 82B)
Class com.google.common.math.IntMath                                                  : loaded 2 times (x 71B)
Class com.google.common.collect.ImmutableMapEntry                                     : loaded 2 times (x 85B)
Class com.google.common.base.Equivalence                                              : loaded 2 times (x 82B)
Class com.google.common.base.Function                                                 : loaded 2 times (x 70B)
Class com.google.common.collect.ImmutableMapEntry$NonTerminalImmutableMapEntry        : loaded 2 times (x 85B)
Class com.google.common.cache.CacheBuilder$OneWeigher                                 : loaded 2 times (x 82B)
Class com.google.common.collect.RegularImmutableList                                  : loaded 2 times (x 213B)
Class org.gradle.internal.classloader.ClasspathUtil                                   : loaded 2 times (x 71B)
Class com.google.common.util.concurrent.Uninterruptibles                              : loaded 2 times (x 71B)
Class com.google.common.util.concurrent.LazyLogger                                    : loaded 2 times (x 72B)
Class com.google.common.collect.Maps                                                  : loaded 2 times (x 71B)
Class org.gradle.api.specs.Spec                                                       : loaded 2 times (x 70B)
Class [Lcom.google.common.collect.ImmutableEntry;                                     : loaded 2 times (x 69B)
Class com.google.common.cache.LocalCache$LoadingValueReference                        : loaded 2 times (x 96B)
Class [Lorg.objectweb.asm.AnnotationWriter;                                           : loaded 2 times (x 69B)
Class com.google.common.collect.Maps$8                                                : loaded 2 times (x 82B)
Class com.google.common.collect.Sets$SetView                                          : loaded 2 times (x 138B)
Class com.google.common.cache.LocalCache$StrongValueReference                         : loaded 2 times (x 90B)
Class org.objectweb.asm.Type                                                          : loaded 2 times (x 72B)
Class org.gradle.internal.classloader.VisitableURLClassLoader$InstrumentingVisitableURLClassLoader: loaded 2 times (x 123B)
Class com.google.common.math.IntMath$1                                                : loaded 2 times (x 71B)
Class org.objectweb.asm.ByteVector                                                    : loaded 2 times (x 79B)
Class [Lcom.google.common.cache.CacheBuilder$NullListener;                            : loaded 2 times (x 69B)
Class org.gradle.internal.classloader.VisitableURLClassLoader$Spec                    : loaded 2 times (x 74B)
Class org.gradle.internal.classpath.DefaultClassPath                                  : loaded 2 times (x 90B)
Class org.objectweb.asm.Symbol                                                        : loaded 2 times (x 73B)
Class com.google.common.base.CharMatcher$BitSetMatcher                                : loaded 2 times (x 112B)
Class com.google.common.collect.RegularImmutableMap$Values                            : loaded 2 times (x 207B)
Class com.google.common.collect.ImmutableSet                                          : loaded 2 times (x 145B)
Class org.gradle.internal.classloader.ClassLoaderSpec                                 : loaded 2 times (x 71B)
Class org.objectweb.asm.AnnotationWriter                                              : loaded 2 times (x 79B)
Class com.google.common.cache.CacheStats                                              : loaded 2 times (x 71B)
Class org.objectweb.asm.RecordComponentWriter                                         : loaded 2 times (x 78B)
Class com.google.common.util.concurrent.AbstractFuture$Listener                       : loaded 2 times (x 72B)
Class com.google.common.base.CharMatcher$Or                                           : loaded 2 times (x 112B)
Class Settings_gradle$1$1                                                             : loaded 2 times (x 74B)
Class org.gradle.api.internal.classpath.Module$ModuleAlias                            : loaded 2 times (x 70B)
Class org.objectweb.asm.Attribute                                                     : loaded 2 times (x 77B)
Class com.google.common.base.Supplier                                                 : loaded 2 times (x 70B)
Class org.gradle.internal.classloader.VisitableURLClassLoader                         : loaded 2 times (x 117B)
Class Settings_gradle                                                                 : loaded 2 times (x 124B)
Class org.gradle.internal.Cast                                                        : loaded 2 times (x 71B)
Class org.gradle.api.Action                                                           : loaded 2 times (x 70B)
Class com.google.common.collect.Sets                                                  : loaded 2 times (x 71B)
Class org.objectweb.asm.Handler                                                       : loaded 2 times (x 72B)
Class com.google.common.base.Ticker                                                   : loaded 2 times (x 72B)
Class com.google.common.base.CharMatcher$FastMatcher                                  : loaded 2 times (x 111B)
Class [Lcom.google.common.cache.LocalCache$Segment;                                   : loaded 2 times (x 69B)
Class [Lcom.google.common.cache.LocalCache$Strength;                                  : loaded 2 times (x 69B)
Class com.google.common.cache.CacheBuilder$1                                          : loaded 2 times (x 85B)
Class com.google.common.base.Predicate                                                : loaded 2 times (x 70B)
Class com.google.common.collect.ImmutableMap                                          : loaded 2 times (x 120B)
Class org.gradle.internal.classpath.DefaultClassPath$ImmutableUniqueList$Builder      : loaded 2 times (x 75B)
Class com.google.common.cache.LocalCache                                              : loaded 2 times (x 187B)
Class com.google.common.cache.CacheBuilder$2                                          : loaded 2 times (x 79B)
Class com.google.common.base.CharMatcher$NegatedFastMatcher                           : loaded 2 times (x 113B)
Class com.google.common.collect.ArrayListMultimap                                     : loaded 2 times (x 172B)
Class com.google.common.cache.CacheBuilder$3                                          : loaded 2 times (x 72B)
Class [Lcom.google.common.collect.AbstractMapEntry;                                   : loaded 2 times (x 69B)
Class com.google.common.collect.ImmutableEntry                                        : loaded 2 times (x 82B)
Class org.gradle.api.GradleException                                                  : loaded 2 times (x 82B)
Class com.google.common.collect.CollectPreconditions                                  : loaded 2 times (x 71B)
Class com.google.common.collect.SortedMapDifference                                   : loaded 2 times (x 70B)
Class com.google.common.cache.LocalCache$EntryFactory                                 : loaded 2 times (x 83B)
Class com.google.common.cache.LocalCache$AbstractReferenceEntry                       : loaded 2 times (x 107B)
Class org.gradle.internal.IoActions                                                   : loaded 2 times (x 71B)
Class org.objectweb.asm.SymbolTable                                                   : loaded 2 times (x 72B)
Class com.google.common.cache.CacheLoader$InvalidCacheLoadException                   : loaded 2 times (x 82B)
Class com.google.common.collect.ImmutableSet$RegularSetBuilderImpl                    : loaded 2 times (x 77B)
Class com.google.common.cache.LocalCache$StrongEntry                                  : loaded 2 times (x 108B)
Class com.google.common.util.concurrent.AbstractFuture$TrustedFuture                  : loaded 2 times (x 114B)
Class com.google.common.cache.LoadingCache                                            : loaded 2 times (x 70B)
Class org.objectweb.asm.MethodWriter                                                  : loaded 2 times (x 106B)
Class [Lcom.google.common.cache.Weigher;                                              : loaded 2 times (x 69B)
Class com.google.common.collect.RegularImmutableMap$BucketOverflowException           : loaded 2 times (x 82B)
Class com.google.common.cache.LocalCache$ValueReference                               : loaded 2 times (x 70B)
Class com.google.common.base.CharMatcher$Negated                                      : loaded 2 times (x 113B)
Class com.google.common.base.CharMatcher$Is                                           : loaded 2 times (x 111B)
Class com.google.common.util.concurrent.AbstractFuture$Failure                        : loaded 2 times (x 72B)
Class com.google.common.base.Equivalence$Equals                                       : loaded 2 times (x 82B)
Class com.google.common.collect.Hashing                                               : loaded 2 times (x 71B)
Class com.google.common.base.Preconditions                                            : loaded 2 times (x 71B)
Class org.objectweb.asm.Label                                                         : loaded 2 times (x 73B)
Class org.objectweb.asm.CurrentFrame                                                  : loaded 2 times (x 73B)
Class org.objectweb.asm.ClassTooLargeException                                        : loaded 2 times (x 83B)
Class com.google.common.base.CharMatcher                                              : loaded 2 times (x 111B)
Class com.google.common.collect.PeekingIterator                                       : loaded 2 times (x 70B)
Class org.objectweb.asm.Frame                                                         : loaded 2 times (x 73B)
Class org.objectweb.asm.MethodVisitor                                                 : loaded 2 times (x 105B)
Class com.google.common.cache.LocalCache$EntryFactory$1                               : loaded 2 times (x 83B)
Class [Lcom.google.common.cache.RemovalListener;                                      : loaded 2 times (x 69B)
Class com.google.common.base.CharMatcher$1                                            : loaded 2 times (x 113B)
Class com.google.common.base.CharMatcher$NamedFastMatcher                             : loaded 2 times (x 112B)
Class com.google.common.cache.LocalCache$EntryFactory$2                               : loaded 2 times (x 83B)
Class org.objectweb.asm.ModuleWriter                                                  : loaded 2 times (x 82B)
Class com.google.common.cache.LocalCache$EntryFactory$3                               : loaded 2 times (x 83B)
Class com.google.common.base.Ticker$1                                                 : loaded 2 times (x 72B)
Class com.google.common.collect.Maps$BiMapConverter                                   : loaded 2 times (x 90B)
Class com.google.common.collect.ImmutableMapEntrySet$RegularEntrySet                  : loaded 2 times (x 152B)
Class com.google.common.collect.ImmutableSet$Builder                                  : loaded 2 times (x 85B)
Class com.google.common.cache.LocalCache$EntryFactory$4                               : loaded 2 times (x 83B)
Class com.google.common.base.CharMatcher$InRange                                      : loaded 2 times (x 111B)
Class com.google.common.cache.LocalCache$EntryFactory$5                               : loaded 2 times (x 83B)
Class com.google.common.base.PairwiseEquivalence                                      : loaded 2 times (x 83B)
Class com.google.common.cache.LocalCache$EntryFactory$6                               : loaded 2 times (x 83B)
Class org.gradle.internal.installation.CurrentGradleInstallationLocator               : loaded 2 times (x 71B)
Class com.google.common.collect.ImmutableSet$EmptySetBuilderImpl                      : loaded 2 times (x 76B)
Class com.google.common.cache.LocalCache$EntryFactory$7                               : loaded 2 times (x 83B)
Class com.google.common.collect.ImmutableList                                         : loaded 2 times (x 206B)
Class org.gradle.internal.service.DefaultServiceLocator                               : loaded 2 times (x 83B)
Class com.google.common.cache.LocalCache$EntryFactory$8                               : loaded 2 times (x 83B)
Class com.google.common.collect.ImmutableSet$SetBuilderImpl                           : loaded 2 times (x 76B)
Class org.gradle.internal.installation.CurrentGradleInstallation                      : loaded 2 times (x 73B)
Class com.google.common.cache.CacheLoader$1                                           : loaded 2 times (x 75B)
Class com.google.common.collect.ImmutableList$SubList                                 : loaded 2 times (x 209B)
Class org.gradle.util.internal.GUtil                                                  : loaded 2 times (x 71B)
Class com.google.common.cache.AbstractCache$StatsCounter                              : loaded 2 times (x 70B)
Class com.google.common.collect.Iterators$MergingIterator                             : loaded 2 times (x 81B)
Class com.google.common.collect.RegularImmutableSet                                   : loaded 2 times (x 149B)
Class org.gradle.internal.installation.GradleInstallation                             : loaded 2 times (x 75B)
Class com.google.common.collect.Iterables                                             : loaded 2 times (x 71B)

---------------  S Y S T E M  ---------------

OS:
 Windows 11 , 64 bit Build 26100 (10.0.26100.8875)
OS uptime: 1 days 0:01 hours
Hyper-V role detected

CPU: total 10 (initial active 10) (10 cores per cpu, 1 threads per core) family 6 model 198 stepping 2 microcode 0x118, cx8, cmov, fxsr, mmx, 3dnowpref, sse, sse2, sse3, ssse3, sse4.1, sse4.2, popcnt, lzcnt, tsc, tscinvbit, avx, avx2, aes, erms, clmul, bmi1, bmi2, adx, sha, fma, vzeroupper, clflush, clflushopt, clwb, hv, serialize, rdtscp, rdpid, fsrm, f16c, cet_ibt, cet_ss
Processor Information for processor 0
  Max Mhz: 3300, Current Mhz: 3300, Mhz Limit: 3300
Processor Information for processor 1
  Max Mhz: 3300, Current Mhz: 3300, Mhz Limit: 3300
Processor Information for processor 2
  Max Mhz: 2700, Current Mhz: 2700, Mhz Limit: 2700
Processor Information for processor 3
  Max Mhz: 2700, Current Mhz: 2700, Mhz Limit: 2700
Processor Information for processor 4
  Max Mhz: 2700, Current Mhz: 2700, Mhz Limit: 2700
Processor Information for processor 5
  Max Mhz: 2700, Current Mhz: 2700, Mhz Limit: 2700
Processor Information for processor 6
  Max Mhz: 3300, Current Mhz: 3300, Mhz Limit: 3300
Processor Information for processor 7
  Max Mhz: 3300, Current Mhz: 3300, Mhz Limit: 3300
Processor Information for processor 8
  Max Mhz: 3300, Current Mhz: 3300, Mhz Limit: 3300
Processor Information for processor 9
  Max Mhz: 3300, Current Mhz: 3300, Mhz Limit: 3300

Memory: 4k page, system-wide physical 15751M (483M free)
TotalPageFile size 54151M (AvailPageFile size 3M)
current process WorkingSet (physical memory assigned to process): 396M, peak: 396M
current process commit charge ("private bytes"): 460M, peak: 462M

vm_info: OpenJDK 64-Bit Server VM (21.0.10+-14961533-b1163.108) for windows-amd64 JRE (21.0.10+-14961533-b1163.108), built on 2026-03-02T19:58:50Z by "builder" with MS VC++ 16.10 / 16.11 (VS2019)

END.
