#
# There is insufficient memory for the Java Runtime Environment to continue.
# Native memory allocation (mmap) failed to map 348127232 bytes. Error detail: G1 virtual space
# Possible reasons:
#   The system is out of physical RAM or swap space
#   This process is running with CompressedOops enabled, and the Java Heap may be blocking the growth of the native heap
# Possible solutions:
#   Reduce memory load on the system
#   Increase physical memory or swap space
#   Check if swap backing store is full
#   Decrease Java heap size (-Xmx/-Xms)
#   Decrease number of Java threads
#   Decrease Java thread stack sizes (-Xss)
#   Set larger code cache with -XX:ReservedCodeCacheSize=
#   JVM is running with Unscaled Compressed Oops mode in which the Java heap is
#     placed in the first 4GB address space. The Java Heap base address is the
#     maximum limit for the native heap growth. Please use -XX:HeapBaseMinAddress
#     to set the Java Heap base and to place the Java Heap above 4GB virtual address.
# This output file may be truncated or incomplete.
#
#  Out of Memory Error (os_windows.cpp:3690), pid=19280, tid=24156
#
# JRE version: OpenJDK Runtime Environment Microsoft-13877129 (17.0.19+10) (build 17.0.19+10-LTS)
# Java VM: OpenJDK 64-Bit Server VM Microsoft-13877129 (17.0.19+10-LTS, mixed mode, sharing, tiered, compressed oops, compressed class ptrs, g1 gc, windows-amd64)
# No core dump will be written. Minidumps are not enabled by default on client versions of Windows
#

---------------  S U M M A R Y ------------

Command Line: --add-opens=java.base/java.lang=ALL-UNNAMED --add-opens=java.base/java.lang.invoke=ALL-UNNAMED --add-opens=java.base/java.util=ALL-UNNAMED --add-opens=java.prefs/java.util.prefs=ALL-UNNAMED --add-exports=jdk.compiler/com.sun.tools.javac.api=ALL-UNNAMED --add-exports=jdk.compiler/com.sun.tools.javac.util=ALL-UNNAMED --add-opens=java.base/java.util=ALL-UNNAMED --add-opens=java.prefs/java.util.prefs=ALL-UNNAMED --add-opens=java.base/java.nio.charset=ALL-UNNAMED --add-opens=java.base/java.net=ALL-UNNAMED --add-opens=java.base/java.util.concurrent=ALL-UNNAMED --add-opens=java.base/java.util.concurrent.atomic=ALL-UNNAMED --add-opens=java.xml/javax.xml.namespace=ALL-UNNAMED --add-opens=java.base/java.time=ALL-UNNAMED -Xmx2048m -Dfile.encoding=UTF-8 -Duser.country=CN -Duser.language=zh -Duser.variant -javaagent:C:\Users\16696\.gradle\wrapper\dists\gradle-9.4.1-bin\arn2x92ynaizyzdaamcbpbhtj\gradle-9.4.1\lib\agents\gradle-instrumentation-agent-9.4.1.jar org.gradle.launcher.daemon.bootstrap.GradleDaemon 9.4.1

Host: Intel(R) Core(TM) Ultra 5 225, 10 cores, 15G,  Windows 11 , 64 bit Build 26100 (10.0.26100.8521)
Time: Thu Jul 16 10:16:13 2026  Windows 11 , 64 bit Build 26100 (10.0.26100.8521) elapsed time: 1543.082909 seconds (0d 0h 25m 43s)

---------------  T H R E A D  ---------------

Current thread (0x000002c307bbe680):  VMThread "VM Thread" [stack: 0x000000f6b5e00000,0x000000f6b5f00000] [id=24156]

Stack: [0x000000f6b5e00000,0x000000f6b5f00000]
Native frames: (J=compiled Java code, j=interpreted, Vv=VM code, C=native code)
V  [jvm.dll+0x68cc89]  (no source info available)
V  [jvm.dll+0x845d89]  (no source info available)
V  [jvm.dll+0x847af8]  (no source info available)
V  [jvm.dll+0x848183]  (no source info available)
V  [jvm.dll+0x24d0bf]  (no source info available)
V  [jvm.dll+0x68c089]  (no source info available)
V  [jvm.dll+0x68064a]  (no source info available)
V  [jvm.dll+0x3102f0]  (no source info available)
V  [jvm.dll+0x310192]  (no source info available)
V  [jvm.dll+0x317709]  (no source info available)
V  [jvm.dll+0x369b09]  (no source info available)
V  [jvm.dll+0x369d3d]  (no source info available)
V  [jvm.dll+0x2e6afa]  (no source info available)
V  [jvm.dll+0x2e4ef1]  (no source info available)
V  [jvm.dll+0x2e468c]  (no source info available)
V  [jvm.dll+0x32903b]  (no source info available)
V  [jvm.dll+0x84ca0d]  (no source info available)
V  [jvm.dll+0x84d723]  (no source info available)
V  [jvm.dll+0x84dc54]  (no source info available)
V  [jvm.dll+0x84e038]  (no source info available)
V  [jvm.dll+0x84e12e]  (no source info available)
V  [jvm.dll+0x7f62cc]  (no source info available)
V  [jvm.dll+0x68e227]  (no source info available)
C  [ucrtbase.dll+0x2cd30]  (no source info available)
C  [KERNEL32.DLL+0x2e957]  (no source info available)
C  [ntdll.dll+0x87c1c]  (no source info available)

VM_Operation (0x000000f6bb2fbf00): G1CollectForAllocation, mode: safepoint, requested by thread 0x000002c35cf8c470


---------------  P R O C E S S  ---------------

Threads class SMR info:
_java_thread_list=0x000002c350fb6000, length=84, elements={
0x000002c3693cbc10, 0x000002c307bc7e30, 0x000002c307bc8900, 0x000002c307be53d0,
0x000002c307be5ca0, 0x000002c307be6570, 0x000002c307bece60, 0x000002c307beda60,
0x000002c307bf0780, 0x000002c307bf1090, 0x000002c307d02f60, 0x000002c307e1b3f0,
0x000002c34e8df440, 0x000002c34e9b7190, 0x000002c34e7911b0, 0x000002c34ede8430,
0x000002c34ede8e50, 0x000002c34ede9360, 0x000002c34edeacb0, 0x000002c34edeb1c0,
0x000002c34edeb6d0, 0x000002c34edebbe0, 0x000002c3525a2d60, 0x000002c3525a2850,
0x000002c3525a1e30, 0x000002c3525a3270, 0x000002c3525a1920, 0x000002c3525a2340,
0x000002c3525a3780, 0x000002c3525a3c90, 0x000002c3525a04e0, 0x000002c352c27260,
0x000002c3509b95b0, 0x000002c34d06a240, 0x000002c35bfb09b0, 0x000002c35bfb04a0,
0x000002c35bfaf570, 0x000002c35356a560, 0x000002c35356a050, 0x000002c35356aa70,
0x000002c353569120, 0x000002c353569630, 0x000002c353569b40, 0x000002c35cf8ab20,
0x000002c35cf8bf60, 0x000002c35cf8d3a0, 0x000002c35c5095f0, 0x000002c35cf8ba50,
0x000002c35cf8e2d0, 0x000002c35bfaff90, 0x000002c35bfaf060, 0x000002c35bfafa80,
0x000002c3517b9a80, 0x000002c3517b9f90, 0x000002c3517b9060, 0x000002c3547757d0,
0x000002c3547752c0, 0x000002c354776c10, 0x000002c354775ce0, 0x000002c3517ba4a0,
0x000002c3517ba9b0, 0x000002c3517b9570, 0x000002c35d313590, 0x000002c35d3144c0,
0x000002c35d313aa0, 0x000002c35d3149d0, 0x000002c35d316830, 0x000002c35d314ee0,
0x000002c3547761f0, 0x000002c3560393c0, 0x000002c354776700, 0x000002c35cf8c980,
0x000002c35cf8b030, 0x000002c35cf8b540, 0x000002c3559c8d00, 0x000002c35cf8d8b0,
0x000002c35cf8c470, 0x000002c35cf8ce90, 0x000002c35cf8ddc0, 0x000002c35c745250,
0x000002c354aca840, 0x000002c354acad50, 0x000002c354acc190, 0x000002c35d93e1c0
}

Java Threads: ( => current thread )
  0x000002c3693cbc10 JavaThread "main" [_thread_blocked, id=24484, stack(0x000000f6b5800000,0x000000f6b5900000)]
  0x000002c307bc7e30 JavaThread "Reference Handler" daemon [_thread_blocked, id=27904, stack(0x000000f6b5f00000,0x000000f6b6000000)]
  0x000002c307bc8900 JavaThread "Finalizer" daemon [_thread_blocked, id=27944, stack(0x000000f6b6000000,0x000000f6b6100000)]
  0x000002c307be53d0 JavaThread "Signal Dispatcher" daemon [_thread_blocked, id=21376, stack(0x000000f6b6100000,0x000000f6b6200000)]
  0x000002c307be5ca0 JavaThread "Attach Listener" daemon [_thread_blocked, id=6312, stack(0x000000f6b6200000,0x000000f6b6300000)]
  0x000002c307be6570 JavaThread "Service Thread" daemon [_thread_blocked, id=6260, stack(0x000000f6b6300000,0x000000f6b6400000)]
  0x000002c307bece60 JavaThread "Monitor Deflation Thread" daemon [_thread_blocked, id=17784, stack(0x000000f6b6400000,0x000000f6b6500000)]
  0x000002c307beda60 JavaThread "C2 CompilerThread0" daemon [_thread_blocked, id=21096, stack(0x000000f6b6500000,0x000000f6b6600000)]
  0x000002c307bf0780 JavaThread "C1 CompilerThread0" daemon [_thread_blocked, id=26068, stack(0x000000f6b6600000,0x000000f6b6700000)]
  0x000002c307bf1090 JavaThread "Sweeper thread" daemon [_thread_blocked, id=5680, stack(0x000000f6b6700000,0x000000f6b6800000)]
  0x000002c307d02f60 JavaThread "Common-Cleaner" daemon [_thread_blocked, id=24780, stack(0x000000f6b6800000,0x000000f6b6900000)]
  0x000002c307e1b3f0 JavaThread "Notification Thread" daemon [_thread_blocked, id=6096, stack(0x000000f6b6900000,0x000000f6b6a00000)]
  0x000002c34e8df440 JavaThread "Daemon health stats" [_thread_blocked, id=17756, stack(0x000000f6b7100000,0x000000f6b7200000)]
  0x000002c34e9b7190 JavaThread "Incoming local TCP Connector on port 53815" [_thread_in_native, id=2844, stack(0x000000f6b7200000,0x000000f6b7300000)]
  0x000002c34e7911b0 JavaThread "Daemon periodic checks" [_thread_blocked, id=3964, stack(0x000000f6b7300000,0x000000f6b7400000)]
  0x000002c34ede8430 JavaThread "Cache worker for journal cache (C:\Users\16696\.gradle\caches\journal-1)" [_thread_blocked, id=24008, stack(0x000000f6b7b00000,0x000000f6b7c00000)]
  0x000002c34ede8e50 JavaThread "File lock request listener" [_thread_in_native, id=20872, stack(0x000000f6b7c00000,0x000000f6b7d00000)]
  0x000002c34ede9360 JavaThread "Cache worker for file hash cache (C:\Users\16696\.gradle\caches\9.4.1\fileHashes)" [_thread_blocked, id=9144, stack(0x000000f6b7d00000,0x000000f6b7e00000)]
  0x000002c34edeacb0 JavaThread "File watcher server" daemon [_thread_blocked, id=24400, stack(0x000000f6b8500000,0x000000f6b8600000)]
  0x000002c34edeb1c0 JavaThread "File watcher consumer" daemon [_thread_blocked, id=10660, stack(0x000000f6b8600000,0x000000f6b8700000)]
  0x000002c34edeb6d0 JavaThread "jar transforms" [_thread_blocked, id=5412, stack(0x000000f6b8700000,0x000000f6b8800000)]
  0x000002c34edebbe0 JavaThread "jar transforms Thread 2" [_thread_blocked, id=16540, stack(0x000000f6b8800000,0x000000f6b8900000)]
  0x000002c3525a2d60 JavaThread "jar transforms Thread 3" [_thread_blocked, id=23040, stack(0x000000f6b8900000,0x000000f6b8a00000)]
  0x000002c3525a2850 JavaThread "jar transforms Thread 4" [_thread_blocked, id=23364, stack(0x000000f6b8a00000,0x000000f6b8b00000)]
  0x000002c3525a1e30 JavaThread "jar transforms Thread 5" [_thread_blocked, id=3780, stack(0x000000f6b8b00000,0x000000f6b8c00000)]
  0x000002c3525a3270 JavaThread "jar transforms Thread 6" [_thread_blocked, id=23924, stack(0x000000f6b8c00000,0x000000f6b8d00000)]
  0x000002c3525a1920 JavaThread "jar transforms Thread 7" [_thread_blocked, id=10288, stack(0x000000f6b8d00000,0x000000f6b8e00000)]
  0x000002c3525a2340 JavaThread "jar transforms Thread 8" [_thread_blocked, id=3292, stack(0x000000f6b8e00000,0x000000f6b8f00000)]
  0x000002c3525a3780 JavaThread "jar transforms Thread 9" [_thread_blocked, id=8388, stack(0x000000f6b8f00000,0x000000f6b9000000)]
  0x000002c3525a3c90 JavaThread "jar transforms Thread 10" [_thread_blocked, id=2708, stack(0x000000f6b9000000,0x000000f6b9100000)]
  0x000002c3525a04e0 JavaThread "Cache worker for file content cache (C:\Users\16696\.gradle\caches\9.4.1\fileContent)" [_thread_blocked, id=26108, stack(0x000000f6b9100000,0x000000f6b9200000)]
  0x000002c352c27260 JavaThread "Memory manager" [_thread_blocked, id=7040, stack(0x000000f6b9f00000,0x000000f6ba000000)]
  0x000002c3509b95b0 JavaThread "Daemon Thread 2" [_thread_blocked, id=11704, stack(0x000000f6b5500000,0x000000f6b5600000)]
  0x000002c34d06a240 JavaThread "Daemon worker Thread 2" [_thread_blocked, id=9040, stack(0x000000f6b6b00000,0x000000f6b6c00000)]
  0x000002c35bfb09b0 JavaThread "VFS cleanup Thread 2" [_thread_blocked, id=19468, stack(0x000000f6b6c00000,0x000000f6b6d00000)]
  0x000002c35bfb04a0 JavaThread "Handler for socket connection from /127.0.0.1:53815 to /127.0.0.1:59935" [_thread_in_native, id=25244, stack(0x000000f6b5600000,0x000000f6b5700000)]
  0x000002c35bfaf570 JavaThread "Cancel handler" [_thread_blocked, id=22804, stack(0x000000f6b5700000,0x000000f6b5800000)]
  0x000002c35356a560 JavaThread "Asynchronous log dispatcher for DefaultDaemonConnection: socket connection from /127.0.0.1:53815 to /127.0.0.1:59935" [_thread_blocked, id=18252, stack(0x000000f6b7400000,0x000000f6b7500000)]
  0x000002c35356a050 JavaThread "Stdin handler" [_thread_blocked, id=27232, stack(0x000000f6b7500000,0x000000f6b7600000)]
  0x000002c35356aa70 JavaThread "Daemon client event forwarder" [_thread_blocked, id=18528, stack(0x000000f6b7600000,0x000000f6b7700000)]
  0x000002c353569120 JavaThread "Cache worker for file hash cache (D:\Code\Application\music1\.gradle\9.4.1\fileHashes)" [_thread_blocked, id=11868, stack(0x000000f6b7700000,0x000000f6b7800000)]
  0x000002c353569630 JavaThread "Cache worker for Build Output Cleanup Cache (D:\Code\Application\music1\.gradle\buildOutputCleanup)" [_thread_blocked, id=27560, stack(0x000000f6b7900000,0x000000f6b7a00000)]
  0x000002c353569b40 JavaThread "Cache worker for checksums cache (D:\Code\Application\music1\.gradle\9.4.1\checksums)" [_thread_blocked, id=19460, stack(0x000000f6b7a00000,0x000000f6b7b00000)]
  0x000002c35cf8ab20 JavaThread "Cache worker for cache directory md-supplier (C:\Users\16696\.gradle\caches\9.4.1\md-supplier)" [_thread_blocked, id=20720, stack(0x000000f6b8300000,0x000000f6b8400000)]
  0x000002c35cf8bf60 JavaThread "Cache worker for cache directory md-rule (C:\Users\16696\.gradle\caches\9.4.1\md-rule)" [_thread_blocked, id=25788, stack(0x000000f6b8400000,0x000000f6b8500000)]
  0x000002c35cf8d3a0 JavaThread "Build operations" [_thread_blocked, id=28360, stack(0x000000f6b9200000,0x000000f6b9300000)]
  0x000002c35c5095f0 JavaThread "C2 CompilerThread1" daemon [_thread_blocked, id=9992, stack(0x000000f6b9300000,0x000000f6b9400000)]
  0x000002c35cf8ba50 JavaThread "Build operations Thread 2" [_thread_blocked, id=17552, stack(0x000000f6b9400000,0x000000f6b9500000)]
  0x000002c35cf8e2d0 JavaThread "Build operations Thread 3" [_thread_blocked, id=25120, stack(0x000000f6b9500000,0x000000f6b9600000)]
  0x000002c35bfaff90 JavaThread "Build operations Thread 4" [_thread_blocked, id=28564, stack(0x000000f6b9600000,0x000000f6b9700000)]
  0x000002c35bfaf060 JavaThread "Build operations Thread 5" [_thread_blocked, id=2616, stack(0x000000f6b9700000,0x000000f6b9800000)]
  0x000002c35bfafa80 JavaThread "Build operations Thread 6" [_thread_blocked, id=25272, stack(0x000000f6b9800000,0x000000f6b9900000)]
  0x000002c3517b9a80 JavaThread "Build operations Thread 7" [_thread_blocked, id=24352, stack(0x000000f6b9900000,0x000000f6b9a00000)]
  0x000002c3517b9f90 JavaThread "Build operations Thread 8" [_thread_blocked, id=9132, stack(0x000000f6b9a00000,0x000000f6b9b00000)]
  0x000002c3517b9060 JavaThread "Build operations Thread 9" [_thread_blocked, id=13164, stack(0x000000f6b9b00000,0x000000f6b9c00000)]
  0x000002c3547757d0 JavaThread "Build operations Thread 10" [_thread_blocked, id=22176, stack(0x000000f6b9d00000,0x000000f6b9e00000)]
  0x000002c3547752c0 JavaThread "build event listener" [_thread_blocked, id=22200, stack(0x000000f6b9e00000,0x000000f6b9f00000)]
  0x000002c354776c10 JavaThread "build event listener" [_thread_blocked, id=22944, stack(0x000000f6ba000000,0x000000f6ba100000)]
  0x000002c354775ce0 JavaThread "included builds" [_thread_blocked, id=12456, stack(0x000000f6ba100000,0x000000f6ba200000)]
  0x000002c3517ba4a0 JavaThread "Execution worker" [_thread_blocked, id=21520, stack(0x000000f6ba200000,0x000000f6ba300000)]
  0x000002c3517ba9b0 JavaThread "Execution worker Thread 2" [_thread_blocked, id=15984, stack(0x000000f6ba300000,0x000000f6ba400000)]
  0x000002c3517b9570 JavaThread "Execution worker Thread 3" [_thread_blocked, id=6948, stack(0x000000f6ba400000,0x000000f6ba500000)]
  0x000002c35d313590 JavaThread "Execution worker Thread 4" [_thread_blocked, id=3156, stack(0x000000f6ba500000,0x000000f6ba600000)]
  0x000002c35d3144c0 JavaThread "Execution worker Thread 5" [_thread_blocked, id=13840, stack(0x000000f6ba600000,0x000000f6ba700000)]
  0x000002c35d313aa0 JavaThread "Execution worker Thread 6" [_thread_blocked, id=10892, stack(0x000000f6ba700000,0x000000f6ba800000)]
  0x000002c35d3149d0 JavaThread "Execution worker Thread 7" [_thread_blocked, id=24856, stack(0x000000f6ba800000,0x000000f6ba900000)]
  0x000002c35d316830 JavaThread "Execution worker Thread 8" [_thread_blocked, id=17184, stack(0x000000f6ba900000,0x000000f6baa00000)]
  0x000002c35d314ee0 JavaThread "Execution worker Thread 9" [_thread_blocked, id=13604, stack(0x000000f6baa00000,0x000000f6bab00000)]
  0x000002c3547761f0 JavaThread "Cache worker for execution history cache (D:\Code\Application\music1\.gradle\9.4.1\executionHistory)" [_thread_blocked, id=27984, stack(0x000000f6bab00000,0x000000f6bac00000)]
  0x000002c3560393c0 JavaThread "WorkerExecutor Queue" [_thread_blocked, id=9528, stack(0x000000f6bac00000,0x000000f6bad00000)]
  0x000002c354776700 JavaThread "WorkerExecutor Queue Thread 2" [_thread_blocked, id=22320, stack(0x000000f6bad00000,0x000000f6bae00000)]
  0x000002c35cf8c980 JavaThread "pool-15-thread-1" [_thread_blocked, id=9584, stack(0x000000f6bae00000,0x000000f6baf00000)]
  0x000002c35cf8b030 JavaThread "stderr" [_thread_in_native, id=9332, stack(0x000000f6baf00000,0x000000f6bb000000)]
  0x000002c35cf8b540 JavaThread "stdout" [_thread_in_native, id=10424, stack(0x000000f6bb000000,0x000000f6bb100000)]
  0x000002c3559c8d00 JavaThread "C2 CompilerThread2" daemon [_thread_blocked, id=26156, stack(0x000000f6b9c00000,0x000000f6b9d00000)]
  0x000002c35cf8d8b0 JavaThread "WorkerExecutor Queue Thread 3" [_thread_blocked, id=19492, stack(0x000000f6bb100000,0x000000f6bb200000)]
  0x000002c35cf8c470 JavaThread "WorkerExecutor Queue Thread 4" [_thread_blocked, id=28532, stack(0x000000f6bb200000,0x000000f6bb300000)]
  0x000002c35cf8ce90 JavaThread "WorkerExecutor Queue Thread 5" [_thread_blocked, id=22480, stack(0x000000f6bb300000,0x000000f6bb400000)]
  0x000002c35cf8ddc0 JavaThread "WorkerExecutor Queue Thread 6" [_thread_blocked, id=6200, stack(0x000000f6bb400000,0x000000f6bb500000)]
  0x000002c35c745250 JavaThread "WorkerExecutor Queue Thread 7" [_thread_blocked, id=24560, stack(0x000000f6bb500000,0x000000f6bb600000)]
  0x000002c354aca840 JavaThread "WorkerExecutor Queue Thread 8" [_thread_blocked, id=5756, stack(0x000000f6bb600000,0x000000f6bb700000)]
  0x000002c354acad50 JavaThread "WorkerExecutor Queue Thread 9" [_thread_blocked, id=28036, stack(0x000000f6bb700000,0x000000f6bb800000)]
  0x000002c354acc190 JavaThread "WorkerExecutor Queue Thread 10" [_thread_blocked, id=11228, stack(0x000000f6bb800000,0x000000f6bb900000)]
  0x000002c35d93e1c0 JavaThread "WorkerExecutor Queue Thread 11" [_thread_blocked, id=26224, stack(0x000000f6bb900000,0x000000f6bba00000)]

Other Threads:
=>0x000002c307bbe680 VMThread "VM Thread" [stack: 0x000000f6b5e00000,0x000000f6b5f00000] [id=24156]
  0x000002c307e1b8d0 WatcherThread [stack: 0x000000f6b6a00000,0x000000f6b6b00000] [id=22208]
  0x000002c36942a580 GCTaskThread "GC Thread#0" [stack: 0x000000f6b5900000,0x000000f6b5a00000] [id=19600]
  0x000002c34dbd5420 GCTaskThread "GC Thread#1" [stack: 0x000000f6b6d00000,0x000000f6b6e00000] [id=19976]
  0x000002c34e5713e0 GCTaskThread "GC Thread#2" [stack: 0x000000f6b6e00000,0x000000f6b6f00000] [id=23228]
  0x000002c34d2ca2a0 GCTaskThread "GC Thread#3" [stack: 0x000000f6b6f00000,0x000000f6b7000000] [id=3588]
  0x000002c34d2ca570 GCTaskThread "GC Thread#4" [stack: 0x000000f6b7000000,0x000000f6b7100000] [id=3576]
  0x000002c34d2c8ef0 GCTaskThread "GC Thread#5" [stack: 0x000000f6b7e00000,0x000000f6b7f00000] [id=23940]
  0x000002c34d2c9490 GCTaskThread "GC Thread#6" [stack: 0x000000f6b7f00000,0x000000f6b8000000] [id=21720]
  0x000002c34d2c91c0 GCTaskThread "GC Thread#7" [stack: 0x000000f6b8000000,0x000000f6b8100000] [id=20536]
  0x000002c351782890 GCTaskThread "GC Thread#8" [stack: 0x000000f6b8100000,0x000000f6b8200000] [id=26084]
  0x000002c36943b3f0 ConcurrentGCThread "G1 Main Marker" [stack: 0x000000f6b5a00000,0x000000f6b5b00000] [id=5580]
  0x000002c36943da00 ConcurrentGCThread "G1 Conc#0" [stack: 0x000000f6b5b00000,0x000000f6b5c00000] [id=6544]
  0x000002c3517817b0 ConcurrentGCThread "G1 Conc#1" [stack: 0x000000f6b8200000,0x000000f6b8300000] [id=4380]
  0x000002c307a71600 ConcurrentGCThread "G1 Refine#0" [stack: 0x000000f6b5c00000,0x000000f6b5d00000] [id=23116]
  0x000002c353194760 ConcurrentGCThread "G1 Refine#1" [stack: 0x000000f6b7800000,0x000000f6b7900000] [id=23912]
  0x000002c307a73100 ConcurrentGCThread "G1 Service" [stack: 0x000000f6b5d00000,0x000000f6b5e00000] [id=11132]

Threads with active compile tasks:
C2 CompilerThread0  1543125 25378 %     4       com.google.common.collect.SparseImmutableTable::<init> @ 129 (486 bytes)
C1 CompilerThread0  1543125 25778       3       com.android.tools.r8.internal.v31::a (3845 bytes)
C2 CompilerThread1  1543125 25579       4       com.android.tools.r8.internal.ik2::a (174 bytes)
C2 CompilerThread2  1543125 25578       4       com.android.tools.r8.internal.ik2$$Lambda$5217/0x000002c30a382cb0::accept (24 bytes)

VM state: at safepoint (normal execution)

VM Mutex/Monitor currently owned by a thread:  ([mutex/lock_event])
[0x000002c3693c7c00] Threads_lock - owner thread: 0x000002c307bbe680
[0x000002c3693c7f60] Heap_lock - owner thread: 0x000002c35cf8c470

Heap address: 0x0000000080000000, size: 2048 MB, Compressed Oops mode: 32-bit

CDS archive(s) mapped at: [0x000002c308000000-0x000002c308bb0000-0x000002c308bb0000), size 12255232, SharedBaseAddress: 0x000002c308000000, ArchiveRelocationMode: 1.
Compressed class space mapped at: 0x000002c309000000-0x000002c349000000, reserved size: 1073741824
Narrow klass base: 0x000002c308000000, Narrow klass shift: 0, Narrow klass range: 0x100000000

GC Precious Log:
 CPUs: 10 total, 10 available
 Memory: 15751M
 Large Page Support: Disabled
 NUMA Support: Disabled
 Compressed Oops: Enabled (32-bit)
 Heap Region Size: 1M
 Heap Min Capacity: 8M
 Heap Initial Capacity: 248M
 Heap Max Capacity: 2G
 Pre-touch: Disabled
 Parallel Workers: 9
 Concurrent Workers: 2
 Concurrent Refinement Workers: 9
 Periodic GC: Disabled

Heap:
 garbage-first heap   total 324608K, used 268598K [0x0000000080000000, 0x0000000100000000)
  region size 1024K, 2 young (2048K), 2 survivors (2048K)
 Metaspace       used 164712K, committed 166848K, reserved 1245184K
  class space    used 23054K, committed 24128K, reserved 1048576K

Heap Regions: E=young(eden), S=young(survivor), O=old, HS=humongous(starts), HC=humongous(continues), CS=collection set, F=free, OA=open archive, CA=closed archive, TAMS=top-at-mark-start (previous, next)
|   0|0x0000000080000000, 0x0000000080100000, 0x0000000080100000|100%|HS|  |TAMS 0x0000000080100000, 0x0000000080100000| Complete 
|   1|0x0000000080100000, 0x0000000080200000, 0x0000000080200000|100%|HC|  |TAMS 0x0000000080200000, 0x0000000080200000| Complete 
|   2|0x0000000080200000, 0x0000000080300000, 0x0000000080300000|100%|HC|  |TAMS 0x0000000080300000, 0x0000000080300000| Complete 
|   3|0x0000000080300000, 0x0000000080400000, 0x0000000080400000|100%|HC|  |TAMS 0x0000000080400000, 0x0000000080400000| Complete 
|   4|0x0000000080400000, 0x0000000080500000, 0x0000000080500000|100%| O|  |TAMS 0x0000000080500000, 0x0000000080500000| Untracked 
|   5|0x0000000080500000, 0x0000000080600000, 0x0000000080600000|100%| O|  |TAMS 0x0000000080600000, 0x0000000080600000| Untracked 
|   6|0x0000000080600000, 0x0000000080700000, 0x0000000080700000|100%| O|  |TAMS 0x0000000080700000, 0x0000000080700000| Untracked 
|   7|0x0000000080700000, 0x0000000080800000, 0x0000000080800000|100%| O|  |TAMS 0x0000000080800000, 0x0000000080800000| Untracked 
|   8|0x0000000080800000, 0x0000000080900000, 0x0000000080900000|100%|HS|  |TAMS 0x0000000080900000, 0x0000000080900000| Complete 
|   9|0x0000000080900000, 0x0000000080a00000, 0x0000000080a00000|100%| O|  |TAMS 0x0000000080a00000, 0x0000000080a00000| Untracked 
|  10|0x0000000080a00000, 0x0000000080b00000, 0x0000000080b00000|100%| O|  |TAMS 0x0000000080b00000, 0x0000000080b00000| Untracked 
|  11|0x0000000080b00000, 0x0000000080c00000, 0x0000000080c00000|100%| O|  |TAMS 0x0000000080c00000, 0x0000000080c00000| Untracked 
|  12|0x0000000080c00000, 0x0000000080ce0200, 0x0000000080d00000| 87%| O|  |TAMS 0x0000000080ce0200, 0x0000000080ce0200| Untracked 
|  13|0x0000000080d00000, 0x0000000080e00000, 0x0000000080e00000|100%| O|  |TAMS 0x0000000080e00000, 0x0000000080e00000| Untracked 
|  14|0x0000000080e00000, 0x0000000080f00000, 0x0000000080f00000|100%| O|  |TAMS 0x0000000080f00000, 0x0000000080f00000| Untracked 
|  15|0x0000000080f00000, 0x0000000081000000, 0x0000000081000000|100%| O|  |TAMS 0x0000000081000000, 0x0000000081000000| Untracked 
|  16|0x0000000081000000, 0x0000000081100000, 0x0000000081100000|100%| O|  |TAMS 0x0000000081100000, 0x0000000081100000| Untracked 
|  17|0x0000000081100000, 0x0000000081200000, 0x0000000081200000|100%| O|  |TAMS 0x0000000081200000, 0x0000000081200000| Untracked 
|  18|0x0000000081200000, 0x0000000081300000, 0x0000000081300000|100%| O|  |TAMS 0x0000000081300000, 0x0000000081300000| Untracked 
|  19|0x0000000081300000, 0x0000000081400000, 0x0000000081400000|100%| O|  |TAMS 0x0000000081400000, 0x0000000081400000| Untracked 
|  20|0x0000000081400000, 0x0000000081500000, 0x0000000081500000|100%| O|  |TAMS 0x0000000081500000, 0x0000000081500000| Untracked 
|  21|0x0000000081500000, 0x0000000081600000, 0x0000000081600000|100%| O|  |TAMS 0x0000000081600000, 0x0000000081600000| Untracked 
|  22|0x0000000081600000, 0x0000000081700000, 0x0000000081700000|100%| O|  |TAMS 0x0000000081700000, 0x0000000081700000| Untracked 
|  23|0x0000000081700000, 0x0000000081800000, 0x0000000081800000|100%|HS|  |TAMS 0x0000000081800000, 0x0000000081800000| Complete 
|  24|0x0000000081800000, 0x0000000081900000, 0x0000000081900000|100%|HC|  |TAMS 0x0000000081900000, 0x0000000081900000| Complete 
|  25|0x0000000081900000, 0x0000000081a00000, 0x0000000081a00000|100%|HC|  |TAMS 0x0000000081a00000, 0x0000000081a00000| Complete 
|  26|0x0000000081a00000, 0x0000000081b00000, 0x0000000081b00000|100%|HC|  |TAMS 0x0000000081b00000, 0x0000000081b00000| Complete 
|  27|0x0000000081b00000, 0x0000000081c00000, 0x0000000081c00000|100%|HC|  |TAMS 0x0000000081c00000, 0x0000000081c00000| Complete 
|  28|0x0000000081c00000, 0x0000000081d00000, 0x0000000081d00000|100%|HC|  |TAMS 0x0000000081d00000, 0x0000000081d00000| Complete 
|  29|0x0000000081d00000, 0x0000000081e00000, 0x0000000081e00000|100%|HS|  |TAMS 0x0000000081e00000, 0x0000000081e00000| Complete 
|  30|0x0000000081e00000, 0x0000000081f00000, 0x0000000081f00000|100%|HS|  |TAMS 0x0000000081f00000, 0x0000000081f00000| Complete 
|  31|0x0000000081f00000, 0x0000000082000000, 0x0000000082000000|100%| O|  |TAMS 0x0000000082000000, 0x0000000082000000| Untracked 
|  32|0x0000000082000000, 0x0000000082100000, 0x0000000082100000|100%| O|  |TAMS 0x0000000082100000, 0x0000000082100000| Untracked 
|  33|0x0000000082100000, 0x0000000082200000, 0x0000000082200000|100%| O|  |TAMS 0x0000000082200000, 0x0000000082200000| Untracked 
|  34|0x0000000082200000, 0x0000000082300000, 0x0000000082300000|100%|HS|  |TAMS 0x0000000082300000, 0x0000000082300000| Complete 
|  35|0x0000000082300000, 0x0000000082400000, 0x0000000082400000|100%|HS|  |TAMS 0x0000000082400000, 0x0000000082400000| Complete 
|  36|0x0000000082400000, 0x0000000082500000, 0x0000000082500000|100%|HC|  |TAMS 0x0000000082500000, 0x0000000082500000| Complete 
|  37|0x0000000082500000, 0x0000000082600000, 0x0000000082600000|100%|HC|  |TAMS 0x0000000082600000, 0x0000000082600000| Complete 
|  38|0x0000000082600000, 0x0000000082700000, 0x0000000082700000|100%|HC|  |TAMS 0x0000000082700000, 0x0000000082700000| Complete 
|  39|0x0000000082700000, 0x0000000082800000, 0x0000000082800000|100%|HC|  |TAMS 0x0000000082800000, 0x0000000082800000| Complete 
|  40|0x0000000082800000, 0x0000000082900000, 0x0000000082900000|100%|HC|  |TAMS 0x0000000082900000, 0x0000000082900000| Complete 
|  41|0x0000000082900000, 0x0000000082a00000, 0x0000000082a00000|100%|HS|  |TAMS 0x0000000082a00000, 0x0000000082a00000| Complete 
|  42|0x0000000082a00000, 0x0000000082b00000, 0x0000000082b00000|100%| O|  |TAMS 0x0000000082b00000, 0x0000000082b00000| Untracked 
|  43|0x0000000082b00000, 0x0000000082c00000, 0x0000000082c00000|100%| O|  |TAMS 0x0000000082c00000, 0x0000000082c00000| Untracked 
|  44|0x0000000082c00000, 0x0000000082d00000, 0x0000000082d00000|100%| O|  |TAMS 0x0000000082d00000, 0x0000000082d00000| Untracked 
|  45|0x0000000082d00000, 0x0000000082e00000, 0x0000000082e00000|100%| O|  |TAMS 0x0000000082e00000, 0x0000000082e00000| Untracked 
|  46|0x0000000082e00000, 0x0000000082f00000, 0x0000000082f00000|100%| O|  |TAMS 0x0000000082f00000, 0x0000000082f00000| Untracked 
|  47|0x0000000082f00000, 0x0000000083000000, 0x0000000083000000|100%| O|  |TAMS 0x0000000083000000, 0x0000000083000000| Untracked 
|  48|0x0000000083000000, 0x0000000083100000, 0x0000000083100000|100%| O|  |TAMS 0x0000000083100000, 0x0000000083100000| Untracked 
|  49|0x0000000083100000, 0x0000000083200000, 0x0000000083200000|100%| O|  |TAMS 0x0000000083200000, 0x0000000083200000| Untracked 
|  50|0x0000000083200000, 0x0000000083300000, 0x0000000083300000|100%| O|  |TAMS 0x0000000083300000, 0x0000000083300000| Untracked 
|  51|0x0000000083300000, 0x0000000083400000, 0x0000000083400000|100%| O|  |TAMS 0x0000000083400000, 0x0000000083400000| Untracked 
|  52|0x0000000083400000, 0x0000000083500000, 0x0000000083500000|100%| O|  |TAMS 0x0000000083500000, 0x0000000083500000| Untracked 
|  53|0x0000000083500000, 0x0000000083600000, 0x0000000083600000|100%| O|  |TAMS 0x0000000083600000, 0x0000000083600000| Untracked 
|  54|0x0000000083600000, 0x0000000083700000, 0x0000000083700000|100%| O|  |TAMS 0x0000000083700000, 0x0000000083700000| Untracked 
|  55|0x0000000083700000, 0x0000000083800000, 0x0000000083800000|100%| O|  |TAMS 0x0000000083800000, 0x0000000083800000| Untracked 
|  56|0x0000000083800000, 0x0000000083900000, 0x0000000083900000|100%| O|  |TAMS 0x0000000083900000, 0x0000000083900000| Untracked 
|  57|0x0000000083900000, 0x0000000083a00000, 0x0000000083a00000|100%| O|  |TAMS 0x0000000083a00000, 0x0000000083a00000| Untracked 
|  58|0x0000000083a00000, 0x0000000083b00000, 0x0000000083b00000|100%| O|  |TAMS 0x0000000083b00000, 0x0000000083b00000| Untracked 
|  59|0x0000000083b00000, 0x0000000083c00000, 0x0000000083c00000|100%| O|  |TAMS 0x0000000083c00000, 0x0000000083c00000| Untracked 
|  60|0x0000000083c00000, 0x0000000083d00000, 0x0000000083d00000|100%| O|  |TAMS 0x0000000083d00000, 0x0000000083d00000| Untracked 
|  61|0x0000000083d00000, 0x0000000083e00000, 0x0000000083e00000|100%| O|  |TAMS 0x0000000083d00000, 0x0000000083e00000| Untracked 
|  62|0x0000000083e00000, 0x0000000083f00000, 0x0000000083f00000|100%| O|  |TAMS 0x0000000083f00000, 0x0000000083f00000| Untracked 
|  63|0x0000000083f00000, 0x0000000084000000, 0x0000000084000000|100%| O|  |TAMS 0x0000000084000000, 0x0000000084000000| Untracked 
|  64|0x0000000084000000, 0x0000000084100000, 0x0000000084100000|100%| O|  |TAMS 0x0000000084100000, 0x0000000084100000| Untracked 
|  65|0x0000000084100000, 0x0000000084200000, 0x0000000084200000|100%| O|  |TAMS 0x0000000084200000, 0x0000000084200000| Untracked 
|  66|0x0000000084200000, 0x0000000084300000, 0x0000000084300000|100%| O|  |TAMS 0x0000000084300000, 0x0000000084300000| Untracked 
|  67|0x0000000084300000, 0x0000000084400000, 0x0000000084400000|100%| O|  |TAMS 0x0000000084400000, 0x0000000084400000| Untracked 
|  68|0x0000000084400000, 0x0000000084500000, 0x0000000084500000|100%| O|  |TAMS 0x0000000084500000, 0x0000000084500000| Untracked 
|  69|0x0000000084500000, 0x0000000084600000, 0x0000000084600000|100%| O|  |TAMS 0x0000000084600000, 0x0000000084600000| Untracked 
|  70|0x0000000084600000, 0x0000000084700000, 0x0000000084700000|100%| O|  |TAMS 0x0000000084700000, 0x0000000084700000| Untracked 
|  71|0x0000000084700000, 0x0000000084800000, 0x0000000084800000|100%|HS|  |TAMS 0x0000000084800000, 0x0000000084800000| Complete 
|  72|0x0000000084800000, 0x0000000084900000, 0x0000000084900000|100%|HS|  |TAMS 0x0000000084900000, 0x0000000084900000| Complete 
|  73|0x0000000084900000, 0x0000000084a00000, 0x0000000084a00000|100%|HS|  |TAMS 0x0000000084a00000, 0x0000000084a00000| Complete 
|  74|0x0000000084a00000, 0x0000000084b00000, 0x0000000084b00000|100%|HS|  |TAMS 0x0000000084b00000, 0x0000000084b00000| Complete 
|  75|0x0000000084b00000, 0x0000000084c00000, 0x0000000084c00000|100%|HC|  |TAMS 0x0000000084c00000, 0x0000000084c00000| Complete 
|  76|0x0000000084c00000, 0x0000000084d00000, 0x0000000084d00000|100%|HS|  |TAMS 0x0000000084d00000, 0x0000000084d00000| Complete 
|  77|0x0000000084d00000, 0x0000000084e00000, 0x0000000084e00000|100%|HS|  |TAMS 0x0000000084e00000, 0x0000000084e00000| Complete 
|  78|0x0000000084e00000, 0x0000000084f00000, 0x0000000084f00000|100%|HS|  |TAMS 0x0000000084f00000, 0x0000000084f00000| Complete 
|  79|0x0000000084f00000, 0x0000000085000000, 0x0000000085000000|100%| O|  |TAMS 0x0000000085000000, 0x0000000085000000| Untracked 
|  80|0x0000000085000000, 0x0000000085100000, 0x0000000085100000|100%| O|  |TAMS 0x0000000085100000, 0x0000000085100000| Untracked 
|  81|0x0000000085100000, 0x0000000085200000, 0x0000000085200000|100%| O|  |TAMS 0x0000000085200000, 0x0000000085200000| Untracked 
|  82|0x0000000085200000, 0x0000000085300000, 0x0000000085300000|100%| O|  |TAMS 0x0000000085300000, 0x0000000085300000| Untracked 
|  83|0x0000000085300000, 0x0000000085400000, 0x0000000085400000|100%| O|  |TAMS 0x0000000085400000, 0x0000000085400000| Untracked 
|  84|0x0000000085400000, 0x0000000085500000, 0x0000000085500000|100%| O|  |TAMS 0x0000000085500000, 0x0000000085500000| Untracked 
|  85|0x0000000085500000, 0x0000000085600000, 0x0000000085600000|100%| O|  |TAMS 0x0000000085600000, 0x0000000085600000| Untracked 
|  86|0x0000000085600000, 0x0000000085700000, 0x0000000085700000|100%| O|  |TAMS 0x0000000085700000, 0x0000000085700000| Untracked 
|  87|0x0000000085700000, 0x0000000085800000, 0x0000000085800000|100%|HS|  |TAMS 0x0000000085800000, 0x0000000085800000| Complete 
|  88|0x0000000085800000, 0x0000000085900000, 0x0000000085900000|100%|HC|  |TAMS 0x0000000085900000, 0x0000000085900000| Complete 
|  89|0x0000000085900000, 0x0000000085a00000, 0x0000000085a00000|100%| O|  |TAMS 0x0000000085a00000, 0x0000000085a00000| Untracked 
|  90|0x0000000085a00000, 0x0000000085b00000, 0x0000000085b00000|100%| O|  |TAMS 0x0000000085b00000, 0x0000000085b00000| Untracked 
|  91|0x0000000085b00000, 0x0000000085c00000, 0x0000000085c00000|100%| O|  |TAMS 0x0000000085c00000, 0x0000000085c00000| Untracked 
|  92|0x0000000085c00000, 0x0000000085d00000, 0x0000000085d00000|100%| O|  |TAMS 0x0000000085d00000, 0x0000000085d00000| Untracked 
|  93|0x0000000085d00000, 0x0000000085e00000, 0x0000000085e00000|100%| O|  |TAMS 0x0000000085e00000, 0x0000000085e00000| Untracked 
|  94|0x0000000085e00000, 0x0000000085f00000, 0x0000000085f00000|100%|HS|  |TAMS 0x0000000085f00000, 0x0000000085f00000| Complete 
|  95|0x0000000085f00000, 0x0000000086000000, 0x0000000086000000|100%| O|  |TAMS 0x0000000086000000, 0x0000000086000000| Untracked 
|  96|0x0000000086000000, 0x0000000086100000, 0x0000000086100000|100%| O|  |TAMS 0x0000000086100000, 0x0000000086100000| Untracked 
|  97|0x0000000086100000, 0x0000000086200000, 0x0000000086200000|100%| O|  |TAMS 0x0000000086200000, 0x0000000086200000| Untracked 
|  98|0x0000000086200000, 0x0000000086300000, 0x0000000086300000|100%| O|  |TAMS 0x0000000086300000, 0x0000000086300000| Untracked 
|  99|0x0000000086300000, 0x0000000086400000, 0x0000000086400000|100%| O|  |TAMS 0x0000000086400000, 0x0000000086400000| Untracked 
| 100|0x0000000086400000, 0x0000000086500000, 0x0000000086500000|100%| O|  |TAMS 0x0000000086500000, 0x0000000086500000| Untracked 
| 101|0x0000000086500000, 0x0000000086600000, 0x0000000086600000|100%| O|  |TAMS 0x0000000086600000, 0x0000000086600000| Untracked 
| 102|0x0000000086600000, 0x0000000086700000, 0x0000000086700000|100%| O|  |TAMS 0x0000000086700000, 0x0000000086700000| Untracked 
| 103|0x0000000086700000, 0x0000000086800000, 0x0000000086800000|100%| O|  |TAMS 0x0000000086800000, 0x0000000086800000| Untracked 
| 104|0x0000000086800000, 0x0000000086900000, 0x0000000086900000|100%| O|  |TAMS 0x0000000086900000, 0x0000000086900000| Untracked 
| 105|0x0000000086900000, 0x0000000086a00000, 0x0000000086a00000|100%| O|  |TAMS 0x0000000086a00000, 0x0000000086a00000| Untracked 
| 106|0x0000000086a00000, 0x0000000086b00000, 0x0000000086b00000|100%| O|  |TAMS 0x0000000086b00000, 0x0000000086b00000| Untracked 
| 107|0x0000000086b00000, 0x0000000086c00000, 0x0000000086c00000|100%| O|  |TAMS 0x0000000086c00000, 0x0000000086c00000| Untracked 
| 108|0x0000000086c00000, 0x0000000086d00000, 0x0000000086d00000|100%| O|  |TAMS 0x0000000086d00000, 0x0000000086d00000| Untracked 
| 109|0x0000000086d00000, 0x0000000086e00000, 0x0000000086e00000|100%| O|  |TAMS 0x0000000086e00000, 0x0000000086e00000| Untracked 
| 110|0x0000000086e00000, 0x0000000086f00000, 0x0000000086f00000|100%| O|  |TAMS 0x0000000086f00000, 0x0000000086f00000| Untracked 
| 111|0x0000000086f00000, 0x0000000087000000, 0x0000000087000000|100%| O|  |TAMS 0x0000000087000000, 0x0000000087000000| Untracked 
| 112|0x0000000087000000, 0x0000000087100000, 0x0000000087100000|100%| O|  |TAMS 0x0000000087100000, 0x0000000087100000| Untracked 
| 113|0x0000000087100000, 0x0000000087200000, 0x0000000087200000|100%| O|  |TAMS 0x0000000087200000, 0x0000000087200000| Untracked 
| 114|0x0000000087200000, 0x0000000087300000, 0x0000000087300000|100%| O|  |TAMS 0x0000000087300000, 0x0000000087300000| Untracked 
| 115|0x0000000087300000, 0x0000000087400000, 0x0000000087400000|100%| O|  |TAMS 0x0000000087400000, 0x0000000087400000| Untracked 
| 116|0x0000000087400000, 0x0000000087500000, 0x0000000087500000|100%| O|  |TAMS 0x0000000087500000, 0x0000000087500000| Untracked 
| 117|0x0000000087500000, 0x0000000087600000, 0x0000000087600000|100%| O|  |TAMS 0x0000000087600000, 0x0000000087600000| Untracked 
| 118|0x0000000087600000, 0x0000000087700000, 0x0000000087700000|100%| O|  |TAMS 0x0000000087600000, 0x0000000087700000| Untracked 
| 119|0x0000000087700000, 0x0000000087800000, 0x0000000087800000|100%| O|  |TAMS 0x0000000087800000, 0x0000000087800000| Untracked 
| 120|0x0000000087800000, 0x0000000087900000, 0x0000000087900000|100%| O|  |TAMS 0x0000000087900000, 0x0000000087900000| Untracked 
| 121|0x0000000087900000, 0x0000000087a00000, 0x0000000087a00000|100%| O|  |TAMS 0x0000000087a00000, 0x0000000087a00000| Untracked 
| 122|0x0000000087a00000, 0x0000000087b00000, 0x0000000087b00000|100%| O|  |TAMS 0x0000000087b00000, 0x0000000087b00000| Untracked 
| 123|0x0000000087b00000, 0x0000000087c00000, 0x0000000087c00000|100%| O|  |TAMS 0x0000000087c00000, 0x0000000087c00000| Untracked 
| 124|0x0000000087c00000, 0x0000000087d00000, 0x0000000087d00000|100%| O|  |TAMS 0x0000000087c4fe00, 0x0000000087d00000| Untracked 
| 125|0x0000000087d00000, 0x0000000087e00000, 0x0000000087e00000|100%| O|  |TAMS 0x0000000087d00000, 0x0000000087e00000| Untracked 
| 126|0x0000000087e00000, 0x0000000087f00000, 0x0000000087f00000|100%| O|  |TAMS 0x0000000087e00000, 0x0000000087f00000| Untracked 
| 127|0x0000000087f00000, 0x0000000088000000, 0x0000000088000000|100%| O|  |TAMS 0x0000000087f00000, 0x0000000088000000| Untracked 
| 128|0x0000000088000000, 0x0000000088100000, 0x0000000088100000|100%| O|  |TAMS 0x0000000088000000, 0x0000000088100000| Untracked 
| 129|0x0000000088100000, 0x0000000088200000, 0x0000000088200000|100%| O|  |TAMS 0x0000000088100000, 0x0000000088200000| Untracked 
| 130|0x0000000088200000, 0x0000000088300000, 0x0000000088300000|100%| O|  |TAMS 0x0000000088200000, 0x0000000088300000| Untracked 
| 131|0x0000000088300000, 0x0000000088400000, 0x0000000088400000|100%| O|  |TAMS 0x0000000088300000, 0x0000000088400000| Untracked 
| 132|0x0000000088400000, 0x0000000088500000, 0x0000000088500000|100%| O|  |TAMS 0x0000000088400000, 0x0000000088500000| Untracked 
| 133|0x0000000088500000, 0x0000000088600000, 0x0000000088600000|100%| O|  |TAMS 0x0000000088500000, 0x0000000088600000| Untracked 
| 134|0x0000000088600000, 0x0000000088700000, 0x0000000088700000|100%| O|  |TAMS 0x0000000088600000, 0x0000000088700000| Untracked 
| 135|0x0000000088700000, 0x0000000088800000, 0x0000000088800000|100%| O|  |TAMS 0x0000000088700000, 0x0000000088800000| Untracked 
| 136|0x0000000088800000, 0x0000000088900000, 0x0000000088900000|100%| O|  |TAMS 0x0000000088800000, 0x0000000088900000| Untracked 
| 137|0x0000000088900000, 0x0000000088a00000, 0x0000000088a00000|100%| O|  |TAMS 0x0000000088900000, 0x0000000088a00000| Untracked 
| 138|0x0000000088a00000, 0x0000000088b00000, 0x0000000088b00000|100%| O|  |TAMS 0x0000000088a00000, 0x0000000088b00000| Untracked 
| 139|0x0000000088b00000, 0x0000000088c00000, 0x0000000088c00000|100%| O|  |TAMS 0x0000000088b00000, 0x0000000088c00000| Untracked 
| 140|0x0000000088c00000, 0x0000000088d00000, 0x0000000088d00000|100%| O|  |TAMS 0x0000000088c00000, 0x0000000088d00000| Untracked 
| 141|0x0000000088d00000, 0x0000000088e00000, 0x0000000088e00000|100%| O|  |TAMS 0x0000000088d00000, 0x0000000088e00000| Untracked 
| 142|0x0000000088e00000, 0x0000000088f00000, 0x0000000088f00000|100%| O|  |TAMS 0x0000000088e00000, 0x0000000088f00000| Untracked 
| 143|0x0000000088f00000, 0x0000000089000000, 0x0000000089000000|100%| O|  |TAMS 0x0000000088f00000, 0x0000000089000000| Untracked 
| 144|0x0000000089000000, 0x0000000089100000, 0x0000000089100000|100%| O|  |TAMS 0x0000000089000000, 0x0000000089100000| Untracked 
| 145|0x0000000089100000, 0x0000000089200000, 0x0000000089200000|100%| O|  |TAMS 0x0000000089100000, 0x0000000089200000| Untracked 
| 146|0x0000000089200000, 0x0000000089300000, 0x0000000089300000|100%| O|  |TAMS 0x0000000089200000, 0x0000000089300000| Untracked 
| 147|0x0000000089300000, 0x0000000089400000, 0x0000000089400000|100%| O|  |TAMS 0x0000000089300000, 0x0000000089400000| Untracked 
| 148|0x0000000089400000, 0x0000000089500000, 0x0000000089500000|100%| O|  |TAMS 0x0000000089400000, 0x0000000089500000| Untracked 
| 149|0x0000000089500000, 0x0000000089600000, 0x0000000089600000|100%| O|  |TAMS 0x0000000089500000, 0x0000000089600000| Untracked 
| 150|0x0000000089600000, 0x0000000089700000, 0x0000000089700000|100%| O|  |TAMS 0x0000000089600000, 0x0000000089700000| Untracked 
| 151|0x0000000089700000, 0x0000000089800000, 0x0000000089800000|100%| O|  |TAMS 0x0000000089700000, 0x0000000089800000| Untracked 
| 152|0x0000000089800000, 0x0000000089900000, 0x0000000089900000|100%| O|  |TAMS 0x0000000089800000, 0x0000000089900000| Untracked 
| 153|0x0000000089900000, 0x0000000089a00000, 0x0000000089a00000|100%| O|  |TAMS 0x0000000089900000, 0x0000000089a00000| Untracked 
| 154|0x0000000089a00000, 0x0000000089b00000, 0x0000000089b00000|100%| O|  |TAMS 0x0000000089a00000, 0x0000000089b00000| Untracked 
| 155|0x0000000089b00000, 0x0000000089c00000, 0x0000000089c00000|100%| O|  |TAMS 0x0000000089b00000, 0x0000000089c00000| Untracked 
| 156|0x0000000089c00000, 0x0000000089d00000, 0x0000000089d00000|100%| O|  |TAMS 0x0000000089c00000, 0x0000000089d00000| Untracked 
| 157|0x0000000089d00000, 0x0000000089e00000, 0x0000000089e00000|100%| O|  |TAMS 0x0000000089d00000, 0x0000000089e00000| Untracked 
| 158|0x0000000089e00000, 0x0000000089f00000, 0x0000000089f00000|100%| O|  |TAMS 0x0000000089e00000, 0x0000000089f00000| Untracked 
| 159|0x0000000089f00000, 0x000000008a000000, 0x000000008a000000|100%| O|  |TAMS 0x0000000089f00000, 0x000000008a000000| Untracked 
| 160|0x000000008a000000, 0x000000008a100000, 0x000000008a100000|100%| O|  |TAMS 0x000000008a000000, 0x000000008a100000| Untracked 
| 161|0x000000008a100000, 0x000000008a200000, 0x000000008a200000|100%| O|  |TAMS 0x000000008a100000, 0x000000008a200000| Untracked 
| 162|0x000000008a200000, 0x000000008a300000, 0x000000008a300000|100%| O|  |TAMS 0x000000008a200000, 0x000000008a300000| Untracked 
| 163|0x000000008a300000, 0x000000008a400000, 0x000000008a400000|100%| O|  |TAMS 0x000000008a300000, 0x000000008a400000| Untracked 
| 164|0x000000008a400000, 0x000000008a500000, 0x000000008a500000|100%| O|  |TAMS 0x000000008a400000, 0x000000008a500000| Untracked 
| 165|0x000000008a500000, 0x000000008a600000, 0x000000008a600000|100%| O|  |TAMS 0x000000008a500000, 0x000000008a600000| Untracked 
| 166|0x000000008a600000, 0x000000008a700000, 0x000000008a700000|100%| O|  |TAMS 0x000000008a600000, 0x000000008a700000| Untracked 
| 167|0x000000008a700000, 0x000000008a800000, 0x000000008a800000|100%| O|  |TAMS 0x000000008a700000, 0x000000008a800000| Untracked 
| 168|0x000000008a800000, 0x000000008a900000, 0x000000008a900000|100%| O|  |TAMS 0x000000008a800000, 0x000000008a900000| Untracked 
| 169|0x000000008a900000, 0x000000008aa00000, 0x000000008aa00000|100%| O|  |TAMS 0x000000008a900000, 0x000000008aa00000| Untracked 
| 170|0x000000008aa00000, 0x000000008ab00000, 0x000000008ab00000|100%| O|  |TAMS 0x000000008aa00000, 0x000000008ab00000| Untracked 
| 171|0x000000008ab00000, 0x000000008ac00000, 0x000000008ac00000|100%| O|  |TAMS 0x000000008ab00000, 0x000000008ac00000| Untracked 
| 172|0x000000008ac00000, 0x000000008ad00000, 0x000000008ad00000|100%| O|  |TAMS 0x000000008ac00000, 0x000000008ad00000| Untracked 
| 173|0x000000008ad00000, 0x000000008ae00000, 0x000000008ae00000|100%| O|  |TAMS 0x000000008ad00000, 0x000000008ae00000| Untracked 
| 174|0x000000008ae00000, 0x000000008af00000, 0x000000008af00000|100%| O|  |TAMS 0x000000008ae00000, 0x000000008af00000| Untracked 
| 175|0x000000008af00000, 0x000000008b000000, 0x000000008b000000|100%| O|  |TAMS 0x000000008af00000, 0x000000008b000000| Untracked 
| 176|0x000000008b000000, 0x000000008b100000, 0x000000008b100000|100%| O|  |TAMS 0x000000008b000000, 0x000000008b100000| Untracked 
| 177|0x000000008b100000, 0x000000008b200000, 0x000000008b200000|100%| O|  |TAMS 0x000000008b100000, 0x000000008b200000| Untracked 
| 178|0x000000008b200000, 0x000000008b300000, 0x000000008b300000|100%| O|  |TAMS 0x000000008b200000, 0x000000008b300000| Untracked 
| 179|0x000000008b300000, 0x000000008b400000, 0x000000008b400000|100%| O|  |TAMS 0x000000008b300000, 0x000000008b400000| Untracked 
| 180|0x000000008b400000, 0x000000008b500000, 0x000000008b500000|100%| O|  |TAMS 0x000000008b400000, 0x000000008b500000| Untracked 
| 181|0x000000008b500000, 0x000000008b600000, 0x000000008b600000|100%| O|  |TAMS 0x000000008b500000, 0x000000008b600000| Untracked 
| 182|0x000000008b600000, 0x000000008b700000, 0x000000008b700000|100%| O|  |TAMS 0x000000008b600000, 0x000000008b700000| Untracked 
| 183|0x000000008b700000, 0x000000008b800000, 0x000000008b800000|100%| O|  |TAMS 0x000000008b700000, 0x000000008b800000| Untracked 
| 184|0x000000008b800000, 0x000000008b900000, 0x000000008b900000|100%| O|  |TAMS 0x000000008b800000, 0x000000008b900000| Untracked 
| 185|0x000000008b900000, 0x000000008ba00000, 0x000000008ba00000|100%| O|  |TAMS 0x000000008b900000, 0x000000008ba00000| Untracked 
| 186|0x000000008ba00000, 0x000000008bb00000, 0x000000008bb00000|100%| O|  |TAMS 0x000000008ba00000, 0x000000008bb00000| Untracked 
| 187|0x000000008bb00000, 0x000000008bc00000, 0x000000008bc00000|100%| O|  |TAMS 0x000000008bb00000, 0x000000008bc00000| Untracked 
| 188|0x000000008bc00000, 0x000000008bd00000, 0x000000008bd00000|100%| O|  |TAMS 0x000000008bc00000, 0x000000008bd00000| Untracked 
| 189|0x000000008bd00000, 0x000000008be00000, 0x000000008be00000|100%| O|  |TAMS 0x000000008bd00000, 0x000000008be00000| Untracked 
| 190|0x000000008be00000, 0x000000008bf00000, 0x000000008bf00000|100%| O|  |TAMS 0x000000008be00000, 0x000000008bf00000| Untracked 
| 191|0x000000008bf00000, 0x000000008c000000, 0x000000008c000000|100%| O|  |TAMS 0x000000008bf00000, 0x000000008c000000| Untracked 
| 192|0x000000008c000000, 0x000000008c100000, 0x000000008c100000|100%| O|  |TAMS 0x000000008c000000, 0x000000008c100000| Untracked 
| 193|0x000000008c100000, 0x000000008c200000, 0x000000008c200000|100%| O|  |TAMS 0x000000008c100000, 0x000000008c200000| Untracked 
| 194|0x000000008c200000, 0x000000008c300000, 0x000000008c300000|100%| O|  |TAMS 0x000000008c200000, 0x000000008c300000| Untracked 
| 195|0x000000008c300000, 0x000000008c400000, 0x000000008c400000|100%| O|  |TAMS 0x000000008c300000, 0x000000008c400000| Untracked 
| 196|0x000000008c400000, 0x000000008c500000, 0x000000008c500000|100%| O|  |TAMS 0x000000008c400000, 0x000000008c500000| Untracked 
| 197|0x000000008c500000, 0x000000008c600000, 0x000000008c600000|100%| O|  |TAMS 0x000000008c500000, 0x000000008c600000| Untracked 
| 198|0x000000008c600000, 0x000000008c700000, 0x000000008c700000|100%| O|  |TAMS 0x000000008c600000, 0x000000008c700000| Untracked 
| 199|0x000000008c700000, 0x000000008c800000, 0x000000008c800000|100%| O|  |TAMS 0x000000008c700000, 0x000000008c800000| Untracked 
| 200|0x000000008c800000, 0x000000008c900000, 0x000000008c900000|100%| O|  |TAMS 0x000000008c800000, 0x000000008c900000| Untracked 
| 201|0x000000008c900000, 0x000000008ca00000, 0x000000008ca00000|100%| O|  |TAMS 0x000000008c900000, 0x000000008ca00000| Untracked 
| 202|0x000000008ca00000, 0x000000008cb00000, 0x000000008cb00000|100%| O|  |TAMS 0x000000008ca00000, 0x000000008cb00000| Untracked 
| 203|0x000000008cb00000, 0x000000008cc00000, 0x000000008cc00000|100%| O|  |TAMS 0x000000008cb00000, 0x000000008cc00000| Untracked 
| 204|0x000000008cc00000, 0x000000008cd00000, 0x000000008cd00000|100%| O|  |TAMS 0x000000008cc00000, 0x000000008cd00000| Untracked 
| 205|0x000000008cd00000, 0x000000008ce00000, 0x000000008ce00000|100%| O|  |TAMS 0x000000008cd00000, 0x000000008ce00000| Untracked 
| 206|0x000000008ce00000, 0x000000008cf00000, 0x000000008cf00000|100%| O|  |TAMS 0x000000008ce00000, 0x000000008cf00000| Untracked 
| 207|0x000000008cf00000, 0x000000008d000000, 0x000000008d000000|100%| O|  |TAMS 0x000000008cf00000, 0x000000008d000000| Untracked 
| 208|0x000000008d000000, 0x000000008d100000, 0x000000008d100000|100%| O|  |TAMS 0x000000008d000000, 0x000000008d100000| Untracked 
| 209|0x000000008d100000, 0x000000008d200000, 0x000000008d200000|100%| O|  |TAMS 0x000000008d100000, 0x000000008d200000| Untracked 
| 210|0x000000008d200000, 0x000000008d300000, 0x000000008d300000|100%| O|  |TAMS 0x000000008d200000, 0x000000008d300000| Untracked 
| 211|0x000000008d300000, 0x000000008d400000, 0x000000008d400000|100%| O|  |TAMS 0x000000008d300000, 0x000000008d400000| Untracked 
| 212|0x000000008d400000, 0x000000008d500000, 0x000000008d500000|100%| O|  |TAMS 0x000000008d400000, 0x000000008d500000| Untracked 
| 213|0x000000008d500000, 0x000000008d600000, 0x000000008d600000|100%| O|  |TAMS 0x000000008d500000, 0x000000008d600000| Untracked 
| 214|0x000000008d600000, 0x000000008d700000, 0x000000008d700000|100%| O|  |TAMS 0x000000008d600000, 0x000000008d700000| Untracked 
| 215|0x000000008d700000, 0x000000008d800000, 0x000000008d800000|100%| O|  |TAMS 0x000000008d700000, 0x000000008d800000| Untracked 
| 216|0x000000008d800000, 0x000000008d900000, 0x000000008d900000|100%| O|  |TAMS 0x000000008d800000, 0x000000008d900000| Untracked 
| 217|0x000000008d900000, 0x000000008da00000, 0x000000008da00000|100%| O|  |TAMS 0x000000008d900000, 0x000000008da00000| Untracked 
| 218|0x000000008da00000, 0x000000008db00000, 0x000000008db00000|100%| O|  |TAMS 0x000000008da00000, 0x000000008db00000| Untracked 
| 219|0x000000008db00000, 0x000000008dc00000, 0x000000008dc00000|100%| O|  |TAMS 0x000000008db00000, 0x000000008dc00000| Untracked 
| 220|0x000000008dc00000, 0x000000008dd00000, 0x000000008dd00000|100%| O|  |TAMS 0x000000008dc00000, 0x000000008dd00000| Untracked 
| 221|0x000000008dd00000, 0x000000008de00000, 0x000000008de00000|100%| O|  |TAMS 0x000000008dd00000, 0x000000008de00000| Untracked 
| 222|0x000000008de00000, 0x000000008df00000, 0x000000008df00000|100%| O|  |TAMS 0x000000008de00000, 0x000000008df00000| Untracked 
| 223|0x000000008df00000, 0x000000008e000000, 0x000000008e000000|100%| O|  |TAMS 0x000000008df00000, 0x000000008e000000| Untracked 
| 224|0x000000008e000000, 0x000000008e100000, 0x000000008e100000|100%| O|  |TAMS 0x000000008e000000, 0x000000008e100000| Untracked 
| 225|0x000000008e100000, 0x000000008e200000, 0x000000008e200000|100%| O|  |TAMS 0x000000008e100000, 0x000000008e200000| Untracked 
| 226|0x000000008e200000, 0x000000008e300000, 0x000000008e300000|100%| O|  |TAMS 0x000000008e200000, 0x000000008e300000| Untracked 
| 227|0x000000008e300000, 0x000000008e400000, 0x000000008e400000|100%| O|  |TAMS 0x000000008e300000, 0x000000008e400000| Untracked 
| 228|0x000000008e400000, 0x000000008e500000, 0x000000008e500000|100%| O|  |TAMS 0x000000008e400000, 0x000000008e500000| Untracked 
| 229|0x000000008e500000, 0x000000008e600000, 0x000000008e600000|100%| O|  |TAMS 0x000000008e500000, 0x000000008e600000| Untracked 
| 230|0x000000008e600000, 0x000000008e700000, 0x000000008e700000|100%| O|  |TAMS 0x000000008e600000, 0x000000008e700000| Untracked 
| 231|0x000000008e700000, 0x000000008e800000, 0x000000008e800000|100%| O|  |TAMS 0x000000008e700000, 0x000000008e800000| Untracked 
| 232|0x000000008e800000, 0x000000008e900000, 0x000000008e900000|100%| O|  |TAMS 0x000000008e800000, 0x000000008e900000| Untracked 
| 233|0x000000008e900000, 0x000000008ea00000, 0x000000008ea00000|100%| O|  |TAMS 0x000000008e900000, 0x000000008ea00000| Untracked 
| 234|0x000000008ea00000, 0x000000008eb00000, 0x000000008eb00000|100%| O|  |TAMS 0x000000008ea00000, 0x000000008eb00000| Untracked 
| 235|0x000000008eb00000, 0x000000008ec00000, 0x000000008ec00000|100%| O|  |TAMS 0x000000008eb00000, 0x000000008ec00000| Untracked 
| 236|0x000000008ec00000, 0x000000008ed00000, 0x000000008ed00000|100%| O|  |TAMS 0x000000008ec00000, 0x000000008ed00000| Untracked 
| 237|0x000000008ed00000, 0x000000008ee00000, 0x000000008ee00000|100%| O|  |TAMS 0x000000008ed00000, 0x000000008ee00000| Untracked 
| 238|0x000000008ee00000, 0x000000008ef00000, 0x000000008ef00000|100%| O|  |TAMS 0x000000008ee00000, 0x000000008ef00000| Untracked 
| 239|0x000000008ef00000, 0x000000008f000000, 0x000000008f000000|100%| O|  |TAMS 0x000000008ef00000, 0x000000008f000000| Untracked 
| 240|0x000000008f000000, 0x000000008f100000, 0x000000008f100000|100%| O|  |TAMS 0x000000008f000000, 0x000000008f100000| Untracked 
| 241|0x000000008f100000, 0x000000008f200000, 0x000000008f200000|100%| O|  |TAMS 0x000000008f100000, 0x000000008f200000| Untracked 
| 242|0x000000008f200000, 0x000000008f300000, 0x000000008f300000|100%| O|  |TAMS 0x000000008f200000, 0x000000008f300000| Untracked 
| 243|0x000000008f300000, 0x000000008f400000, 0x000000008f400000|100%| O|  |TAMS 0x000000008f300000, 0x000000008f400000| Untracked 
| 244|0x000000008f400000, 0x000000008f500000, 0x000000008f500000|100%| O|  |TAMS 0x000000008f400000, 0x000000008f500000| Untracked 
| 245|0x000000008f500000, 0x000000008f600000, 0x000000008f600000|100%| O|  |TAMS 0x000000008f500000, 0x000000008f600000| Untracked 
| 246|0x000000008f600000, 0x000000008f700000, 0x000000008f700000|100%| O|  |TAMS 0x000000008f600000, 0x000000008f700000| Untracked 
| 247|0x000000008f700000, 0x000000008f800000, 0x000000008f800000|100%| O|  |TAMS 0x000000008f700000, 0x000000008f800000| Untracked 
| 248|0x000000008f800000, 0x000000008f900000, 0x000000008f900000|100%| O|  |TAMS 0x000000008f800000, 0x000000008f900000| Untracked 
| 249|0x000000008f900000, 0x000000008fa00000, 0x000000008fa00000|100%| O|  |TAMS 0x000000008f900000, 0x000000008fa00000| Untracked 
| 250|0x000000008fa00000, 0x000000008fb00000, 0x000000008fb00000|100%| O|  |TAMS 0x000000008fa00000, 0x000000008fb00000| Untracked 
| 251|0x000000008fb00000, 0x000000008fc00000, 0x000000008fc00000|100%| O|  |TAMS 0x000000008fb00000, 0x000000008fc00000| Untracked 
| 252|0x000000008fc00000, 0x000000008fd00000, 0x000000008fd00000|100%| O|  |TAMS 0x000000008fc00000, 0x000000008fd00000| Untracked 
| 253|0x000000008fd00000, 0x000000008fe00000, 0x000000008fe00000|100%| O|  |TAMS 0x000000008fd00000, 0x000000008fe00000| Untracked 
| 254|0x000000008fe00000, 0x000000008ff00000, 0x000000008ff00000|100%| O|  |TAMS 0x000000008fe00000, 0x000000008ff00000| Untracked 
| 255|0x000000008ff00000, 0x0000000090000000, 0x0000000090000000|100%| O|  |TAMS 0x000000008ff00000, 0x0000000090000000| Untracked 
| 256|0x0000000090000000, 0x0000000090100000, 0x0000000090100000|100%| O|  |TAMS 0x0000000090000000, 0x00000000900ec600| Untracked 
| 257|0x0000000090100000, 0x0000000090200000, 0x0000000090200000|100%| O|  |TAMS 0x0000000090100000, 0x0000000090100000| Untracked 
| 258|0x0000000090200000, 0x0000000090300000, 0x0000000090300000|100%| O|  |TAMS 0x0000000090200000, 0x0000000090200000| Untracked 
| 259|0x0000000090300000, 0x0000000090400000, 0x0000000090400000|100%| O|  |TAMS 0x0000000090300000, 0x0000000090300000| Untracked 
| 260|0x0000000090400000, 0x0000000090500000, 0x0000000090500000|100%| O|  |TAMS 0x0000000090400000, 0x0000000090400000| Untracked 
| 261|0x0000000090500000, 0x000000009055b400, 0x0000000090600000| 35%| O|  |TAMS 0x0000000090500000, 0x0000000090500000| Untracked 
| 262|0x0000000090600000, 0x0000000090600000, 0x0000000090700000|  0%| F|  |TAMS 0x0000000090600000, 0x0000000090600000| Untracked 
| 263|0x0000000090700000, 0x0000000090700000, 0x0000000090800000|  0%| F|  |TAMS 0x0000000090700000, 0x0000000090700000| Untracked 
| 264|0x0000000090800000, 0x0000000090800000, 0x0000000090900000|  0%| F|  |TAMS 0x0000000090800000, 0x0000000090800000| Untracked 
| 265|0x0000000090900000, 0x0000000090900000, 0x0000000090a00000|  0%| F|  |TAMS 0x0000000090900000, 0x0000000090900000| Untracked 
| 266|0x0000000090a00000, 0x0000000090a00000, 0x0000000090b00000|  0%| F|  |TAMS 0x0000000090a00000, 0x0000000090a00000| Untracked 
| 267|0x0000000090b00000, 0x0000000090b00000, 0x0000000090c00000|  0%| F|  |TAMS 0x0000000090b00000, 0x0000000090b00000| Untracked 
| 268|0x0000000090c00000, 0x0000000090c00000, 0x0000000090d00000|  0%| F|  |TAMS 0x0000000090c00000, 0x0000000090c00000| Untracked 
| 269|0x0000000090d00000, 0x0000000090d00000, 0x0000000090e00000|  0%| F|  |TAMS 0x0000000090d00000, 0x0000000090d00000| Untracked 
| 270|0x0000000090e00000, 0x0000000090e00000, 0x0000000090f00000|  0%| F|  |TAMS 0x0000000090e00000, 0x0000000090e00000| Untracked 
| 271|0x0000000090f00000, 0x0000000090f00000, 0x0000000091000000|  0%| F|  |TAMS 0x0000000090f00000, 0x0000000090f00000| Untracked 
| 272|0x0000000091000000, 0x0000000091000000, 0x0000000091100000|  0%| F|  |TAMS 0x0000000091000000, 0x0000000091000000| Untracked 
| 273|0x0000000091100000, 0x0000000091100000, 0x0000000091200000|  0%| F|  |TAMS 0x0000000091100000, 0x0000000091100000| Untracked 
| 274|0x0000000091200000, 0x0000000091200000, 0x0000000091300000|  0%| F|  |TAMS 0x0000000091200000, 0x0000000091200000| Untracked 
| 275|0x0000000091300000, 0x0000000091300000, 0x0000000091400000|  0%| F|  |TAMS 0x0000000091300000, 0x0000000091300000| Untracked 
| 276|0x0000000091400000, 0x0000000091400000, 0x0000000091500000|  0%| F|  |TAMS 0x0000000091400000, 0x0000000091400000| Untracked 
| 277|0x0000000091500000, 0x0000000091500000, 0x0000000091600000|  0%| F|  |TAMS 0x0000000091500000, 0x0000000091500000| Untracked 
| 278|0x0000000091600000, 0x0000000091600000, 0x0000000091700000|  0%| F|  |TAMS 0x0000000091600000, 0x0000000091600000| Untracked 
| 279|0x0000000091700000, 0x0000000091700000, 0x0000000091800000|  0%| F|  |TAMS 0x0000000091700000, 0x0000000091700000| Untracked 
| 280|0x0000000091800000, 0x0000000091800000, 0x0000000091900000|  0%| F|  |TAMS 0x0000000091800000, 0x0000000091800000| Untracked 
| 281|0x0000000091900000, 0x0000000091900000, 0x0000000091a00000|  0%| F|  |TAMS 0x0000000091900000, 0x0000000091900000| Untracked 
| 282|0x0000000091a00000, 0x0000000091a00000, 0x0000000091b00000|  0%| F|  |TAMS 0x0000000091a00000, 0x0000000091a00000| Untracked 
| 283|0x0000000091b00000, 0x0000000091b00000, 0x0000000091c00000|  0%| F|  |TAMS 0x0000000091b00000, 0x0000000091b00000| Untracked 
| 284|0x0000000091c00000, 0x0000000091c00000, 0x0000000091d00000|  0%| F|  |TAMS 0x0000000091c00000, 0x0000000091c00000| Untracked 
| 285|0x0000000091d00000, 0x0000000091d00000, 0x0000000091e00000|  0%| F|  |TAMS 0x0000000091d00000, 0x0000000091d00000| Untracked 
| 286|0x0000000091e00000, 0x0000000091e00000, 0x0000000091f00000|  0%| F|  |TAMS 0x0000000091e00000, 0x0000000091e00000| Untracked 
| 287|0x0000000091f00000, 0x0000000091f00000, 0x0000000092000000|  0%| F|  |TAMS 0x0000000091f00000, 0x0000000091f00000| Untracked 
| 288|0x0000000092000000, 0x0000000092000000, 0x0000000092100000|  0%| F|  |TAMS 0x0000000092000000, 0x0000000092000000| Untracked 
| 289|0x0000000092100000, 0x0000000092100000, 0x0000000092200000|  0%| F|  |TAMS 0x0000000092100000, 0x0000000092100000| Untracked 
| 290|0x0000000092200000, 0x0000000092200000, 0x0000000092300000|  0%| F|  |TAMS 0x0000000092200000, 0x0000000092200000| Untracked 
| 291|0x0000000092300000, 0x0000000092300000, 0x0000000092400000|  0%| F|  |TAMS 0x0000000092300000, 0x0000000092300000| Untracked 
| 292|0x0000000092400000, 0x0000000092400000, 0x0000000092500000|  0%| F|  |TAMS 0x0000000092400000, 0x0000000092400000| Untracked 
| 293|0x0000000092500000, 0x0000000092500000, 0x0000000092600000|  0%| F|  |TAMS 0x0000000092500000, 0x0000000092500000| Untracked 
| 294|0x0000000092600000, 0x0000000092600000, 0x0000000092700000|  0%| F|  |TAMS 0x0000000092600000, 0x0000000092600000| Untracked 
| 295|0x0000000092700000, 0x0000000092700000, 0x0000000092800000|  0%| F|  |TAMS 0x0000000092700000, 0x0000000092700000| Untracked 
| 296|0x0000000092800000, 0x0000000092800000, 0x0000000092900000|  0%| F|  |TAMS 0x0000000092800000, 0x0000000092800000| Untracked 
| 297|0x0000000092900000, 0x0000000092900000, 0x0000000092a00000|  0%| F|  |TAMS 0x0000000092900000, 0x0000000092900000| Untracked 
| 298|0x0000000092a00000, 0x0000000092a00000, 0x0000000092b00000|  0%| F|  |TAMS 0x0000000092a00000, 0x0000000092a00000| Untracked 
| 299|0x0000000092b00000, 0x0000000092b00000, 0x0000000092c00000|  0%| F|  |TAMS 0x0000000092b00000, 0x0000000092b00000| Untracked 
| 300|0x0000000092c00000, 0x0000000092c00000, 0x0000000092d00000|  0%| F|  |TAMS 0x0000000092c00000, 0x0000000092c00000| Untracked 
| 301|0x0000000092d00000, 0x0000000092d123f0, 0x0000000092e00000|  7%| S|CS|TAMS 0x0000000092d00000, 0x0000000092d00000| Complete 
| 302|0x0000000092e00000, 0x0000000092f00000, 0x0000000092f00000|100%| S|CS|TAMS 0x0000000092e00000, 0x0000000092e00000| Complete 
| 303|0x0000000092f00000, 0x0000000092f00000, 0x0000000093000000|  0%| F|  |TAMS 0x0000000092f00000, 0x0000000092f00000| Untracked 
| 304|0x0000000093000000, 0x0000000093000000, 0x0000000093100000|  0%| F|  |TAMS 0x0000000093000000, 0x0000000093000000| Untracked 
| 305|0x0000000093100000, 0x0000000093100000, 0x0000000093200000|  0%| F|  |TAMS 0x0000000093100000, 0x0000000093100000| Untracked 
| 306|0x0000000093200000, 0x0000000093200000, 0x0000000093300000|  0%| F|  |TAMS 0x0000000093200000, 0x0000000093200000| Untracked 
| 307|0x0000000093300000, 0x0000000093300000, 0x0000000093400000|  0%| F|  |TAMS 0x0000000093300000, 0x0000000093300000| Untracked 
| 308|0x0000000093400000, 0x0000000093400000, 0x0000000093500000|  0%| F|  |TAMS 0x0000000093400000, 0x0000000093400000| Untracked 
| 309|0x0000000093500000, 0x0000000093500000, 0x0000000093600000|  0%| F|  |TAMS 0x0000000093500000, 0x0000000093500000| Untracked 
| 310|0x0000000093600000, 0x0000000093600000, 0x0000000093700000|  0%| F|  |TAMS 0x0000000093600000, 0x0000000093600000| Untracked 
| 311|0x0000000093700000, 0x0000000093700000, 0x0000000093800000|  0%| F|  |TAMS 0x0000000093700000, 0x0000000093700000| Untracked 
| 312|0x0000000093800000, 0x0000000093800000, 0x0000000093900000|  0%| F|  |TAMS 0x0000000093800000, 0x0000000093800000| Untracked 
| 313|0x0000000093900000, 0x0000000093900000, 0x0000000093a00000|  0%| F|  |TAMS 0x0000000093900000, 0x0000000093900000| Untracked 
| 314|0x0000000093a00000, 0x0000000093a00000, 0x0000000093b00000|  0%| F|  |TAMS 0x0000000093a00000, 0x0000000093a00000| Untracked 
| 315|0x0000000093b00000, 0x0000000093b00000, 0x0000000093c00000|  0%| F|  |TAMS 0x0000000093b00000, 0x0000000093b00000| Untracked 
| 316|0x0000000093c00000, 0x0000000093c00000, 0x0000000093d00000|  0%| F|  |TAMS 0x0000000093c00000, 0x0000000093c00000| Untracked 

Card table byte_map: [0x000002c300840000,0x000002c300c40000] _byte_map_base: 0x000002c300440000

Marking Bits (Prev, Next): (CMBitMap*) 0x000002c36942aac0, (CMBitMap*) 0x000002c36942ab00
 Prev Bits: [0x000002c301040000, 0x000002c303040000)
 Next Bits: [0x000002c303040000, 0x000002c305040000)

Polling page: 0x000002c3672e0000

Metaspace:

Usage:
  Non-class:    138.34 MB used.
      Class:     22.51 MB used.
       Both:    160.85 MB used.

Virtual space:
  Non-class space:      192.00 MB reserved,     139.38 MB ( 73%) committed,  3 nodes.
      Class space:        1.00 GB reserved,      23.56 MB (  2%) committed,  1 nodes.
             Both:        1.19 GB reserved,     162.94 MB ( 13%) committed. 

Chunk freelists:
   Non-Class:  4.45 MB
       Class:  8.36 MB
        Both:  12.81 MB

MaxMetaspaceSize: unlimited
CompressedClassSpaceSize: 1.00 GB
Initial GC threshold: 21.00 MB
Current GC threshold: 172.81 MB
CDS: on
MetaspaceReclaimPolicy: balanced
 - commit_granule_bytes: 65536.
 - commit_granule_words: 8192.
 - virtual_space_node_default_size: 8388608.
 - enlarge_chunks_in_place: 1.
 - new_chunks_are_fully_committed: 0.
 - uncommit_free_chunks: 1.
 - use_allocation_guard: 0.
 - handle_deallocations: 1.


Internal statistics:

num_allocs_failed_limit: 3.
num_arena_births: 3574.
num_arena_deaths: 0.
num_vsnodes_births: 4.
num_vsnodes_deaths: 0.
num_space_committed: 2606.
num_space_uncommitted: 0.
num_chunks_returned_to_freelist: 3.
num_chunks_taken_from_freelist: 11303.
num_chunk_merges: 3.
num_chunk_splits: 7147.
num_chunks_enlarged: 4279.
num_inconsistent_stats: 0.

CodeHeap 'non-profiled nmethods': size=120000Kb used=16679Kb max_used=16679Kb free=103320Kb
 bounds [0x000002c378a30000, 0x000002c379a80000, 0x000002c37ff60000]
CodeHeap 'profiled nmethods': size=120000Kb used=41812Kb max_used=41812Kb free=78187Kb
 bounds [0x000002c370f60000, 0x000002c373840000, 0x000002c378490000]
CodeHeap 'non-nmethods': size=5760Kb used=1924Kb max_used=2009Kb free=3835Kb
 bounds [0x000002c378490000, 0x000002c378700000, 0x000002c378a30000]
 total_blobs=22139 nmethods=21112 adapters=938
 compilation: enabled
              stopped_count=0, restarted_count=0
 full_count=0

Compilation events (20 events):
Event: 1541.931 Thread 0x000002c307bf0780 nmethod 25666 0x000002c37379f410 code [0x000002c37379f660, 0x000002c3737a0078]
Event: 1541.931 Thread 0x000002c307bf0780 25684 %     3       com.android.tools.r8.internal.a52::a @ 1353 (2026 bytes)
Event: 1541.938 Thread 0x000002c307bf0780 nmethod 25684% 0x000002c3737a0390 code [0x000002c3737a1660, 0x000002c3737afe58]
Event: 1541.938 Thread 0x000002c307bf0780 25717 %     3       com.android.tools.r8.internal.zl::a @ 851 (1710 bytes)
Event: 1541.948 Thread 0x000002c307bf0780 nmethod 25717% 0x000002c3737b4990 code [0x000002c3737b5ae0, 0x000002c3737c36b8]
Event: 1541.948 Thread 0x000002c307bf0780 25736       3       com.android.tools.r8.internal.kd::a (229 bytes)
Event: 1541.949 Thread 0x000002c307bf0780 nmethod 25736 0x000002c3737c7790 code [0x000002c3737c7ae0, 0x000002c3737c9348]
Event: 1541.949 Thread 0x000002c307bf0780 25727       2       java.util.zip.DeflaterOutputStream::deflate (36 bytes)
Event: 1541.949 Thread 0x000002c307bf0780 nmethod 25727 0x000002c3737c9b10 code [0x000002c3737c9cc0, 0x000002c3737c9e58]
Event: 1541.949 Thread 0x000002c307bf0780 25721 %     3       com.android.tools.r8.internal.v31::a @ 976 (3845 bytes)
Event: 1541.966 Thread 0x000002c307bf0780 nmethod 25721% 0x000002c3737c9f90 code [0x000002c3737cbdc0, 0x000002c3737e3838]
Event: 1541.966 Thread 0x000002c307bf0780 25758       3       com.android.tools.r8.internal.a52::c (803 bytes)
Event: 1541.968 Thread 0x000002c307bf0780 nmethod 25758 0x000002c3737ec210 code [0x000002c3737eca80, 0x000002c3737f2138]
Event: 1541.968 Thread 0x000002c307bf0780 25733 %     3       com.android.tools.r8.internal.vx::b @ 47 (722 bytes)
Event: 1541.971 Thread 0x000002c307bf0780 nmethod 25733% 0x000002c3737f3e90 code [0x000002c3737f4680, 0x000002c3737f9f08]
Event: 1541.971 Thread 0x000002c307bf0780 25703 %     3       com.android.tools.r8.internal.jn2::a @ 55 (173 bytes)
Event: 1541.971 Thread 0x000002c307bf0780 nmethod 25703% 0x000002c3737fbc10 code [0x000002c3737fbf20, 0x000002c3737fd498]
Event: 1541.971 Thread 0x000002c307bf0780 25729 %     3       com.android.tools.r8.internal.a52::d @ 928 (2125 bytes)
Event: 1541.978 Thread 0x000002c307bf0780 nmethod 25729% 0x000002c3737fda90 code [0x000002c3737feec0, 0x000002c37380ed68]
Event: 1541.978 Thread 0x000002c307bf0780 25778       3       com.android.tools.r8.internal.v31::a (3845 bytes)

GC Heap History (20 events):
Event: 1534.511 GC heap after
{Heap after GC invocations=96 (full 0):
 garbage-first heap   total 324608K, used 232053K [0x0000000080000000, 0x0000000100000000)
  region size 1024K, 4 young (4096K), 4 survivors (4096K)
 Metaspace       used 161037K, committed 162944K, reserved 1245184K
  class space    used 22669K, committed 23616K, reserved 1048576K
}
Event: 1534.922 GC heap before
{Heap before GC invocations=96 (full 0):
 garbage-first heap   total 324608K, used 279157K [0x0000000080000000, 0x0000000100000000)
  region size 1024K, 51 young (52224K), 4 survivors (4096K)
 Metaspace       used 163395K, committed 165376K, reserved 1245184K
  class space    used 22950K, committed 23936K, reserved 1048576K
}
Event: 1534.926 GC heap after
{Heap after GC invocations=97 (full 0):
 garbage-first heap   total 324608K, used 234765K [0x0000000080000000, 0x0000000100000000)
  region size 1024K, 7 young (7168K), 7 survivors (7168K)
 Metaspace       used 163395K, committed 165376K, reserved 1245184K
  class space    used 22950K, committed 23936K, reserved 1048576K
}
Event: 1540.627 GC heap before
{Heap before GC invocations=97 (full 0):
 garbage-first heap   total 324608K, used 280845K [0x0000000080000000, 0x0000000100000000)
  region size 1024K, 52 young (53248K), 7 survivors (7168K)
 Metaspace       used 163975K, committed 166016K, reserved 1245184K
  class space    used 23026K, committed 24064K, reserved 1048576K
}
Event: 1540.631 GC heap after
{Heap after GC invocations=98 (full 0):
 garbage-first heap   total 324608K, used 237967K [0x0000000080000000, 0x0000000100000000)
  region size 1024K, 7 young (7168K), 7 survivors (7168K)
 Metaspace       used 163975K, committed 166016K, reserved 1245184K
  class space    used 23026K, committed 24064K, reserved 1048576K
}
Event: 1540.904 GC heap before
{Heap before GC invocations=98 (full 0):
 garbage-first heap   total 324608K, used 279951K [0x0000000080000000, 0x0000000100000000)
  region size 1024K, 48 young (49152K), 7 survivors (7168K)
 Metaspace       used 164281K, committed 166400K, reserved 1245184K
  class space    used 23047K, committed 24128K, reserved 1048576K
}
Event: 1540.910 GC heap after
{Heap after GC invocations=99 (full 0):
 garbage-first heap   total 324608K, used 243148K [0x0000000080000000, 0x0000000100000000)
  region size 1024K, 6 young (6144K), 6 survivors (6144K)
 Metaspace       used 164281K, committed 166400K, reserved 1245184K
  class space    used 23047K, committed 24128K, reserved 1048576K
}
Event: 1541.168 GC heap before
{Heap before GC invocations=99 (full 0):
 garbage-first heap   total 324608K, used 278988K [0x0000000080000000, 0x0000000100000000)
  region size 1024K, 42 young (43008K), 6 survivors (6144K)
 Metaspace       used 164463K, committed 166528K, reserved 1245184K
  class space    used 23052K, committed 24128K, reserved 1048576K
}
Event: 1541.173 GC heap after
{Heap after GC invocations=100 (full 0):
 garbage-first heap   total 324608K, used 245064K [0x0000000080000000, 0x0000000100000000)
  region size 1024K, 2 young (2048K), 2 survivors (2048K)
 Metaspace       used 164463K, committed 166528K, reserved 1245184K
  class space    used 23052K, committed 24128K, reserved 1048576K
}
Event: 1541.823 GC heap before
{Heap before GC invocations=100 (full 0):
 garbage-first heap   total 324608K, used 280904K [0x0000000080000000, 0x0000000100000000)
  region size 1024K, 38 young (38912K), 2 survivors (2048K)
 Metaspace       used 164505K, committed 166592K, reserved 1245184K
  class space    used 23053K, committed 24128K, reserved 1048576K
}
Event: 1541.827 GC heap after
{Heap after GC invocations=101 (full 0):
 garbage-first heap   total 324608K, used 250858K [0x0000000080000000, 0x0000000100000000)
  region size 1024K, 5 young (5120K), 5 survivors (5120K)
 Metaspace       used 164505K, committed 166592K, reserved 1245184K
  class space    used 23053K, committed 24128K, reserved 1048576K
}
Event: 1541.893 GC heap before
{Heap before GC invocations=101 (full 0):
 garbage-first heap   total 324608K, used 281578K [0x0000000080000000, 0x0000000100000000)
  region size 1024K, 34 young (34816K), 5 survivors (5120K)
 Metaspace       used 164570K, committed 166720K, reserved 1245184K
  class space    used 23054K, committed 24128K, reserved 1048576K
}
Event: 1541.898 GC heap after
{Heap after GC invocations=102 (full 0):
 garbage-first heap   total 324608K, used 257456K [0x0000000080000000, 0x0000000100000000)
  region size 1024K, 5 young (5120K), 5 survivors (5120K)
 Metaspace       used 164570K, committed 166720K, reserved 1245184K
  class space    used 23054K, committed 24128K, reserved 1048576K
}
Event: 1541.919 GC heap before
{Heap before GC invocations=102 (full 0):
 garbage-first heap   total 324608K, used 277936K [0x0000000080000000, 0x0000000100000000)
  region size 1024K, 26 young (26624K), 5 survivors (5120K)
 Metaspace       used 164710K, committed 166848K, reserved 1245184K
  class space    used 23054K, committed 24128K, reserved 1048576K
}
Event: 1541.922 GC heap after
{Heap after GC invocations=103 (full 0):
 garbage-first heap   total 324608K, used 262593K [0x0000000080000000, 0x0000000100000000)
  region size 1024K, 4 young (4096K), 4 survivors (4096K)
 Metaspace       used 164710K, committed 166848K, reserved 1245184K
  class space    used 23054K, committed 24128K, reserved 1048576K
}
Event: 1541.940 GC heap before
{Heap before GC invocations=103 (full 0):
 garbage-first heap   total 324608K, used 280001K [0x0000000080000000, 0x0000000100000000)
  region size 1024K, 21 young (21504K), 4 survivors (4096K)
 Metaspace       used 164711K, committed 166848K, reserved 1245184K
  class space    used 23054K, committed 24128K, reserved 1048576K
}
Event: 1541.943 GC heap after
{Heap after GC invocations=104 (full 0):
 garbage-first heap   total 324608K, used 265713K [0x0000000080000000, 0x0000000100000000)
  region size 1024K, 3 young (3072K), 3 survivors (3072K)
 Metaspace       used 164711K, committed 166848K, reserved 1245184K
  class space    used 23054K, committed 24128K, reserved 1048576K
}
Event: 1541.959 GC heap before
{Heap before GC invocations=104 (full 0):
 garbage-first heap   total 324608K, used 282097K [0x0000000080000000, 0x0000000100000000)
  region size 1024K, 19 young (19456K), 3 survivors (3072K)
 Metaspace       used 164711K, committed 166848K, reserved 1245184K
  class space    used 23054K, committed 24128K, reserved 1048576K
}
Event: 1541.964 GC heap after
{Heap after GC invocations=105 (full 0):
 garbage-first heap   total 324608K, used 267942K [0x0000000080000000, 0x0000000100000000)
  region size 1024K, 3 young (3072K), 3 survivors (3072K)
 Metaspace       used 164711K, committed 166848K, reserved 1245184K
  class space    used 23054K, committed 24128K, reserved 1048576K
}
Event: 1541.988 GC heap before
{Heap before GC invocations=105 (full 0):
 garbage-first heap   total 324608K, used 282278K [0x0000000080000000, 0x0000000100000000)
  region size 1024K, 17 young (17408K), 3 survivors (3072K)
 Metaspace       used 164712K, committed 166848K, reserved 1245184K
  class space    used 23054K, committed 24128K, reserved 1048576K
}

Dll operation events (15 events):
Event: 0.006 Loaded shared library C:\Users\16696\.jdks\ms-17.0.19\bin\java.dll
Event: 0.018 Loaded shared library C:\Users\16696\.jdks\ms-17.0.19\bin\jsvml.dll
Event: 0.044 Loaded shared library C:\Users\16696\.jdks\ms-17.0.19\bin\zip.dll
Event: 0.046 Loaded shared library C:\Users\16696\.jdks\ms-17.0.19\bin\instrument.dll
Event: 0.049 Loaded shared library C:\Users\16696\.jdks\ms-17.0.19\bin\net.dll
Event: 0.050 Loaded shared library C:\Users\16696\.jdks\ms-17.0.19\bin\nio.dll
Event: 0.052 Loaded shared library C:\Users\16696\.jdks\ms-17.0.19\bin\zip.dll
Event: 0.118 Loaded shared library C:\Users\16696\.jdks\ms-17.0.19\bin\jimage.dll
Event: 0.216 Loaded shared library C:\Users\16696\.jdks\ms-17.0.19\bin\verify.dll
Event: 0.234 Loaded shared library C:\Users\16696\.gradle\native\660c5614fbf4a5f2a75b1949f50a0caf5cd603558e7d8a26e50b933a0cfb79d1\windows-amd64\native-platform.dll
Event: 0.241 Loaded shared library C:\Users\16696\.gradle\native\0.2.8\x86_64-windows-gnu\gradle-fileevents.dll
Event: 0.646 Loaded shared library C:\Users\16696\.jdks\ms-17.0.19\bin\management.dll
Event: 0.648 Loaded shared library C:\Users\16696\.jdks\ms-17.0.19\bin\management_ext.dll
Event: 0.809 Loaded shared library C:\Users\16696\.jdks\ms-17.0.19\bin\extnet.dll
Event: 0.928 Loaded shared library C:\Users\16696\.jdks\ms-17.0.19\bin\sunmscapi.dll

Deoptimization events (20 events):
Event: 1541.952 Thread 0x000002c35c745250 DEOPT PACKING pc=0x000002c372fd711b sp=0x000000f6bb5fbe20
Event: 1541.952 Thread 0x000002c35c745250 DEOPT UNPACKING pc=0x000002c3784e7143 sp=0x000000f6bb5fb2c8 mode 0
Event: 1541.957 Thread 0x000002c35cf8ddc0 DEOPT PACKING pc=0x000002c373062747 sp=0x000000f6bb4fc3a0
Event: 1541.957 Thread 0x000002c35cf8ddc0 DEOPT UNPACKING pc=0x000002c3784e7143 sp=0x000000f6bb4fb868 mode 0
Event: 1541.957 Thread 0x000002c35cf8ddc0 DEOPT PACKING pc=0x000002c372ee6cff sp=0x000000f6bb4fc130
Event: 1541.957 Thread 0x000002c35cf8ddc0 DEOPT UNPACKING pc=0x000002c3784e7143 sp=0x000000f6bb4fb618 mode 0
Event: 1541.958 Thread 0x000002c35cf8ddc0 DEOPT PACKING pc=0x000002c3729f6375 sp=0x000000f6bb4fc0d0
Event: 1541.958 Thread 0x000002c35cf8ddc0 DEOPT UNPACKING pc=0x000002c3784e7143 sp=0x000000f6bb4fb5c0 mode 0
Event: 1541.968 Thread 0x000002c354776700 Uncommon trap: trap_request=0xffffffde fr.pc=0x000002c3796b1da8 relative=0x0000000000000088
Event: 1541.968 Thread 0x000002c354776700 Uncommon trap: reason=class_check action=maybe_recompile pc=0x000002c3796b1da8 method=java.security.MessageDigest$Delegate.engineDigest([BII)I @ 7 c2
Event: 1541.968 Thread 0x000002c354776700 DEOPT PACKING pc=0x000002c3796b1da8 sp=0x000000f6badfcbf0
Event: 1541.968 Thread 0x000002c354776700 DEOPT UNPACKING pc=0x000002c3784e69a3 sp=0x000000f6badfcb08 mode 2
Event: 1541.975 Thread 0x000002c35c745250 DEOPT PACKING pc=0x000002c3730ad080 sp=0x000000f6bb5fc780
Event: 1541.975 Thread 0x000002c35c745250 DEOPT UNPACKING pc=0x000002c3784e7143 sp=0x000000f6bb5fc050 mode 0
Event: 1541.975 Thread 0x000002c354acad50 DEOPT PACKING pc=0x000002c3729f6375 sp=0x000000f6bb7fce00
Event: 1541.975 Thread 0x000002c354acad50 DEOPT UNPACKING pc=0x000002c3784e7143 sp=0x000000f6bb7fc2f0 mode 0
Event: 1541.982 Thread 0x000002c354acad50 Uncommon trap: trap_request=0xffffffde fr.pc=0x000002c3796b1da8 relative=0x0000000000000088
Event: 1541.982 Thread 0x000002c354acad50 Uncommon trap: reason=class_check action=maybe_recompile pc=0x000002c3796b1da8 method=java.security.MessageDigest$Delegate.engineDigest([BII)I @ 7 c2
Event: 1541.982 Thread 0x000002c354acad50 DEOPT PACKING pc=0x000002c3796b1da8 sp=0x000000f6bb7fcc70
Event: 1541.982 Thread 0x000002c354acad50 DEOPT UNPACKING pc=0x000002c3784e69a3 sp=0x000000f6bb7fcb88 mode 2

Classes loaded (20 events):
Event: 1533.951 Loading class sun/net/spi/DefaultProxySelector$1
Event: 1533.952 Loading class sun/net/spi/DefaultProxySelector$1 done
Event: 1533.984 Loading class java/net/NoRouteToHostException
Event: 1533.984 Loading class java/net/NoRouteToHostException done
Event: 1534.025 Loading class sun/net/spi/DefaultProxySelector$NonProxyInfo
Event: 1534.025 Loading class sun/net/spi/DefaultProxySelector$NonProxyInfo done
Event: 1534.025 Loading class sun/net/spi/DefaultProxySelector$3
Event: 1534.025 Loading class sun/net/spi/DefaultProxySelector$3 done
Event: 1534.050 Loading class java/net/InetAddress$NameServiceAddresses
Event: 1534.050 Loading class java/net/InetAddress$Addresses
Event: 1534.050 Loading class java/net/InetAddress$Addresses done
Event: 1534.050 Loading class java/net/InetAddress$NameServiceAddresses done
Event: 1534.073 Loading class sun/net/InetAddressCachePolicy
Event: 1534.073 Loading class sun/net/InetAddressCachePolicy done
Event: 1534.074 Loading class sun/net/InetAddressCachePolicy$1
Event: 1534.074 Loading class sun/net/InetAddressCachePolicy$1 done
Event: 1534.074 Loading class sun/net/InetAddressCachePolicy$2
Event: 1534.074 Loading class sun/net/InetAddressCachePolicy$2 done
Event: 1534.074 Loading class java/net/InetAddress$CachedAddresses
Event: 1534.074 Loading class java/net/InetAddress$CachedAddresses done

Classes unloaded (0 events):
No events

Classes redefined (0 events):
No events

Internal exceptions (20 events):
Event: 1541.881 Thread 0x000002c35d3149d0 Exception <a 'sun/nio/fs/WindowsException'{0x0000000092c71d90}> (0x0000000092c71d90) 
thrown [s\src\hotspot\share\prims\jni.cpp, line 516]
Event: 1541.881 Thread 0x000002c35d3149d0 Exception <a 'sun/nio/fs/WindowsException'{0x0000000092c73f98}> (0x0000000092c73f98) 
thrown [s\src\hotspot\share\prims\jni.cpp, line 516]
Event: 1541.881 Thread 0x000002c35d3149d0 Exception <a 'sun/nio/fs/WindowsException'{0x0000000092c75258}> (0x0000000092c75258) 
thrown [s\src\hotspot\share\prims\jni.cpp, line 516]
Event: 1541.882 Thread 0x000002c35d3149d0 Exception <a 'sun/nio/fs/WindowsException'{0x0000000092c77460}> (0x0000000092c77460) 
thrown [s\src\hotspot\share\prims\jni.cpp, line 516]
Event: 1541.882 Thread 0x000002c35d3149d0 Exception <a 'sun/nio/fs/WindowsException'{0x0000000092c78720}> (0x0000000092c78720) 
thrown [s\src\hotspot\share\prims\jni.cpp, line 516]
Event: 1541.883 Thread 0x000002c35d3149d0 Exception <a 'sun/nio/fs/WindowsException'{0x0000000092b243b8}> (0x0000000092b243b8) 
thrown [s\src\hotspot\share\prims\jni.cpp, line 516]
Event: 1541.883 Thread 0x000002c35d3149d0 Exception <a 'sun/nio/fs/WindowsException'{0x0000000092b25678}> (0x0000000092b25678) 
thrown [s\src\hotspot\share\prims\jni.cpp, line 516]
Event: 1541.887 Thread 0x000002c35d3149d0 Exception <a 'sun/nio/fs/WindowsException'{0x00000000927c1320}> (0x00000000927c1320) 
thrown [s\src\hotspot\share\prims\jni.cpp, line 516]
Event: 1541.887 Thread 0x000002c35d3149d0 Exception <a 'sun/nio/fs/WindowsException'{0x00000000927c25f0}> (0x00000000927c25f0) 
thrown [s\src\hotspot\share\prims\jni.cpp, line 516]
Event: 1541.888 Thread 0x000002c35d3149d0 Exception <a 'sun/nio/fs/WindowsException'{0x00000000927c4808}> (0x00000000927c4808) 
thrown [s\src\hotspot\share\prims\jni.cpp, line 516]
Event: 1541.888 Thread 0x000002c35d3149d0 Exception <a 'sun/nio/fs/WindowsException'{0x00000000927c5ad8}> (0x00000000927c5ad8) 
thrown [s\src\hotspot\share\prims\jni.cpp, line 516]
Event: 1541.888 Thread 0x000002c35d3149d0 Exception <a 'sun/nio/fs/WindowsException'{0x00000000927c7cf0}> (0x00000000927c7cf0) 
thrown [s\src\hotspot\share\prims\jni.cpp, line 516]
Event: 1541.888 Thread 0x000002c35d3149d0 Exception <a 'sun/nio/fs/WindowsException'{0x00000000927c8fc0}> (0x00000000927c8fc0) 
thrown [s\src\hotspot\share\prims\jni.cpp, line 516]
Event: 1541.889 Thread 0x000002c35d3149d0 Exception <a 'sun/nio/fs/WindowsException'{0x00000000927cb1d8}> (0x00000000927cb1d8) 
thrown [s\src\hotspot\share\prims\jni.cpp, line 516]
Event: 1541.890 Thread 0x000002c35d3149d0 Exception <a 'sun/nio/fs/WindowsException'{0x00000000927cc4a8}> (0x00000000927cc4a8) 
thrown [s\src\hotspot\share\prims\jni.cpp, line 516]
Event: 1541.891 Thread 0x000002c35d3149d0 Exception <a 'sun/nio/fs/WindowsException'{0x00000000927ce6c0}> (0x00000000927ce6c0) 
thrown [s\src\hotspot\share\prims\jni.cpp, line 516]
Event: 1541.892 Thread 0x000002c35d3149d0 Exception <a 'sun/nio/fs/WindowsException'{0x00000000927cf990}> (0x00000000927cf990) 
thrown [s\src\hotspot\share\prims\jni.cpp, line 516]
Event: 1541.969 Thread 0x000002c354776700 Exception <a 'sun/nio/fs/WindowsException'{0x000000009384c600}> (0x000000009384c600) 
thrown [s\src\hotspot\share\prims\jni.cpp, line 516]
Event: 1541.970 Thread 0x000002c354776700 Exception <a 'sun/nio/fs/WindowsException'{0x000000009366b8e8}> (0x000000009366b8e8) 
thrown [s\src\hotspot\share\prims\jni.cpp, line 516]
Event: 1541.970 Thread 0x000002c354776700 Exception <a 'sun/nio/fs/WindowsException'{0x000000009366c2e0}> (0x000000009366c2e0) 
thrown [s\src\hotspot\share\prims\jni.cpp, line 516]

VM Operations (20 events):
Event: 1540.631 Executing VM operation: G1CollectForAllocation done
Event: 1540.830 Executing VM operation: ICBufferFull
Event: 1540.830 Executing VM operation: ICBufferFull done
Event: 1540.904 Executing VM operation: G1CollectForAllocation
Event: 1540.910 Executing VM operation: G1CollectForAllocation done
Event: 1541.127 Executing VM operation: ICBufferFull
Event: 1541.127 Executing VM operation: ICBufferFull done
Event: 1541.168 Executing VM operation: G1CollectForAllocation
Event: 1541.173 Executing VM operation: G1CollectForAllocation done
Event: 1541.823 Executing VM operation: G1CollectForAllocation
Event: 1541.827 Executing VM operation: G1CollectForAllocation done
Event: 1541.893 Executing VM operation: G1CollectForAllocation
Event: 1541.898 Executing VM operation: G1CollectForAllocation done
Event: 1541.919 Executing VM operation: G1CollectForAllocation
Event: 1541.922 Executing VM operation: G1CollectForAllocation done
Event: 1541.940 Executing VM operation: G1CollectForAllocation
Event: 1541.943 Executing VM operation: G1CollectForAllocation done
Event: 1541.959 Executing VM operation: G1CollectForAllocation
Event: 1541.965 Executing VM operation: G1CollectForAllocation done
Event: 1541.987 Executing VM operation: G1CollectForAllocation

Memory protections (0 events):
No events

Nmethod flushes (20 events):
Event: 1532.706 Thread 0x000002c307bf1090 flushing  nmethod 0x000002c373336690
Event: 1532.706 Thread 0x000002c307bf1090 flushing  nmethod 0x000002c37333cd10
Event: 1532.706 Thread 0x000002c307bf1090 flushing  nmethod 0x000002c37333d210
Event: 1532.706 Thread 0x000002c307bf1090 flushing  nmethod 0x000002c37333e890
Event: 1532.706 Thread 0x000002c307bf1090 flushing  nmethod 0x000002c37333f010
Event: 1532.706 Thread 0x000002c307bf1090 flushing  nmethod 0x000002c373352a90
Event: 1532.706 Thread 0x000002c307bf1090 flushing  nmethod 0x000002c373361510
Event: 1532.706 Thread 0x000002c307bf1090 flushing  nmethod 0x000002c373363b90
Event: 1532.706 Thread 0x000002c307bf1090 flushing  nmethod 0x000002c373364a10
Event: 1532.706 Thread 0x000002c307bf1090 flushing  nmethod 0x000002c37336ee10
Event: 1532.706 Thread 0x000002c307bf1090 flushing  nmethod 0x000002c37336f390
Event: 1532.706 Thread 0x000002c307bf1090 flushing  nmethod 0x000002c373385f10
Event: 1532.706 Thread 0x000002c307bf1090 flushing  nmethod 0x000002c373392a90
Event: 1532.706 Thread 0x000002c307bf1090 flushing  nmethod 0x000002c373395f10
Event: 1540.499 Thread 0x000002c307bf1090 flushing  nmethod 0x000002c371010690
Event: 1540.503 Thread 0x000002c307bf1090 flushing  nmethod 0x000002c3716dcd10
Event: 1540.504 Thread 0x000002c307bf1090 flushing  nmethod 0x000002c371992990
Event: 1540.509 Thread 0x000002c307bf1090 flushing  nmethod 0x000002c372265c90
Event: 1540.509 Thread 0x000002c307bf1090 flushing  nmethod 0x000002c372390810
Event: 1540.520 Thread 0x000002c307bf1090 flushing  nmethod 0x000002c373393c10

Events (20 events):
Event: 1540.833 Thread 0x000002c354775ce0 Thread added: 0x000002c35d3149d0
Event: 1540.833 Thread 0x000002c354775ce0 Thread added: 0x000002c35d316830
Event: 1540.833 Thread 0x000002c354775ce0 Thread added: 0x000002c35d314ee0
Event: 1540.834 Thread 0x000002c3517ba4a0 Thread added: 0x000002c3547761f0
Event: 1541.150 Thread 0x000002c35d3149d0 Thread added: 0x000002c3560393c0
Event: 1541.211 Thread 0x000002c35d3149d0 Thread added: 0x000002c354776700
Event: 1541.220 Thread 0x000002c3560393c0 Thread added: 0x000002c35cf8c980
Event: 1541.223 Thread 0x000002c3560393c0 Thread added: 0x000002c35cf8b030
Event: 1541.223 Thread 0x000002c3560393c0 Thread added: 0x000002c35cf8b540
Event: 1541.348 Thread 0x000002c35056b5c0 Thread exited: 0x000002c35056b5c0
Event: 1541.768 Thread 0x000002c307bf0780 Thread added: 0x000002c3559c8d00
Event: 1541.867 Thread 0x000002c35d3149d0 Thread added: 0x000002c35cf8d8b0
Event: 1541.868 Thread 0x000002c35d3149d0 Thread added: 0x000002c35cf8c470
Event: 1541.868 Thread 0x000002c35d3149d0 Thread added: 0x000002c35cf8ce90
Event: 1541.868 Thread 0x000002c35d3149d0 Thread added: 0x000002c35cf8ddc0
Event: 1541.868 Thread 0x000002c35d3149d0 Thread added: 0x000002c35c745250
Event: 1541.869 Thread 0x000002c35d3149d0 Thread added: 0x000002c354aca840
Event: 1541.869 Thread 0x000002c35d3149d0 Thread added: 0x000002c354acad50
Event: 1541.870 Thread 0x000002c35d3149d0 Thread added: 0x000002c354acc190
Event: 1541.892 Thread 0x000002c35d3149d0 Thread added: 0x000002c35d93e1c0


Dynamic libraries:
0x00007ff76e8a0000 - 0x00007ff76e8ae000 	C:\Users\16696\.jdks\ms-17.0.19\bin\java.exe
0x00007ff880020000 - 0x00007ff880286000 	C:\Windows\SYSTEM32\ntdll.dll
0x00007ff87e450000 - 0x00007ff87e519000 	C:\Windows\System32\KERNEL32.DLL
0x00007ff87d960000 - 0x00007ff87dd5a000 	C:\Windows\System32\KERNELBASE.dll
0x00007ff87d620000 - 0x00007ff87d76c000 	C:\Windows\System32\ucrtbase.dll
0x00007ff86de50000 - 0x00007ff86de6e000 	C:\Users\16696\.jdks\ms-17.0.19\bin\VCRUNTIME140.dll
0x00007ff86de00000 - 0x00007ff86de18000 	C:\Users\16696\.jdks\ms-17.0.19\bin\jli.dll
0x00007ff87fa80000 - 0x00007ff87fc47000 	C:\Windows\System32\USER32.dll
0x00007ff87dd60000 - 0x00007ff87dd87000 	C:\Windows\System32\win32u.dll
0x00007ff87c3b0000 - 0x00007ff87c642000 	C:\Windows\WinSxS\amd64_microsoft.windows.common-controls_6595b64144ccf1df_6.0.26100.8521_none_3e08b75ce33403b3\COMCTL32.dll
0x00007ff87fa30000 - 0x00007ff87fa5b000 	C:\Windows\System32\GDI32.dll
0x00007ff87d830000 - 0x00007ff87d95b000 	C:\Windows\System32\gdi32full.dll
0x00007ff87e5f0000 - 0x00007ff87e699000 	C:\Windows\System32\msvcrt.dll
0x00007ff87d2b0000 - 0x00007ff87d353000 	C:\Windows\System32\msvcp_win.dll
0x00007ff87dea0000 - 0x00007ff87ded2000 	C:\Windows\System32\IMM32.DLL
0x00007ff8727d0000 - 0x00007ff8727dc000 	C:\Users\16696\.jdks\ms-17.0.19\bin\vcruntime140_1.dll
0x00007ff845a80000 - 0x00007ff845b09000 	C:\Users\16696\.jdks\ms-17.0.19\bin\msvcp140.dll
0x00007fff99630000 - 0x00007fff9a2ab000 	C:\Users\16696\.jdks\ms-17.0.19\bin\server\jvm.dll
0x00007ff87ed10000 - 0x00007ff87edc6000 	C:\Windows\System32\ADVAPI32.dll
0x00007ff87e1e0000 - 0x00007ff87e28a000 	C:\Windows\System32\sechost.dll
0x00007ff87f8a0000 - 0x00007ff87f9b8000 	C:\Windows\System32\RPCRT4.dll
0x00007ff87de10000 - 0x00007ff87de90000 	C:\Windows\System32\WS2_32.dll
0x00007ff87d110000 - 0x00007ff87d16e000 	C:\Windows\SYSTEM32\POWRPROF.dll
0x00007ff875340000 - 0x00007ff87534b000 	C:\Windows\SYSTEM32\VERSION.dll
0x00007ff875350000 - 0x00007ff875386000 	C:\Windows\SYSTEM32\WINMM.dll
0x00007ff87d0f0000 - 0x00007ff87d104000 	C:\Windows\SYSTEM32\UMPDC.dll
0x00007ff87b6d0000 - 0x00007ff87b6eb000 	C:\Windows\SYSTEM32\kernel.appcore.dll
0x00007ff86df20000 - 0x00007ff86df2a000 	C:\Users\16696\.jdks\ms-17.0.19\bin\jimage.dll
0x00007ff87ca80000 - 0x00007ff87ccc2000 	C:\Windows\SYSTEM32\DBGHELP.DLL
0x00007ff87fc50000 - 0x00007ff87ffd3000 	C:\Windows\System32\combase.dll
0x00007ff87f760000 - 0x00007ff87f839000 	C:\Windows\System32\OLEAUT32.dll
0x00007ff87c950000 - 0x00007ff87c98b000 	C:\Windows\SYSTEM32\dbgcore.DLL
0x00007ff87d360000 - 0x00007ff87d408000 	C:\Windows\System32\bcryptPrimitives.dll
0x00007ff86de40000 - 0x00007ff86de4f000 	C:\Users\16696\.jdks\ms-17.0.19\bin\instrument.dll
0x00007ff86d460000 - 0x00007ff86d486000 	C:\Users\16696\.jdks\ms-17.0.19\bin\java.dll
0x00007ff83d0c0000 - 0x00007ff83d196000 	C:\Users\16696\.jdks\ms-17.0.19\bin\jsvml.dll
0x00007ff87ee60000 - 0x00007ff87f5e4000 	C:\Windows\System32\SHELL32.dll
0x00007ff87a390000 - 0x00007ff87ac10000 	C:\Windows\SYSTEM32\windows.storage.dll
0x00007ff87e350000 - 0x00007ff87e446000 	C:\Windows\System32\SHCORE.dll
0x00007ff87f9c0000 - 0x00007ff87fa27000 	C:\Windows\System32\shlwapi.dll
0x00007ff87d1d0000 - 0x00007ff87d1f9000 	C:\Windows\SYSTEM32\profapi.dll
0x00007ff86d930000 - 0x00007ff86d948000 	C:\Users\16696\.jdks\ms-17.0.19\bin\zip.dll
0x00007ff86d060000 - 0x00007ff86d07b000 	C:\Users\16696\.jdks\ms-17.0.19\bin\net.dll
0x00007ff874b00000 - 0x00007ff874c29000 	C:\Windows\SYSTEM32\WINHTTP.dll
0x00007ff87bbf0000 - 0x00007ff87bc5c000 	C:\Windows\system32\mswsock.dll
0x00007ff86ce40000 - 0x00007ff86ce56000 	C:\Users\16696\.jdks\ms-17.0.19\bin\nio.dll
0x00007ff86ddd0000 - 0x00007ff86dde0000 	C:\Users\16696\.jdks\ms-17.0.19\bin\verify.dll
0x00007fffe4c80000 - 0x00007fffe4ca7000 	C:\Users\16696\.gradle\native\660c5614fbf4a5f2a75b1949f50a0caf5cd603558e7d8a26e50b933a0cfb79d1\windows-amd64\native-platform.dll
0x00007ff839180000 - 0x00007ff8391f7000 	C:\Users\16696\.gradle\native\0.2.8\x86_64-windows-gnu\gradle-fileevents.dll
0x00007ff86ce30000 - 0x00007ff86ce3a000 	C:\Users\16696\.jdks\ms-17.0.19\bin\management.dll
0x00007ff86ce20000 - 0x00007ff86ce2c000 	C:\Users\16696\.jdks\ms-17.0.19\bin\management_ext.dll
0x00007ff87fa70000 - 0x00007ff87fa78000 	C:\Windows\System32\PSAPI.DLL
0x00007ff87b0f0000 - 0x00007ff87b123000 	C:\Windows\SYSTEM32\IPHLPAPI.DLL
0x00007ff87fa60000 - 0x00007ff87fa6a000 	C:\Windows\System32\NSI.dll
0x00007ff875390000 - 0x00007ff8753ad000 	C:\Windows\SYSTEM32\dhcpcsvc6.DLL
0x00007ff874450000 - 0x00007ff874475000 	C:\Windows\SYSTEM32\dhcpcsvc.DLL
0x00007ff87b180000 - 0x00007ff87b2ca000 	C:\Windows\SYSTEM32\DNSAPI.dll
0x00007ff87ba10000 - 0x00007ff87ba1d000 	C:\Windows\SYSTEM32\DSPARSE.dll
0x00007ff86ce10000 - 0x00007ff86ce19000 	C:\Users\16696\.jdks\ms-17.0.19\bin\extnet.dll
0x00007ff87cdd0000 - 0x00007ff87cdeb000 	C:\Windows\SYSTEM32\CRYPTSP.dll
0x00007ff87be90000 - 0x00007ff87bec9000 	C:\Windows\system32\rsaenh.dll
0x00007ff87bc60000 - 0x00007ff87bc93000 	C:\Windows\SYSTEM32\USERENV.dll
0x00007ff87d1a0000 - 0x00007ff87d1ca000 	C:\Windows\SYSTEM32\bcrypt.dll
0x00007ff87be80000 - 0x00007ff87be8c000 	C:\Windows\SYSTEM32\CRYPTBASE.dll
0x00007ff86ce00000 - 0x00007ff86ce0e000 	C:\Users\16696\.jdks\ms-17.0.19\bin\sunmscapi.dll
0x00007ff87d410000 - 0x00007ff87d588000 	C:\Windows\System32\CRYPT32.dll
0x00007ff87c370000 - 0x00007ff87c3a0000 	C:\Windows\SYSTEM32\ncrypt.dll
0x00007ff87c320000 - 0x00007ff87c35f000 	C:\Windows\SYSTEM32\NTASN1.dll
0x00007ff865540000 - 0x00007ff865548000 	C:\Windows\system32\wshunix.dll
0x00007ff8752b0000 - 0x00007ff8752bb000 	C:\Windows\System32\rasadhlp.dll

dbghelp: loaded successfully - version: 4.0.5 - missing functions: none
symbol engine: initialized successfully - sym options: 0x614 - pdb path: .;C:\Users\16696\.jdks\ms-17.0.19\bin;C:\Windows\SYSTEM32;C:\Windows\WinSxS\amd64_microsoft.windows.common-controls_6595b64144ccf1df_6.0.26100.8521_none_3e08b75ce33403b3;C:\Users\16696\.jdks\ms-17.0.19\bin\server;C:\Users\16696\.gradle\native\660c5614fbf4a5f2a75b1949f50a0caf5cd603558e7d8a26e50b933a0cfb79d1\windows-amd64;C:\Users\16696\.gradle\native\0.2.8\x86_64-windows-gnu

VM Arguments:
jvm_args: --add-opens=java.base/java.lang=ALL-UNNAMED --add-opens=java.base/java.lang.invoke=ALL-UNNAMED --add-opens=java.base/java.util=ALL-UNNAMED --add-opens=java.prefs/java.util.prefs=ALL-UNNAMED --add-exports=jdk.compiler/com.sun.tools.javac.api=ALL-UNNAMED --add-exports=jdk.compiler/com.sun.tools.javac.util=ALL-UNNAMED --add-opens=java.base/java.util=ALL-UNNAMED --add-opens=java.prefs/java.util.prefs=ALL-UNNAMED --add-opens=java.base/java.nio.charset=ALL-UNNAMED --add-opens=java.base/java.net=ALL-UNNAMED --add-opens=java.base/java.util.concurrent=ALL-UNNAMED --add-opens=java.base/java.util.concurrent.atomic=ALL-UNNAMED --add-opens=java.xml/javax.xml.namespace=ALL-UNNAMED --add-opens=java.base/java.time=ALL-UNNAMED -Xmx2048m -Dfile.encoding=UTF-8 -Duser.country=CN -Duser.language=zh -Duser.variant -javaagent:C:\Users\16696\.gradle\wrapper\dists\gradle-9.4.1-bin\arn2x92ynaizyzdaamcbpbhtj\gradle-9.4.1\lib\agents\gradle-instrumentation-agent-9.4.1.jar 
java_command: org.gradle.launcher.daemon.bootstrap.GradleDaemon 9.4.1
java_class_path (initial): C:\Users\16696\.gradle\wrapper\dists\gradle-9.4.1-bin\arn2x92ynaizyzdaamcbpbhtj\gradle-9.4.1\lib\gradle-daemon-main-9.4.1.jar
Launcher Type: SUN_STANDARD

[Global flags]
     intx CICompilerCount                          = 4                                         {product} {ergonomic}
     uint ConcGCThreads                            = 2                                         {product} {ergonomic}
     uint G1ConcRefinementThreads                  = 9                                         {product} {ergonomic}
   size_t G1HeapRegionSize                         = 1048576                                   {product} {ergonomic}
    uintx GCDrainStackTargetSize                   = 64                                        {product} {ergonomic}
   size_t InitialHeapSize                          = 260046848                                 {product} {ergonomic}
   size_t MarkStackSize                            = 4194304                                   {product} {ergonomic}
   size_t MaxHeapSize                              = 2147483648                                {product} {command line}
   size_t MaxNewSize                               = 1287651328                                {product} {ergonomic}
   size_t MinHeapDeltaBytes                        = 1048576                                   {product} {ergonomic}
   size_t MinHeapSize                              = 8388608                                   {product} {ergonomic}
    uintx NonNMethodCodeHeapSize                   = 5839372                                {pd product} {ergonomic}
    uintx NonProfiledCodeHeapSize                  = 122909434                              {pd product} {ergonomic}
    uintx ProfiledCodeHeapSize                     = 122909434                              {pd product} {ergonomic}
    uintx ReservedCodeCacheSize                    = 251658240                              {pd product} {ergonomic}
     bool SegmentedCodeCache                       = true                                      {product} {ergonomic}
   size_t SoftMaxHeapSize                          = 2147483648                             {manageable} {ergonomic}
     bool UseCompressedClassPointers               = true                           {product lp64_product} {ergonomic}
     bool UseCompressedOops                        = true                           {product lp64_product} {ergonomic}
     bool UseG1GC                                  = true                                      {product} {ergonomic}
     bool UseLargePagesIndividualAllocation        = false                                  {pd product} {ergonomic}

Logging:
Log output configuration:
 #0: stdout all=warning uptime,level,tags
 #1: stderr all=off uptime,level,tags

Environment Variables:
PATH=D:\Android\jdk-8.0.492.9-hotspot\bin;C:\Program Files (x86)\VMware\VMware Workstation\bin\;C:\Windows\system32;C:\Windows;C:\Windows\System32\Wbem;C:\Windows\System32\WindowsPowerShell\v1.0\;C:\Windows\System32\OpenSSH\;D:\Git\Git\cmd;D:\Cmake\bin;D:\Windows Kits\10\Windows Performance Toolkit\;C:\Program Files\CMake\bin;C:\Program Files\TortoiseGit\bin;C:\NXP\S32DS.3.5\S32DS\build_tools\gcc-10.2-arm32-eabi\bin;D:\Xshell\;C:\Users\16696\AppData\Local\Programs\Python\Python314\Scripts\;C:\Users\16696\AppData\Local\Programs\Python\Python314\;C:\Users\16696\AppData\Local\Microsoft\WindowsApps;D:\pycharm\PyCharm 2026.1.2\bin;D:\vscode\Microsoft VS Code\bin;D:\Android\Sdk\platform-tools;
USERNAME=16696
OS=Windows_NT
PROCESSOR_IDENTIFIER=Intel64 Family 6 Model 198 Stepping 2, GenuineIntel
TMP=C:\Users\16696\AppData\Local\Temp
TEMP=C:\Users\16696\AppData\Local\Temp



Periodic native trim disabled


---------------  S Y S T E M  ---------------

OS:
 Windows 11 , 64 bit Build 26100 (10.0.26100.8521)
OS uptime: 1 days 20:03 hours
Hyper-V role detected

CPU: total 10 (initial active 10) (10 cores per cpu, 1 threads per core) family 6 model 198 stepping 2 microcode 0x118, cx8, cmov, fxsr, mmx, 3dnowpref, sse, sse2, sse3, ssse3, sse4.1, sse4.2, popcnt, lzcnt, tsc, tscinvbit, avx, avx2, aes, erms, clmul, bmi1, bmi2, adx, sha, fma, vzeroupper, clflush, clflushopt, clwb, hv
Processor Information for processor 0
  Max Mhz: 3300, Current Mhz: 3300, Mhz Limit: 3300
Processor Information for processor 1
  Max Mhz: 3300, Current Mhz: 3300, Mhz Limit: 3300
Processor Information for processor 2
  Max Mhz: 2700, Current Mhz: 2700, Mhz Limit: 2700
Processor Information for processor 3
  Max Mhz: 2700, Current Mhz: 2700, Mhz Limit: 2700
Processor Information for processor 4
  Max Mhz: 2700, Current Mhz: 2700, Mhz Limit: 2700
Processor Information for processor 5
  Max Mhz: 2700, Current Mhz: 2700, Mhz Limit: 2700
Processor Information for processor 6
  Max Mhz: 3300, Current Mhz: 3300, Mhz Limit: 3300
Processor Information for processor 7
  Max Mhz: 3300, Current Mhz: 3300, Mhz Limit: 3300
Processor Information for processor 8
  Max Mhz: 3300, Current Mhz: 3300, Mhz Limit: 3300
Processor Information for processor 9
  Max Mhz: 3300, Current Mhz: 3300, Mhz Limit: 3300

Memory: 4k page, system-wide physical 15751M (1001M free)
TotalPageFile size 54151M (AvailPageFile size 259M)
current process WorkingSet (physical memory assigned to process): 543M, peak: 733M
current process commit charge ("private bytes"): 804M, peak: 1138M

vm_info: OpenJDK 64-Bit Server VM (17.0.19+10-LTS) for windows-amd64 JRE (17.0.19+10-LTS), built on Apr 18 2026 18:24:40 by "MicrosoftCorporation" with MS VC++ 17.14 (VS2022)

END.
