#
# There is insufficient memory for the Java Runtime Environment to continue.
# Native memory allocation (malloc) failed to allocate 1520656 bytes. Error detail: Chunk::new
# Possible reasons:
#   The system is out of physical RAM or swap space
#   This process is running with CompressedOops enabled, and the Java Heap may be blocking the growth of the native heap
# Possible solutions:
#   Reduce memory load on the system
#   Increase physical memory or swap space
#   Check if swap backing store is full
#   Decrease Java heap size (-Xmx/-Xms)
#   Decrease number of Java threads
#   Decrease Java thread stack sizes (-Xss)
#   Set larger code cache with -XX:ReservedCodeCacheSize=
#   JVM is running with Unscaled Compressed Oops mode in which the Java heap is
#     placed in the first 4GB address space. The Java Heap base address is the
#     maximum limit for the native heap growth. Please use -XX:HeapBaseMinAddress
#     to set the Java Heap base and to place the Java Heap above 4GB virtual address.
# This output file may be truncated or incomplete.
#
#  Out of Memory Error (arena.cpp:191), pid=3904, tid=26688
#
# JRE version: OpenJDK Runtime Environment Microsoft-13877129 (17.0.19+10) (build 17.0.19+10-LTS)
# Java VM: OpenJDK 64-Bit Server VM Microsoft-13877129 (17.0.19+10-LTS, mixed mode, sharing, tiered, compressed oops, compressed class ptrs, g1 gc, windows-amd64)
# No core dump will be written. Minidumps are not enabled by default on client versions of Windows
#

---------------  S U M M A R Y ------------

Command Line: --add-opens=java.base/java.lang=ALL-UNNAMED --add-opens=java.base/java.lang.invoke=ALL-UNNAMED --add-opens=java.base/java.util=ALL-UNNAMED --add-opens=java.prefs/java.util.prefs=ALL-UNNAMED --add-exports=jdk.compiler/com.sun.tools.javac.api=ALL-UNNAMED --add-exports=jdk.compiler/com.sun.tools.javac.util=ALL-UNNAMED --add-opens=java.base/java.util=ALL-UNNAMED --add-opens=java.prefs/java.util.prefs=ALL-UNNAMED --add-opens=java.base/java.nio.charset=ALL-UNNAMED --add-opens=java.base/java.net=ALL-UNNAMED --add-opens=java.base/java.util.concurrent=ALL-UNNAMED --add-opens=java.base/java.util.concurrent.atomic=ALL-UNNAMED --add-opens=java.xml/javax.xml.namespace=ALL-UNNAMED --add-opens=java.base/java.time=ALL-UNNAMED -Xmx2048m -Dfile.encoding=UTF-8 -Duser.country=CN -Duser.language=zh -Duser.variant -javaagent:C:\Users\16696\.gradle\wrapper\dists\gradle-9.4.1-bin\arn2x92ynaizyzdaamcbpbhtj\gradle-9.4.1\lib\agents\gradle-instrumentation-agent-9.4.1.jar org.gradle.launcher.daemon.bootstrap.GradleDaemon 9.4.1

Host: Intel(R) Core(TM) Ultra 5 225, 10 cores, 15G,  Windows 11 , 64 bit Build 26100 (10.0.26100.8521)
Time: Thu Jul 16 10:46:23 2026  Windows 11 , 64 bit Build 26100 (10.0.26100.8521) elapsed time: 35.546236 seconds (0d 0h 0m 35s)

---------------  T H R E A D  ---------------

Current thread (0x00000214c710ff00):  JavaThread "C2 CompilerThread1" daemon [_thread_in_native, id=26688, stack(0x000000f1eec00000,0x000000f1eed00000)]


Current CompileTask:
C2:35546 19124 % !   4       java.io.BufferedReader::readLine @ 139 (327 bytes)

Stack: [0x000000f1eec00000,0x000000f1eed00000]
Native frames: (J=compiled Java code, j=interpreted, Vv=VM code, C=native code)
V  [jvm.dll+0x68cc89]  (no source info available)
V  [jvm.dll+0x845d89]  (no source info available)
V  [jvm.dll+0x847af8]  (no source info available)
V  [jvm.dll+0x848183]  (no source info available)
V  [jvm.dll+0x24d0bf]  (no source info available)
V  [jvm.dll+0xaed56]  (no source info available)
V  [jvm.dll+0xaf3fc]  (no source info available)
V  [jvm.dll+0x3718be]  (no source info available)
V  [jvm.dll+0x33baf5]  (no source info available)
V  [jvm.dll+0x33af5a]  (no source info available)
V  [jvm.dll+0x21dfc9]  (no source info available)
V  [jvm.dll+0x21d412]  (no source info available)
V  [jvm.dll+0x1a8db6]  (no source info available)
V  [jvm.dll+0x22dc6b]  (no source info available)
V  [jvm.dll+0x22bdf6]  (no source info available)
V  [jvm.dll+0x7fbecb]  (no source info available)
V  [jvm.dll+0x7f62cc]  (no source info available)
V  [jvm.dll+0x68e227]  (no source info available)
C  [ucrtbase.dll+0x2cd30]  (no source info available)
C  [KERNEL32.DLL+0x2e957]  (no source info available)
C  [ntdll.dll+0x87c1c]  (no source info available)


---------------  P R O C E S S  ---------------

Threads class SMR info:
_java_thread_list=0x00000214c6eb4d60, length=81, elements={
0x00000214e17b6e90, 0x0000021480afff10, 0x0000021480b007e0, 0x0000021480b10a20,
0x0000021480b13300, 0x0000021480b18bf0, 0x0000021480b194c0, 0x0000021480b1e0d0,
0x0000021480b1e9e0, 0x0000021480b1f2f0, 0x0000021480c36df0, 0x0000021480cd9b90,
0x00000214c7f3e970, 0x00000214c825f7f0, 0x00000214c864e010, 0x00000214c7ffa050,
0x00000214c7a760c0, 0x00000214c734b9e0, 0x00000214c848f3f0, 0x00000214c848dfb0,
0x00000214c8490830, 0x00000214c848f900, 0x00000214c848fe10, 0x00000214c848d590,
0x00000214c8490320, 0x00000214c848daa0, 0x00000214c848e4c0, 0x00000214c848d080,
0x00000214c848e9d0, 0x00000214c848eee0, 0x00000214c9350af0, 0x00000214c934f6b0,
0x00000214c934f1a0, 0x00000214c934fbc0, 0x00000214c93505e0, 0x00000214c9351a20,
0x00000214c9351000, 0x00000214c9351f30, 0x00000214c934e780, 0x00000214c93547b0,
0x00000214c93556e0, 0x00000214c93551d0, 0x00000214c9354cc0, 0x00000214c9355bf0,
0x00000214c9352e60, 0x00000214c9353d90, 0x00000214ca061ad0, 0x00000214ca060180,
0x00000214ca061fe0, 0x00000214ca05fc70, 0x00000214ca060690, 0x00000214ca060ba0,
0x00000214ca05e830, 0x00000214ca0624f0, 0x00000214ca05ed40, 0x00000214ca0610b0,
0x00000214ca0615c0, 0x00000214cd3bf9c0, 0x00000214cb830b40, 0x00000214cb82f700,
0x00000214c93b9d40, 0x00000214ca064d70, 0x00000214c8e65d00, 0x00000214cd382fd0,
0x00000214ca065280, 0x00000214cbf77bf0, 0x00000214cbd26ce0, 0x00000214cbf79b30,
0x00000214cd3befa0, 0x00000214c710ff00, 0x00000214c7113ec0, 0x00000214cb831050,
0x00000214c87cbed0, 0x00000214c87c8720, 0x00000214c87caa90, 0x00000214c87cafa0,
0x00000214c87c9650, 0x00000214c87c8c30, 0x00000214c87c9b60, 0x00000214cbf7a550,
0x00000214d2455f70
}

Java Threads: ( => current thread )
  0x00000214e17b6e90 JavaThread "main" [_thread_blocked, id=15232, stack(0x000000f1ef300000,0x000000f1ef400000)]
  0x0000021480afff10 JavaThread "Reference Handler" daemon [_thread_blocked, id=13356, stack(0x000000f1eff00000,0x000000f1f0000000)]
  0x0000021480b007e0 JavaThread "Finalizer" daemon [_thread_blocked, id=26128, stack(0x000000f1f0000000,0x000000f1f0100000)]
  0x0000021480b10a20 JavaThread "Signal Dispatcher" daemon [_thread_blocked, id=13436, stack(0x000000f1f0100000,0x000000f1f0200000)]
  0x0000021480b13300 JavaThread "Attach Listener" daemon [_thread_blocked, id=23348, stack(0x000000f1f0200000,0x000000f1f0300000)]
  0x0000021480b18bf0 JavaThread "Service Thread" daemon [_thread_blocked, id=11908, stack(0x000000f1f0300000,0x000000f1f0400000)]
  0x0000021480b194c0 JavaThread "Monitor Deflation Thread" daemon [_thread_blocked, id=24248, stack(0x000000f1f0400000,0x000000f1f0500000)]
  0x0000021480b1e0d0 JavaThread "C2 CompilerThread0" daemon [_thread_in_native, id=20100, stack(0x000000f1f0500000,0x000000f1f0600000)]
  0x0000021480b1e9e0 JavaThread "C1 CompilerThread0" daemon [_thread_blocked, id=19976, stack(0x000000f1f0600000,0x000000f1f0700000)]
  0x0000021480b1f2f0 JavaThread "Sweeper thread" daemon [_thread_blocked, id=5392, stack(0x000000f1f0700000,0x000000f1f0800000)]
  0x0000021480c36df0 JavaThread "Common-Cleaner" daemon [_thread_blocked, id=19788, stack(0x000000f1f0800000,0x000000f1f0900000)]
  0x0000021480cd9b90 JavaThread "Notification Thread" daemon [_thread_blocked, id=1352, stack(0x000000f1f0900000,0x000000f1f0a00000)]
  0x00000214c7f3e970 JavaThread "Daemon health stats" [_thread_blocked, id=3256, stack(0x000000f1f1100000,0x000000f1f1200000)]
  0x00000214c825f7f0 JavaThread "Incoming local TCP Connector on port 58528" [_thread_in_native, id=28068, stack(0x000000f1f1200000,0x000000f1f1300000)]
  0x00000214c864e010 JavaThread "Daemon periodic checks" [_thread_blocked, id=28112, stack(0x000000f1f1300000,0x000000f1f1400000)]
  0x00000214c7ffa050 JavaThread "Daemon" [_thread_blocked, id=26932, stack(0x000000f1f1400000,0x000000f1f1500000)]
  0x00000214c7a760c0 JavaThread "Handler for socket connection from /127.0.0.1:58528 to /127.0.0.1:58529" [_thread_in_native, id=27844, stack(0x000000f1f1500000,0x000000f1f1600000)]
  0x00000214c734b9e0 JavaThread "Cancel handler" [_thread_blocked, id=24440, stack(0x000000f1f1600000,0x000000f1f1700000)]
  0x00000214c848f3f0 JavaThread "Daemon worker" [_thread_blocked, id=1528, stack(0x000000f1f1700000,0x000000f1f1800000)]
  0x00000214c848dfb0 JavaThread "Asynchronous log dispatcher for DefaultDaemonConnection: socket connection from /127.0.0.1:58528 to /127.0.0.1:58529" [_thread_blocked, id=25332, stack(0x000000f1f1800000,0x000000f1f1900000)]
  0x00000214c8490830 JavaThread "Stdin handler" [_thread_blocked, id=20728, stack(0x000000f1f1900000,0x000000f1f1a00000)]
  0x00000214c848f900 JavaThread "Daemon client event forwarder" [_thread_blocked, id=8224, stack(0x000000f1f1a00000,0x000000f1f1b00000)]
  0x00000214c848fe10 JavaThread "Cache worker for journal cache (C:\Users\16696\.gradle\caches\journal-1)" [_thread_blocked, id=15200, stack(0x000000f1f1b00000,0x000000f1f1c00000)]
  0x00000214c848d590 JavaThread "File lock request listener" [_thread_in_native, id=20800, stack(0x000000f1f1c00000,0x000000f1f1d00000)]
  0x00000214c8490320 JavaThread "Cache worker for file hash cache (C:\Users\16696\.gradle\caches\9.4.1\fileHashes)" [_thread_blocked, id=12552, stack(0x000000f1f1d00000,0x000000f1f1e00000)]
  0x00000214c848daa0 JavaThread "File lock release action executor" [_thread_blocked, id=636, stack(0x000000f1f1e00000,0x000000f1f1f00000)]
  0x00000214c848e4c0 JavaThread "Cache worker for file hash cache (D:\Code\Application\music1\.gradle\9.4.1\fileHashes)" [_thread_blocked, id=3328, stack(0x000000f1f2400000,0x000000f1f2500000)]
  0x00000214c848d080 JavaThread "Cache worker for Build Output Cleanup Cache (D:\Code\Application\music1\.gradle\buildOutputCleanup)" [_thread_blocked, id=21776, stack(0x000000f1f2500000,0x000000f1f2600000)]
  0x00000214c848e9d0 JavaThread "File watcher server" daemon [_thread_in_native, id=24188, stack(0x000000f1f2600000,0x000000f1f2700000)]
  0x00000214c848eee0 JavaThread "File watcher consumer" daemon [_thread_blocked, id=11372, stack(0x000000f1f2700000,0x000000f1f2800000)]
  0x00000214c9350af0 JavaThread "Cache worker for file content cache (C:\Users\16696\.gradle\caches\9.4.1\fileContent)" [_thread_blocked, id=2900, stack(0x000000f1f2800000,0x000000f1f2900000)]
  0x00000214c934f6b0 JavaThread "Cache worker for checksums cache (D:\Code\Application\music1\.gradle\9.4.1\checksums)" [_thread_blocked, id=8888, stack(0x000000f1f2a00000,0x000000f1f2b00000)]
  0x00000214c934f1a0 JavaThread "Cache worker for cache directory md-supplier (C:\Users\16696\.gradle\caches\9.4.1\md-supplier)" [_thread_blocked, id=24256, stack(0x000000f1f2b00000,0x000000f1f2c00000)]
  0x00000214c934fbc0 JavaThread "Cache worker for cache directory md-rule (C:\Users\16696\.gradle\caches\9.4.1\md-rule)" [_thread_blocked, id=22192, stack(0x000000f1f2c00000,0x000000f1f2d00000)]
  0x00000214c93505e0 JavaThread "Build operations" [_thread_blocked, id=7100, stack(0x000000f1f2d00000,0x000000f1f2e00000)]
  0x00000214c9351a20 JavaThread "Build operations Thread 2" [_thread_blocked, id=27972, stack(0x000000f1f0b00000,0x000000f1f0c00000)]
  0x00000214c9351000 JavaThread "Build operations Thread 3" [_thread_blocked, id=24348, stack(0x000000f1f0c00000,0x000000f1f0d00000)]
  0x00000214c9351f30 JavaThread "Build operations Thread 4" [_thread_blocked, id=27344, stack(0x000000f1f2f00000,0x000000f1f3000000)]
  0x00000214c934e780 JavaThread "Build operations Thread 5" [_thread_blocked, id=18152, stack(0x000000f1f3000000,0x000000f1f3100000)]
  0x00000214c93547b0 JavaThread "Build operations Thread 6" [_thread_blocked, id=28464, stack(0x000000f1f3100000,0x000000f1f3200000)]
  0x00000214c93556e0 JavaThread "Build operations Thread 7" [_thread_blocked, id=7224, stack(0x000000f1f3200000,0x000000f1f3300000)]
  0x00000214c93551d0 JavaThread "Build operations Thread 8" [_thread_blocked, id=2196, stack(0x000000f1f3300000,0x000000f1f3400000)]
  0x00000214c9354cc0 JavaThread "Build operations Thread 9" [_thread_blocked, id=8344, stack(0x000000f1f3400000,0x000000f1f3500000)]
  0x00000214c9355bf0 JavaThread "Build operations Thread 10" [_thread_blocked, id=23304, stack(0x000000f1f3500000,0x000000f1f3600000)]
  0x00000214c9352e60 JavaThread "Memory manager" [_thread_blocked, id=2704, stack(0x000000f1f3600000,0x000000f1f3700000)]
  0x00000214c9353d90 JavaThread "build event listener" [_thread_blocked, id=17212, stack(0x000000f1f3700000,0x000000f1f3800000)]
  0x00000214ca061ad0 JavaThread "included builds" [_thread_blocked, id=24364, stack(0x000000f1f3900000,0x000000f1f3a00000)]
  0x00000214ca060180 JavaThread "Execution worker" [_thread_in_Java, id=12968, stack(0x000000f1f3a00000,0x000000f1f3b00000)]
  0x00000214ca061fe0 JavaThread "Execution worker Thread 2" [_thread_blocked, id=22776, stack(0x000000f1f3b00000,0x000000f1f3c00000)]
  0x00000214ca05fc70 JavaThread "Execution worker Thread 3" [_thread_blocked, id=2376, stack(0x000000f1f3c00000,0x000000f1f3d00000)]
  0x00000214ca060690 JavaThread "Execution worker Thread 4" [_thread_blocked, id=20092, stack(0x000000f1f3d00000,0x000000f1f3e00000)]
  0x00000214ca060ba0 JavaThread "Execution worker Thread 5" [_thread_blocked, id=12492, stack(0x000000f1f3e00000,0x000000f1f3f00000)]
  0x00000214ca05e830 JavaThread "Execution worker Thread 6" [_thread_blocked, id=20332, stack(0x000000f1f3f00000,0x000000f1f4000000)]
  0x00000214ca0624f0 JavaThread "Execution worker Thread 7" [_thread_blocked, id=13396, stack(0x000000f1f4000000,0x000000f1f4100000)]
  0x00000214ca05ed40 JavaThread "Execution worker Thread 8" [_thread_blocked, id=13052, stack(0x000000f1f4100000,0x000000f1f4200000)]
  0x00000214ca0610b0 JavaThread "Execution worker Thread 9" [_thread_blocked, id=15328, stack(0x000000f1f4200000,0x000000f1f4300000)]
  0x00000214ca0615c0 JavaThread "Cache worker for execution history cache (D:\Code\Application\music1\.gradle\9.4.1\executionHistory)" [_thread_blocked, id=10844, stack(0x000000f1f4300000,0x000000f1f4400000)]
  0x00000214cd3bf9c0 JavaThread "WorkerExecutor Queue" [_thread_blocked, id=640, stack(0x000000f1f4400000,0x000000f1f4500000)]
  0x00000214cb830b40 JavaThread "WorkerExecutor Queue Thread 2" [_thread_blocked, id=26880, stack(0x000000f1f4500000,0x000000f1f4600000)]
  0x00000214cb82f700 JavaThread "ForkJoinPool-1-worker-1" daemon [_thread_blocked, id=12388, stack(0x000000f1f4600000,0x000000f1f4700000)]
  0x00000214c93b9d40 JavaThread "ForkJoinPool-1-worker-2" daemon [_thread_blocked, id=26916, stack(0x000000f1f4700000,0x000000f1f4800000)]
  0x00000214ca064d70 JavaThread "ForkJoinPool-1-worker-3" daemon [_thread_blocked, id=27092, stack(0x000000f1f4800000,0x000000f1f4900000)]
  0x00000214c8e65d00 JavaThread "ForkJoinPool-1-worker-4" daemon [_thread_blocked, id=2132, stack(0x000000f1f4900000,0x000000f1f4a00000)]
  0x00000214cd382fd0 JavaThread "ForkJoinPool-1-worker-5" daemon [_thread_blocked, id=15264, stack(0x000000f1f4a00000,0x000000f1f4b00000)]
  0x00000214ca065280 JavaThread "ForkJoinPool-1-worker-6" daemon [_thread_blocked, id=25184, stack(0x000000f1f4b00000,0x000000f1f4c00000)]
  0x00000214cbf77bf0 JavaThread "ForkJoinPool-1-worker-7" daemon [_thread_blocked, id=12916, stack(0x000000f1f4c00000,0x000000f1f4d00000)]
  0x00000214cbd26ce0 JavaThread "ForkJoinPool-1-worker-8" daemon [_thread_blocked, id=11332, stack(0x000000f1f4d00000,0x000000f1f4e00000)]
  0x00000214cbf79b30 JavaThread "ForkJoinPool-1-worker-9" daemon [_thread_blocked, id=28008, stack(0x000000f1f4e00000,0x000000f1f4f00000)]
  0x00000214cd3befa0 JavaThread "ForkJoinPool-1-worker-10" daemon [_thread_blocked, id=20764, stack(0x000000f1f4f00000,0x000000f1f5000000)]
=>0x00000214c710ff00 JavaThread "C2 CompilerThread1" daemon [_thread_in_native, id=26688, stack(0x000000f1eec00000,0x000000f1eed00000)]
  0x00000214c7113ec0 JavaThread "C2 CompilerThread2" daemon [_thread_in_native, id=9528, stack(0x000000f1eed00000,0x000000f1eee00000)]
  0x00000214cb831050 JavaThread "WorkerExecutor Queue Thread 3" [_thread_blocked, id=23756, stack(0x000000f1eee00000,0x000000f1eef00000)]
  0x00000214c87cbed0 JavaThread "WorkerExecutor Queue Thread 4" [_thread_blocked, id=25984, stack(0x000000f1f2e00000,0x000000f1f2f00000)]
  0x00000214c87c8720 JavaThread "WorkerExecutor Queue Thread 5" [_thread_blocked, id=25592, stack(0x000000f1f3800000,0x000000f1f3900000)]
  0x00000214c87caa90 JavaThread "WorkerExecutor Queue Thread 6" [_thread_in_Java, id=12580, stack(0x000000f1f5500000,0x000000f1f5600000)]
  0x00000214c87cafa0 JavaThread "WorkerExecutor Queue Thread 7" [_thread_in_native, id=13324, stack(0x000000f1f5600000,0x000000f1f5700000)]
  0x00000214c87c9650 JavaThread "WorkerExecutor Queue Thread 8" [_thread_blocked, id=27696, stack(0x000000f1f5700000,0x000000f1f5800000)]
  0x00000214c87c8c30 JavaThread "WorkerExecutor Queue Thread 9" [_thread_blocked, id=11876, stack(0x000000f1f5800000,0x000000f1f5900000)]
  0x00000214c87c9b60 JavaThread "WorkerExecutor Queue Thread 10" [_thread_blocked, id=21184, stack(0x000000f1f5900000,0x000000f1f5a00000)]
  0x00000214cbf7a550 JavaThread "WorkerExecutor Queue Thread 11" [_thread_blocked, id=1540, stack(0x000000f1f5a00000,0x000000f1f5b00000)]
  0x00000214d2455f70 JavaThread "Daemon Thread 2" [_thread_blocked, id=26176, stack(0x000000f1f5b00000,0x000000f1f5c00000)]

Other Threads:
  0x00000214e18097e0 VMThread "VM Thread" [stack: 0x000000f1efe00000,0x000000f1eff00000] [id=25208]
  0x0000021480cf5a80 WatcherThread [stack: 0x000000f1f0a00000,0x000000f1f0b00000] [id=20188]
  0x00000214e1861a20 GCTaskThread "GC Thread#0" [stack: 0x000000f1ef900000,0x000000f1efa00000] [id=7008]
  0x00000214c64b2260 GCTaskThread "GC Thread#1" [stack: 0x000000f1f0d00000,0x000000f1f0e00000] [id=27728]
  0x00000214c64b4150 GCTaskThread "GC Thread#2" [stack: 0x000000f1f0e00000,0x000000f1f0f00000] [id=14476]
  0x00000214c64b46f0 GCTaskThread "GC Thread#3" [stack: 0x000000f1f0f00000,0x000000f1f1000000] [id=20672]
  0x00000214c64b0be0 GCTaskThread "GC Thread#4" [stack: 0x000000f1f1000000,0x000000f1f1100000] [id=28048]
  0x00000214c64b2da0 GCTaskThread "GC Thread#5" [stack: 0x000000f1f1f00000,0x000000f1f2000000] [id=12720]
  0x00000214c64b3340 GCTaskThread "GC Thread#6" [stack: 0x000000f1f2000000,0x000000f1f2100000] [id=19160]
  0x00000214c64b3610 GCTaskThread "GC Thread#7" [stack: 0x000000f1f2100000,0x000000f1f2200000] [id=21040]
  0x00000214c64b38e0 GCTaskThread "GC Thread#8" [stack: 0x000000f1f2200000,0x000000f1f2300000] [id=22396]
  0x00000214e1d5f8c0 ConcurrentGCThread "G1 Main Marker" [stack: 0x000000f1efa00000,0x000000f1efb00000] [id=23140]
  0x00000214e18600d0 ConcurrentGCThread "G1 Conc#0" [stack: 0x000000f1efb00000,0x000000f1efc00000] [id=4600]
  0x00000214c64b1180 ConcurrentGCThread "G1 Conc#1" [stack: 0x000000f1f2300000,0x000000f1f2400000] [id=9332]
  0x00000214e199e590 ConcurrentGCThread "G1 Refine#0" [stack: 0x000000f1efc00000,0x000000f1efd00000] [id=24240]
  0x00000214c69b12c0 ConcurrentGCThread "G1 Refine#1" [stack: 0x000000f1f2900000,0x000000f1f2a00000] [id=17476]
  0x00000214ca6e5990 ConcurrentGCThread "G1 Refine#2" [stack: 0x000000f1f5000000,0x000000f1f5100000] [id=4292]
  0x00000214c9a42c30 ConcurrentGCThread "G1 Refine#3" [stack: 0x000000f1f5100000,0x000000f1f5200000] [id=18644]
  0x00000214ca6e70b0 ConcurrentGCThread "G1 Refine#4" [stack: 0x000000f1f5200000,0x000000f1f5300000] [id=11568]
  0x00000214cb68a190 ConcurrentGCThread "G1 Refine#5" [stack: 0x000000f1f5300000,0x000000f1f5400000] [id=8148]
  0x00000214ca6e4080 ConcurrentGCThread "G1 Refine#6" [stack: 0x000000f1f5400000,0x000000f1f5500000] [id=24480]
  0x00000214e199ec80 ConcurrentGCThread "G1 Service" [stack: 0x000000f1efd00000,0x000000f1efe00000] [id=19980]

Threads with active compile tasks:
C2 CompilerThread0  35609 19204       4       java.lang.Class::getAnnotation (22 bytes)
C1 CompilerThread0  35609 19210       3       org.gradle.api.internal.provider.ManagedFactories$PropertyManagedFactory::fromState (55 bytes)
C2 CompilerThread1  35609 19124 % !   4       java.io.BufferedReader::readLine @ 139 (327 bytes)
C2 CompilerThread2  35609 19198       4       org.gradle.internal.instantiation.generator.AbstractClassGenerator::inspectType (602 bytes)

VM state: not at safepoint (normal execution)

VM Mutex/Monitor currently owned by a thread: None

Heap address: 0x0000000080000000, size: 2048 MB, Compressed Oops mode: 32-bit

CDS archive(s) mapped at: [0x0000021481000000-0x0000021481bb0000-0x0000021481bb0000), size 12255232, SharedBaseAddress: 0x0000021481000000, ArchiveRelocationMode: 1.
Compressed class space mapped at: 0x0000021482000000-0x00000214c2000000, reserved size: 1073741824
Narrow klass base: 0x0000021481000000, Narrow klass shift: 0, Narrow klass range: 0x100000000

GC Precious Log:
 CPUs: 10 total, 10 available
 Memory: 15751M
 Large Page Support: Disabled
 NUMA Support: Disabled
 Compressed Oops: Enabled (32-bit)
 Heap Region Size: 1M
 Heap Min Capacity: 8M
 Heap Initial Capacity: 248M
 Heap Max Capacity: 2G
 Pre-touch: Disabled
 Parallel Workers: 9
 Concurrent Workers: 2
 Concurrent Refinement Workers: 9
 Periodic GC: Disabled

Heap:
 garbage-first heap   total 608256K, used 276374K [0x0000000080000000, 0x0000000100000000)
  region size 1024K, 114 young (116736K), 3 survivors (3072K)
 Metaspace       used 118432K, committed 119360K, reserved 1179648K
  class space    used 16331K, committed 16768K, reserved 1048576K

Heap Regions: E=young(eden), S=young(survivor), O=old, HS=humongous(starts), HC=humongous(continues), CS=collection set, F=free, OA=open archive, CA=closed archive, TAMS=top-at-mark-start (previous, next)
|   0|0x0000000080000000, 0x0000000080100000, 0x0000000080100000|100%|HS|  |TAMS 0x0000000080100000, 0x0000000080000000| Complete 
|   1|0x0000000080100000, 0x0000000080200000, 0x0000000080200000|100%|HC|  |TAMS 0x0000000080200000, 0x0000000080100000| Complete 
|   2|0x0000000080200000, 0x0000000080300000, 0x0000000080300000|100%|HC|  |TAMS 0x0000000080300000, 0x0000000080200000| Complete 
|   3|0x0000000080300000, 0x0000000080400000, 0x0000000080400000|100%|HC|  |TAMS 0x0000000080400000, 0x0000000080300000| Complete 
|   4|0x0000000080400000, 0x0000000080500000, 0x0000000080500000|100%| O|  |TAMS 0x0000000080500000, 0x0000000080400000| Untracked 
|   5|0x0000000080500000, 0x0000000080600000, 0x0000000080600000|100%| O|  |TAMS 0x0000000080600000, 0x0000000080500000| Untracked 
|   6|0x0000000080600000, 0x0000000080700000, 0x0000000080700000|100%| O|  |TAMS 0x0000000080700000, 0x0000000080600000| Untracked 
|   7|0x0000000080700000, 0x0000000080800000, 0x0000000080800000|100%| O|  |TAMS 0x0000000080800000, 0x0000000080700000| Untracked 
|   8|0x0000000080800000, 0x0000000080900000, 0x0000000080900000|100%|HS|  |TAMS 0x0000000080900000, 0x0000000080800000| Complete 
|   9|0x0000000080900000, 0x0000000080a00000, 0x0000000080a00000|100%| O|  |TAMS 0x0000000080a00000, 0x0000000080900000| Untracked 
|  10|0x0000000080a00000, 0x0000000080b00000, 0x0000000080b00000|100%| O|  |TAMS 0x0000000080b00000, 0x0000000080a00000| Untracked 
|  11|0x0000000080b00000, 0x0000000080c00000, 0x0000000080c00000|100%| O|  |TAMS 0x0000000080c00000, 0x0000000080b00000| Untracked 
|  12|0x0000000080c00000, 0x0000000080ce4200, 0x0000000080d00000| 89%| O|  |TAMS 0x0000000080ce4200, 0x0000000080c00000| Untracked 
|  13|0x0000000080d00000, 0x0000000080e00000, 0x0000000080e00000|100%| O|  |TAMS 0x0000000080e00000, 0x0000000080d00000| Untracked 
|  14|0x0000000080e00000, 0x0000000080f00000, 0x0000000080f00000|100%| O|  |TAMS 0x0000000080f00000, 0x0000000080e00000| Untracked 
|  15|0x0000000080f00000, 0x0000000081000000, 0x0000000081000000|100%| O|  |TAMS 0x0000000081000000, 0x0000000080f00000| Untracked 
|  16|0x0000000081000000, 0x0000000081100000, 0x0000000081100000|100%| O|  |TAMS 0x0000000081100000, 0x0000000081000000| Untracked 
|  17|0x0000000081100000, 0x0000000081200000, 0x0000000081200000|100%| O|  |TAMS 0x0000000081200000, 0x0000000081100000| Untracked 
|  18|0x0000000081200000, 0x0000000081300000, 0x0000000081300000|100%| O|  |TAMS 0x0000000081300000, 0x0000000081200000| Untracked 
|  19|0x0000000081300000, 0x0000000081400000, 0x0000000081400000|100%| O|  |TAMS 0x0000000081400000, 0x0000000081300000| Untracked 
|  20|0x0000000081400000, 0x0000000081500000, 0x0000000081500000|100%| O|  |TAMS 0x0000000081500000, 0x0000000081400000| Untracked 
|  21|0x0000000081500000, 0x0000000081600000, 0x0000000081600000|100%| O|  |TAMS 0x0000000081600000, 0x0000000081500000| Untracked 
|  22|0x0000000081600000, 0x0000000081700000, 0x0000000081700000|100%| O|  |TAMS 0x0000000081700000, 0x0000000081600000| Untracked 
|  23|0x0000000081700000, 0x0000000081800000, 0x0000000081800000|100%| O|  |TAMS 0x0000000081800000, 0x0000000081700000| Untracked 
|  24|0x0000000081800000, 0x0000000081900000, 0x0000000081900000|100%| O|  |TAMS 0x0000000081900000, 0x0000000081800000| Untracked 
|  25|0x0000000081900000, 0x0000000081a00000, 0x0000000081a00000|100%| O|  |TAMS 0x0000000081a00000, 0x0000000081900000| Untracked 
|  26|0x0000000081a00000, 0x0000000081b00000, 0x0000000081b00000|100%| O|  |TAMS 0x0000000081b00000, 0x0000000081a00000| Untracked 
|  27|0x0000000081b00000, 0x0000000081c00000, 0x0000000081c00000|100%| O|  |TAMS 0x0000000081c00000, 0x0000000081b00000| Untracked 
|  28|0x0000000081c00000, 0x0000000081d00000, 0x0000000081d00000|100%| O|  |TAMS 0x0000000081d00000, 0x0000000081c00000| Untracked 
|  29|0x0000000081d00000, 0x0000000081e00000, 0x0000000081e00000|100%| O|  |TAMS 0x0000000081e00000, 0x0000000081d00000| Untracked 
|  30|0x0000000081e00000, 0x0000000081f00000, 0x0000000081f00000|100%| O|  |TAMS 0x0000000081f00000, 0x0000000081e00000| Untracked 
|  31|0x0000000081f00000, 0x0000000082000000, 0x0000000082000000|100%| O|  |TAMS 0x0000000082000000, 0x0000000081f00000| Untracked 
|  32|0x0000000082000000, 0x0000000082100000, 0x0000000082100000|100%| O|  |TAMS 0x0000000082100000, 0x0000000082000000| Untracked 
|  33|0x0000000082100000, 0x0000000082200000, 0x0000000082200000|100%| O|  |TAMS 0x0000000082200000, 0x0000000082100000| Untracked 
|  34|0x0000000082200000, 0x0000000082300000, 0x0000000082300000|100%| O|  |TAMS 0x0000000082300000, 0x0000000082200000| Untracked 
|  35|0x0000000082300000, 0x0000000082400000, 0x0000000082400000|100%| O|  |TAMS 0x0000000082400000, 0x0000000082300000| Untracked 
|  36|0x0000000082400000, 0x0000000082500000, 0x0000000082500000|100%| O|  |TAMS 0x0000000082500000, 0x0000000082400000| Untracked 
|  37|0x0000000082500000, 0x0000000082600000, 0x0000000082600000|100%| O|  |TAMS 0x0000000082600000, 0x0000000082500000| Untracked 
|  38|0x0000000082600000, 0x0000000082700000, 0x0000000082700000|100%| O|  |TAMS 0x0000000082700000, 0x0000000082600000| Untracked 
|  39|0x0000000082700000, 0x0000000082800000, 0x0000000082800000|100%| O|  |TAMS 0x0000000082800000, 0x0000000082700000| Untracked 
|  40|0x0000000082800000, 0x0000000082900000, 0x0000000082900000|100%| O|  |TAMS 0x0000000082800000, 0x0000000082800000| Untracked 
|  41|0x0000000082900000, 0x0000000082a00000, 0x0000000082a00000|100%|HS|  |TAMS 0x0000000082a00000, 0x0000000082900000| Complete 
|  42|0x0000000082a00000, 0x0000000082b00000, 0x0000000082b00000|100%|HS|  |TAMS 0x0000000082b00000, 0x0000000082a00000| Complete 
|  43|0x0000000082b00000, 0x0000000082c00000, 0x0000000082c00000|100%|HS|  |TAMS 0x0000000082c00000, 0x0000000082b00000| Complete 
|  44|0x0000000082c00000, 0x0000000082d00000, 0x0000000082d00000|100%|HC|  |TAMS 0x0000000082d00000, 0x0000000082c00000| Complete 
|  45|0x0000000082d00000, 0x0000000082e00000, 0x0000000082e00000|100%|HS|  |TAMS 0x0000000082e00000, 0x0000000082d00000| Complete 
|  46|0x0000000082e00000, 0x0000000082f00000, 0x0000000082f00000|100%| O|  |TAMS 0x0000000082f00000, 0x0000000082e00000| Untracked 
|  47|0x0000000082f00000, 0x0000000083000000, 0x0000000083000000|100%|HS|  |TAMS 0x0000000083000000, 0x0000000082f00000| Complete 
|  48|0x0000000083000000, 0x0000000083100000, 0x0000000083100000|100%|HS|  |TAMS 0x0000000083100000, 0x0000000083000000| Complete 
|  49|0x0000000083100000, 0x0000000083200000, 0x0000000083200000|100%| O|  |TAMS 0x0000000083200000, 0x0000000083100000| Untracked 
|  50|0x0000000083200000, 0x0000000083300000, 0x0000000083300000|100%| O|  |TAMS 0x0000000083300000, 0x0000000083200000| Untracked 
|  51|0x0000000083300000, 0x0000000083400000, 0x0000000083400000|100%| O|  |TAMS 0x0000000083400000, 0x0000000083300000| Untracked 
|  52|0x0000000083400000, 0x0000000083500000, 0x0000000083500000|100%| O|  |TAMS 0x0000000083500000, 0x0000000083400000| Untracked 
|  53|0x0000000083500000, 0x0000000083600000, 0x0000000083600000|100%| O|  |TAMS 0x0000000083600000, 0x0000000083500000| Untracked 
|  54|0x0000000083600000, 0x0000000083700000, 0x0000000083700000|100%|HS|  |TAMS 0x0000000083700000, 0x0000000083600000| Complete 
|  55|0x0000000083700000, 0x0000000083800000, 0x0000000083800000|100%| O|  |TAMS 0x0000000083800000, 0x0000000083700000| Untracked 
|  56|0x0000000083800000, 0x0000000083900000, 0x0000000083900000|100%|HS|  |TAMS 0x0000000083900000, 0x0000000083800000| Complete 
|  57|0x0000000083900000, 0x0000000083a00000, 0x0000000083a00000|100%|HC|  |TAMS 0x0000000083a00000, 0x0000000083900000| Complete 
|  58|0x0000000083a00000, 0x0000000083b00000, 0x0000000083b00000|100%| O|  |TAMS 0x0000000083b00000, 0x0000000083a00000| Untracked 
|  59|0x0000000083b00000, 0x0000000083c00000, 0x0000000083c00000|100%| O|  |TAMS 0x0000000083c00000, 0x0000000083b00000| Untracked 
|  60|0x0000000083c00000, 0x0000000083d00000, 0x0000000083d00000|100%|HS|  |TAMS 0x0000000083d00000, 0x0000000083c00000| Complete 
|  61|0x0000000083d00000, 0x0000000083e00000, 0x0000000083e00000|100%| O|  |TAMS 0x0000000083e00000, 0x0000000083d00000| Untracked 
|  62|0x0000000083e00000, 0x0000000083f00000, 0x0000000083f00000|100%| O|  |TAMS 0x0000000083f00000, 0x0000000083e00000| Untracked 
|  63|0x0000000083f00000, 0x0000000084000000, 0x0000000084000000|100%| O|  |TAMS 0x0000000084000000, 0x0000000083f00000| Untracked 
|  64|0x0000000084000000, 0x0000000084100000, 0x0000000084100000|100%| O|  |TAMS 0x0000000084100000, 0x0000000084000000| Untracked 
|  65|0x0000000084100000, 0x0000000084200000, 0x0000000084200000|100%| O|  |TAMS 0x0000000084200000, 0x0000000084100000| Untracked 
|  66|0x0000000084200000, 0x0000000084300000, 0x0000000084300000|100%| O|  |TAMS 0x0000000084300000, 0x0000000084200000| Untracked 
|  67|0x0000000084300000, 0x0000000084400000, 0x0000000084400000|100%| O|  |TAMS 0x0000000084400000, 0x0000000084300000| Untracked 
|  68|0x0000000084400000, 0x0000000084500000, 0x0000000084500000|100%| O|  |TAMS 0x0000000084500000, 0x0000000084400000| Untracked 
|  69|0x0000000084500000, 0x0000000084600000, 0x0000000084600000|100%| O|  |TAMS 0x0000000084600000, 0x0000000084500000| Untracked 
|  70|0x0000000084600000, 0x0000000084700000, 0x0000000084700000|100%| O|  |TAMS 0x0000000084700000, 0x0000000084600000| Untracked 
|  71|0x0000000084700000, 0x0000000084800000, 0x0000000084800000|100%| O|  |TAMS 0x0000000084800000, 0x0000000084700000| Untracked 
|  72|0x0000000084800000, 0x0000000084900000, 0x0000000084900000|100%| O|  |TAMS 0x0000000084900000, 0x0000000084800000| Untracked 
|  73|0x0000000084900000, 0x0000000084a00000, 0x0000000084a00000|100%| O|  |TAMS 0x0000000084a00000, 0x0000000084900000| Untracked 
|  74|0x0000000084a00000, 0x0000000084b00000, 0x0000000084b00000|100%| O|  |TAMS 0x0000000084b00000, 0x0000000084a00000| Untracked 
|  75|0x0000000084b00000, 0x0000000084c00000, 0x0000000084c00000|100%| O|  |TAMS 0x0000000084c00000, 0x0000000084b00000| Untracked 
|  76|0x0000000084c00000, 0x0000000084d00000, 0x0000000084d00000|100%| O|  |TAMS 0x0000000084d00000, 0x0000000084c00000| Untracked 
|  77|0x0000000084d00000, 0x0000000084e00000, 0x0000000084e00000|100%| O|  |TAMS 0x0000000084e00000, 0x0000000084d00000| Untracked 
|  78|0x0000000084e00000, 0x0000000084f00000, 0x0000000084f00000|100%| O|  |TAMS 0x0000000084f00000, 0x0000000084e00000| Untracked 
|  79|0x0000000084f00000, 0x0000000085000000, 0x0000000085000000|100%| O|  |TAMS 0x0000000085000000, 0x0000000084f00000| Untracked 
|  80|0x0000000085000000, 0x0000000085100000, 0x0000000085100000|100%| O|  |TAMS 0x0000000085100000, 0x0000000085000000| Untracked 
|  81|0x0000000085100000, 0x0000000085200000, 0x0000000085200000|100%| O|  |TAMS 0x0000000085100000, 0x0000000085100000| Untracked 
|  82|0x0000000085200000, 0x0000000085300000, 0x0000000085300000|100%| O|  |TAMS 0x0000000085200000, 0x0000000085200000| Untracked 
|  83|0x0000000085300000, 0x0000000085400000, 0x0000000085400000|100%| O|  |TAMS 0x0000000085400000, 0x0000000085300000| Untracked 
|  84|0x0000000085400000, 0x0000000085500000, 0x0000000085500000|100%| O|  |TAMS 0x0000000085500000, 0x0000000085400000| Untracked 
|  85|0x0000000085500000, 0x0000000085600000, 0x0000000085600000|100%| O|  |TAMS 0x0000000085500000, 0x0000000085500000| Untracked 
|  86|0x0000000085600000, 0x0000000085700000, 0x0000000085700000|100%| O|  |TAMS 0x0000000085600000, 0x0000000085600000| Untracked 
|  87|0x0000000085700000, 0x0000000085800000, 0x0000000085800000|100%| O|  |TAMS 0x0000000085700000, 0x0000000085700000| Untracked 
|  88|0x0000000085800000, 0x0000000085900000, 0x0000000085900000|100%| O|  |TAMS 0x0000000085800000, 0x0000000085800000| Untracked 
|  89|0x0000000085900000, 0x0000000085a00000, 0x0000000085a00000|100%| O|  |TAMS 0x0000000085900000, 0x0000000085900000| Untracked 
|  90|0x0000000085a00000, 0x0000000085b00000, 0x0000000085b00000|100%| O|  |TAMS 0x0000000085a00000, 0x0000000085a00000| Untracked 
|  91|0x0000000085b00000, 0x0000000085c00000, 0x0000000085c00000|100%| O|  |TAMS 0x0000000085b00000, 0x0000000085b00000| Untracked 
|  92|0x0000000085c00000, 0x0000000085d00000, 0x0000000085d00000|100%| O|  |TAMS 0x0000000085c00000, 0x0000000085c00000| Untracked 
|  93|0x0000000085d00000, 0x0000000085e00000, 0x0000000085e00000|100%| O|  |TAMS 0x0000000085d00000, 0x0000000085d00000| Untracked 
|  94|0x0000000085e00000, 0x0000000085f00000, 0x0000000085f00000|100%| O|  |TAMS 0x0000000085e00000, 0x0000000085e00000| Untracked 
|  95|0x0000000085f00000, 0x0000000086000000, 0x0000000086000000|100%| O|  |TAMS 0x0000000085f00000, 0x0000000085f00000| Untracked 
|  96|0x0000000086000000, 0x0000000086100000, 0x0000000086100000|100%| O|  |TAMS 0x0000000086000000, 0x0000000086000000| Untracked 
|  97|0x0000000086100000, 0x0000000086200000, 0x0000000086200000|100%| O|  |TAMS 0x0000000086200000, 0x0000000086100000| Untracked 
|  98|0x0000000086200000, 0x0000000086300000, 0x0000000086300000|100%| O|  |TAMS 0x0000000086300000, 0x0000000086200000| Untracked 
|  99|0x0000000086300000, 0x0000000086400000, 0x0000000086400000|100%| O|  |TAMS 0x0000000086400000, 0x0000000086300000| Untracked 
| 100|0x0000000086400000, 0x0000000086500000, 0x0000000086500000|100%| O|  |TAMS 0x0000000086400000, 0x0000000086400000| Untracked 
| 101|0x0000000086500000, 0x0000000086600000, 0x0000000086600000|100%| O|  |TAMS 0x0000000086500000, 0x0000000086500000| Untracked 
| 102|0x0000000086600000, 0x0000000086700000, 0x0000000086700000|100%| O|  |TAMS 0x0000000086700000, 0x0000000086600000| Untracked 
| 103|0x0000000086700000, 0x0000000086800000, 0x0000000086800000|100%| O|  |TAMS 0x0000000086800000, 0x0000000086700000| Untracked 
| 104|0x0000000086800000, 0x0000000086900000, 0x0000000086900000|100%| O|  |TAMS 0x0000000086900000, 0x0000000086800000| Untracked 
| 105|0x0000000086900000, 0x0000000086a00000, 0x0000000086a00000|100%| O|  |TAMS 0x0000000086a00000, 0x0000000086900000| Untracked 
| 106|0x0000000086a00000, 0x0000000086b00000, 0x0000000086b00000|100%| O|  |TAMS 0x0000000086b00000, 0x0000000086a00000| Untracked 
| 107|0x0000000086b00000, 0x0000000086c00000, 0x0000000086c00000|100%| O|  |TAMS 0x0000000086c00000, 0x0000000086b00000| Untracked 
| 108|0x0000000086c00000, 0x0000000086d00000, 0x0000000086d00000|100%| O|  |TAMS 0x0000000086d00000, 0x0000000086c00000| Untracked 
| 109|0x0000000086d00000, 0x0000000086e00000, 0x0000000086e00000|100%| O|  |TAMS 0x0000000086e00000, 0x0000000086d00000| Untracked 
| 110|0x0000000086e00000, 0x0000000086f00000, 0x0000000086f00000|100%| O|  |TAMS 0x0000000086f00000, 0x0000000086e00000| Untracked 
| 111|0x0000000086f00000, 0x0000000087000000, 0x0000000087000000|100%| O|  |TAMS 0x0000000087000000, 0x0000000086f00000| Untracked 
| 112|0x0000000087000000, 0x0000000087100000, 0x0000000087100000|100%| O|  |TAMS 0x0000000087100000, 0x0000000087000000| Untracked 
| 113|0x0000000087100000, 0x0000000087200000, 0x0000000087200000|100%| O|  |TAMS 0x0000000087200000, 0x0000000087100000| Untracked 
| 114|0x0000000087200000, 0x0000000087300000, 0x0000000087300000|100%| O|  |TAMS 0x0000000087300000, 0x0000000087200000| Untracked 
| 115|0x0000000087300000, 0x0000000087400000, 0x0000000087400000|100%| O|  |TAMS 0x0000000087400000, 0x0000000087300000| Untracked 
| 116|0x0000000087400000, 0x0000000087500000, 0x0000000087500000|100%| O|  |TAMS 0x0000000087500000, 0x0000000087400000| Untracked 
| 117|0x0000000087500000, 0x0000000087600000, 0x0000000087600000|100%| O|  |TAMS 0x0000000087500000, 0x0000000087500000| Untracked 
| 118|0x0000000087600000, 0x0000000087700000, 0x0000000087700000|100%| O|  |TAMS 0x0000000087700000, 0x0000000087600000| Untracked 
| 119|0x0000000087700000, 0x0000000087800000, 0x0000000087800000|100%| O|  |TAMS 0x0000000087800000, 0x0000000087700000| Untracked 
| 120|0x0000000087800000, 0x000000008784d800, 0x0000000087900000| 30%| O|  |TAMS 0x0000000087800000, 0x0000000087800000| Untracked 
| 121|0x0000000087900000, 0x0000000087900000, 0x0000000087a00000|  0%| F|  |TAMS 0x0000000087900000, 0x0000000087900000| Untracked 
| 122|0x0000000087a00000, 0x0000000087a00000, 0x0000000087b00000|  0%| F|  |TAMS 0x0000000087a00000, 0x0000000087a00000| Untracked 
| 123|0x0000000087b00000, 0x0000000087c00000, 0x0000000087c00000|100%| O|  |TAMS 0x0000000087c00000, 0x0000000087b00000| Untracked 
| 124|0x0000000087c00000, 0x0000000087d00000, 0x0000000087d00000|100%| O|  |TAMS 0x0000000087d00000, 0x0000000087c00000| Untracked 
| 125|0x0000000087d00000, 0x0000000087d00000, 0x0000000087e00000|  0%| F|  |TAMS 0x0000000087d00000, 0x0000000087d00000| Untracked 
| 126|0x0000000087e00000, 0x0000000087f00000, 0x0000000087f00000|100%| O|  |TAMS 0x0000000087f00000, 0x0000000087e00000| Untracked 
| 127|0x0000000087f00000, 0x0000000088000000, 0x0000000088000000|100%| O|  |TAMS 0x0000000088000000, 0x0000000087f00000| Untracked 
| 128|0x0000000088000000, 0x0000000088100000, 0x0000000088100000|100%| O|  |TAMS 0x0000000088100000, 0x0000000088000000| Untracked 
| 129|0x0000000088100000, 0x0000000088200000, 0x0000000088200000|100%| O|  |TAMS 0x0000000088200000, 0x0000000088100000| Untracked 
| 130|0x0000000088200000, 0x0000000088300000, 0x0000000088300000|100%| O|  |TAMS 0x0000000088300000, 0x0000000088200000| Untracked 
| 131|0x0000000088300000, 0x0000000088400000, 0x0000000088400000|100%| O|  |TAMS 0x0000000088400000, 0x0000000088300000| Untracked 
| 132|0x0000000088400000, 0x0000000088400000, 0x0000000088500000|  0%| F|  |TAMS 0x0000000088400000, 0x0000000088400000| Untracked 
| 133|0x0000000088500000, 0x0000000088500000, 0x0000000088600000|  0%| F|  |TAMS 0x0000000088500000, 0x0000000088500000| Untracked 
| 134|0x0000000088600000, 0x0000000088600000, 0x0000000088700000|  0%| F|  |TAMS 0x0000000088600000, 0x0000000088600000| Untracked 
| 135|0x0000000088700000, 0x0000000088700000, 0x0000000088800000|  0%| F|  |TAMS 0x0000000088700000, 0x0000000088700000| Untracked 
| 136|0x0000000088800000, 0x0000000088800000, 0x0000000088900000|  0%| F|  |TAMS 0x0000000088800000, 0x0000000088800000| Untracked 
| 137|0x0000000088900000, 0x0000000088900000, 0x0000000088a00000|  0%| F|  |TAMS 0x0000000088900000, 0x0000000088900000| Untracked 
| 138|0x0000000088a00000, 0x0000000088a00000, 0x0000000088b00000|  0%| F|  |TAMS 0x0000000088a00000, 0x0000000088a00000| Untracked 
| 139|0x0000000088b00000, 0x0000000088b00000, 0x0000000088c00000|  0%| F|  |TAMS 0x0000000088b00000, 0x0000000088b00000| Untracked 
| 140|0x0000000088c00000, 0x0000000088c00000, 0x0000000088d00000|  0%| F|  |TAMS 0x0000000088c00000, 0x0000000088c00000| Untracked 
| 141|0x0000000088d00000, 0x0000000088d00000, 0x0000000088e00000|  0%| F|  |TAMS 0x0000000088d00000, 0x0000000088d00000| Untracked 
| 142|0x0000000088e00000, 0x0000000088e00000, 0x0000000088f00000|  0%| F|  |TAMS 0x0000000088e00000, 0x0000000088e00000| Untracked 
| 143|0x0000000088f00000, 0x0000000089000000, 0x0000000089000000|100%| O|  |TAMS 0x0000000089000000, 0x0000000088f00000| Untracked 
| 144|0x0000000089000000, 0x0000000089100000, 0x0000000089100000|100%| O|  |TAMS 0x0000000089100000, 0x0000000089000000| Untracked 
| 145|0x0000000089100000, 0x0000000089100000, 0x0000000089200000|  0%| F|  |TAMS 0x0000000089100000, 0x0000000089100000| Untracked 
| 146|0x0000000089200000, 0x0000000089200000, 0x0000000089300000|  0%| F|  |TAMS 0x0000000089200000, 0x0000000089200000| Untracked 
| 147|0x0000000089300000, 0x0000000089300000, 0x0000000089400000|  0%| F|  |TAMS 0x0000000089300000, 0x0000000089300000| Untracked 
| 148|0x0000000089400000, 0x0000000089400000, 0x0000000089500000|  0%| F|  |TAMS 0x0000000089400000, 0x0000000089400000| Untracked 
| 149|0x0000000089500000, 0x0000000089500000, 0x0000000089600000|  0%| F|  |TAMS 0x0000000089500000, 0x0000000089500000| Untracked 
| 150|0x0000000089600000, 0x0000000089600000, 0x0000000089700000|  0%| F|  |TAMS 0x0000000089600000, 0x0000000089600000| Untracked 
| 151|0x0000000089700000, 0x0000000089700000, 0x0000000089800000|  0%| F|  |TAMS 0x0000000089700000, 0x0000000089700000| Untracked 
| 152|0x0000000089800000, 0x0000000089800000, 0x0000000089900000|  0%| F|  |TAMS 0x0000000089800000, 0x0000000089800000| Untracked 
| 153|0x0000000089900000, 0x0000000089900000, 0x0000000089a00000|  0%| F|  |TAMS 0x0000000089900000, 0x0000000089900000| Untracked 
| 154|0x0000000089a00000, 0x0000000089a00000, 0x0000000089b00000|  0%| F|  |TAMS 0x0000000089a00000, 0x0000000089a00000| Untracked 
| 155|0x0000000089b00000, 0x0000000089b00000, 0x0000000089c00000|  0%| F|  |TAMS 0x0000000089b00000, 0x0000000089b00000| Untracked 
| 156|0x0000000089c00000, 0x0000000089c00000, 0x0000000089d00000|  0%| F|  |TAMS 0x0000000089c00000, 0x0000000089c00000| Untracked 
| 157|0x0000000089d00000, 0x0000000089d00000, 0x0000000089e00000|  0%| F|  |TAMS 0x0000000089d00000, 0x0000000089d00000| Untracked 
| 158|0x0000000089e00000, 0x0000000089e00000, 0x0000000089f00000|  0%| F|  |TAMS 0x0000000089e00000, 0x0000000089e00000| Untracked 
| 159|0x0000000089f00000, 0x0000000089f00000, 0x000000008a000000|  0%| F|  |TAMS 0x0000000089f00000, 0x0000000089f00000| Untracked 
| 160|0x000000008a000000, 0x000000008a100000, 0x000000008a100000|100%| O|  |TAMS 0x000000008a100000, 0x000000008a000000| Untracked 
| 161|0x000000008a100000, 0x000000008a200000, 0x000000008a200000|100%| O|  |TAMS 0x000000008a200000, 0x000000008a100000| Untracked 
| 162|0x000000008a200000, 0x000000008a200000, 0x000000008a300000|  0%| F|  |TAMS 0x000000008a200000, 0x000000008a200000| Untracked 
| 163|0x000000008a300000, 0x000000008a300000, 0x000000008a400000|  0%| F|  |TAMS 0x000000008a300000, 0x000000008a300000| Untracked 
| 164|0x000000008a400000, 0x000000008a400000, 0x000000008a500000|  0%| F|  |TAMS 0x000000008a400000, 0x000000008a400000| Untracked 
| 165|0x000000008a500000, 0x000000008a500000, 0x000000008a600000|  0%| F|  |TAMS 0x000000008a500000, 0x000000008a500000| Untracked 
| 166|0x000000008a600000, 0x000000008a600000, 0x000000008a700000|  0%| F|  |TAMS 0x000000008a600000, 0x000000008a600000| Untracked 
| 167|0x000000008a700000, 0x000000008a700000, 0x000000008a800000|  0%| F|  |TAMS 0x000000008a700000, 0x000000008a700000| Untracked 
| 168|0x000000008a800000, 0x000000008a800000, 0x000000008a900000|  0%| F|  |TAMS 0x000000008a800000, 0x000000008a800000| Untracked 
| 169|0x000000008a900000, 0x000000008a900000, 0x000000008aa00000|  0%| F|  |TAMS 0x000000008a900000, 0x000000008a900000| Untracked 
| 170|0x000000008aa00000, 0x000000008aa00000, 0x000000008ab00000|  0%| F|  |TAMS 0x000000008aa00000, 0x000000008aa00000| Untracked 
| 171|0x000000008ab00000, 0x000000008ab00000, 0x000000008ac00000|  0%| F|  |TAMS 0x000000008ab00000, 0x000000008ab00000| Untracked 
| 172|0x000000008ac00000, 0x000000008ac00000, 0x000000008ad00000|  0%| F|  |TAMS 0x000000008ac00000, 0x000000008ac00000| Untracked 
| 173|0x000000008ad00000, 0x000000008ad00000, 0x000000008ae00000|  0%| F|  |TAMS 0x000000008ad00000, 0x000000008ad00000| Untracked 
| 174|0x000000008ae00000, 0x000000008ae00000, 0x000000008af00000|  0%| F|  |TAMS 0x000000008ae00000, 0x000000008ae00000| Untracked 
| 175|0x000000008af00000, 0x000000008af00000, 0x000000008b000000|  0%| F|  |TAMS 0x000000008af00000, 0x000000008af00000| Untracked 
| 176|0x000000008b000000, 0x000000008b000000, 0x000000008b100000|  0%| F|  |TAMS 0x000000008b000000, 0x000000008b000000| Untracked 
| 177|0x000000008b100000, 0x000000008b100000, 0x000000008b200000|  0%| F|  |TAMS 0x000000008b100000, 0x000000008b100000| Untracked 
| 178|0x000000008b200000, 0x000000008b200000, 0x000000008b300000|  0%| F|  |TAMS 0x000000008b200000, 0x000000008b200000| Untracked 
| 179|0x000000008b300000, 0x000000008b300000, 0x000000008b400000|  0%| F|  |TAMS 0x000000008b300000, 0x000000008b300000| Untracked 
| 180|0x000000008b400000, 0x000000008b500000, 0x000000008b500000|100%| O|  |TAMS 0x000000008b500000, 0x000000008b400000| Untracked 
| 181|0x000000008b500000, 0x000000008b500000, 0x000000008b600000|  0%| F|  |TAMS 0x000000008b500000, 0x000000008b500000| Untracked 
| 182|0x000000008b600000, 0x000000008b600000, 0x000000008b700000|  0%| F|  |TAMS 0x000000008b600000, 0x000000008b600000| Untracked 
| 183|0x000000008b700000, 0x000000008b700000, 0x000000008b800000|  0%| F|  |TAMS 0x000000008b700000, 0x000000008b700000| Untracked 
| 184|0x000000008b800000, 0x000000008b800000, 0x000000008b900000|  0%| F|  |TAMS 0x000000008b800000, 0x000000008b800000| Untracked 
| 185|0x000000008b900000, 0x000000008b900000, 0x000000008ba00000|  0%| F|  |TAMS 0x000000008b900000, 0x000000008b900000| Untracked 
| 186|0x000000008ba00000, 0x000000008ba00000, 0x000000008bb00000|  0%| F|  |TAMS 0x000000008ba00000, 0x000000008ba00000| Untracked 
| 187|0x000000008bb00000, 0x000000008bb00000, 0x000000008bc00000|  0%| F|  |TAMS 0x000000008bb00000, 0x000000008bb00000| Untracked 
| 188|0x000000008bc00000, 0x000000008bc00000, 0x000000008bd00000|  0%| F|  |TAMS 0x000000008bc00000, 0x000000008bc00000| Untracked 
| 189|0x000000008bd00000, 0x000000008bd00000, 0x000000008be00000|  0%| F|  |TAMS 0x000000008bd00000, 0x000000008bd00000| Untracked 
| 190|0x000000008be00000, 0x000000008be00000, 0x000000008bf00000|  0%| F|  |TAMS 0x000000008be00000, 0x000000008be00000| Untracked 
| 191|0x000000008bf00000, 0x000000008bf00000, 0x000000008c000000|  0%| F|  |TAMS 0x000000008bf00000, 0x000000008bf00000| Untracked 
| 192|0x000000008c000000, 0x000000008c000000, 0x000000008c100000|  0%| F|  |TAMS 0x000000008c000000, 0x000000008c000000| Untracked 
| 193|0x000000008c100000, 0x000000008c100000, 0x000000008c200000|  0%| F|  |TAMS 0x000000008c100000, 0x000000008c100000| Untracked 
| 194|0x000000008c200000, 0x000000008c200000, 0x000000008c300000|  0%| F|  |TAMS 0x000000008c200000, 0x000000008c200000| Untracked 
| 195|0x000000008c300000, 0x000000008c400000, 0x000000008c400000|100%| O|  |TAMS 0x000000008c400000, 0x000000008c300000| Untracked 
| 196|0x000000008c400000, 0x000000008c500000, 0x000000008c500000|100%| O|  |TAMS 0x000000008c500000, 0x000000008c400000| Untracked 
| 197|0x000000008c500000, 0x000000008c500000, 0x000000008c600000|  0%| F|  |TAMS 0x000000008c500000, 0x000000008c500000| Untracked 
| 198|0x000000008c600000, 0x000000008c600000, 0x000000008c700000|  0%| F|  |TAMS 0x000000008c600000, 0x000000008c600000| Untracked 
| 199|0x000000008c700000, 0x000000008c700000, 0x000000008c800000|  0%| F|  |TAMS 0x000000008c700000, 0x000000008c700000| Untracked 
| 200|0x000000008c800000, 0x000000008c900000, 0x000000008c900000|100%| O|  |TAMS 0x000000008c900000, 0x000000008c800000| Untracked 
| 201|0x000000008c900000, 0x000000008ca00000, 0x000000008ca00000|100%| O|  |TAMS 0x000000008ca00000, 0x000000008c900000| Untracked 
| 202|0x000000008ca00000, 0x000000008ca00000, 0x000000008cb00000|  0%| F|  |TAMS 0x000000008ca00000, 0x000000008ca00000| Untracked 
| 203|0x000000008cb00000, 0x000000008cb00000, 0x000000008cc00000|  0%| F|  |TAMS 0x000000008cb00000, 0x000000008cb00000| Untracked 
| 204|0x000000008cc00000, 0x000000008cc00000, 0x000000008cd00000|  0%| F|  |TAMS 0x000000008cc00000, 0x000000008cc00000| Untracked 
| 205|0x000000008cd00000, 0x000000008cd00000, 0x000000008ce00000|  0%| F|  |TAMS 0x000000008cd00000, 0x000000008cd00000| Untracked 
| 206|0x000000008ce00000, 0x000000008ce00000, 0x000000008cf00000|  0%| F|  |TAMS 0x000000008ce00000, 0x000000008ce00000| Untracked 
| 207|0x000000008cf00000, 0x000000008d000000, 0x000000008d000000|100%| O|  |TAMS 0x000000008d000000, 0x000000008cf00000| Untracked 
| 208|0x000000008d000000, 0x000000008d000000, 0x000000008d100000|  0%| F|  |TAMS 0x000000008d000000, 0x000000008d000000| Untracked 
| 209|0x000000008d100000, 0x000000008d100000, 0x000000008d200000|  0%| F|  |TAMS 0x000000008d100000, 0x000000008d100000| Untracked 
| 210|0x000000008d200000, 0x000000008d200000, 0x000000008d300000|  0%| F|  |TAMS 0x000000008d200000, 0x000000008d200000| Untracked 
| 211|0x000000008d300000, 0x000000008d300000, 0x000000008d400000|  0%| F|  |TAMS 0x000000008d300000, 0x000000008d300000| Untracked 
| 212|0x000000008d400000, 0x000000008d400000, 0x000000008d500000|  0%| F|  |TAMS 0x000000008d400000, 0x000000008d400000| Untracked 
| 213|0x000000008d500000, 0x000000008d500000, 0x000000008d600000|  0%| F|  |TAMS 0x000000008d500000, 0x000000008d500000| Untracked 
| 214|0x000000008d600000, 0x000000008d600000, 0x000000008d700000|  0%| F|  |TAMS 0x000000008d600000, 0x000000008d600000| Untracked 
| 215|0x000000008d700000, 0x000000008d700000, 0x000000008d800000|  0%| F|  |TAMS 0x000000008d700000, 0x000000008d700000| Untracked 
| 216|0x000000008d800000, 0x000000008d800000, 0x000000008d900000|  0%| F|  |TAMS 0x000000008d800000, 0x000000008d800000| Untracked 
| 217|0x000000008d900000, 0x000000008d900000, 0x000000008da00000|  0%| F|  |TAMS 0x000000008d900000, 0x000000008d900000| Untracked 
| 218|0x000000008da00000, 0x000000008da00000, 0x000000008db00000|  0%| F|  |TAMS 0x000000008da00000, 0x000000008da00000| Untracked 
| 219|0x000000008db00000, 0x000000008dc00000, 0x000000008dc00000|100%|HS|  |TAMS 0x000000008dc00000, 0x000000008db00000| Complete 
| 220|0x000000008dc00000, 0x000000008dd00000, 0x000000008dd00000|100%|HC|  |TAMS 0x000000008dd00000, 0x000000008dc00000| Complete 
| 221|0x000000008dd00000, 0x000000008de00000, 0x000000008de00000|100%| O|  |TAMS 0x000000008de00000, 0x000000008dd00000| Untracked 
| 222|0x000000008de00000, 0x000000008df00000, 0x000000008df00000|100%| O|  |TAMS 0x000000008df00000, 0x000000008de00000| Untracked 
| 223|0x000000008df00000, 0x000000008e000000, 0x000000008e000000|100%| O|  |TAMS 0x000000008e000000, 0x000000008df00000| Untracked 
| 224|0x000000008e000000, 0x000000008e100000, 0x000000008e100000|100%| O|  |TAMS 0x000000008e100000, 0x000000008e000000| Untracked 
| 225|0x000000008e100000, 0x000000008e200000, 0x000000008e200000|100%| O|  |TAMS 0x000000008e200000, 0x000000008e100000| Untracked 
| 226|0x000000008e200000, 0x000000008e300000, 0x000000008e300000|100%| O|  |TAMS 0x000000008e300000, 0x000000008e200000| Untracked 
| 227|0x000000008e300000, 0x000000008e400000, 0x000000008e400000|100%| O|  |TAMS 0x000000008e400000, 0x000000008e300000| Untracked 
| 228|0x000000008e400000, 0x000000008e500000, 0x000000008e500000|100%| O|  |TAMS 0x000000008e500000, 0x000000008e400000| Untracked 
| 229|0x000000008e500000, 0x000000008e600000, 0x000000008e600000|100%| O|  |TAMS 0x000000008e600000, 0x000000008e500000| Untracked 
| 230|0x000000008e600000, 0x000000008e700000, 0x000000008e700000|100%| O|  |TAMS 0x000000008e700000, 0x000000008e600000| Untracked 
| 231|0x000000008e700000, 0x000000008e800000, 0x000000008e800000|100%| O|  |TAMS 0x000000008e800000, 0x000000008e700000| Untracked 
| 232|0x000000008e800000, 0x000000008e900000, 0x000000008e900000|100%| O|  |TAMS 0x000000008e900000, 0x000000008e800000| Untracked 
| 233|0x000000008e900000, 0x000000008ea00000, 0x000000008ea00000|100%| O|  |TAMS 0x000000008ea00000, 0x000000008e900000| Untracked 
| 234|0x000000008ea00000, 0x000000008eb00000, 0x000000008eb00000|100%| O|  |TAMS 0x000000008eb00000, 0x000000008ea00000| Untracked 
| 235|0x000000008eb00000, 0x000000008ec00000, 0x000000008ec00000|100%| O|  |TAMS 0x000000008ec00000, 0x000000008eb00000| Untracked 
| 236|0x000000008ec00000, 0x000000008ed00000, 0x000000008ed00000|100%| O|  |TAMS 0x000000008ed00000, 0x000000008ec00000| Untracked 
| 237|0x000000008ed00000, 0x000000008ee00000, 0x000000008ee00000|100%| O|  |TAMS 0x000000008ee00000, 0x000000008ed00000| Untracked 
| 238|0x000000008ee00000, 0x000000008eeb4000, 0x000000008ef00000| 70%| O|  |TAMS 0x000000008eeb4000, 0x000000008ee00000| Untracked 
| 239|0x000000008ef00000, 0x000000008ef00000, 0x000000008f000000|  0%| F|  |TAMS 0x000000008ef00000, 0x000000008ef00000| Untracked 
| 240|0x000000008f000000, 0x000000008f000000, 0x000000008f100000|  0%| F|  |TAMS 0x000000008f000000, 0x000000008f000000| Untracked 
| 241|0x000000008f100000, 0x000000008f100000, 0x000000008f200000|  0%| F|  |TAMS 0x000000008f100000, 0x000000008f100000| Untracked 
| 242|0x000000008f200000, 0x000000008f200000, 0x000000008f300000|  0%| F|  |TAMS 0x000000008f200000, 0x000000008f200000| Untracked 
| 243|0x000000008f300000, 0x000000008f300000, 0x000000008f400000|  0%| F|  |TAMS 0x000000008f300000, 0x000000008f300000| Untracked 
| 244|0x000000008f400000, 0x000000008f400000, 0x000000008f500000|  0%| F|  |TAMS 0x000000008f400000, 0x000000008f400000| Untracked 
| 245|0x000000008f500000, 0x000000008f500000, 0x000000008f600000|  0%| F|  |TAMS 0x000000008f500000, 0x000000008f500000| Untracked 
| 246|0x000000008f600000, 0x000000008f600000, 0x000000008f700000|  0%| F|  |TAMS 0x000000008f600000, 0x000000008f600000| Untracked 
| 247|0x000000008f700000, 0x000000008f700000, 0x000000008f800000|  0%| F|  |TAMS 0x000000008f700000, 0x000000008f700000| Untracked 
| 248|0x000000008f800000, 0x000000008f800000, 0x000000008f900000|  0%| F|  |TAMS 0x000000008f800000, 0x000000008f800000| Untracked 
| 249|0x000000008f900000, 0x000000008f900000, 0x000000008fa00000|  0%| F|  |TAMS 0x000000008f900000, 0x000000008f900000| Untracked 
| 250|0x000000008fa00000, 0x000000008fa00000, 0x000000008fb00000|  0%| F|  |TAMS 0x000000008fa00000, 0x000000008fa00000| Untracked 
| 251|0x000000008fb00000, 0x000000008fb00000, 0x000000008fc00000|  0%| F|  |TAMS 0x000000008fb00000, 0x000000008fb00000| Untracked 
| 252|0x000000008fc00000, 0x000000008fc00000, 0x000000008fd00000|  0%| F|  |TAMS 0x000000008fc00000, 0x000000008fc00000| Untracked 
| 253|0x000000008fd00000, 0x000000008fd00000, 0x000000008fe00000|  0%| F|  |TAMS 0x000000008fd00000, 0x000000008fd00000| Untracked 
| 254|0x000000008fe00000, 0x000000008fe00000, 0x000000008ff00000|  0%| F|  |TAMS 0x000000008fe00000, 0x000000008fe00000| Untracked 
| 255|0x000000008ff00000, 0x000000008ff00000, 0x0000000090000000|  0%| F|  |TAMS 0x000000008ff00000, 0x000000008ff00000| Untracked 
| 256|0x0000000090000000, 0x0000000090000000, 0x0000000090100000|  0%| F|  |TAMS 0x0000000090000000, 0x0000000090000000| Untracked 
| 257|0x0000000090100000, 0x0000000090100000, 0x0000000090200000|  0%| F|  |TAMS 0x0000000090100000, 0x0000000090100000| Untracked 
| 258|0x0000000090200000, 0x0000000090200000, 0x0000000090300000|  0%| F|  |TAMS 0x0000000090200000, 0x0000000090200000| Untracked 
| 259|0x0000000090300000, 0x0000000090300000, 0x0000000090400000|  0%| F|  |TAMS 0x0000000090300000, 0x0000000090300000| Untracked 
| 260|0x0000000090400000, 0x0000000090400000, 0x0000000090500000|  0%| F|  |TAMS 0x0000000090400000, 0x0000000090400000| Untracked 
| 261|0x0000000090500000, 0x0000000090500000, 0x0000000090600000|  0%| F|  |TAMS 0x0000000090500000, 0x0000000090500000| Untracked 
| 262|0x0000000090600000, 0x0000000090600000, 0x0000000090700000|  0%| F|  |TAMS 0x0000000090600000, 0x0000000090600000| Untracked 
| 263|0x0000000090700000, 0x0000000090700000, 0x0000000090800000|  0%| F|  |TAMS 0x0000000090700000, 0x0000000090700000| Untracked 
| 264|0x0000000090800000, 0x0000000090800000, 0x0000000090900000|  0%| F|  |TAMS 0x0000000090800000, 0x0000000090800000| Untracked 
| 265|0x0000000090900000, 0x0000000090900000, 0x0000000090a00000|  0%| F|  |TAMS 0x0000000090900000, 0x0000000090900000| Untracked 
| 266|0x0000000090a00000, 0x0000000090a00000, 0x0000000090b00000|  0%| F|  |TAMS 0x0000000090a00000, 0x0000000090a00000| Untracked 
| 267|0x0000000090b00000, 0x0000000090b00000, 0x0000000090c00000|  0%| F|  |TAMS 0x0000000090b00000, 0x0000000090b00000| Untracked 
| 268|0x0000000090c00000, 0x0000000090c00000, 0x0000000090d00000|  0%| F|  |TAMS 0x0000000090c00000, 0x0000000090c00000| Untracked 
| 269|0x0000000090d00000, 0x0000000090d00000, 0x0000000090e00000|  0%| F|  |TAMS 0x0000000090d00000, 0x0000000090d00000| Untracked 
| 270|0x0000000090e00000, 0x0000000090e00000, 0x0000000090f00000|  0%| F|  |TAMS 0x0000000090e00000, 0x0000000090e00000| Untracked 
| 271|0x0000000090f00000, 0x0000000090f00000, 0x0000000091000000|  0%| F|  |TAMS 0x0000000090f00000, 0x0000000090f00000| Untracked 
| 272|0x0000000091000000, 0x0000000091000000, 0x0000000091100000|  0%| F|  |TAMS 0x0000000091000000, 0x0000000091000000| Untracked 
| 273|0x0000000091100000, 0x0000000091100000, 0x0000000091200000|  0%| F|  |TAMS 0x0000000091100000, 0x0000000091100000| Untracked 
| 274|0x0000000091200000, 0x0000000091200000, 0x0000000091300000|  0%| F|  |TAMS 0x0000000091200000, 0x0000000091200000| Untracked 
| 275|0x0000000091300000, 0x0000000091300000, 0x0000000091400000|  0%| F|  |TAMS 0x0000000091300000, 0x0000000091300000| Untracked 
| 276|0x0000000091400000, 0x0000000091400000, 0x0000000091500000|  0%| F|  |TAMS 0x0000000091400000, 0x0000000091400000| Untracked 
| 277|0x0000000091500000, 0x0000000091500000, 0x0000000091600000|  0%| F|  |TAMS 0x0000000091500000, 0x0000000091500000| Untracked 
| 278|0x0000000091600000, 0x0000000091600000, 0x0000000091700000|  0%| F|  |TAMS 0x0000000091600000, 0x0000000091600000| Untracked 
| 279|0x0000000091700000, 0x0000000091700000, 0x0000000091800000|  0%| F|  |TAMS 0x0000000091700000, 0x0000000091700000| Untracked 
| 280|0x0000000091800000, 0x0000000091800000, 0x0000000091900000|  0%| F|  |TAMS 0x0000000091800000, 0x0000000091800000| Untracked 
| 281|0x0000000091900000, 0x0000000091900000, 0x0000000091a00000|  0%| F|  |TAMS 0x0000000091900000, 0x0000000091900000| Untracked 
| 282|0x0000000091a00000, 0x0000000091a00000, 0x0000000091b00000|  0%| F|  |TAMS 0x0000000091a00000, 0x0000000091a00000| Untracked 
| 283|0x0000000091b00000, 0x0000000091b00000, 0x0000000091c00000|  0%| F|  |TAMS 0x0000000091b00000, 0x0000000091b00000| Untracked 
| 284|0x0000000091c00000, 0x0000000091c00000, 0x0000000091d00000|  0%| F|  |TAMS 0x0000000091c00000, 0x0000000091c00000| Untracked 
| 285|0x0000000091d00000, 0x0000000091d00000, 0x0000000091e00000|  0%| F|  |TAMS 0x0000000091d00000, 0x0000000091d00000| Untracked 
| 286|0x0000000091e00000, 0x0000000091e00000, 0x0000000091f00000|  0%| F|  |TAMS 0x0000000091e00000, 0x0000000091e00000| Untracked 
| 287|0x0000000091f00000, 0x0000000091f00000, 0x0000000092000000|  0%| F|  |TAMS 0x0000000091f00000, 0x0000000091f00000| Untracked 
| 288|0x0000000092000000, 0x0000000092000000, 0x0000000092100000|  0%| F|  |TAMS 0x0000000092000000, 0x0000000092000000| Untracked 
| 289|0x0000000092100000, 0x0000000092100000, 0x0000000092200000|  0%| F|  |TAMS 0x0000000092100000, 0x0000000092100000| Untracked 
| 290|0x0000000092200000, 0x0000000092200000, 0x0000000092300000|  0%| F|  |TAMS 0x0000000092200000, 0x0000000092200000| Untracked 
| 291|0x0000000092300000, 0x0000000092300000, 0x0000000092400000|  0%| F|  |TAMS 0x0000000092300000, 0x0000000092300000| Untracked 
| 292|0x0000000092400000, 0x0000000092400000, 0x0000000092500000|  0%| F|  |TAMS 0x0000000092400000, 0x0000000092400000| Untracked 
| 293|0x0000000092500000, 0x0000000092500000, 0x0000000092600000|  0%| F|  |TAMS 0x0000000092500000, 0x0000000092500000| Untracked 
| 294|0x0000000092600000, 0x0000000092600000, 0x0000000092700000|  0%| F|  |TAMS 0x0000000092600000, 0x0000000092600000| Untracked 
| 295|0x0000000092700000, 0x0000000092700000, 0x0000000092800000|  0%| F|  |TAMS 0x0000000092700000, 0x0000000092700000| Untracked 
| 296|0x0000000092800000, 0x0000000092800000, 0x0000000092900000|  0%| F|  |TAMS 0x0000000092800000, 0x0000000092800000| Untracked 
| 297|0x0000000092900000, 0x0000000092900000, 0x0000000092a00000|  0%| F|  |TAMS 0x0000000092900000, 0x0000000092900000| Untracked 
| 298|0x0000000092a00000, 0x0000000092a00000, 0x0000000092b00000|  0%| F|  |TAMS 0x0000000092a00000, 0x0000000092a00000| Untracked 
| 299|0x0000000092b00000, 0x0000000092b00000, 0x0000000092c00000|  0%| F|  |TAMS 0x0000000092b00000, 0x0000000092b00000| Untracked 
| 300|0x0000000092c00000, 0x0000000092c00000, 0x0000000092d00000|  0%| F|  |TAMS 0x0000000092c00000, 0x0000000092c00000| Untracked 
| 301|0x0000000092d00000, 0x0000000092d00000, 0x0000000092e00000|  0%| F|  |TAMS 0x0000000092d00000, 0x0000000092d00000| Untracked 
| 302|0x0000000092e00000, 0x0000000092e00000, 0x0000000092f00000|  0%| F|  |TAMS 0x0000000092e00000, 0x0000000092e00000| Untracked 
| 303|0x0000000092f00000, 0x0000000092f00000, 0x0000000093000000|  0%| F|  |TAMS 0x0000000092f00000, 0x0000000092f00000| Untracked 
| 304|0x0000000093000000, 0x0000000093000000, 0x0000000093100000|  0%| F|  |TAMS 0x0000000093000000, 0x0000000093000000| Untracked 
| 305|0x0000000093100000, 0x0000000093100000, 0x0000000093200000|  0%| F|  |TAMS 0x0000000093100000, 0x0000000093100000| Untracked 
| 306|0x0000000093200000, 0x0000000093200000, 0x0000000093300000|  0%| F|  |TAMS 0x0000000093200000, 0x0000000093200000| Untracked 
| 307|0x0000000093300000, 0x0000000093300000, 0x0000000093400000|  0%| F|  |TAMS 0x0000000093300000, 0x0000000093300000| Untracked 
| 308|0x0000000093400000, 0x0000000093400000, 0x0000000093500000|  0%| F|  |TAMS 0x0000000093400000, 0x0000000093400000| Untracked 
| 309|0x0000000093500000, 0x0000000093500000, 0x0000000093600000|  0%| F|  |TAMS 0x0000000093500000, 0x0000000093500000| Untracked 
| 310|0x0000000093600000, 0x0000000093600000, 0x0000000093700000|  0%| F|  |TAMS 0x0000000093600000, 0x0000000093600000| Untracked 
| 311|0x0000000093700000, 0x0000000093700000, 0x0000000093800000|  0%| F|  |TAMS 0x0000000093700000, 0x0000000093700000| Untracked 
| 312|0x0000000093800000, 0x0000000093800000, 0x0000000093900000|  0%| F|  |TAMS 0x0000000093800000, 0x0000000093800000| Untracked 
| 313|0x0000000093900000, 0x0000000093900000, 0x0000000093a00000|  0%| F|  |TAMS 0x0000000093900000, 0x0000000093900000| Untracked 
| 314|0x0000000093a00000, 0x0000000093a00000, 0x0000000093b00000|  0%| F|  |TAMS 0x0000000093a00000, 0x0000000093a00000| Untracked 
| 315|0x0000000093b00000, 0x0000000093b00000, 0x0000000093c00000|  0%| F|  |TAMS 0x0000000093b00000, 0x0000000093b00000| Untracked 
| 316|0x0000000093c00000, 0x0000000093c00000, 0x0000000093d00000|  0%| F|  |TAMS 0x0000000093c00000, 0x0000000093c00000| Untracked 
| 317|0x0000000093d00000, 0x0000000093d00000, 0x0000000093e00000|  0%| F|  |TAMS 0x0000000093d00000, 0x0000000093d00000| Untracked 
| 318|0x0000000093e00000, 0x0000000093e00000, 0x0000000093f00000|  0%| F|  |TAMS 0x0000000093e00000, 0x0000000093e00000| Untracked 
| 319|0x0000000093f00000, 0x0000000093f00000, 0x0000000094000000|  0%| F|  |TAMS 0x0000000093f00000, 0x0000000093f00000| Untracked 
| 320|0x0000000094000000, 0x0000000094000000, 0x0000000094100000|  0%| F|  |TAMS 0x0000000094000000, 0x0000000094000000| Untracked 
| 321|0x0000000094100000, 0x0000000094100000, 0x0000000094200000|  0%| F|  |TAMS 0x0000000094100000, 0x0000000094100000| Untracked 
| 322|0x0000000094200000, 0x0000000094200000, 0x0000000094300000|  0%| F|  |TAMS 0x0000000094200000, 0x0000000094200000| Untracked 
| 323|0x0000000094300000, 0x0000000094300000, 0x0000000094400000|  0%| F|  |TAMS 0x0000000094300000, 0x0000000094300000| Untracked 
| 324|0x0000000094400000, 0x0000000094400000, 0x0000000094500000|  0%| F|  |TAMS 0x0000000094400000, 0x0000000094400000| Untracked 
| 325|0x0000000094500000, 0x0000000094500000, 0x0000000094600000|  0%| F|  |TAMS 0x0000000094500000, 0x0000000094500000| Untracked 
| 326|0x0000000094600000, 0x0000000094600000, 0x0000000094700000|  0%| F|  |TAMS 0x0000000094600000, 0x0000000094600000| Untracked 
| 327|0x0000000094700000, 0x0000000094700000, 0x0000000094800000|  0%| F|  |TAMS 0x0000000094700000, 0x0000000094700000| Untracked 
| 328|0x0000000094800000, 0x0000000094800000, 0x0000000094900000|  0%| F|  |TAMS 0x0000000094800000, 0x0000000094800000| Untracked 
| 329|0x0000000094900000, 0x0000000094900000, 0x0000000094a00000|  0%| F|  |TAMS 0x0000000094900000, 0x0000000094900000| Untracked 
| 330|0x0000000094a00000, 0x0000000094a00000, 0x0000000094b00000|  0%| F|  |TAMS 0x0000000094a00000, 0x0000000094a00000| Untracked 
| 331|0x0000000094b00000, 0x0000000094b00000, 0x0000000094c00000|  0%| F|  |TAMS 0x0000000094b00000, 0x0000000094b00000| Untracked 
| 332|0x0000000094c00000, 0x0000000094c00000, 0x0000000094d00000|  0%| F|  |TAMS 0x0000000094c00000, 0x0000000094c00000| Untracked 
| 333|0x0000000094d00000, 0x0000000094d00000, 0x0000000094e00000|  0%| F|  |TAMS 0x0000000094d00000, 0x0000000094d00000| Untracked 
| 334|0x0000000094e00000, 0x0000000094e00000, 0x0000000094f00000|  0%| F|  |TAMS 0x0000000094e00000, 0x0000000094e00000| Untracked 
| 335|0x0000000094f00000, 0x0000000094f00000, 0x0000000095000000|  0%| F|  |TAMS 0x0000000094f00000, 0x0000000094f00000| Untracked 
| 336|0x0000000095000000, 0x0000000095000000, 0x0000000095100000|  0%| F|  |TAMS 0x0000000095000000, 0x0000000095000000| Untracked 
| 337|0x0000000095100000, 0x0000000095100000, 0x0000000095200000|  0%| F|  |TAMS 0x0000000095100000, 0x0000000095100000| Untracked 
| 338|0x0000000095200000, 0x0000000095200000, 0x0000000095300000|  0%| F|  |TAMS 0x0000000095200000, 0x0000000095200000| Untracked 
| 339|0x0000000095300000, 0x0000000095300000, 0x0000000095400000|  0%| F|  |TAMS 0x0000000095300000, 0x0000000095300000| Untracked 
| 340|0x0000000095400000, 0x0000000095400000, 0x0000000095500000|  0%| F|  |TAMS 0x0000000095400000, 0x0000000095400000| Untracked 
| 341|0x0000000095500000, 0x0000000095500000, 0x0000000095600000|  0%| F|  |TAMS 0x0000000095500000, 0x0000000095500000| Untracked 
| 342|0x0000000095600000, 0x0000000095600000, 0x0000000095700000|  0%| F|  |TAMS 0x0000000095600000, 0x0000000095600000| Untracked 
| 343|0x0000000095700000, 0x0000000095700000, 0x0000000095800000|  0%| F|  |TAMS 0x0000000095700000, 0x0000000095700000| Untracked 
| 344|0x0000000095800000, 0x0000000095800000, 0x0000000095900000|  0%| F|  |TAMS 0x0000000095800000, 0x0000000095800000| Untracked 
| 345|0x0000000095900000, 0x0000000095900000, 0x0000000095a00000|  0%| F|  |TAMS 0x0000000095900000, 0x0000000095900000| Untracked 
| 346|0x0000000095a00000, 0x0000000095a00000, 0x0000000095b00000|  0%| F|  |TAMS 0x0000000095a00000, 0x0000000095a00000| Untracked 
| 347|0x0000000095b00000, 0x0000000095b00000, 0x0000000095c00000|  0%| F|  |TAMS 0x0000000095b00000, 0x0000000095b00000| Untracked 
| 348|0x0000000095c00000, 0x0000000095c00000, 0x0000000095d00000|  0%| F|  |TAMS 0x0000000095c00000, 0x0000000095c00000| Untracked 
| 349|0x0000000095d00000, 0x0000000095d00000, 0x0000000095e00000|  0%| F|  |TAMS 0x0000000095d00000, 0x0000000095d00000| Untracked 
| 350|0x0000000095e00000, 0x0000000095e00000, 0x0000000095f00000|  0%| F|  |TAMS 0x0000000095e00000, 0x0000000095e00000| Untracked 
| 351|0x0000000095f00000, 0x0000000095f00000, 0x0000000096000000|  0%| F|  |TAMS 0x0000000095f00000, 0x0000000095f00000| Untracked 
| 352|0x0000000096000000, 0x0000000096000000, 0x0000000096100000|  0%| F|  |TAMS 0x0000000096000000, 0x0000000096000000| Untracked 
| 353|0x0000000096100000, 0x0000000096100000, 0x0000000096200000|  0%| F|  |TAMS 0x0000000096100000, 0x0000000096100000| Untracked 
| 354|0x0000000096200000, 0x0000000096200000, 0x0000000096300000|  0%| F|  |TAMS 0x0000000096200000, 0x0000000096200000| Untracked 
| 355|0x0000000096300000, 0x0000000096300000, 0x0000000096400000|  0%| F|  |TAMS 0x0000000096300000, 0x0000000096300000| Untracked 
| 356|0x0000000096400000, 0x0000000096400000, 0x0000000096500000|  0%| F|  |TAMS 0x0000000096400000, 0x0000000096400000| Untracked 
| 357|0x0000000096500000, 0x0000000096500000, 0x0000000096600000|  0%| F|  |TAMS 0x0000000096500000, 0x0000000096500000| Untracked 
| 358|0x0000000096600000, 0x0000000096600000, 0x0000000096700000|  0%| F|  |TAMS 0x0000000096600000, 0x0000000096600000| Untracked 
| 359|0x0000000096700000, 0x0000000096700000, 0x0000000096800000|  0%| F|  |TAMS 0x0000000096700000, 0x0000000096700000| Untracked 
| 360|0x0000000096800000, 0x0000000096800000, 0x0000000096900000|  0%| F|  |TAMS 0x0000000096800000, 0x0000000096800000| Untracked 
| 361|0x0000000096900000, 0x0000000096900000, 0x0000000096a00000|  0%| F|  |TAMS 0x0000000096900000, 0x0000000096900000| Untracked 
| 362|0x0000000096a00000, 0x0000000096a00000, 0x0000000096b00000|  0%| F|  |TAMS 0x0000000096a00000, 0x0000000096a00000| Untracked 
| 363|0x0000000096b00000, 0x0000000096b00000, 0x0000000096c00000|  0%| F|  |TAMS 0x0000000096b00000, 0x0000000096b00000| Untracked 
| 364|0x0000000096c00000, 0x0000000096c00000, 0x0000000096d00000|  0%| F|  |TAMS 0x0000000096c00000, 0x0000000096c00000| Untracked 
| 365|0x0000000096d00000, 0x0000000096d00000, 0x0000000096e00000|  0%| F|  |TAMS 0x0000000096d00000, 0x0000000096d00000| Untracked 
| 366|0x0000000096e00000, 0x0000000096e00000, 0x0000000096f00000|  0%| F|  |TAMS 0x0000000096e00000, 0x0000000096e00000| Untracked 
| 367|0x0000000096f00000, 0x0000000096f00000, 0x0000000097000000|  0%| F|  |TAMS 0x0000000096f00000, 0x0000000096f00000| Untracked 
| 368|0x0000000097000000, 0x0000000097000000, 0x0000000097100000|  0%| F|  |TAMS 0x0000000097000000, 0x0000000097000000| Untracked 
| 369|0x0000000097100000, 0x0000000097100000, 0x0000000097200000|  0%| F|  |TAMS 0x0000000097100000, 0x0000000097100000| Untracked 
| 370|0x0000000097200000, 0x0000000097200000, 0x0000000097300000|  0%| F|  |TAMS 0x0000000097200000, 0x0000000097200000| Untracked 
| 371|0x0000000097300000, 0x0000000097300000, 0x0000000097400000|  0%| F|  |TAMS 0x0000000097300000, 0x0000000097300000| Untracked 
| 372|0x0000000097400000, 0x0000000097400000, 0x0000000097500000|  0%| F|  |TAMS 0x0000000097400000, 0x0000000097400000| Untracked 
| 373|0x0000000097500000, 0x0000000097500000, 0x0000000097600000|  0%| F|  |TAMS 0x0000000097500000, 0x0000000097500000| Untracked 
| 374|0x0000000097600000, 0x0000000097600000, 0x0000000097700000|  0%| F|  |TAMS 0x0000000097600000, 0x0000000097600000| Untracked 
| 375|0x0000000097700000, 0x0000000097700000, 0x0000000097800000|  0%| F|  |TAMS 0x0000000097700000, 0x0000000097700000| Untracked 
| 376|0x0000000097800000, 0x0000000097800000, 0x0000000097900000|  0%| F|  |TAMS 0x0000000097800000, 0x0000000097800000| Untracked 
| 377|0x0000000097900000, 0x0000000097900000, 0x0000000097a00000|  0%| F|  |TAMS 0x0000000097900000, 0x0000000097900000| Untracked 
| 378|0x0000000097a00000, 0x0000000097a00000, 0x0000000097b00000|  0%| F|  |TAMS 0x0000000097a00000, 0x0000000097a00000| Untracked 
| 379|0x0000000097b00000, 0x0000000097b00000, 0x0000000097c00000|  0%| F|  |TAMS 0x0000000097b00000, 0x0000000097b00000| Untracked 
| 380|0x0000000097c00000, 0x0000000097c00000, 0x0000000097d00000|  0%| F|  |TAMS 0x0000000097c00000, 0x0000000097c00000| Untracked 
| 381|0x0000000097d00000, 0x0000000097d00000, 0x0000000097e00000|  0%| F|  |TAMS 0x0000000097d00000, 0x0000000097d00000| Untracked 
| 382|0x0000000097e00000, 0x0000000097e00000, 0x0000000097f00000|  0%| F|  |TAMS 0x0000000097e00000, 0x0000000097e00000| Untracked 
| 383|0x0000000097f00000, 0x0000000097f00000, 0x0000000098000000|  0%| F|  |TAMS 0x0000000097f00000, 0x0000000097f00000| Untracked 
| 384|0x0000000098000000, 0x0000000098000000, 0x0000000098100000|  0%| F|  |TAMS 0x0000000098000000, 0x0000000098000000| Untracked 
| 385|0x0000000098100000, 0x0000000098100000, 0x0000000098200000|  0%| F|  |TAMS 0x0000000098100000, 0x0000000098100000| Untracked 
| 386|0x0000000098200000, 0x0000000098200000, 0x0000000098300000|  0%| F|  |TAMS 0x0000000098200000, 0x0000000098200000| Untracked 
| 387|0x0000000098300000, 0x0000000098300000, 0x0000000098400000|  0%| F|  |TAMS 0x0000000098300000, 0x0000000098300000| Untracked 
| 388|0x0000000098400000, 0x0000000098400000, 0x0000000098500000|  0%| F|  |TAMS 0x0000000098400000, 0x0000000098400000| Untracked 
| 389|0x0000000098500000, 0x0000000098500000, 0x0000000098600000|  0%| F|  |TAMS 0x0000000098500000, 0x0000000098500000| Untracked 
| 390|0x0000000098600000, 0x0000000098600000, 0x0000000098700000|  0%| F|  |TAMS 0x0000000098600000, 0x0000000098600000| Untracked 
| 391|0x0000000098700000, 0x0000000098700000, 0x0000000098800000|  0%| F|  |TAMS 0x0000000098700000, 0x0000000098700000| Untracked 
| 392|0x0000000098800000, 0x0000000098800000, 0x0000000098900000|  0%| F|  |TAMS 0x0000000098800000, 0x0000000098800000| Untracked 
| 393|0x0000000098900000, 0x0000000098900000, 0x0000000098a00000|  0%| F|  |TAMS 0x0000000098900000, 0x0000000098900000| Untracked 
| 394|0x0000000098a00000, 0x0000000098a00000, 0x0000000098b00000|  0%| F|  |TAMS 0x0000000098a00000, 0x0000000098a00000| Untracked 
| 395|0x0000000098b00000, 0x0000000098b00000, 0x0000000098c00000|  0%| F|  |TAMS 0x0000000098b00000, 0x0000000098b00000| Untracked 
| 396|0x0000000098c00000, 0x0000000098c00000, 0x0000000098d00000|  0%| F|  |TAMS 0x0000000098c00000, 0x0000000098c00000| Untracked 
| 397|0x0000000098d00000, 0x0000000098d00000, 0x0000000098e00000|  0%| F|  |TAMS 0x0000000098d00000, 0x0000000098d00000| Untracked 
| 398|0x0000000098e00000, 0x0000000098e00000, 0x0000000098f00000|  0%| F|  |TAMS 0x0000000098e00000, 0x0000000098e00000| Untracked 
| 399|0x0000000098f00000, 0x0000000098f00000, 0x0000000099000000|  0%| F|  |TAMS 0x0000000098f00000, 0x0000000098f00000| Untracked 
| 400|0x0000000099000000, 0x0000000099000000, 0x0000000099100000|  0%| F|  |TAMS 0x0000000099000000, 0x0000000099000000| Untracked 
| 401|0x0000000099100000, 0x0000000099100000, 0x0000000099200000|  0%| F|  |TAMS 0x0000000099100000, 0x0000000099100000| Untracked 
| 402|0x0000000099200000, 0x0000000099200000, 0x0000000099300000|  0%| F|  |TAMS 0x0000000099200000, 0x0000000099200000| Untracked 
| 403|0x0000000099300000, 0x0000000099300000, 0x0000000099400000|  0%| F|  |TAMS 0x0000000099300000, 0x0000000099300000| Untracked 
| 404|0x0000000099400000, 0x0000000099400000, 0x0000000099500000|  0%| F|  |TAMS 0x0000000099400000, 0x0000000099400000| Untracked 
| 405|0x0000000099500000, 0x0000000099500000, 0x0000000099600000|  0%| F|  |TAMS 0x0000000099500000, 0x0000000099500000| Untracked 
| 406|0x0000000099600000, 0x0000000099600000, 0x0000000099700000|  0%| F|  |TAMS 0x0000000099600000, 0x0000000099600000| Untracked 
| 407|0x0000000099700000, 0x0000000099700000, 0x0000000099800000|  0%| F|  |TAMS 0x0000000099700000, 0x0000000099700000| Untracked 
| 408|0x0000000099800000, 0x0000000099800000, 0x0000000099900000|  0%| F|  |TAMS 0x0000000099800000, 0x0000000099800000| Untracked 
| 409|0x0000000099900000, 0x0000000099900000, 0x0000000099a00000|  0%| F|  |TAMS 0x0000000099900000, 0x0000000099900000| Untracked 
| 410|0x0000000099a00000, 0x0000000099a00000, 0x0000000099b00000|  0%| F|  |TAMS 0x0000000099a00000, 0x0000000099a00000| Untracked 
| 411|0x0000000099b00000, 0x0000000099b00000, 0x0000000099c00000|  0%| F|  |TAMS 0x0000000099b00000, 0x0000000099b00000| Untracked 
| 412|0x0000000099c00000, 0x0000000099c00000, 0x0000000099d00000|  0%| F|  |TAMS 0x0000000099c00000, 0x0000000099c00000| Untracked 
| 413|0x0000000099d00000, 0x0000000099d00000, 0x0000000099e00000|  0%| F|  |TAMS 0x0000000099d00000, 0x0000000099d00000| Untracked 
| 414|0x0000000099e00000, 0x0000000099e00000, 0x0000000099f00000|  0%| F|  |TAMS 0x0000000099e00000, 0x0000000099e00000| Untracked 
| 415|0x0000000099f00000, 0x0000000099f00000, 0x000000009a000000|  0%| F|  |TAMS 0x0000000099f00000, 0x0000000099f00000| Untracked 
| 416|0x000000009a000000, 0x000000009a000000, 0x000000009a100000|  0%| F|  |TAMS 0x000000009a000000, 0x000000009a000000| Untracked 
| 417|0x000000009a100000, 0x000000009a100000, 0x000000009a200000|  0%| F|  |TAMS 0x000000009a100000, 0x000000009a100000| Untracked 
| 418|0x000000009a200000, 0x000000009a200000, 0x000000009a300000|  0%| F|  |TAMS 0x000000009a200000, 0x000000009a200000| Untracked 
| 419|0x000000009a300000, 0x000000009a300000, 0x000000009a400000|  0%| F|  |TAMS 0x000000009a300000, 0x000000009a300000| Untracked 
| 420|0x000000009a400000, 0x000000009a400000, 0x000000009a500000|  0%| F|  |TAMS 0x000000009a400000, 0x000000009a400000| Untracked 
| 421|0x000000009a500000, 0x000000009a500000, 0x000000009a600000|  0%| F|  |TAMS 0x000000009a500000, 0x000000009a500000| Untracked 
| 422|0x000000009a600000, 0x000000009a600000, 0x000000009a700000|  0%| F|  |TAMS 0x000000009a600000, 0x000000009a600000| Untracked 
| 423|0x000000009a700000, 0x000000009a700000, 0x000000009a800000|  0%| F|  |TAMS 0x000000009a700000, 0x000000009a700000| Untracked 
| 424|0x000000009a800000, 0x000000009a800000, 0x000000009a900000|  0%| F|  |TAMS 0x000000009a800000, 0x000000009a800000| Untracked 
| 425|0x000000009a900000, 0x000000009a900000, 0x000000009aa00000|  0%| F|  |TAMS 0x000000009a900000, 0x000000009a900000| Untracked 
| 426|0x000000009aa00000, 0x000000009aa00000, 0x000000009ab00000|  0%| F|  |TAMS 0x000000009aa00000, 0x000000009aa00000| Untracked 
| 427|0x000000009ab00000, 0x000000009ab00000, 0x000000009ac00000|  0%| F|  |TAMS 0x000000009ab00000, 0x000000009ab00000| Untracked 
| 428|0x000000009ac00000, 0x000000009ac00000, 0x000000009ad00000|  0%| F|  |TAMS 0x000000009ac00000, 0x000000009ac00000| Untracked 
| 429|0x000000009ad00000, 0x000000009ad00000, 0x000000009ae00000|  0%| F|  |TAMS 0x000000009ad00000, 0x000000009ad00000| Untracked 
| 430|0x000000009ae00000, 0x000000009ae00000, 0x000000009af00000|  0%| F|  |TAMS 0x000000009ae00000, 0x000000009ae00000| Untracked 
| 431|0x000000009af00000, 0x000000009af00000, 0x000000009b000000|  0%| F|  |TAMS 0x000000009af00000, 0x000000009af00000| Untracked 
| 432|0x000000009b000000, 0x000000009b000000, 0x000000009b100000|  0%| F|  |TAMS 0x000000009b000000, 0x000000009b000000| Untracked 
| 433|0x000000009b100000, 0x000000009b100000, 0x000000009b200000|  0%| F|  |TAMS 0x000000009b100000, 0x000000009b100000| Untracked 
| 434|0x000000009b200000, 0x000000009b200000, 0x000000009b300000|  0%| F|  |TAMS 0x000000009b200000, 0x000000009b200000| Untracked 
| 435|0x000000009b300000, 0x000000009b300000, 0x000000009b400000|  0%| F|  |TAMS 0x000000009b300000, 0x000000009b300000| Untracked 
| 436|0x000000009b400000, 0x000000009b400000, 0x000000009b500000|  0%| F|  |TAMS 0x000000009b400000, 0x000000009b400000| Untracked 
| 437|0x000000009b500000, 0x000000009b500000, 0x000000009b600000|  0%| F|  |TAMS 0x000000009b500000, 0x000000009b500000| Untracked 
| 438|0x000000009b600000, 0x000000009b600000, 0x000000009b700000|  0%| F|  |TAMS 0x000000009b600000, 0x000000009b600000| Untracked 
| 439|0x000000009b700000, 0x000000009b700000, 0x000000009b800000|  0%| F|  |TAMS 0x000000009b700000, 0x000000009b700000| Untracked 
| 440|0x000000009b800000, 0x000000009b800000, 0x000000009b900000|  0%| F|  |TAMS 0x000000009b800000, 0x000000009b800000| Untracked 
| 441|0x000000009b900000, 0x000000009b900000, 0x000000009ba00000|  0%| F|  |TAMS 0x000000009b900000, 0x000000009b900000| Untracked 
| 442|0x000000009ba00000, 0x000000009ba00000, 0x000000009bb00000|  0%| F|  |TAMS 0x000000009ba00000, 0x000000009ba00000| Untracked 
| 443|0x000000009bb00000, 0x000000009bb00000, 0x000000009bc00000|  0%| F|  |TAMS 0x000000009bb00000, 0x000000009bb00000| Untracked 
| 444|0x000000009bc00000, 0x000000009bc00000, 0x000000009bd00000|  0%| F|  |TAMS 0x000000009bc00000, 0x000000009bc00000| Untracked 
| 445|0x000000009bd00000, 0x000000009bd00000, 0x000000009be00000|  0%| F|  |TAMS 0x000000009bd00000, 0x000000009bd00000| Untracked 
| 446|0x000000009be00000, 0x000000009be00000, 0x000000009bf00000|  0%| F|  |TAMS 0x000000009be00000, 0x000000009be00000| Untracked 
| 447|0x000000009bf00000, 0x000000009bf00000, 0x000000009c000000|  0%| F|  |TAMS 0x000000009bf00000, 0x000000009bf00000| Untracked 
| 448|0x000000009c000000, 0x000000009c000000, 0x000000009c100000|  0%| F|  |TAMS 0x000000009c000000, 0x000000009c000000| Untracked 
| 449|0x000000009c100000, 0x000000009c100000, 0x000000009c200000|  0%| F|  |TAMS 0x000000009c100000, 0x000000009c100000| Untracked 
| 450|0x000000009c200000, 0x000000009c200000, 0x000000009c300000|  0%| F|  |TAMS 0x000000009c200000, 0x000000009c200000| Untracked 
| 451|0x000000009c300000, 0x000000009c300000, 0x000000009c400000|  0%| F|  |TAMS 0x000000009c300000, 0x000000009c300000| Untracked 
| 452|0x000000009c400000, 0x000000009c400000, 0x000000009c500000|  0%| F|  |TAMS 0x000000009c400000, 0x000000009c400000| Untracked 
| 453|0x000000009c500000, 0x000000009c500000, 0x000000009c600000|  0%| F|  |TAMS 0x000000009c500000, 0x000000009c500000| Untracked 
| 454|0x000000009c600000, 0x000000009c600000, 0x000000009c700000|  0%| F|  |TAMS 0x000000009c600000, 0x000000009c600000| Untracked 
| 455|0x000000009c700000, 0x000000009c700000, 0x000000009c800000|  0%| F|  |TAMS 0x000000009c700000, 0x000000009c700000| Untracked 
| 456|0x000000009c800000, 0x000000009c800000, 0x000000009c900000|  0%| F|  |TAMS 0x000000009c800000, 0x000000009c800000| Untracked 
| 457|0x000000009c900000, 0x000000009c900000, 0x000000009ca00000|  0%| F|  |TAMS 0x000000009c900000, 0x000000009c900000| Untracked 
| 458|0x000000009ca00000, 0x000000009ca00000, 0x000000009cb00000|  0%| F|  |TAMS 0x000000009ca00000, 0x000000009ca00000| Untracked 
| 459|0x000000009cb00000, 0x000000009cb00000, 0x000000009cc00000|  0%| F|  |TAMS 0x000000009cb00000, 0x000000009cb00000| Untracked 
| 460|0x000000009cc00000, 0x000000009cc00000, 0x000000009cd00000|  0%| F|  |TAMS 0x000000009cc00000, 0x000000009cc00000| Untracked 
| 461|0x000000009cd00000, 0x000000009cd00000, 0x000000009ce00000|  0%| F|  |TAMS 0x000000009cd00000, 0x000000009cd00000| Untracked 
| 462|0x000000009ce00000, 0x000000009ce00000, 0x000000009cf00000|  0%| F|  |TAMS 0x000000009ce00000, 0x000000009ce00000| Untracked 
| 463|0x000000009cf00000, 0x000000009cf00000, 0x000000009d000000|  0%| F|  |TAMS 0x000000009cf00000, 0x000000009cf00000| Untracked 
| 464|0x000000009d000000, 0x000000009d000000, 0x000000009d100000|  0%| F|  |TAMS 0x000000009d000000, 0x000000009d000000| Untracked 
| 465|0x000000009d100000, 0x000000009d100000, 0x000000009d200000|  0%| F|  |TAMS 0x000000009d100000, 0x000000009d100000| Untracked 
| 466|0x000000009d200000, 0x000000009d200000, 0x000000009d300000|  0%| F|  |TAMS 0x000000009d200000, 0x000000009d200000| Untracked 
| 467|0x000000009d300000, 0x000000009d300000, 0x000000009d400000|  0%| F|  |TAMS 0x000000009d300000, 0x000000009d300000| Untracked 
| 468|0x000000009d400000, 0x000000009d400000, 0x000000009d500000|  0%| F|  |TAMS 0x000000009d400000, 0x000000009d400000| Untracked 
| 469|0x000000009d500000, 0x000000009d500000, 0x000000009d600000|  0%| F|  |TAMS 0x000000009d500000, 0x000000009d500000| Untracked 
| 470|0x000000009d600000, 0x000000009d600000, 0x000000009d700000|  0%| F|  |TAMS 0x000000009d600000, 0x000000009d600000| Untracked 
| 471|0x000000009d700000, 0x000000009d700000, 0x000000009d800000|  0%| F|  |TAMS 0x000000009d700000, 0x000000009d700000| Untracked 
| 472|0x000000009d800000, 0x000000009d800000, 0x000000009d900000|  0%| F|  |TAMS 0x000000009d800000, 0x000000009d800000| Untracked 
| 473|0x000000009d900000, 0x000000009d900000, 0x000000009da00000|  0%| F|  |TAMS 0x000000009d900000, 0x000000009d900000| Untracked 
| 474|0x000000009da00000, 0x000000009da00000, 0x000000009db00000|  0%| F|  |TAMS 0x000000009da00000, 0x000000009da00000| Untracked 
| 475|0x000000009db00000, 0x000000009db00000, 0x000000009dc00000|  0%| F|  |TAMS 0x000000009db00000, 0x000000009db00000| Untracked 
| 476|0x000000009dc00000, 0x000000009dc00000, 0x000000009dd00000|  0%| F|  |TAMS 0x000000009dc00000, 0x000000009dc00000| Untracked 
| 477|0x000000009dd00000, 0x000000009dd00000, 0x000000009de00000|  0%| F|  |TAMS 0x000000009dd00000, 0x000000009dd00000| Untracked 
| 478|0x000000009de00000, 0x000000009de00000, 0x000000009df00000|  0%| F|  |TAMS 0x000000009de00000, 0x000000009de00000| Untracked 
| 479|0x000000009df00000, 0x000000009dff2438, 0x000000009e000000| 94%| E|  |TAMS 0x000000009df00000, 0x000000009df00000| Complete 
| 480|0x000000009e000000, 0x000000009e100000, 0x000000009e100000|100%| E|CS|TAMS 0x000000009e000000, 0x000000009e000000| Complete 
| 481|0x000000009e100000, 0x000000009e200000, 0x000000009e200000|100%| E|CS|TAMS 0x000000009e100000, 0x000000009e100000| Complete 
| 482|0x000000009e200000, 0x000000009e300000, 0x000000009e300000|100%| E|CS|TAMS 0x000000009e200000, 0x000000009e200000| Complete 
| 483|0x000000009e300000, 0x000000009e400000, 0x000000009e400000|100%| E|CS|TAMS 0x000000009e300000, 0x000000009e300000| Complete 
| 484|0x000000009e400000, 0x000000009e500000, 0x000000009e500000|100%| E|  |TAMS 0x000000009e400000, 0x000000009e400000| Complete 
| 485|0x000000009e500000, 0x000000009e600000, 0x000000009e600000|100%| E|CS|TAMS 0x000000009e500000, 0x000000009e500000| Complete 
| 486|0x000000009e600000, 0x000000009e700000, 0x000000009e700000|100%| E|CS|TAMS 0x000000009e600000, 0x000000009e600000| Complete 
| 487|0x000000009e700000, 0x000000009e800000, 0x000000009e800000|100%| E|CS|TAMS 0x000000009e700000, 0x000000009e700000| Complete 
| 488|0x000000009e800000, 0x000000009e900000, 0x000000009e900000|100%| E|CS|TAMS 0x000000009e800000, 0x000000009e800000| Complete 
| 489|0x000000009e900000, 0x000000009ea00000, 0x000000009ea00000|100%| E|CS|TAMS 0x000000009e900000, 0x000000009e900000| Complete 
| 490|0x000000009ea00000, 0x000000009eb00000, 0x000000009eb00000|100%| E|CS|TAMS 0x000000009ea00000, 0x000000009ea00000| Complete 
| 491|0x000000009eb00000, 0x000000009ec00000, 0x000000009ec00000|100%| E|CS|TAMS 0x000000009eb00000, 0x000000009eb00000| Complete 
| 492|0x000000009ec00000, 0x000000009ed00000, 0x000000009ed00000|100%| E|CS|TAMS 0x000000009ec00000, 0x000000009ec00000| Complete 
| 493|0x000000009ed00000, 0x000000009ee00000, 0x000000009ee00000|100%| E|CS|TAMS 0x000000009ed00000, 0x000000009ed00000| Complete 
| 494|0x000000009ee00000, 0x000000009ef00000, 0x000000009ef00000|100%| E|CS|TAMS 0x000000009ee00000, 0x000000009ee00000| Complete 
| 495|0x000000009ef00000, 0x000000009f000000, 0x000000009f000000|100%| E|CS|TAMS 0x000000009ef00000, 0x000000009ef00000| Complete 
| 496|0x000000009f000000, 0x000000009f100000, 0x000000009f100000|100%| E|CS|TAMS 0x000000009f000000, 0x000000009f000000| Complete 
| 497|0x000000009f100000, 0x000000009f200000, 0x000000009f200000|100%| E|CS|TAMS 0x000000009f100000, 0x000000009f100000| Complete 
| 498|0x000000009f200000, 0x000000009f300000, 0x000000009f300000|100%| E|CS|TAMS 0x000000009f200000, 0x000000009f200000| Complete 
| 499|0x000000009f300000, 0x000000009f400000, 0x000000009f400000|100%| E|CS|TAMS 0x000000009f300000, 0x000000009f300000| Complete 
| 500|0x000000009f400000, 0x000000009f500000, 0x000000009f500000|100%| E|CS|TAMS 0x000000009f400000, 0x000000009f400000| Complete 
| 501|0x000000009f500000, 0x000000009f600000, 0x000000009f600000|100%| E|CS|TAMS 0x000000009f500000, 0x000000009f500000| Complete 
| 502|0x000000009f600000, 0x000000009f700000, 0x000000009f700000|100%| E|CS|TAMS 0x000000009f600000, 0x000000009f600000| Complete 
| 503|0x000000009f700000, 0x000000009f800000, 0x000000009f800000|100%| E|CS|TAMS 0x000000009f700000, 0x000000009f700000| Complete 
| 504|0x000000009f800000, 0x000000009f900000, 0x000000009f900000|100%| E|CS|TAMS 0x000000009f800000, 0x000000009f800000| Complete 
| 505|0x000000009f900000, 0x000000009fa00000, 0x000000009fa00000|100%| E|CS|TAMS 0x000000009f900000, 0x000000009f900000| Complete 
| 506|0x000000009fa00000, 0x000000009fb00000, 0x000000009fb00000|100%| E|CS|TAMS 0x000000009fa00000, 0x000000009fa00000| Complete 
| 507|0x000000009fb00000, 0x000000009fc00000, 0x000000009fc00000|100%| E|CS|TAMS 0x000000009fb00000, 0x000000009fb00000| Complete 
| 508|0x000000009fc00000, 0x000000009fd00000, 0x000000009fd00000|100%| E|CS|TAMS 0x000000009fc00000, 0x000000009fc00000| Complete 
| 509|0x000000009fd00000, 0x000000009fe00000, 0x000000009fe00000|100%| E|CS|TAMS 0x000000009fd00000, 0x000000009fd00000| Complete 
| 510|0x000000009fe00000, 0x000000009ff00000, 0x000000009ff00000|100%| E|CS|TAMS 0x000000009fe00000, 0x000000009fe00000| Complete 
| 511|0x000000009ff00000, 0x00000000a0000000, 0x00000000a0000000|100%| E|CS|TAMS 0x000000009ff00000, 0x000000009ff00000| Complete 
| 512|0x00000000a0000000, 0x00000000a0100000, 0x00000000a0100000|100%| E|CS|TAMS 0x00000000a0000000, 0x00000000a0000000| Complete 
| 513|0x00000000a0100000, 0x00000000a0200000, 0x00000000a0200000|100%| E|CS|TAMS 0x00000000a0100000, 0x00000000a0100000| Complete 
| 514|0x00000000a0200000, 0x00000000a0300000, 0x00000000a0300000|100%| E|CS|TAMS 0x00000000a0200000, 0x00000000a0200000| Complete 
| 515|0x00000000a0300000, 0x00000000a0400000, 0x00000000a0400000|100%| E|CS|TAMS 0x00000000a0300000, 0x00000000a0300000| Complete 
| 516|0x00000000a0400000, 0x00000000a0500000, 0x00000000a0500000|100%| E|CS|TAMS 0x00000000a0400000, 0x00000000a0400000| Complete 
| 517|0x00000000a0500000, 0x00000000a0600000, 0x00000000a0600000|100%| E|CS|TAMS 0x00000000a0500000, 0x00000000a0500000| Complete 
| 518|0x00000000a0600000, 0x00000000a0700000, 0x00000000a0700000|100%| E|CS|TAMS 0x00000000a0600000, 0x00000000a0600000| Complete 
| 519|0x00000000a0700000, 0x00000000a0800000, 0x00000000a0800000|100%| E|CS|TAMS 0x00000000a0700000, 0x00000000a0700000| Complete 
| 520|0x00000000a0800000, 0x00000000a0900000, 0x00000000a0900000|100%| E|CS|TAMS 0x00000000a0800000, 0x00000000a0800000| Complete 
| 521|0x00000000a0900000, 0x00000000a0a00000, 0x00000000a0a00000|100%| E|CS|TAMS 0x00000000a0900000, 0x00000000a0900000| Complete 
| 522|0x00000000a0a00000, 0x00000000a0b00000, 0x00000000a0b00000|100%| E|CS|TAMS 0x00000000a0a00000, 0x00000000a0a00000| Complete 
| 523|0x00000000a0b00000, 0x00000000a0c00000, 0x00000000a0c00000|100%| E|CS|TAMS 0x00000000a0b00000, 0x00000000a0b00000| Complete 
| 524|0x00000000a0c00000, 0x00000000a0d00000, 0x00000000a0d00000|100%| E|CS|TAMS 0x00000000a0c00000, 0x00000000a0c00000| Complete 
| 525|0x00000000a0d00000, 0x00000000a0e00000, 0x00000000a0e00000|100%| E|CS|TAMS 0x00000000a0d00000, 0x00000000a0d00000| Complete 
| 526|0x00000000a0e00000, 0x00000000a0f00000, 0x00000000a0f00000|100%| E|CS|TAMS 0x00000000a0e00000, 0x00000000a0e00000| Complete 
| 527|0x00000000a0f00000, 0x00000000a1000000, 0x00000000a1000000|100%| E|CS|TAMS 0x00000000a0f00000, 0x00000000a0f00000| Complete 
| 528|0x00000000a1000000, 0x00000000a1100000, 0x00000000a1100000|100%| E|CS|TAMS 0x00000000a1000000, 0x00000000a1000000| Complete 
| 529|0x00000000a1100000, 0x00000000a1200000, 0x00000000a1200000|100%| E|CS|TAMS 0x00000000a1100000, 0x00000000a1100000| Complete 
| 530|0x00000000a1200000, 0x00000000a1300000, 0x00000000a1300000|100%| E|CS|TAMS 0x00000000a1200000, 0x00000000a1200000| Complete 
| 531|0x00000000a1300000, 0x00000000a1400000, 0x00000000a1400000|100%| E|CS|TAMS 0x00000000a1300000, 0x00000000a1300000| Complete 
| 532|0x00000000a1400000, 0x00000000a1500000, 0x00000000a1500000|100%| E|CS|TAMS 0x00000000a1400000, 0x00000000a1400000| Complete 
| 533|0x00000000a1500000, 0x00000000a1600000, 0x00000000a1600000|100%| E|CS|TAMS 0x00000000a1500000, 0x00000000a1500000| Complete 
| 534|0x00000000a1600000, 0x00000000a1700000, 0x00000000a1700000|100%| E|CS|TAMS 0x00000000a1600000, 0x00000000a1600000| Complete 
| 535|0x00000000a1700000, 0x00000000a1800000, 0x00000000a1800000|100%| E|CS|TAMS 0x00000000a1700000, 0x00000000a1700000| Complete 
| 536|0x00000000a1800000, 0x00000000a1900000, 0x00000000a1900000|100%| E|CS|TAMS 0x00000000a1800000, 0x00000000a1800000| Complete 
| 537|0x00000000a1900000, 0x00000000a1a00000, 0x00000000a1a00000|100%| E|CS|TAMS 0x00000000a1900000, 0x00000000a1900000| Complete 
| 538|0x00000000a1a00000, 0x00000000a1b00000, 0x00000000a1b00000|100%| E|CS|TAMS 0x00000000a1a00000, 0x00000000a1a00000| Complete 
| 539|0x00000000a1b00000, 0x00000000a1c00000, 0x00000000a1c00000|100%| E|CS|TAMS 0x00000000a1b00000, 0x00000000a1b00000| Complete 
| 540|0x00000000a1c00000, 0x00000000a1d00000, 0x00000000a1d00000|100%| E|CS|TAMS 0x00000000a1c00000, 0x00000000a1c00000| Complete 
| 541|0x00000000a1d00000, 0x00000000a1e00000, 0x00000000a1e00000|100%| E|CS|TAMS 0x00000000a1d00000, 0x00000000a1d00000| Complete 
| 542|0x00000000a1e00000, 0x00000000a1f00000, 0x00000000a1f00000|100%| E|CS|TAMS 0x00000000a1e00000, 0x00000000a1e00000| Complete 
| 543|0x00000000a1f00000, 0x00000000a2000000, 0x00000000a2000000|100%| E|CS|TAMS 0x00000000a1f00000, 0x00000000a1f00000| Complete 
| 544|0x00000000a2000000, 0x00000000a2100000, 0x00000000a2100000|100%| E|CS|TAMS 0x00000000a2000000, 0x00000000a2000000| Complete 
| 545|0x00000000a2100000, 0x00000000a2200000, 0x00000000a2200000|100%| E|CS|TAMS 0x00000000a2100000, 0x00000000a2100000| Complete 
| 546|0x00000000a2200000, 0x00000000a2300000, 0x00000000a2300000|100%| E|CS|TAMS 0x00000000a2200000, 0x00000000a2200000| Complete 
| 547|0x00000000a2300000, 0x00000000a2400000, 0x00000000a2400000|100%| E|CS|TAMS 0x00000000a2300000, 0x00000000a2300000| Complete 
| 548|0x00000000a2400000, 0x00000000a2500000, 0x00000000a2500000|100%| E|CS|TAMS 0x00000000a2400000, 0x00000000a2400000| Complete 
| 549|0x00000000a2500000, 0x00000000a2600000, 0x00000000a2600000|100%| E|CS|TAMS 0x00000000a2500000, 0x00000000a2500000| Complete 
| 550|0x00000000a2600000, 0x00000000a2700000, 0x00000000a2700000|100%| E|CS|TAMS 0x00000000a2600000, 0x00000000a2600000| Complete 
| 551|0x00000000a2700000, 0x00000000a2800000, 0x00000000a2800000|100%| E|CS|TAMS 0x00000000a2700000, 0x00000000a2700000| Complete 
| 552|0x00000000a2800000, 0x00000000a2900000, 0x00000000a2900000|100%| E|CS|TAMS 0x00000000a2800000, 0x00000000a2800000| Complete 
| 553|0x00000000a2900000, 0x00000000a2a00000, 0x00000000a2a00000|100%| E|CS|TAMS 0x00000000a2900000, 0x00000000a2900000| Complete 
| 554|0x00000000a2a00000, 0x00000000a2b00000, 0x00000000a2b00000|100%| E|CS|TAMS 0x00000000a2a00000, 0x00000000a2a00000| Complete 
| 555|0x00000000a2b00000, 0x00000000a2c00000, 0x00000000a2c00000|100%| E|CS|TAMS 0x00000000a2b00000, 0x00000000a2b00000| Complete 
| 556|0x00000000a2c00000, 0x00000000a2d00000, 0x00000000a2d00000|100%| E|CS|TAMS 0x00000000a2c00000, 0x00000000a2c00000| Complete 
| 557|0x00000000a2d00000, 0x00000000a2e00000, 0x00000000a2e00000|100%| E|CS|TAMS 0x00000000a2d00000, 0x00000000a2d00000| Complete 
| 558|0x00000000a2e00000, 0x00000000a2f00000, 0x00000000a2f00000|100%| E|CS|TAMS 0x00000000a2e00000, 0x00000000a2e00000| Complete 
| 559|0x00000000a2f00000, 0x00000000a3000000, 0x00000000a3000000|100%| E|CS|TAMS 0x00000000a2f00000, 0x00000000a2f00000| Complete 
| 560|0x00000000a3000000, 0x00000000a3100000, 0x00000000a3100000|100%| E|CS|TAMS 0x00000000a3000000, 0x00000000a3000000| Complete 
| 561|0x00000000a3100000, 0x00000000a3200000, 0x00000000a3200000|100%| E|CS|TAMS 0x00000000a3100000, 0x00000000a3100000| Complete 
| 562|0x00000000a3200000, 0x00000000a3300000, 0x00000000a3300000|100%| E|CS|TAMS 0x00000000a3200000, 0x00000000a3200000| Complete 
| 563|0x00000000a3300000, 0x00000000a3400000, 0x00000000a3400000|100%| E|CS|TAMS 0x00000000a3300000, 0x00000000a3300000| Complete 
| 564|0x00000000a3400000, 0x00000000a3500000, 0x00000000a3500000|100%| E|CS|TAMS 0x00000000a3400000, 0x00000000a3400000| Complete 
| 565|0x00000000a3500000, 0x00000000a3600000, 0x00000000a3600000|100%| E|CS|TAMS 0x00000000a3500000, 0x00000000a3500000| Complete 
| 566|0x00000000a3600000, 0x00000000a3700000, 0x00000000a3700000|100%| E|CS|TAMS 0x00000000a3600000, 0x00000000a3600000| Complete 
| 567|0x00000000a3700000, 0x00000000a3800000, 0x00000000a3800000|100%| E|CS|TAMS 0x00000000a3700000, 0x00000000a3700000| Complete 
| 568|0x00000000a3800000, 0x00000000a3900000, 0x00000000a3900000|100%| E|CS|TAMS 0x00000000a3800000, 0x00000000a3800000| Complete 
| 569|0x00000000a3900000, 0x00000000a3a00000, 0x00000000a3a00000|100%| E|CS|TAMS 0x00000000a3900000, 0x00000000a3900000| Complete 
| 570|0x00000000a3a00000, 0x00000000a3b00000, 0x00000000a3b00000|100%| E|CS|TAMS 0x00000000a3a00000, 0x00000000a3a00000| Complete 
| 571|0x00000000a3b00000, 0x00000000a3c00000, 0x00000000a3c00000|100%| E|CS|TAMS 0x00000000a3b00000, 0x00000000a3b00000| Complete 
| 572|0x00000000a3c00000, 0x00000000a3d00000, 0x00000000a3d00000|100%| E|CS|TAMS 0x00000000a3c00000, 0x00000000a3c00000| Complete 
| 573|0x00000000a3d00000, 0x00000000a3e00000, 0x00000000a3e00000|100%| E|CS|TAMS 0x00000000a3d00000, 0x00000000a3d00000| Complete 
| 574|0x00000000a3e00000, 0x00000000a3f00000, 0x00000000a3f00000|100%| E|CS|TAMS 0x00000000a3e00000, 0x00000000a3e00000| Complete 
| 575|0x00000000a3f00000, 0x00000000a4000000, 0x00000000a4000000|100%| E|CS|TAMS 0x00000000a3f00000, 0x00000000a3f00000| Complete 
| 576|0x00000000a4000000, 0x00000000a4100000, 0x00000000a4100000|100%| E|CS|TAMS 0x00000000a4000000, 0x00000000a4000000| Complete 
| 577|0x00000000a4100000, 0x00000000a4200000, 0x00000000a4200000|100%| E|CS|TAMS 0x00000000a4100000, 0x00000000a4100000| Complete 
| 578|0x00000000a4200000, 0x00000000a4300000, 0x00000000a4300000|100%| E|CS|TAMS 0x00000000a4200000, 0x00000000a4200000| Complete 
| 579|0x00000000a4300000, 0x00000000a4400000, 0x00000000a4400000|100%| E|CS|TAMS 0x00000000a4300000, 0x00000000a4300000| Complete 
| 580|0x00000000a4400000, 0x00000000a4500000, 0x00000000a4500000|100%| E|CS|TAMS 0x00000000a4400000, 0x00000000a4400000| Complete 
| 581|0x00000000a4500000, 0x00000000a4600000, 0x00000000a4600000|100%| E|CS|TAMS 0x00000000a4500000, 0x00000000a4500000| Complete 
| 582|0x00000000a4600000, 0x00000000a4700000, 0x00000000a4700000|100%| S|CS|TAMS 0x00000000a4600000, 0x00000000a4600000| Complete 
| 583|0x00000000a4700000, 0x00000000a4800000, 0x00000000a4800000|100%| S|CS|TAMS 0x00000000a4700000, 0x00000000a4700000| Complete 
| 584|0x00000000a4800000, 0x00000000a4900000, 0x00000000a4900000|100%| S|CS|TAMS 0x00000000a4800000, 0x00000000a4800000| Complete 
| 585|0x00000000a4900000, 0x00000000a4a00000, 0x00000000a4a00000|100%| E|CS|TAMS 0x00000000a4900000, 0x00000000a4900000| Complete 
| 586|0x00000000a4a00000, 0x00000000a4b00000, 0x00000000a4b00000|100%| E|CS|TAMS 0x00000000a4a00000, 0x00000000a4a00000| Complete 
| 587|0x00000000a4b00000, 0x00000000a4c00000, 0x00000000a4c00000|100%| E|CS|TAMS 0x00000000a4b00000, 0x00000000a4b00000| Complete 
| 588|0x00000000a4c00000, 0x00000000a4d00000, 0x00000000a4d00000|100%| E|CS|TAMS 0x00000000a4c00000, 0x00000000a4c00000| Complete 
| 589|0x00000000a4d00000, 0x00000000a4e00000, 0x00000000a4e00000|100%| E|CS|TAMS 0x00000000a4d00000, 0x00000000a4d00000| Complete 
| 590|0x00000000a4e00000, 0x00000000a4f00000, 0x00000000a4f00000|100%| E|CS|TAMS 0x00000000a4e00000, 0x00000000a4e00000| Complete 
| 611|0x00000000a6300000, 0x00000000a6400000, 0x00000000a6400000|100%| E|CS|TAMS 0x00000000a6300000, 0x00000000a6300000| Complete 
| 612|0x00000000a6400000, 0x00000000a6500000, 0x00000000a6500000|100%| E|CS|TAMS 0x00000000a6400000, 0x00000000a6400000| Complete 
| 613|0x00000000a6500000, 0x00000000a6600000, 0x00000000a6600000|100%| E|CS|TAMS 0x00000000a6500000, 0x00000000a6500000| Complete 

Card table byte_map: [0x00000214f97d0000,0x00000214f9bd0000] _byte_map_base: 0x00000214f93d0000

Marking Bits (Prev, Next): (CMBitMap*) 0x00000214e185bdc0, (CMBitMap*) 0x00000214e185be00
 Prev Bits: [0x00000214f9fd0000, 0x00000214fbfd0000)
 Next Bits: [0x00000214fbfd0000, 0x00000214fdfd0000)

Polling page: 0x00000214dffb0000

Metaspace:

Usage:
  Non-class:     99.83 MB used.
      Class:     15.97 MB used.
       Both:    115.79 MB used.

Virtual space:
  Non-class space:      128.00 MB reserved,     100.31 MB ( 78%) committed,  2 nodes.
      Class space:        1.00 GB reserved,      16.38 MB (  2%) committed,  1 nodes.
             Both:        1.12 GB reserved,     116.69 MB ( 10%) committed. 

Chunk freelists:
   Non-Class:  11.16 MB
       Class:  15.63 MB
        Both:  26.79 MB

MaxMetaspaceSize: unlimited
CompressedClassSpaceSize: 1.00 GB
Initial GC threshold: 21.00 MB
Current GC threshold: 182.12 MB
CDS: on
MetaspaceReclaimPolicy: balanced
 - commit_granule_bytes: 65536.
 - commit_granule_words: 8192.
 - virtual_space_node_default_size: 8388608.
 - enlarge_chunks_in_place: 1.
 - new_chunks_are_fully_committed: 0.
 - uncommit_free_chunks: 1.
 - use_allocation_guard: 0.
 - handle_deallocations: 1.


Internal statistics:

num_allocs_failed_limit: 6.
num_arena_births: 1512.
num_arena_deaths: 2.
num_vsnodes_births: 3.
num_vsnodes_deaths: 0.
num_space_committed: 1865.
num_space_uncommitted: 0.
num_chunks_returned_to_freelist: 9.
num_chunks_taken_from_freelist: 6647.
num_chunk_merges: 6.
num_chunk_splits: 4388.
num_chunks_enlarged: 2919.
num_inconsistent_stats: 0.

CodeHeap 'non-profiled nmethods': size=120000Kb used=11427Kb max_used=11570Kb free=108572Kb
 bounds [0x00000214f1320000, 0x00000214f1e70000, 0x00000214f8850000]
CodeHeap 'profiled nmethods': size=120000Kb used=27047Kb max_used=28085Kb free=92952Kb
 bounds [0x00000214e9850000, 0x00000214eb3c0000, 0x00000214f0d80000]
CodeHeap 'non-nmethods': size=5760Kb used=1791Kb max_used=1875Kb free=3968Kb
 bounds [0x00000214f0d80000, 0x00000214f0ff0000, 0x00000214f1320000]
 total_blobs=16058 nmethods=15163 adapters=806
 compilation: enabled
              stopped_count=0, restarted_count=0
 full_count=0

Compilation events (20 events):
Event: 34.546 Thread 0x0000021480b1e9e0 19169       1       org.gradle.internal.work.DefaultConditionalExecutionQueue::access$100 (5 bytes)
Event: 34.547 Thread 0x0000021480b1e9e0 nmethod 19169 0x00000214f1cb2490 code [0x00000214f1cb2620, 0x00000214f1cb26d8]
Event: 34.547 Thread 0x0000021480b1e9e0 19171       3       org.gradle.internal.event.DefaultListenerManager$ListenerDetails::dispatch (9 bytes)
Event: 34.547 Thread 0x0000021480b1e9e0 nmethod 19171 0x00000214ea751310 code [0x00000214ea7514c0, 0x00000214ea751708]
Event: 34.547 Thread 0x0000021480b1e9e0 19172   !   3       org.gradle.internal.event.DefaultListenerManager$ListenerDetails::dispatch (67 bytes)
Event: 34.548 Thread 0x0000021480b1e9e0 nmethod 19172 0x00000214ead11190 code [0x00000214ead11400, 0x00000214ead12038]
Event: 34.552 Thread 0x0000021480b1e9e0 19173       3       org.gradle.execution.plan.DefaultFinalizedExecutionPlan$$Lambda$1840/0x0000021482d165c8::accept (16 bytes)
Event: 34.552 Thread 0x0000021480b1e9e0 nmethod 19173 0x00000214eacb5410 code [0x00000214eacb5640, 0x00000214eacb6188]
Event: 34.552 Thread 0x0000021480b1e9e0 19176       3       org.gradle.api.internal.tasks.properties.CompositePropertyVisitor::visitInputProperty (45 bytes)
Event: 34.552 Thread 0x0000021480b1e9e0 nmethod 19176 0x00000214e9d75810 code [0x00000214e9d759c0, 0x00000214e9d75c88]
Event: 34.552 Thread 0x0000021480b1e9e0 19174       3       org.gradle.execution.plan.DefaultFinalizedExecutionPlan::lambda$updateAllDependenciesCompleteForPredecessors$2 (11 bytes)
Event: 34.552 Thread 0x0000021480b1e9e0 nmethod 19174 0x00000214eab50990 code [0x00000214eab50ba0, 0x00000214eab51588]
Event: 34.552 Thread 0x0000021480b1e9e0 19175   !   3       org.gradle.internal.operations.CurrentBuildOperationRef::with (35 bytes)
Event: 34.553 Thread 0x0000021480b1e9e0 nmethod 19175 0x00000214eaf9a910 code [0x00000214eaf9aba0, 0x00000214eaf9b858]
Event: 34.553 Thread 0x0000021480b1e9e0 19177       1       org.gradle.api.internal.AbstractTask::getServices (5 bytes)
Event: 34.553 Thread 0x0000021480b1e9e0 nmethod 19177 0x00000214f1cb2190 code [0x00000214f1cb2320, 0x00000214f1cb23f8]
Event: 34.566 Thread 0x0000021480b1e9e0 19179   !   3       java.nio.ByteBuffer::putArray (122 bytes)
Event: 34.566 Thread 0x0000021480b1e9e0 nmethod 19179 0x00000214eaef9690 code [0x00000214eaef9920, 0x00000214eaefa518]
Event: 34.566 Thread 0x0000021480b1e9e0 19178       3       java.nio.ByteBuffer::put (69 bytes)
Event: 34.566 Thread 0x0000021480b1e9e0 nmethod 19178 0x00000214eaeba310 code [0x00000214eaeba540, 0x00000214eaebab98]

GC Heap History (20 events):
Event: 13.244 GC heap before
{Heap before GC invocations=58 (full 0):
 garbage-first heap   total 314368K, used 197793K [0x0000000080000000, 0x0000000100000000)
  region size 1024K, 15 young (15360K), 5 survivors (5120K)
 Metaspace       used 102401K, committed 103296K, reserved 1179648K
  class space    used 14532K, committed 14976K, reserved 1048576K
}
Event: 13.251 GC heap after
{Heap after GC invocations=59 (full 0):
 garbage-first heap   total 314368K, used 192756K [0x0000000080000000, 0x0000000100000000)
  region size 1024K, 2 young (2048K), 2 survivors (2048K)
 Metaspace       used 102401K, committed 103296K, reserved 1179648K
  class space    used 14532K, committed 14976K, reserved 1048576K
}
Event: 13.291 GC heap before
{Heap before GC invocations=59 (full 0):
 garbage-first heap   total 314368K, used 208116K [0x0000000080000000, 0x0000000100000000)
  region size 1024K, 19 young (19456K), 2 survivors (2048K)
 Metaspace       used 102402K, committed 103296K, reserved 1179648K
  class space    used 14532K, committed 14976K, reserved 1048576K
}
Event: 13.297 GC heap after
{Heap after GC invocations=60 (full 0):
 garbage-first heap   total 628736K, used 202640K [0x0000000080000000, 0x0000000100000000)
  region size 1024K, 6 young (6144K), 6 survivors (6144K)
 Metaspace       used 102402K, committed 103296K, reserved 1179648K
  class space    used 14532K, committed 14976K, reserved 1048576K
}
Event: 14.511 GC heap before
{Heap before GC invocations=61 (full 0):
 garbage-first heap   total 628736K, used 373648K [0x0000000080000000, 0x0000000100000000)
  region size 1024K, 179 young (183296K), 6 survivors (6144K)
 Metaspace       used 107649K, committed 108608K, reserved 1179648K
  class space    used 15275K, committed 15744K, reserved 1048576K
}
Event: 14.520 GC heap after
{Heap after GC invocations=62 (full 0):
 garbage-first heap   total 628736K, used 211792K [0x0000000080000000, 0x0000000100000000)
  region size 1024K, 20 young (20480K), 20 survivors (20480K)
 Metaspace       used 107649K, committed 108608K, reserved 1179648K
  class space    used 15275K, committed 15744K, reserved 1048576K
}
Event: 14.561 GC heap before
{Heap before GC invocations=62 (full 0):
 garbage-first heap   total 628736K, used 222032K [0x0000000080000000, 0x0000000100000000)
  region size 1024K, 30 young (30720K), 20 survivors (20480K)
 Metaspace       used 107687K, committed 108608K, reserved 1179648K
  class space    used 15278K, committed 15744K, reserved 1048576K
}
Event: 14.567 GC heap after
{Heap after GC invocations=63 (full 0):
 garbage-first heap   total 628736K, used 209814K [0x0000000080000000, 0x0000000100000000)
  region size 1024K, 3 young (3072K), 3 survivors (3072K)
 Metaspace       used 107687K, committed 108608K, reserved 1179648K
  class space    used 15278K, committed 15744K, reserved 1048576K
}
Event: 14.674 GC heap before
{Heap before GC invocations=63 (full 0):
 garbage-first heap   total 628736K, used 221078K [0x0000000080000000, 0x0000000100000000)
  region size 1024K, 16 young (16384K), 3 survivors (3072K)
 Metaspace       used 107868K, committed 108736K, reserved 1179648K
  class space    used 15312K, committed 15744K, reserved 1048576K
}
Event: 14.675 GC heap after
{Heap after GC invocations=64 (full 0):
 garbage-first heap   total 628736K, used 209091K [0x0000000080000000, 0x0000000100000000)
  region size 1024K, 2 young (2048K), 2 survivors (2048K)
 Metaspace       used 107868K, committed 108736K, reserved 1179648K
  class space    used 15312K, committed 15744K, reserved 1048576K
}
Event: 32.452 GC heap before
{Heap before GC invocations=65 (full 0):
 garbage-first heap   total 628736K, used 459971K [0x0000000080000000, 0x0000000100000000)
  region size 1024K, 204 young (208896K), 2 survivors (2048K)
 Metaspace       used 110349K, committed 111296K, reserved 1179648K
  class space    used 15555K, committed 16064K, reserved 1048576K
}
Event: 32.457 GC heap after
{Heap after GC invocations=66 (full 0):
 garbage-first heap   total 628736K, used 225866K [0x0000000080000000, 0x0000000100000000)
  region size 1024K, 10 young (10240K), 10 survivors (10240K)
 Metaspace       used 110349K, committed 111296K, reserved 1179648K
  class space    used 15555K, committed 16064K, reserved 1048576K
}
Event: 32.678 GC heap before
{Heap before GC invocations=66 (full 0):
 garbage-first heap   total 628736K, used 254538K [0x0000000080000000, 0x0000000100000000)
  region size 1024K, 30 young (30720K), 10 survivors (10240K)
 Metaspace       used 110425K, committed 111424K, reserved 1179648K
  class space    used 15555K, committed 16064K, reserved 1048576K
}
Event: 32.684 GC heap after
{Heap after GC invocations=67 (full 0):
 garbage-first heap   total 628736K, used 235104K [0x0000000080000000, 0x0000000100000000)
  region size 1024K, 4 young (4096K), 4 survivors (4096K)
 Metaspace       used 110425K, committed 111424K, reserved 1179648K
  class space    used 15555K, committed 16064K, reserved 1048576K
}
Event: 32.895 GC heap before
{Heap before GC invocations=67 (full 0):
 garbage-first heap   total 628736K, used 256608K [0x0000000080000000, 0x0000000100000000)
  region size 1024K, 26 young (26624K), 4 survivors (4096K)
 Metaspace       used 110875K, committed 111808K, reserved 1179648K
  class space    used 15600K, committed 16064K, reserved 1048576K
}
Event: 32.899 GC heap after
{Heap after GC invocations=68 (full 0):
 garbage-first heap   total 628736K, used 240589K [0x0000000080000000, 0x0000000100000000)
  region size 1024K, 10 young (10240K), 10 survivors (10240K)
 Metaspace       used 110875K, committed 111808K, reserved 1179648K
  class space    used 15600K, committed 16064K, reserved 1048576K
}
Event: 33.714 GC heap before
{Heap before GC invocations=69 (full 0):
 garbage-first heap   total 608256K, used 374733K [0x0000000080000000, 0x0000000100000000)
  region size 1024K, 186 young (190464K), 10 survivors (10240K)
 Metaspace       used 115197K, committed 116160K, reserved 1179648K
  class space    used 15978K, committed 16448K, reserved 1048576K
}
Event: 33.721 GC heap after
{Heap after GC invocations=70 (full 0):
 garbage-first heap   total 608256K, used 180135K [0x0000000080000000, 0x0000000100000000)
  region size 1024K, 20 young (20480K), 20 survivors (20480K)
 Metaspace       used 115197K, committed 116160K, reserved 1179648K
  class space    used 15978K, committed 16448K, reserved 1048576K
}
Event: 33.748 GC heap before
{Heap before GC invocations=70 (full 0):
 garbage-first heap   total 608256K, used 188327K [0x0000000080000000, 0x0000000100000000)
  region size 1024K, 29 young (29696K), 20 survivors (20480K)
 Metaspace       used 115348K, committed 116352K, reserved 1179648K
  class space    used 15988K, committed 16448K, reserved 1048576K
}
Event: 33.753 GC heap after
{Heap after GC invocations=71 (full 0):
 garbage-first heap   total 608256K, used 164758K [0x0000000080000000, 0x0000000100000000)
  region size 1024K, 3 young (3072K), 3 survivors (3072K)
 Metaspace       used 115348K, committed 116352K, reserved 1179648K
  class space    used 15988K, committed 16448K, reserved 1048576K
}

Dll operation events (15 events):
Event: 0.134 Loaded shared library C:\Users\16696\.jdks\ms-17.0.19\bin\java.dll
Event: 0.146 Loaded shared library C:\Users\16696\.jdks\ms-17.0.19\bin\jsvml.dll
Event: 0.169 Loaded shared library C:\Users\16696\.jdks\ms-17.0.19\bin\zip.dll
Event: 0.173 Loaded shared library C:\Users\16696\.jdks\ms-17.0.19\bin\instrument.dll
Event: 0.175 Loaded shared library C:\Users\16696\.jdks\ms-17.0.19\bin\net.dll
Event: 0.177 Loaded shared library C:\Users\16696\.jdks\ms-17.0.19\bin\nio.dll
Event: 0.180 Loaded shared library C:\Users\16696\.jdks\ms-17.0.19\bin\zip.dll
Event: 0.265 Loaded shared library C:\Users\16696\.jdks\ms-17.0.19\bin\jimage.dll
Event: 0.388 Loaded shared library C:\Users\16696\.jdks\ms-17.0.19\bin\verify.dll
Event: 0.407 Loaded shared library C:\Users\16696\.gradle\native\660c5614fbf4a5f2a75b1949f50a0caf5cd603558e7d8a26e50b933a0cfb79d1\windows-amd64\native-platform.dll
Event: 0.414 Loaded shared library C:\Users\16696\.gradle\native\0.2.8\x86_64-windows-gnu\gradle-fileevents.dll
Event: 0.799 Loaded shared library C:\Users\16696\.jdks\ms-17.0.19\bin\management.dll
Event: 0.801 Loaded shared library C:\Users\16696\.jdks\ms-17.0.19\bin\management_ext.dll
Event: 0.972 Loaded shared library C:\Users\16696\.jdks\ms-17.0.19\bin\extnet.dll
Event: 1.112 Loaded shared library C:\Users\16696\.jdks\ms-17.0.19\bin\sunmscapi.dll

Deoptimization events (20 events):
Event: 34.418 Thread 0x00000214ca061fe0 Uncommon trap: trap_request=0xffffffbe fr.pc=0x00000214f1a004f0 relative=0x0000000000000370
Event: 34.418 Thread 0x00000214ca061fe0 Uncommon trap: reason=profile_predicate action=maybe_recompile pc=0x00000214f1a004f0 method=java.util.Collections.indexedBinarySearch(Ljava/util/List;Ljava/lang/Object;Ljava/util/Comparator;)I @ 15 c2
Event: 34.418 Thread 0x00000214ca061fe0 DEOPT PACKING pc=0x00000214f1a004f0 sp=0x000000f1f3bfb100
Event: 34.418 Thread 0x00000214ca061fe0 DEOPT UNPACKING pc=0x00000214f0dd69a3 sp=0x000000f1f3bfb0b8 mode 2
Event: 34.419 Thread 0x00000214ca061fe0 Uncommon trap: trap_request=0xffffffbe fr.pc=0x00000214f1a004f0 relative=0x0000000000000370
Event: 34.419 Thread 0x00000214ca061fe0 Uncommon trap: reason=profile_predicate action=maybe_recompile pc=0x00000214f1a004f0 method=java.util.Collections.indexedBinarySearch(Ljava/util/List;Ljava/lang/Object;Ljava/util/Comparator;)I @ 15 c2
Event: 34.419 Thread 0x00000214ca061fe0 DEOPT PACKING pc=0x00000214f1a004f0 sp=0x000000f1f3bfb100
Event: 34.419 Thread 0x00000214ca061fe0 DEOPT UNPACKING pc=0x00000214f0dd69a3 sp=0x000000f1f3bfb0b8 mode 2
Event: 34.419 Thread 0x00000214ca061fe0 Uncommon trap: trap_request=0xffffffbe fr.pc=0x00000214f1a004f0 relative=0x0000000000000370
Event: 34.419 Thread 0x00000214ca061fe0 Uncommon trap: reason=profile_predicate action=maybe_recompile pc=0x00000214f1a004f0 method=java.util.Collections.indexedBinarySearch(Ljava/util/List;Ljava/lang/Object;Ljava/util/Comparator;)I @ 15 c2
Event: 34.419 Thread 0x00000214ca061fe0 DEOPT PACKING pc=0x00000214f1a004f0 sp=0x000000f1f3bfb100
Event: 34.419 Thread 0x00000214ca061fe0 DEOPT UNPACKING pc=0x00000214f0dd69a3 sp=0x000000f1f3bfb0b8 mode 2
Event: 34.457 Thread 0x00000214cd3bf9c0 Uncommon trap: trap_request=0xfffffff4 fr.pc=0x00000214f152bd68 relative=0x00000000000002c8
Event: 34.457 Thread 0x00000214cd3bf9c0 Uncommon trap: reason=null_check action=make_not_entrant pc=0x00000214f152bd68 method=sun.invoke.util.VerifyType.isNullConversion(Ljava/lang/Class;Ljava/lang/Class;Z)Z @ 67 c2
Event: 34.457 Thread 0x00000214cd3bf9c0 DEOPT PACKING pc=0x00000214f152bd68 sp=0x000000f1f44fd8e0
Event: 34.457 Thread 0x00000214cd3bf9c0 DEOPT UNPACKING pc=0x00000214f0dd69a3 sp=0x000000f1f44fd860 mode 2
Event: 34.462 Thread 0x00000214cd3bf9c0 Uncommon trap: trap_request=0xffffff45 fr.pc=0x00000214f13ca43c relative=0x0000000000000cbc
Event: 34.462 Thread 0x00000214cd3bf9c0 Uncommon trap: reason=unstable_if action=reinterpret pc=0x00000214f13ca43c method=java.io.BufferedReader.readLine(Z[Z)Ljava/lang/String; @ 209 c2
Event: 34.462 Thread 0x00000214cd3bf9c0 DEOPT PACKING pc=0x00000214f13ca43c sp=0x000000f1f44fd780
Event: 34.462 Thread 0x00000214cd3bf9c0 DEOPT UNPACKING pc=0x00000214f0dd69a3 sp=0x000000f1f44fd720 mode 2

Classes loaded (20 events):
Event: 34.391 Loading class java/util/Collections$UnmodifiableSortedMap
Event: 34.391 Loading class java/util/Collections$UnmodifiableSortedMap done
Event: 34.391 Loading class java/nio/StringCharBuffer
Event: 34.392 Loading class java/nio/StringCharBuffer done
Event: 34.392 Loading class sun/nio/cs/ThreadLocalCoders
Event: 34.392 Loading class sun/nio/cs/ThreadLocalCoders done
Event: 34.392 Loading class sun/nio/cs/ThreadLocalCoders$1
Event: 34.392 Loading class sun/nio/cs/ThreadLocalCoders$Cache
Event: 34.392 Loading class sun/nio/cs/ThreadLocalCoders$Cache done
Event: 34.392 Loading class sun/nio/cs/ThreadLocalCoders$1 done
Event: 34.392 Loading class sun/nio/cs/ThreadLocalCoders$2
Event: 34.392 Loading class sun/nio/cs/ThreadLocalCoders$2 done
Event: 34.457 Loading class sun/invoke/util/ValueConversions$1
Event: 34.457 Loading class sun/invoke/util/ValueConversions$1 done
Event: 34.458 Loading class java/lang/invoke/BoundMethodHandle$Species_LI
Event: 34.458 Loading class java/lang/invoke/BoundMethodHandle$Species_LI done
Event: 34.499 Loading class java/nio/file/StandardCopyOption
Event: 34.499 Loading class java/nio/file/StandardCopyOption done
Event: 34.499 Loading class sun/nio/fs/WindowsFileCopy
Event: 34.500 Loading class sun/nio/fs/WindowsFileCopy done

Classes unloaded (1 events):
Event: 13.127 Thread 0x00000214e18097e0 Unloading class 0x0000021482e38400 'java/lang/invoke/LambdaForm$DMH+0x0000021482e38400'

Classes redefined (0 events):
No events

Internal exceptions (20 events):
Event: 34.502 Thread 0x00000214ca060180 Exception <a 'sun/nio/fs/WindowsException'{0x000000009e6c85f0}> (0x000000009e6c85f0) 
thrown [s\src\hotspot\share\prims\jni.cpp, line 516]
Event: 34.506 Thread 0x00000214ca060180 Exception <a 'sun/nio/fs/WindowsException'{0x000000009e6d1e08}> (0x000000009e6d1e08) 
thrown [s\src\hotspot\share\prims\jni.cpp, line 516]
Event: 34.509 Thread 0x00000214ca060180 Exception <a 'sun/nio/fs/WindowsException'{0x000000009e6d2ec0}> (0x000000009e6d2ec0) 
thrown [s\src\hotspot\share\prims\jni.cpp, line 516]
Event: 34.511 Thread 0x00000214ca060180 Exception <a 'sun/nio/fs/WindowsException'{0x000000009e6d40b0}> (0x000000009e6d40b0) 
thrown [s\src\hotspot\share\prims\jni.cpp, line 516]
Event: 34.513 Thread 0x00000214ca060180 Exception <a 'sun/nio/fs/WindowsException'{0x000000009e6d52b0}> (0x000000009e6d52b0) 
thrown [s\src\hotspot\share\prims\jni.cpp, line 516]
Event: 34.515 Thread 0x00000214ca060180 Exception <a 'sun/nio/fs/WindowsException'{0x000000009e6d6588}> (0x000000009e6d6588) 
thrown [s\src\hotspot\share\prims\jni.cpp, line 516]
Event: 34.516 Thread 0x00000214ca060180 Exception <a 'sun/nio/fs/WindowsException'{0x000000009e6d7890}> (0x000000009e6d7890) 
thrown [s\src\hotspot\share\prims\jni.cpp, line 516]
Event: 34.518 Thread 0x00000214ca060180 Exception <a 'sun/nio/fs/WindowsException'{0x000000009e6d8b88}> (0x000000009e6d8b88) 
thrown [s\src\hotspot\share\prims\jni.cpp, line 516]
Event: 34.520 Thread 0x00000214ca060180 Exception <a 'sun/nio/fs/WindowsException'{0x000000009e6d9e10}> (0x000000009e6d9e10) 
thrown [s\src\hotspot\share\prims\jni.cpp, line 516]
Event: 34.523 Thread 0x00000214ca060180 Exception <a 'sun/nio/fs/WindowsException'{0x000000009e6db098}> (0x000000009e6db098) 
thrown [s\src\hotspot\share\prims\jni.cpp, line 516]
Event: 34.525 Thread 0x00000214ca060180 Exception <a 'sun/nio/fs/WindowsException'{0x000000009e6dc388}> (0x000000009e6dc388) 
thrown [s\src\hotspot\share\prims\jni.cpp, line 516]
Event: 34.527 Thread 0x00000214ca060180 Exception <a 'sun/nio/fs/WindowsException'{0x000000009e581140}> (0x000000009e581140) 
thrown [s\src\hotspot\share\prims\jni.cpp, line 516]
Event: 34.529 Thread 0x00000214ca060180 Exception <a 'sun/nio/fs/WindowsException'{0x000000009e582338}> (0x000000009e582338) 
thrown [s\src\hotspot\share\prims\jni.cpp, line 516]
Event: 34.530 Thread 0x00000214ca060180 Exception <a 'sun/nio/fs/WindowsException'{0x000000009e583598}> (0x000000009e583598) 
thrown [s\src\hotspot\share\prims\jni.cpp, line 516]
Event: 34.531 Thread 0x00000214ca060180 Exception <a 'sun/nio/fs/WindowsException'{0x000000009e584938}> (0x000000009e584938) 
thrown [s\src\hotspot\share\prims\jni.cpp, line 516]
Event: 34.532 Thread 0x00000214ca060180 Exception <a 'sun/nio/fs/WindowsException'{0x000000009e585b90}> (0x000000009e585b90) 
thrown [s\src\hotspot\share\prims\jni.cpp, line 516]
Event: 34.534 Thread 0x00000214ca060180 Exception <a 'sun/nio/fs/WindowsException'{0x000000009e586de8}> (0x000000009e586de8) 
thrown [s\src\hotspot\share\prims\jni.cpp, line 516]
Event: 34.535 Thread 0x00000214ca060180 Exception <a 'sun/nio/fs/WindowsException'{0x000000009e587fe8}> (0x000000009e587fe8) 
thrown [s\src\hotspot\share\prims\jni.cpp, line 516]
Event: 34.537 Thread 0x00000214ca060180 Exception <a 'sun/nio/fs/WindowsException'{0x000000009e589220}> (0x000000009e589220) 
thrown [s\src\hotspot\share\prims\jni.cpp, line 516]
Event: 34.539 Thread 0x00000214ca060180 Exception <a 'sun/nio/fs/WindowsException'{0x000000009e58a4d8}> (0x000000009e58a4d8) 
thrown [s\src\hotspot\share\prims\jni.cpp, line 516]

VM Operations (20 events):
Event: 33.983 Executing VM operation: ICBufferFull
Event: 33.983 Executing VM operation: ICBufferFull done
Event: 34.157 Executing VM operation: HandshakeAllThreads
Event: 34.158 Executing VM operation: HandshakeAllThreads done
Event: 34.162 Executing VM operation: HandshakeAllThreads
Event: 34.162 Executing VM operation: HandshakeAllThreads done
Event: 34.260 Executing VM operation: ICBufferFull
Event: 34.268 Executing VM operation: ICBufferFull done
Event: 34.281 Executing VM operation: HandshakeAllThreads
Event: 34.281 Executing VM operation: HandshakeAllThreads done
Event: 34.313 Executing VM operation: HandshakeAllThreads
Event: 34.313 Executing VM operation: HandshakeAllThreads done
Event: 34.323 Executing VM operation: HandshakeAllThreads
Event: 34.323 Executing VM operation: HandshakeAllThreads done
Event: 34.332 Executing VM operation: HandshakeAllThreads
Event: 34.332 Executing VM operation: HandshakeAllThreads done
Event: 34.442 Executing VM operation: ICBufferFull
Event: 34.442 Executing VM operation: ICBufferFull done
Event: 35.451 Executing VM operation: Cleanup
Event: 35.451 Executing VM operation: Cleanup done

Memory protections (0 events):
No events

Nmethod flushes (20 events):
Event: 34.346 Thread 0x0000021480b1f2f0 flushing  nmethod 0x00000214eb0e3410
Event: 34.346 Thread 0x0000021480b1f2f0 flushing  nmethod 0x00000214eb0e3810
Event: 34.346 Thread 0x0000021480b1f2f0 flushing  nmethod 0x00000214eb0e4310
Event: 34.346 Thread 0x0000021480b1f2f0 flushing  nmethod 0x00000214eb0e4710
Event: 34.346 Thread 0x0000021480b1f2f0 flushing  nmethod 0x00000214eb0e6d10
Event: 34.346 Thread 0x0000021480b1f2f0 flushing  nmethod 0x00000214eb0e9c10
Event: 34.346 Thread 0x0000021480b1f2f0 flushing  nmethod 0x00000214eb0f2190
Event: 34.346 Thread 0x0000021480b1f2f0 flushing  nmethod 0x00000214eb10e790
Event: 34.346 Thread 0x0000021480b1f2f0 flushing  nmethod 0x00000214eb116890
Event: 34.346 Thread 0x0000021480b1f2f0 flushing  nmethod 0x00000214eb118490
Event: 34.346 Thread 0x0000021480b1f2f0 flushing  nmethod 0x00000214eb118a90
Event: 34.346 Thread 0x0000021480b1f2f0 flushing  nmethod 0x00000214eb119890
Event: 34.346 Thread 0x0000021480b1f2f0 flushing  nmethod 0x00000214eb165010
Event: 34.346 Thread 0x0000021480b1f2f0 flushing  nmethod 0x00000214eb175710
Event: 34.346 Thread 0x0000021480b1f2f0 flushing  nmethod 0x00000214eb1a5e10
Event: 34.346 Thread 0x0000021480b1f2f0 flushing  nmethod 0x00000214eb1a6690
Event: 34.346 Thread 0x0000021480b1f2f0 flushing  nmethod 0x00000214eb1a7490
Event: 34.346 Thread 0x0000021480b1f2f0 flushing  nmethod 0x00000214eb1a7f90
Event: 34.346 Thread 0x0000021480b1f2f0 flushing  nmethod 0x00000214eb1a9910
Event: 34.346 Thread 0x0000021480b1f2f0 flushing  nmethod 0x00000214eb1b3490

Events (20 events):
Event: 12.779 Thread 0x00000214ca065280 Thread added: 0x00000214cbf77bf0
Event: 12.780 Thread 0x00000214cbf77bf0 Thread added: 0x00000214cbd26ce0
Event: 12.780 Thread 0x00000214cbd26ce0 Thread added: 0x00000214cbf79b30
Event: 12.780 Thread 0x00000214cbf79b30 Thread added: 0x00000214cd3befa0
Event: 16.519 Thread 0x00000214ca454610 Thread exited: 0x00000214ca454610
Event: 16.519 Thread 0x00000214c60b32a0 Thread exited: 0x00000214c60b32a0
Event: 32.216 Thread 0x0000021480b1e9e0 Thread added: 0x00000214c710ff00
Event: 32.218 Thread 0x0000021480b1e9e0 Thread added: 0x00000214c7113ec0
Event: 33.395 Thread 0x00000214ca061ad0 Thread added: 0x00000214cb831050
Event: 33.399 Thread 0x00000214ca061ad0 Thread added: 0x00000214c87cbed0
Event: 33.402 Thread 0x00000214ca061ad0 Thread added: 0x00000214c87c8720
Event: 33.406 Thread 0x00000214ca061ad0 Thread added: 0x00000214c87caa90
Event: 33.409 Thread 0x00000214ca061ad0 Thread added: 0x00000214c87cafa0
Event: 33.414 Thread 0x00000214ca061ad0 Thread added: 0x00000214c87c9650
Event: 33.418 Thread 0x00000214ca061ad0 Thread added: 0x00000214c87c8c30
Event: 33.422 Thread 0x00000214ca061ad0 Thread added: 0x00000214c87c9b60
Event: 34.170 Thread 0x00000214ca061ad0 Thread added: 0x00000214cbf7a550
Event: 34.243 Thread 0x00000214c825f7f0 Thread added: 0x00000214d2455f70
Event: 34.248 Thread 0x00000214d2455f70 Thread added: 0x00000214cd3be070
Event: 34.274 Thread 0x00000214cd3be070 Thread exited: 0x00000214cd3be070


Dynamic libraries:
0x00007ff61cb70000 - 0x00007ff61cb7e000 	C:\Users\16696\.jdks\ms-17.0.19\bin\java.exe
0x00007ff880020000 - 0x00007ff880286000 	C:\Windows\SYSTEM32\ntdll.dll
0x00007ff87e450000 - 0x00007ff87e519000 	C:\Windows\System32\KERNEL32.DLL
0x00007ff87d960000 - 0x00007ff87dd5a000 	C:\Windows\System32\KERNELBASE.dll
0x00007ff8389f0000 - 0x00007ff838a9f000 	d:\Trea\Trae CN\resources\app\modules\sandbox\x64\sbox_core.dll
0x00007ff87d620000 - 0x00007ff87d76c000 	C:\Windows\System32\ucrtbase.dll
0x00007ff876f80000 - 0x00007ff876f9e000 	C:\Users\16696\.jdks\ms-17.0.19\bin\VCRUNTIME140.dll
0x00007ff86de00000 - 0x00007ff86de18000 	C:\Users\16696\.jdks\ms-17.0.19\bin\jli.dll
0x00007ff87fa80000 - 0x00007ff87fc47000 	C:\Windows\System32\USER32.dll
0x00007ff87dd60000 - 0x00007ff87dd87000 	C:\Windows\System32\win32u.dll
0x00007ff87c3b0000 - 0x00007ff87c642000 	C:\Windows\WinSxS\amd64_microsoft.windows.common-controls_6595b64144ccf1df_6.0.26100.8521_none_3e08b75ce33403b3\COMCTL32.dll
0x00007ff87fa30000 - 0x00007ff87fa5b000 	C:\Windows\System32\GDI32.dll
0x00007ff87e5f0000 - 0x00007ff87e699000 	C:\Windows\System32\msvcrt.dll
0x00007ff87d830000 - 0x00007ff87d95b000 	C:\Windows\System32\gdi32full.dll
0x00007ff87d2b0000 - 0x00007ff87d353000 	C:\Windows\System32\msvcp_win.dll
0x00007ff838bc0000 - 0x00007ff838c50000 	d:\Trea\Trae CN\resources\app\modules\sandbox\x64\sbox_ipc.dll
0x00007ff87dea0000 - 0x00007ff87ded2000 	C:\Windows\System32\IMM32.DLL
0x00007ff87ca80000 - 0x00007ff87ccc2000 	C:\Windows\SYSTEM32\dbghelp.dll
0x00007ff87fc50000 - 0x00007ff87ffd3000 	C:\Windows\System32\combase.dll
0x00007ff87f8a0000 - 0x00007ff87f9b8000 	C:\Windows\System32\RPCRT4.dll
0x00007ff87f760000 - 0x00007ff87f839000 	C:\Windows\System32\OLEAUT32.dll
0x00007ff87c950000 - 0x00007ff87c98b000 	C:\Windows\SYSTEM32\dbgcore.DLL
0x00007ff86ddd0000 - 0x00007ff86dddc000 	C:\Users\16696\.jdks\ms-17.0.19\bin\vcruntime140_1.dll
0x00007ff83a4f0000 - 0x00007ff83a579000 	C:\Users\16696\.jdks\ms-17.0.19\bin\msvcp140.dll
0x00007ff807150000 - 0x00007ff807dcb000 	C:\Users\16696\.jdks\ms-17.0.19\bin\server\jvm.dll
0x00007ff87ed10000 - 0x00007ff87edc6000 	C:\Windows\System32\ADVAPI32.dll
0x00007ff87e1e0000 - 0x00007ff87e28a000 	C:\Windows\System32\sechost.dll
0x00007ff87de10000 - 0x00007ff87de90000 	C:\Windows\System32\WS2_32.dll
0x00007ff87d110000 - 0x00007ff87d16e000 	C:\Windows\SYSTEM32\POWRPROF.dll
0x00007ff875350000 - 0x00007ff875386000 	C:\Windows\SYSTEM32\WINMM.dll
0x00007ff875340000 - 0x00007ff87534b000 	C:\Windows\SYSTEM32\VERSION.dll
0x00007ff87d0f0000 - 0x00007ff87d104000 	C:\Windows\SYSTEM32\UMPDC.dll
0x00007ff87b6d0000 - 0x00007ff87b6eb000 	C:\Windows\SYSTEM32\kernel.appcore.dll
0x00007ff86d940000 - 0x00007ff86d94a000 	C:\Users\16696\.jdks\ms-17.0.19\bin\jimage.dll
0x00007ff87d360000 - 0x00007ff87d408000 	C:\Windows\System32\bcryptPrimitives.dll
0x00007ff87b180000 - 0x00007ff87b2ca000 	C:\Windows\SYSTEM32\dnsapi.dll
0x00007ff87ba10000 - 0x00007ff87ba1d000 	C:\Windows\SYSTEM32\DSPARSE.dll
0x00007ff87b0f0000 - 0x00007ff87b123000 	C:\Windows\SYSTEM32\IPHLPAPI.DLL
0x00007ff87fa60000 - 0x00007ff87fa6a000 	C:\Windows\System32\NSI.dll
0x00007ff86d930000 - 0x00007ff86d93f000 	C:\Users\16696\.jdks\ms-17.0.19\bin\instrument.dll
0x00007ff86d460000 - 0x00007ff86d486000 	C:\Users\16696\.jdks\ms-17.0.19\bin\java.dll
0x00007ff87ee60000 - 0x00007ff87f5e4000 	C:\Windows\System32\Shell32.dll
0x00007ff87a390000 - 0x00007ff87ac10000 	C:\Windows\SYSTEM32\windows.storage.dll
0x00007ff87e350000 - 0x00007ff87e446000 	C:\Windows\System32\shcore.dll
0x00007ff878970000 - 0x00007ff878a1a000 	C:\Windows\system32\uxtheme.dll
0x00007ff87f9c0000 - 0x00007ff87fa27000 	C:\Windows\System32\shlwapi.dll
0x00007ff87e290000 - 0x00007ff87e33e000 	C:\Windows\System32\clbcatq.dll
0x00007ff862ef0000 - 0x00007ff863547000 	C:\Windows\System32\OneCoreUAPCommonProxyStub.dll
0x00007ff87dee0000 - 0x00007ff87e078000 	C:\Windows\System32\ole32.dll
0x00007ff87ce00000 - 0x00007ff87ce51000 	C:\Windows\SYSTEM32\CFGMGR32.dll
0x00007ff865020000 - 0x00007ff8651fd000 	C:\Windows\System32\urlmon.dll
0x00007ff863ca0000 - 0x00007ff863f65000 	C:\Windows\System32\iertutil.dll
0x00007ff863a50000 - 0x00007ff863a79000 	C:\Windows\System32\srvcli.dll
0x00007ff87b0e0000 - 0x00007ff87b0ed000 	C:\Windows\System32\netutils.dll
0x00007ff87b940000 - 0x00007ff87b989000 	C:\Windows\System32\SspiCli.dll
0x00007ff876ba0000 - 0x00007ff876ca6000 	C:\Windows\System32\PROPSYS.dll
0x00007ff871e40000 - 0x00007ff871e57000 	C:\Windows\SYSTEM32\virtdisk.dll
0x00007ff8554a0000 - 0x00007ff855618000 	C:\Windows\System32\Windows.System.Launcher.dll
0x00007ff862d00000 - 0x00007ff862d1d000 	C:\Windows\SYSTEM32\windows.staterepositorycore.dll
0x00007ff876040000 - 0x00007ff8761aa000 	C:\Windows\System32\wintypes.dll
0x00007ff84d260000 - 0x00007ff84d324000 	C:\Windows\System32\Windows.StateRepositoryPS.dll
0x00007ff87ca20000 - 0x00007ff87ca56000 	C:\Windows\SYSTEM32\ntmarta.dll
0x00007ff84c830000 - 0x00007ff84c8f0000 	C:\Windows\System32\Windows.FileExplorer.Common.dll
0x00007ff862d50000 - 0x00007ff862d97000 	C:\Windows\SYSTEM32\windows.staterepositoryclient.dll
0x00007ff84c360000 - 0x00007ff84c390000 	C:\Windows\System32\cldapi.dll
0x00007ff87d1a0000 - 0x00007ff87d1ca000 	C:\Windows\SYSTEM32\bcrypt.dll
0x00007ff87d1d0000 - 0x00007ff87d1f9000 	C:\Windows\SYSTEM32\profapi.dll
0x00007ff87e520000 - 0x00007ff87e59c000 	C:\Windows\System32\coml2.dll
0x00007ff838aa0000 - 0x00007ff838b76000 	C:\Users\16696\.jdks\ms-17.0.19\bin\jsvml.dll
0x00007ff86d080000 - 0x00007ff86d098000 	C:\Users\16696\.jdks\ms-17.0.19\bin\zip.dll
0x00007ff86d060000 - 0x00007ff86d07b000 	C:\Users\16696\.jdks\ms-17.0.19\bin\net.dll
0x00007ff874b00000 - 0x00007ff874c29000 	C:\Windows\SYSTEM32\WINHTTP.dll
0x00007ff87bbf0000 - 0x00007ff87bc5c000 	C:\Windows\system32\mswsock.dll
0x00007ff86cdc0000 - 0x00007ff86cdd6000 	C:\Users\16696\.jdks\ms-17.0.19\bin\nio.dll
0x00007ff86ce00000 - 0x00007ff86ce10000 	C:\Users\16696\.jdks\ms-17.0.19\bin\verify.dll
0x00007fffe4c80000 - 0x00007fffe4ca7000 	C:\Users\16696\.gradle\native\660c5614fbf4a5f2a75b1949f50a0caf5cd603558e7d8a26e50b933a0cfb79d1\windows-amd64\native-platform.dll
0x00007ff839070000 - 0x00007ff8390e7000 	C:\Users\16696\.gradle\native\0.2.8\x86_64-windows-gnu\gradle-fileevents.dll
0x00007ff86c0d0000 - 0x00007ff86c0da000 	C:\Users\16696\.jdks\ms-17.0.19\bin\management.dll
0x00007ff866be0000 - 0x00007ff866bec000 	C:\Users\16696\.jdks\ms-17.0.19\bin\management_ext.dll
0x00007ff87fa70000 - 0x00007ff87fa78000 	C:\Windows\System32\PSAPI.DLL
0x00007ff875390000 - 0x00007ff8753ad000 	C:\Windows\SYSTEM32\dhcpcsvc6.DLL
0x00007ff874450000 - 0x00007ff874475000 	C:\Windows\SYSTEM32\dhcpcsvc.DLL
0x00007ff866bd0000 - 0x00007ff866bd9000 	C:\Users\16696\.jdks\ms-17.0.19\bin\extnet.dll
0x00007ff87cdd0000 - 0x00007ff87cdeb000 	C:\Windows\SYSTEM32\CRYPTSP.dll
0x00007ff87be90000 - 0x00007ff87bec9000 	C:\Windows\system32\rsaenh.dll
0x00007ff87bc60000 - 0x00007ff87bc93000 	C:\Windows\SYSTEM32\USERENV.dll
0x00007ff87be80000 - 0x00007ff87be8c000 	C:\Windows\SYSTEM32\CRYPTBASE.dll
0x00007ff866b90000 - 0x00007ff866b9e000 	C:\Users\16696\.jdks\ms-17.0.19\bin\sunmscapi.dll
0x00007ff87d410000 - 0x00007ff87d588000 	C:\Windows\System32\CRYPT32.dll
0x00007ff87c370000 - 0x00007ff87c3a0000 	C:\Windows\SYSTEM32\ncrypt.dll
0x00007ff87c320000 - 0x00007ff87c35f000 	C:\Windows\SYSTEM32\NTASN1.dll
0x00007ff865540000 - 0x00007ff865548000 	C:\Windows\system32\wshunix.dll
0x00007ff878550000 - 0x00007ff8785f0000 	C:\Windows\SYSTEM32\apphelp.dll
0x00007ff83c6c0000 - 0x00007ff83c6db000 	C:\Windows\system32\NetworkExplorer.dll
0x00007ff832b20000 - 0x00007ff832bc8000 	C:\Windows\system32\ntshrui.dll
0x00007ff876f40000 - 0x00007ff876f5f000 	C:\Program Files\TortoiseGit\bin\TortoiseGitStub.dll
0x00007ff84c900000 - 0x00007ff84cd50000 	C:\Program Files\TortoiseGit\bin\TortoiseGit.dll
0x00007ff86d4d0000 - 0x00007ff86d684000 	C:\Program Files\TortoiseGit\bin\libgit2_tgit.dll
0x00007ff86c4e0000 - 0x00007ff86c6bb000 	C:\Program Files\TortoiseGit\bin\gitdll.dll
0x00007ff876f20000 - 0x00007ff876f38000 	C:\Program Files\TortoiseGit\bin\zlib1_tgit.dll
0x00007ff8612b0000 - 0x00007ff8612c3000 	C:\Windows\SYSTEM32\cscapi.dll
0x00007ff83bdd0000 - 0x00007ff83bddf000 	C:\Windows\SYSTEM32\LINKINFO.dll
0x00007ff84cf20000 - 0x00007ff84cf41000 	C:\Windows\SYSTEM32\MPR.dll
0x00007ff841b20000 - 0x00007ff841b42000 	C:\Windows\System32\p9np.dll
0x00007ff84e3f0000 - 0x00007ff84e3fd000 	C:\Windows\System32\drprov.dll
0x00007ff840ce0000 - 0x00007ff840d04000 	C:\Windows\System32\ntlanman.dll
0x00007ff840de0000 - 0x00007ff840e01000 	C:\Windows\System32\davclnt.dll
0x00007ff84c550000 - 0x00007ff84c692000 	C:\Windows\system32\Windows.Storage.Search.dll
0x00007ff862030000 - 0x00007ff8620f5000 	C:\Windows\System32\StructuredQuery.dll
0x00007ff863fa0000 - 0x00007ff864240000 	C:\Windows\System32\icu.dll
0x00007ff84c330000 - 0x00007ff84c359000 	C:\Windows\SYSTEM32\edputil.dll

dbghelp: loaded successfully - version: 4.0.5 - missing functions: none
symbol engine: initialized successfully - sym options: 0x614 - pdb path: .;C:\Users\16696\.jdks\ms-17.0.19\bin;C:\Windows\SYSTEM32;d:\Trea\Trae CN\resources\app\modules\sandbox\x64;C:\Windows\WinSxS\amd64_microsoft.windows.common-controls_6595b64144ccf1df_6.0.26100.8521_none_3e08b75ce33403b3;C:\Users\16696\.jdks\ms-17.0.19\bin\server;C:\Users\16696\.gradle\native\660c5614fbf4a5f2a75b1949f50a0caf5cd603558e7d8a26e50b933a0cfb79d1\windows-amd64;C:\Users\16696\.gradle\native\0.2.8\x86_64-windows-gnu;C:\Program Files\TortoiseGit\bin

VM Arguments:
jvm_args: --add-opens=java.base/java.lang=ALL-UNNAMED --add-opens=java.base/java.lang.invoke=ALL-UNNAMED --add-opens=java.base/java.util=ALL-UNNAMED --add-opens=java.prefs/java.util.prefs=ALL-UNNAMED --add-exports=jdk.compiler/com.sun.tools.javac.api=ALL-UNNAMED --add-exports=jdk.compiler/com.sun.tools.javac.util=ALL-UNNAMED --add-opens=java.base/java.util=ALL-UNNAMED --add-opens=java.prefs/java.util.prefs=ALL-UNNAMED --add-opens=java.base/java.nio.charset=ALL-UNNAMED --add-opens=java.base/java.net=ALL-UNNAMED --add-opens=java.base/java.util.concurrent=ALL-UNNAMED --add-opens=java.base/java.util.concurrent.atomic=ALL-UNNAMED --add-opens=java.xml/javax.xml.namespace=ALL-UNNAMED --add-opens=java.base/java.time=ALL-UNNAMED -Xmx2048m -Dfile.encoding=UTF-8 -Duser.country=CN -Duser.language=zh -Duser.variant -javaagent:C:\Users\16696\.gradle\wrapper\dists\gradle-9.4.1-bin\arn2x92ynaizyzdaamcbpbhtj\gradle-9.4.1\lib\agents\gradle-instrumentation-agent-9.4.1.jar 
java_command: org.gradle.launcher.daemon.bootstrap.GradleDaemon 9.4.1
java_class_path (initial): C:\Users\16696\.gradle\wrapper\dists\gradle-9.4.1-bin\arn2x92ynaizyzdaamcbpbhtj\gradle-9.4.1\lib\gradle-daemon-main-9.4.1.jar
Launcher Type: SUN_STANDARD

[Global flags]
     intx CICompilerCount                          = 4                                         {product} {ergonomic}
     uint ConcGCThreads                            = 2                                         {product} {ergonomic}
     uint G1ConcRefinementThreads                  = 9                                         {product} {ergonomic}
   size_t G1HeapRegionSize                         = 1048576                                   {product} {ergonomic}
    uintx GCDrainStackTargetSize                   = 64                                        {product} {ergonomic}
   size_t InitialHeapSize                          = 260046848                                 {product} {ergonomic}
   size_t MarkStackSize                            = 4194304                                   {product} {ergonomic}
   size_t MaxHeapSize                              = 2147483648                                {product} {command line}
   size_t MaxNewSize                               = 1287651328                                {product} {ergonomic}
   size_t MinHeapDeltaBytes                        = 1048576                                   {product} {ergonomic}
   size_t MinHeapSize                              = 8388608                                   {product} {ergonomic}
    uintx NonNMethodCodeHeapSize                   = 5839372                                {pd product} {ergonomic}
    uintx NonProfiledCodeHeapSize                  = 122909434                              {pd product} {ergonomic}
    uintx ProfiledCodeHeapSize                     = 122909434                              {pd product} {ergonomic}
    uintx ReservedCodeCacheSize                    = 251658240                              {pd product} {ergonomic}
     bool SegmentedCodeCache                       = true                                      {product} {ergonomic}
   size_t SoftMaxHeapSize                          = 2147483648                             {manageable} {ergonomic}
     bool UseCompressedClassPointers               = true                           {product lp64_product} {ergonomic}
     bool UseCompressedOops                        = true                           {product lp64_product} {ergonomic}
     bool UseG1GC                                  = true                                      {product} {ergonomic}
     bool UseLargePagesIndividualAllocation        = false                                  {pd product} {ergonomic}

Logging:
Log output configuration:
 #0: stdout all=warning uptime,level,tags
 #1: stderr all=off uptime,level,tags

Environment Variables:
JAVA_HOME=D:\Android\jdk-8.0.492.9-hotspot
PATH=d:\Trea\Trae CN\resources\app\modules\ai-agent\bin;D:\Android\jdk-8.0.492.9-hotspot\bin;C:\Program Files (x86)\VMware\VMware Workstation\bin\;C:\Windows\system32;C:\Windows;C:\Windows\System32\Wbem;C:\Windows\System32\WindowsPowerShell\v1.0\;C:\Windows\System32\OpenSSH\;D:\Git\Git\cmd;D:\Cmake\bin;D:\Windows Kits\10\Windows Performance Toolkit\;C:\Program Files\CMake\bin;C:\Program Files\TortoiseGit\bin;C:\NXP\S32DS.3.5\S32DS\build_tools\gcc-10.2-arm32-eabi\bin;D:\Xshell\;C:\Users\16696\AppData\Local\Programs\Python\Python314\Scripts\;C:\Users\16696\AppData\Local\Programs\Python\Python314\;C:\Users\16696\AppData\Local\Microsoft\WindowsApps;D:\pycharm\PyCharm 2026.1.2\bin;D:\vscode\Microsoft VS Code\bin;D:\Android\Sdk\platform-tools;;c:\Users\16696\.trae-cn\extensions\vscjava.vscode-java-debug-0.59.0-universal\bundled\scripts\noConfigScripts;d:\Trea\Trae CN\resources\app\modules\ai-agent\bin;D:\Android\jdk-8.0.492.9-hotspot\bin;C:\Program Files (x86)\VMware\VMware Workstation\bin\;C:\Windows\system32;C:\Windows;C:\Windows\System32\Wbem;C:\Windows\System32\WindowsPowerShell\v1.0\;C:\Windows\System32\OpenSSH\;D:\Git\Git\cmd;D:\Cmake\bin;D:\Windows Kits\10\Windows Performance Toolkit\;C:\Program Files\CMake\bin;C:\Program Files\TortoiseGit\bin;C:\NXP\S32DS.3.5\S32DS\build_tools\gcc-10.2-arm32-eabi\bin;D:\Xshell\;C:\Users\16696\AppData\Local\Programs\Python\Python314\Scripts\;C:\Users\16696\AppData\Local\Programs\Python\Python314\;C:\Users\16696\AppData\Local\Microsoft\WindowsApps;D:\pycharm\PyCharm 2026.1.2\bin;D:\vscode\Microsoft VS Code\bin;D:\Android\Sdk\platform-tools;;d:\Trea\Trae CN\resources\app\bin\lib;d:\Trea\Trae CN\resources\app\node_modules\@vscode\ripgrep\bin
USERNAME=16696
LANG=zh_CN.UTF-8
TERM=dumb
OS=Windows_NT
PROCESSOR_IDENTIFIER=Intel64 Family 6 Model 198 Stepping 2, GenuineIntel
TMP=C:\Users\16696\AppData\Local\Temp
TEMP=C:\Users\16696\AppData\Local\Temp



Periodic native trim disabled


---------------  S Y S T E M  ---------------

OS:
 Windows 11 , 64 bit Build 26100 (10.0.26100.8521)
OS uptime: 1 days 20:33 hours
Hyper-V role detected

CPU: total 10 (initial active 10) (10 cores per cpu, 1 threads per core) family 6 model 198 stepping 2 microcode 0x118, cx8, cmov, fxsr, mmx, 3dnowpref, sse, sse2, sse3, ssse3, sse4.1, sse4.2, popcnt, lzcnt, tsc, tscinvbit, avx, avx2, aes, erms, clmul, bmi1, bmi2, adx, sha, fma, vzeroupper, clflush, clflushopt, clwb, hv
Processor Information for processor 0
  Max Mhz: 3300, Current Mhz: 3300, Mhz Limit: 3300
Processor Information for processor 1
  Max Mhz: 3300, Current Mhz: 3300, Mhz Limit: 3300
Processor Information for processor 2
  Max Mhz: 2700, Current Mhz: 2700, Mhz Limit: 2700
Processor Information for processor 3
  Max Mhz: 2700, Current Mhz: 2700, Mhz Limit: 2700
Processor Information for processor 4
  Max Mhz: 2700, Current Mhz: 2700, Mhz Limit: 2700
Processor Information for processor 5
  Max Mhz: 2700, Current Mhz: 2700, Mhz Limit: 2700
Processor Information for processor 6
  Max Mhz: 3300, Current Mhz: 3300, Mhz Limit: 3300
Processor Information for processor 7
  Max Mhz: 3300, Current Mhz: 3300, Mhz Limit: 3300
Processor Information for processor 8
  Max Mhz: 3300, Current Mhz: 3300, Mhz Limit: 3300
Processor Information for processor 9
  Max Mhz: 3300, Current Mhz: 3300, Mhz Limit: 3300

Memory: 4k page, system-wide physical 15751M (1205M free)
TotalPageFile size 54151M (AvailPageFile size 11M)
current process WorkingSet (physical memory assigned to process): 878M, peak: 888M
current process commit charge ("private bytes"): 1011M, peak: 1041M

vm_info: OpenJDK 64-Bit Server VM (17.0.19+10-LTS) for windows-amd64 JRE (17.0.19+10-LTS), built on Apr 18 2026 18:24:40 by "MicrosoftCorporation" with MS VC++ 17.14 (VS2022)

END.
