#
# There is insufficient memory for the Java Runtime Environment to continue.
# Native memory allocation (mmap) failed to map 343932928 bytes. Error detail: G1 virtual space
# Possible reasons:
#   The system is out of physical RAM or swap space
#   This process is running with CompressedOops enabled, and the Java Heap may be blocking the growth of the native heap
# Possible solutions:
#   Reduce memory load on the system
#   Increase physical memory or swap space
#   Check if swap backing store is full
#   Decrease Java heap size (-Xmx/-Xms)
#   Decrease number of Java threads
#   Decrease Java thread stack sizes (-Xss)
#   Set larger code cache with -XX:ReservedCodeCacheSize=
#   JVM is running with Unscaled Compressed Oops mode in which the Java heap is
#     placed in the first 4GB address space. The Java Heap base address is the
#     maximum limit for the native heap growth. Please use -XX:HeapBaseMinAddress
#     to set the Java Heap base and to place the Java Heap above 4GB virtual address.
# This output file may be truncated or incomplete.
#
#  Out of Memory Error (os_windows.cpp:3690), pid=28188, tid=15692
#
# JRE version: OpenJDK Runtime Environment Microsoft-13877129 (17.0.19+10) (build 17.0.19+10-LTS)
# Java VM: OpenJDK 64-Bit Server VM Microsoft-13877129 (17.0.19+10-LTS, mixed mode, sharing, tiered, compressed oops, compressed class ptrs, g1 gc, windows-amd64)
# No core dump will be written. Minidumps are not enabled by default on client versions of Windows
#

---------------  S U M M A R Y ------------

Command Line: --add-opens=java.base/java.lang=ALL-UNNAMED --add-opens=java.base/java.lang.invoke=ALL-UNNAMED --add-opens=java.base/java.util=ALL-UNNAMED --add-opens=java.prefs/java.util.prefs=ALL-UNNAMED --add-exports=jdk.compiler/com.sun.tools.javac.api=ALL-UNNAMED --add-exports=jdk.compiler/com.sun.tools.javac.util=ALL-UNNAMED --add-opens=java.base/java.util=ALL-UNNAMED --add-opens=java.prefs/java.util.prefs=ALL-UNNAMED --add-opens=java.base/java.nio.charset=ALL-UNNAMED --add-opens=java.base/java.net=ALL-UNNAMED --add-opens=java.base/java.util.concurrent=ALL-UNNAMED --add-opens=java.base/java.util.concurrent.atomic=ALL-UNNAMED --add-opens=java.xml/javax.xml.namespace=ALL-UNNAMED --add-opens=java.base/java.time=ALL-UNNAMED -Xmx2048m -Dfile.encoding=UTF-8 -Duser.country=CN -Duser.language=zh -Duser.variant -javaagent:C:\Users\16696\.gradle\wrapper\dists\gradle-9.4.1-bin\arn2x92ynaizyzdaamcbpbhtj\gradle-9.4.1\lib\agents\gradle-instrumentation-agent-9.4.1.jar org.gradle.launcher.daemon.bootstrap.GradleDaemon 9.4.1

Host: Intel(R) Core(TM) Ultra 5 225, 10 cores, 15G,  Windows 11 , 64 bit Build 26100 (10.0.26100.8521)
Time: Thu Jul 16 10:45:55 2026  Windows 11 , 64 bit Build 26100 (10.0.26100.8521) elapsed time: 20.314104 seconds (0d 0h 0m 20s)

---------------  T H R E A D  ---------------

Current thread (0x000002b74a13b540):  VMThread "VM Thread" [stack: 0x000000de4ee00000,0x000000de4ef00000] [id=15692]

Stack: [0x000000de4ee00000,0x000000de4ef00000]
Native frames: (J=compiled Java code, j=interpreted, Vv=VM code, C=native code)
V  [jvm.dll+0x68cc89]  (no source info available)
V  [jvm.dll+0x845d89]  (no source info available)
V  [jvm.dll+0x847af8]  (no source info available)
V  [jvm.dll+0x848183]  (no source info available)
V  [jvm.dll+0x24d0bf]  (no source info available)
V  [jvm.dll+0x68c089]  (no source info available)
V  [jvm.dll+0x68064a]  (no source info available)
V  [jvm.dll+0x3102f0]  (no source info available)
V  [jvm.dll+0x310192]  (no source info available)
V  [jvm.dll+0x317709]  (no source info available)
V  [jvm.dll+0x369b09]  (no source info available)
V  [jvm.dll+0x369d3d]  (no source info available)
V  [jvm.dll+0x2e6afa]  (no source info available)
V  [jvm.dll+0x2e4ef1]  (no source info available)
V  [jvm.dll+0x2e468c]  (no source info available)
V  [jvm.dll+0x32903b]  (no source info available)
V  [jvm.dll+0x84ca0d]  (no source info available)
V  [jvm.dll+0x84d723]  (no source info available)
V  [jvm.dll+0x84dc54]  (no source info available)
V  [jvm.dll+0x84e038]  (no source info available)
V  [jvm.dll+0x84e12e]  (no source info available)
V  [jvm.dll+0x7f62cc]  (no source info available)
V  [jvm.dll+0x68e227]  (no source info available)
C  [ucrtbase.dll+0x2cd30]  (no source info available)
C  [KERNEL32.DLL+0x2e957]  (no source info available)
C  [ntdll.dll+0x87c1c]  (no source info available)

VM_Operation (0x000000de543fd380): G1CollectForAllocation, mode: safepoint, requested by thread 0x000002b794910eb0


---------------  P R O C E S S  ---------------

Threads class SMR info:
_java_thread_list=0x000002b79fce2970, length=91, elements={
0x000002b72b9e8980, 0x000002b74a1430d0, 0x000002b74a1437b0, 0x000002b74a15e040,
0x000002b74a15e520, 0x000002b74a15f570, 0x000002b74a1605c0, 0x000002b74a1664c0,
0x000002b74a168f80, 0x000002b74a16ba00, 0x000002b74a127490, 0x000002b74a3e0c60,
0x000002b7917069a0, 0x000002b791749110, 0x000002b791abba30, 0x000002b790f50090,
0x000002b7919d0ec0, 0x000002b79197b360, 0x000002b791979500, 0x000002b79197ae50,
0x000002b79197c290, 0x000002b791979a10, 0x000002b79197c7a0, 0x000002b79197a430,
0x000002b793419090, 0x000002b793419ab0, 0x000002b79341a4d0, 0x000002b79341b400,
0x000002b793419fc0, 0x000002b7934195a0, 0x000002b793418160, 0x000002b79341a9e0,
0x000002b793417c50, 0x000002b794912d10, 0x000002b792e0bbc0, 0x000002b792e0c0d0,
0x000002b792e0c5e0, 0x000002b792e0caf0, 0x000002b792e09850, 0x000002b792e0a270,
0x000002b792e0d510, 0x000002b792e09d60, 0x000002b792e0da20, 0x000002b74a16aa10,
0x000002b794b5f170, 0x000002b792e0e440, 0x000002b792e0ac90, 0x000002b792e102a0,
0x000002b792e107b0, 0x000002b792e0e950, 0x000002b792e10cc0, 0x000002b792e0ee60,
0x000002b792e0f370, 0x000002b792e0f880, 0x000002b792e111d0, 0x000002b793418670,
0x000002b793418b80, 0x000002b79341c840, 0x000002b79341c330, 0x000002b79341e6a0,
0x000002b79341ebb0, 0x000002b79341f0c0, 0x000002b79341d260, 0x000002b79341b910,
0x000002b79341be20, 0x000002b79341f5d0, 0x000002b79341cd50, 0x000002b7949122f0,
0x000002b7949113c0, 0x000002b794913220, 0x000002b794912800, 0x000002b794910490,
0x000002b7949109a0, 0x000002b794914150, 0x000002b794910eb0, 0x000002b7949173f0,
0x000002b7949169d0, 0x000002b794917900, 0x000002b794915aa0, 0x000002b794915fb0,
0x000002b7949164c0, 0x000002b794916ee0, 0x000002b791979f20, 0x000002b79197a940,
0x000002b79197b870, 0x000002b79e1b7f20, 0x000002b79e1b9d80, 0x000002b79e1b8e50,
0x000002b79e1bb1c0, 0x000002b79e1b8430, 0x000002b79e1b8940
}

Java Threads: ( => current thread )
  0x000002b72b9e8980 JavaThread "main" [_thread_blocked, id=18048, stack(0x000000de4e800000,0x000000de4e900000)]
  0x000002b74a1430d0 JavaThread "Reference Handler" daemon [_thread_blocked, id=2764, stack(0x000000de4ef00000,0x000000de4f000000)]
  0x000002b74a1437b0 JavaThread "Finalizer" daemon [_thread_blocked, id=22640, stack(0x000000de4f000000,0x000000de4f100000)]
  0x000002b74a15e040 JavaThread "Signal Dispatcher" daemon [_thread_blocked, id=22936, stack(0x000000de4f100000,0x000000de4f200000)]
  0x000002b74a15e520 JavaThread "Attach Listener" daemon [_thread_blocked, id=392, stack(0x000000de4f200000,0x000000de4f300000)]
  0x000002b74a15f570 JavaThread "Service Thread" daemon [_thread_blocked, id=27876, stack(0x000000de4f300000,0x000000de4f400000)]
  0x000002b74a1605c0 JavaThread "Monitor Deflation Thread" daemon [_thread_blocked, id=12540, stack(0x000000de4f400000,0x000000de4f500000)]
  0x000002b74a1664c0 JavaThread "C2 CompilerThread0" daemon [_thread_blocked, id=23168, stack(0x000000de4f500000,0x000000de4f600000)]
  0x000002b74a168f80 JavaThread "C1 CompilerThread0" daemon [_thread_blocked, id=17752, stack(0x000000de4f600000,0x000000de4f700000)]
  0x000002b74a16ba00 JavaThread "Sweeper thread" daemon [_thread_blocked, id=20736, stack(0x000000de4f700000,0x000000de4f800000)]
  0x000002b74a127490 JavaThread "Common-Cleaner" daemon [_thread_blocked, id=11720, stack(0x000000de4f800000,0x000000de4f900000)]
  0x000002b74a3e0c60 JavaThread "Notification Thread" daemon [_thread_blocked, id=26948, stack(0x000000de4fa00000,0x000000de4fb00000)]
  0x000002b7917069a0 JavaThread "Daemon health stats" [_thread_blocked, id=23548, stack(0x000000de50100000,0x000000de50200000)]
  0x000002b791749110 JavaThread "Incoming local TCP Connector on port 50786" [_thread_in_native, id=11388, stack(0x000000de50200000,0x000000de50300000)]
  0x000002b791abba30 JavaThread "Daemon periodic checks" [_thread_blocked, id=23420, stack(0x000000de50300000,0x000000de50400000)]
  0x000002b790f50090 JavaThread "Daemon" [_thread_blocked, id=28556, stack(0x000000de50400000,0x000000de50500000)]
  0x000002b7919d0ec0 JavaThread "Daemon worker" [_thread_blocked, id=22452, stack(0x000000de50700000,0x000000de50800000)]
  0x000002b79197b360 JavaThread "Cache worker for journal cache (C:\Users\16696\.gradle\caches\journal-1)" [_thread_blocked, id=20540, stack(0x000000de50b00000,0x000000de50c00000)]
  0x000002b791979500 JavaThread "File lock request listener" [_thread_blocked, id=25400, stack(0x000000de50c00000,0x000000de50d00000)]
  0x000002b79197ae50 JavaThread "Cache worker for file hash cache (C:\Users\16696\.gradle\caches\9.4.1\fileHashes)" [_thread_blocked, id=20392, stack(0x000000de50d00000,0x000000de50e00000)]
  0x000002b79197c290 JavaThread "File watcher server" daemon [_thread_blocked, id=22184, stack(0x000000de51500000,0x000000de51600000)]
  0x000002b791979a10 JavaThread "File watcher consumer" daemon [_thread_blocked, id=25512, stack(0x000000de51600000,0x000000de51700000)]
  0x000002b79197c7a0 JavaThread "jar transforms" [_thread_blocked, id=24816, stack(0x000000de51700000,0x000000de51800000)]
  0x000002b79197a430 JavaThread "jar transforms Thread 2" [_thread_blocked, id=4364, stack(0x000000de51800000,0x000000de51900000)]
  0x000002b793419090 JavaThread "jar transforms Thread 3" [_thread_blocked, id=19284, stack(0x000000de51900000,0x000000de51a00000)]
  0x000002b793419ab0 JavaThread "jar transforms Thread 4" [_thread_blocked, id=21472, stack(0x000000de51a00000,0x000000de51b00000)]
  0x000002b79341a4d0 JavaThread "jar transforms Thread 5" [_thread_blocked, id=21112, stack(0x000000de51b00000,0x000000de51c00000)]
  0x000002b79341b400 JavaThread "jar transforms Thread 6" [_thread_blocked, id=20312, stack(0x000000de51c00000,0x000000de51d00000)]
  0x000002b793419fc0 JavaThread "jar transforms Thread 7" [_thread_blocked, id=28412, stack(0x000000de51d00000,0x000000de51e00000)]
  0x000002b7934195a0 JavaThread "jar transforms Thread 8" [_thread_blocked, id=19468, stack(0x000000de51e00000,0x000000de51f00000)]
  0x000002b793418160 JavaThread "jar transforms Thread 9" [_thread_blocked, id=27332, stack(0x000000de51f00000,0x000000de52000000)]
  0x000002b79341a9e0 JavaThread "jar transforms Thread 10" [_thread_blocked, id=7516, stack(0x000000de52000000,0x000000de52100000)]
  0x000002b793417c50 JavaThread "Cache worker for file content cache (C:\Users\16696\.gradle\caches\9.4.1\fileContent)" [_thread_blocked, id=25824, stack(0x000000de52200000,0x000000de52300000)]
  0x000002b794912d10 JavaThread "Memory manager" [_thread_blocked, id=21092, stack(0x000000de4fc00000,0x000000de4fd00000)]
  0x000002b792e0bbc0 JavaThread "VFS cleanup" [_thread_blocked, id=18404, stack(0x000000de50800000,0x000000de50900000)]
  0x000002b792e0c0d0 JavaThread "File lock release action executor" [_thread_blocked, id=22024, stack(0x000000de4f900000,0x000000de4fa00000)]
  0x000002b792e0c5e0 JavaThread "Handler for socket connection from /127.0.0.1:50786 to /127.0.0.1:58532" [_thread_in_native, id=13192, stack(0x000000de50500000,0x000000de50600000)]
  0x000002b792e0caf0 JavaThread "Cancel handler" [_thread_blocked, id=12300, stack(0x000000de50600000,0x000000de50700000)]
  0x000002b792e09850 JavaThread "Asynchronous log dispatcher for DefaultDaemonConnection: socket connection from /127.0.0.1:50786 to /127.0.0.1:58532" [_thread_blocked, id=25100, stack(0x000000de50900000,0x000000de50a00000)]
  0x000002b792e0a270 JavaThread "Stdin handler" [_thread_blocked, id=20812, stack(0x000000de50a00000,0x000000de50b00000)]
  0x000002b792e0d510 JavaThread "Daemon client event forwarder" [_thread_blocked, id=23656, stack(0x000000de51300000,0x000000de51400000)]
  0x000002b792e09d60 JavaThread "Cache worker for file hash cache (D:\Code\Application\music1\.gradle\9.4.1\fileHashes)" [_thread_blocked, id=19828, stack(0x000000de51400000,0x000000de51500000)]
  0x000002b792e0da20 JavaThread "Cache worker for Build Output Cleanup Cache (D:\Code\Application\music1\.gradle\buildOutputCleanup)" [_thread_blocked, id=17684, stack(0x000000de52300000,0x000000de52400000)]
  0x000002b74a16aa10 JavaThread "C2 CompilerThread1" daemon [_thread_blocked, id=16720, stack(0x000000de52400000,0x000000de52500000)]
  0x000002b794b5f170 JavaThread "C2 CompilerThread2" daemon [_thread_blocked, id=1484, stack(0x000000de52500000,0x000000de52600000)]
  0x000002b792e0e440 JavaThread "Cache worker for checksums cache (D:\Code\Application\music1\.gradle\9.4.1\checksums)" [_thread_blocked, id=16960, stack(0x000000de52600000,0x000000de52700000)]
  0x000002b792e0ac90 JavaThread "Cache worker for cache directory md-supplier (C:\Users\16696\.gradle\caches\9.4.1\md-supplier)" [_thread_blocked, id=26104, stack(0x000000de52700000,0x000000de52800000)]
  0x000002b792e102a0 JavaThread "Cache worker for cache directory md-rule (C:\Users\16696\.gradle\caches\9.4.1\md-rule)" [_thread_blocked, id=26068, stack(0x000000de52800000,0x000000de52900000)]
  0x000002b792e107b0 JavaThread "Build operations" [_thread_blocked, id=28408, stack(0x000000de52900000,0x000000de52a00000)]
  0x000002b792e0e950 JavaThread "Build operations Thread 2" [_thread_blocked, id=24532, stack(0x000000de52a00000,0x000000de52b00000)]
  0x000002b792e10cc0 JavaThread "Build operations Thread 3" [_thread_blocked, id=27348, stack(0x000000de52b00000,0x000000de52c00000)]
  0x000002b792e0ee60 JavaThread "Build operations Thread 4" [_thread_blocked, id=19600, stack(0x000000de52c00000,0x000000de52d00000)]
  0x000002b792e0f370 JavaThread "Build operations Thread 5" [_thread_blocked, id=20688, stack(0x000000de52d00000,0x000000de52e00000)]
  0x000002b792e0f880 JavaThread "Build operations Thread 6" [_thread_blocked, id=17176, stack(0x000000de52e00000,0x000000de52f00000)]
  0x000002b792e111d0 JavaThread "Build operations Thread 7" [_thread_blocked, id=4676, stack(0x000000de52f00000,0x000000de53000000)]
  0x000002b793418670 JavaThread "Build operations Thread 8" [_thread_blocked, id=19432, stack(0x000000de53000000,0x000000de53100000)]
  0x000002b793418b80 JavaThread "Build operations Thread 9" [_thread_blocked, id=22084, stack(0x000000de53100000,0x000000de53200000)]
  0x000002b79341c840 JavaThread "Build operations Thread 10" [_thread_blocked, id=14908, stack(0x000000de53200000,0x000000de53300000)]
  0x000002b79341c330 JavaThread "build event listener" [_thread_blocked, id=18204, stack(0x000000de53300000,0x000000de53400000)]
  0x000002b79341e6a0 JavaThread "build event listener" [_thread_blocked, id=21720, stack(0x000000de53400000,0x000000de53500000)]
  0x000002b79341ebb0 JavaThread "included builds" [_thread_blocked, id=8260, stack(0x000000de53500000,0x000000de53600000)]
  0x000002b79341f0c0 JavaThread "Execution worker" [_thread_blocked, id=22348, stack(0x000000de53600000,0x000000de53700000)]
  0x000002b79341d260 JavaThread "Execution worker Thread 2" [_thread_blocked, id=24140, stack(0x000000de53700000,0x000000de53800000)]
  0x000002b79341b910 JavaThread "Execution worker Thread 3" [_thread_blocked, id=12560, stack(0x000000de53800000,0x000000de53900000)]
  0x000002b79341be20 JavaThread "Execution worker Thread 4" [_thread_blocked, id=6036, stack(0x000000de53900000,0x000000de53a00000)]
  0x000002b79341f5d0 JavaThread "Execution worker Thread 5" [_thread_blocked, id=26444, stack(0x000000de53a00000,0x000000de53b00000)]
  0x000002b79341cd50 JavaThread "Execution worker Thread 6" [_thread_blocked, id=24728, stack(0x000000de53b00000,0x000000de53c00000)]
  0x000002b7949122f0 JavaThread "Execution worker Thread 7" [_thread_blocked, id=20532, stack(0x000000de53c00000,0x000000de53d00000)]
  0x000002b7949113c0 JavaThread "Execution worker Thread 8" [_thread_blocked, id=23844, stack(0x000000de53d00000,0x000000de53e00000)]
  0x000002b794913220 JavaThread "Execution worker Thread 9" [_thread_blocked, id=16420, stack(0x000000de53e00000,0x000000de53f00000)]
  0x000002b794912800 JavaThread "Cache worker for execution history cache (D:\Code\Application\music1\.gradle\9.4.1\executionHistory)" [_thread_blocked, id=4400, stack(0x000000de53f00000,0x000000de54000000)]
  0x000002b794910490 JavaThread "WorkerExecutor Queue" [_thread_blocked, id=21096, stack(0x000000de54000000,0x000000de54100000)]
  0x000002b7949109a0 JavaThread "WorkerExecutor Queue Thread 2" [_thread_blocked, id=7208, stack(0x000000de54100000,0x000000de54200000)]
  0x000002b794914150 JavaThread "WorkerExecutor Queue Thread 3" [_thread_blocked, id=24372, stack(0x000000de54200000,0x000000de54300000)]
  0x000002b794910eb0 JavaThread "WorkerExecutor Queue Thread 4" [_thread_blocked, id=22856, stack(0x000000de54300000,0x000000de54400000)]
  0x000002b7949173f0 JavaThread "ForkJoinPool-1-worker-1" daemon [_thread_blocked, id=6804, stack(0x000000de54500000,0x000000de54600000)]
  0x000002b7949169d0 JavaThread "ForkJoinPool-1-worker-2" daemon [_thread_blocked, id=18884, stack(0x000000de54600000,0x000000de54700000)]
  0x000002b794917900 JavaThread "ForkJoinPool-1-worker-3" daemon [_thread_blocked, id=3976, stack(0x000000de54700000,0x000000de54800000)]
  0x000002b794915aa0 JavaThread "ForkJoinPool-1-worker-4" daemon [_thread_blocked, id=27604, stack(0x000000de54800000,0x000000de54900000)]
  0x000002b794915fb0 JavaThread "ForkJoinPool-1-worker-5" daemon [_thread_blocked, id=27628, stack(0x000000de54900000,0x000000de54a00000)]
  0x000002b7949164c0 JavaThread "ForkJoinPool-1-worker-6" daemon [_thread_blocked, id=18740, stack(0x000000de54a00000,0x000000de54b00000)]
  0x000002b794916ee0 JavaThread "ForkJoinPool-1-worker-7" daemon [_thread_blocked, id=21608, stack(0x000000de54b00000,0x000000de54c00000)]
  0x000002b791979f20 JavaThread "ForkJoinPool-1-worker-8" daemon [_thread_blocked, id=16264, stack(0x000000de54c00000,0x000000de54d00000)]
  0x000002b79197a940 JavaThread "ForkJoinPool-1-worker-9" daemon [_thread_blocked, id=22076, stack(0x000000de54d00000,0x000000de54e00000)]
  0x000002b79197b870 JavaThread "ForkJoinPool-1-worker-10" daemon [_thread_blocked, id=10668, stack(0x000000de54e00000,0x000000de54f00000)]
  0x000002b79e1b7f20 JavaThread "WorkerExecutor Queue Thread 5" [_thread_blocked, id=25796, stack(0x000000de55400000,0x000000de55500000)]
  0x000002b79e1b9d80 JavaThread "WorkerExecutor Queue Thread 6" [_thread_blocked, id=25768, stack(0x000000de55500000,0x000000de55600000)]
  0x000002b79e1b8e50 JavaThread "WorkerExecutor Queue Thread 7" [_thread_blocked, id=27720, stack(0x000000de55600000,0x000000de55700000)]
  0x000002b79e1bb1c0 JavaThread "WorkerExecutor Queue Thread 8" [_thread_blocked, id=27072, stack(0x000000de55700000,0x000000de55800000)]
  0x000002b79e1b8430 JavaThread "WorkerExecutor Queue Thread 9" [_thread_blocked, id=9404, stack(0x000000de55800000,0x000000de55900000)]
  0x000002b79e1b8940 JavaThread "WorkerExecutor Queue Thread 10" [_thread_blocked, id=2280, stack(0x000000de55900000,0x000000de55a00000)]

Other Threads:
=>0x000002b74a13b540 VMThread "VM Thread" [stack: 0x000000de4ee00000,0x000000de4ef00000] [id=15692]
  0x000002b72b9ea720 WatcherThread [stack: 0x000000de4fb00000,0x000000de4fc00000] [id=23792]
  0x000002b72ba46ca0 GCTaskThread "GC Thread#0" [stack: 0x000000de4e900000,0x000000de4ea00000] [id=20520]
  0x000002b74a3ea4c0 GCTaskThread "GC Thread#1" [stack: 0x000000de4fd00000,0x000000de4fe00000] [id=7572]
  0x000002b74a3ea790 GCTaskThread "GC Thread#2" [stack: 0x000000de4fe00000,0x000000de4ff00000] [id=26848]
  0x000002b74a3eb2d0 GCTaskThread "GC Thread#3" [stack: 0x000000de4ff00000,0x000000de50000000] [id=26616]
  0x000002b74a3ead30 GCTaskThread "GC Thread#4" [stack: 0x000000de50000000,0x000000de50100000] [id=27096]
  0x000002b790d01a20 GCTaskThread "GC Thread#5" [stack: 0x000000de50e00000,0x000000de50f00000] [id=25892]
  0x000002b790d01cf0 GCTaskThread "GC Thread#6" [stack: 0x000000de50f00000,0x000000de51000000] [id=9032]
  0x000002b790d05260 GCTaskThread "GC Thread#7" [stack: 0x000000de51000000,0x000000de51100000] [id=26648]
  0x000002b790d03be0 GCTaskThread "GC Thread#8" [stack: 0x000000de51100000,0x000000de51200000] [id=24608]
  0x000002b72ba587e0 ConcurrentGCThread "G1 Main Marker" [stack: 0x000000de4ea00000,0x000000de4eb00000] [id=5000]
  0x000002b72ba5b120 ConcurrentGCThread "G1 Conc#0" [stack: 0x000000de4eb00000,0x000000de4ec00000] [id=19984]
  0x000002b790d03eb0 ConcurrentGCThread "G1 Conc#1" [stack: 0x000000de51200000,0x000000de51300000] [id=4252]
  0x000002b72ba9e1b0 ConcurrentGCThread "G1 Refine#0" [stack: 0x000000de4ec00000,0x000000de4ed00000] [id=22624]
  0x000002b792af4aa0 ConcurrentGCThread "G1 Refine#1" [stack: 0x000000de52100000,0x000000de52200000] [id=10076]
  0x000002b795245ab0 ConcurrentGCThread "G1 Refine#2" [stack: 0x000000de54400000,0x000000de54500000] [id=6532]
  0x000002b794825940 ConcurrentGCThread "G1 Refine#3" [stack: 0x000000de54f00000,0x000000de55000000] [id=27480]
  0x000002b7952466b0 ConcurrentGCThread "G1 Refine#4" [stack: 0x000000de55000000,0x000000de55100000] [id=25556]
  0x000002b79c590690 ConcurrentGCThread "G1 Refine#5" [stack: 0x000000de55100000,0x000000de55200000] [id=23128]
  0x000002b79c593690 ConcurrentGCThread "G1 Refine#6" [stack: 0x000000de55200000,0x000000de55300000] [id=25444]
  0x000002b79c593990 ConcurrentGCThread "G1 Refine#7" [stack: 0x000000de55300000,0x000000de55400000] [id=24492]
  0x000002b72ba9e5b0 ConcurrentGCThread "G1 Service" [stack: 0x000000de4ed00000,0x000000de4ee00000] [id=17412]

Threads with active compile tasks:
C2 CompilerThread0  20335 17463 %     4       com.android.tools.r8.dex.z::a @ 293 (1018 bytes)
C1 CompilerThread0  20336 18289       2       kotlin.text.StringsKt__StringsKt::split$StringsKt__StringsKt (161 bytes)
C2 CompilerThread1  20336 17932       4       com.android.tools.r8.internal.vb0::a (3327 bytes)
C2 CompilerThread2  20336 17475 %     4       com.android.tools.r8.dex.z::a @ 150 (880 bytes)

VM state: at safepoint (normal execution)

VM Mutex/Monitor currently owned by a thread:  ([mutex/lock_event])
[0x000002b72b9e4bc0] Threads_lock - owner thread: 0x000002b74a13b540
[0x000002b72b9e5ca0] Heap_lock - owner thread: 0x000002b794910eb0

Heap address: 0x0000000080000000, size: 2048 MB, Compressed Oops mode: 32-bit

CDS archive(s) mapped at: [0x000002b74b000000-0x000002b74bbb0000-0x000002b74bbb0000), size 12255232, SharedBaseAddress: 0x000002b74b000000, ArchiveRelocationMode: 1.
Compressed class space mapped at: 0x000002b74c000000-0x000002b78c000000, reserved size: 1073741824
Narrow klass base: 0x000002b74b000000, Narrow klass shift: 0, Narrow klass range: 0x100000000

GC Precious Log:
 CPUs: 10 total, 10 available
 Memory: 15751M
 Large Page Support: Disabled
 NUMA Support: Disabled
 Compressed Oops: Enabled (32-bit)
 Heap Region Size: 1M
 Heap Min Capacity: 8M
 Heap Initial Capacity: 248M
 Heap Max Capacity: 2G
 Pre-touch: Disabled
 Parallel Workers: 9
 Concurrent Workers: 2
 Concurrent Refinement Workers: 9
 Periodic GC: Disabled

Heap:
 garbage-first heap   total 418816K, used 318464K [0x0000000080000000, 0x0000000100000000)
  region size 1024K, 5 young (5120K), 5 survivors (5120K)
 Metaspace       used 126339K, committed 127872K, reserved 1179648K
  class space    used 17353K, committed 18112K, reserved 1048576K

Heap Regions: E=young(eden), S=young(survivor), O=old, HS=humongous(starts), HC=humongous(continues), CS=collection set, F=free, OA=open archive, CA=closed archive, TAMS=top-at-mark-start (previous, next)
|   0|0x0000000080000000, 0x0000000080100000, 0x0000000080100000|100%|HS|  |TAMS 0x0000000080100000, 0x0000000080100000| Complete 
|   1|0x0000000080100000, 0x0000000080200000, 0x0000000080200000|100%|HC|  |TAMS 0x0000000080200000, 0x0000000080200000| Complete 
|   2|0x0000000080200000, 0x0000000080300000, 0x0000000080300000|100%|HC|  |TAMS 0x0000000080300000, 0x0000000080300000| Complete 
|   3|0x0000000080300000, 0x0000000080400000, 0x0000000080400000|100%|HC|  |TAMS 0x0000000080400000, 0x0000000080400000| Complete 
|   4|0x0000000080400000, 0x0000000080500000, 0x0000000080500000|100%| O|  |TAMS 0x0000000080500000, 0x0000000080500000| Untracked 
|   5|0x0000000080500000, 0x0000000080600000, 0x0000000080600000|100%| O|  |TAMS 0x0000000080600000, 0x0000000080600000| Untracked 
|   6|0x0000000080600000, 0x0000000080700000, 0x0000000080700000|100%| O|  |TAMS 0x0000000080700000, 0x0000000080700000| Untracked 
|   7|0x0000000080700000, 0x0000000080800000, 0x0000000080800000|100%| O|  |TAMS 0x0000000080800000, 0x0000000080800000| Untracked 
|   8|0x0000000080800000, 0x0000000080900000, 0x0000000080900000|100%|HS|  |TAMS 0x0000000080900000, 0x0000000080900000| Complete 
|   9|0x0000000080900000, 0x0000000080a00000, 0x0000000080a00000|100%| O|  |TAMS 0x0000000080a00000, 0x0000000080a00000| Untracked 
|  10|0x0000000080a00000, 0x0000000080b00000, 0x0000000080b00000|100%| O|  |TAMS 0x0000000080b00000, 0x0000000080b00000| Untracked 
|  11|0x0000000080b00000, 0x0000000080c00000, 0x0000000080c00000|100%| O|  |TAMS 0x0000000080c00000, 0x0000000080c00000| Untracked 
|  12|0x0000000080c00000, 0x0000000080d00000, 0x0000000080d00000|100%|HS|  |TAMS 0x0000000080d00000, 0x0000000080d00000| Complete 
|  13|0x0000000080d00000, 0x0000000080e00000, 0x0000000080e00000|100%|HS|  |TAMS 0x0000000080e00000, 0x0000000080e00000| Complete 
|  14|0x0000000080e00000, 0x0000000080f00000, 0x0000000080f00000|100%|HC|  |TAMS 0x0000000080f00000, 0x0000000080f00000| Complete 
|  15|0x0000000080f00000, 0x0000000081000000, 0x0000000081000000|100%|HC|  |TAMS 0x0000000081000000, 0x0000000081000000| Complete 
|  16|0x0000000081000000, 0x0000000081100000, 0x0000000081100000|100%|HC|  |TAMS 0x0000000081100000, 0x0000000081100000| Complete 
|  17|0x0000000081100000, 0x0000000081200000, 0x0000000081200000|100%|HC|  |TAMS 0x0000000081200000, 0x0000000081200000| Complete 
|  18|0x0000000081200000, 0x0000000081300000, 0x0000000081300000|100%|HC|  |TAMS 0x0000000081300000, 0x0000000081300000| Complete 
|  19|0x0000000081300000, 0x0000000081400000, 0x0000000081400000|100%| O|  |TAMS 0x0000000081400000, 0x0000000081400000| Untracked 
|  20|0x0000000081400000, 0x0000000081500000, 0x0000000081500000|100%| O|  |TAMS 0x0000000081500000, 0x0000000081500000| Untracked 
|  21|0x0000000081500000, 0x0000000081600000, 0x0000000081600000|100%| O|  |TAMS 0x0000000081600000, 0x0000000081600000| Untracked 
|  22|0x0000000081600000, 0x0000000081700000, 0x0000000081700000|100%| O|  |TAMS 0x0000000081700000, 0x0000000081700000| Untracked 
|  23|0x0000000081700000, 0x0000000081800000, 0x0000000081800000|100%| O|  |TAMS 0x0000000081800000, 0x0000000081800000| Untracked 
|  24|0x0000000081800000, 0x0000000081900000, 0x0000000081900000|100%| O|  |TAMS 0x0000000081900000, 0x0000000081900000| Untracked 
|  25|0x0000000081900000, 0x0000000081a00000, 0x0000000081a00000|100%| O|  |TAMS 0x0000000081a00000, 0x0000000081a00000| Untracked 
|  26|0x0000000081a00000, 0x0000000081b00000, 0x0000000081b00000|100%| O|  |TAMS 0x0000000081b00000, 0x0000000081b00000| Untracked 
|  27|0x0000000081b00000, 0x0000000081c00000, 0x0000000081c00000|100%| O|  |TAMS 0x0000000081c00000, 0x0000000081c00000| Untracked 
|  28|0x0000000081c00000, 0x0000000081d00000, 0x0000000081d00000|100%| O|  |TAMS 0x0000000081d00000, 0x0000000081d00000| Untracked 
|  29|0x0000000081d00000, 0x0000000081e00000, 0x0000000081e00000|100%|HS|  |TAMS 0x0000000081e00000, 0x0000000081e00000| Complete 
|  30|0x0000000081e00000, 0x0000000081f00000, 0x0000000081f00000|100%| O|  |TAMS 0x0000000081f00000, 0x0000000081f00000| Untracked 
|  31|0x0000000081f00000, 0x0000000082000000, 0x0000000082000000|100%| O|  |TAMS 0x0000000082000000, 0x0000000082000000| Untracked 
|  32|0x0000000082000000, 0x0000000082100000, 0x0000000082100000|100%| O|  |TAMS 0x0000000082100000, 0x0000000082100000| Untracked 
|  33|0x0000000082100000, 0x0000000082200000, 0x0000000082200000|100%| O|  |TAMS 0x0000000082200000, 0x0000000082200000| Untracked 
|  34|0x0000000082200000, 0x0000000082300000, 0x0000000082300000|100%| O|  |TAMS 0x0000000082300000, 0x0000000082300000| Untracked 
|  35|0x0000000082300000, 0x0000000082400000, 0x0000000082400000|100%| O|  |TAMS 0x0000000082400000, 0x0000000082400000| Untracked 
|  36|0x0000000082400000, 0x0000000082500000, 0x0000000082500000|100%|HS|  |TAMS 0x0000000082500000, 0x0000000082500000| Complete 
|  37|0x0000000082500000, 0x0000000082600000, 0x0000000082600000|100%| O|  |TAMS 0x0000000082600000, 0x0000000082600000| Untracked 
|  38|0x0000000082600000, 0x0000000082700000, 0x0000000082700000|100%|HS|  |TAMS 0x0000000082700000, 0x0000000082700000| Complete 
|  39|0x0000000082700000, 0x0000000082800000, 0x0000000082800000|100%|HC|  |TAMS 0x0000000082800000, 0x0000000082800000| Complete 
|  40|0x0000000082800000, 0x0000000082900000, 0x0000000082900000|100%|HC|  |TAMS 0x0000000082900000, 0x0000000082900000| Complete 
|  41|0x0000000082900000, 0x0000000082a00000, 0x0000000082a00000|100%|HC|  |TAMS 0x0000000082a00000, 0x0000000082a00000| Complete 
|  42|0x0000000082a00000, 0x0000000082b00000, 0x0000000082b00000|100%|HC|  |TAMS 0x0000000082b00000, 0x0000000082b00000| Complete 
|  43|0x0000000082b00000, 0x0000000082c00000, 0x0000000082c00000|100%|HC|  |TAMS 0x0000000082c00000, 0x0000000082c00000| Complete 
|  44|0x0000000082c00000, 0x0000000082d00000, 0x0000000082d00000|100%|HS|  |TAMS 0x0000000082d00000, 0x0000000082d00000| Complete 
|  45|0x0000000082d00000, 0x0000000082e00000, 0x0000000082e00000|100%|HS|  |TAMS 0x0000000082e00000, 0x0000000082e00000| Complete 
|  46|0x0000000082e00000, 0x0000000082f00000, 0x0000000082f00000|100%| O|  |TAMS 0x0000000082f00000, 0x0000000082f00000| Untracked 
|  47|0x0000000082f00000, 0x0000000083000000, 0x0000000083000000|100%| O|  |TAMS 0x0000000083000000, 0x0000000083000000| Untracked 
|  48|0x0000000083000000, 0x0000000083100000, 0x0000000083100000|100%| O|  |TAMS 0x0000000083100000, 0x0000000083100000| Untracked 
|  49|0x0000000083100000, 0x0000000083200000, 0x0000000083200000|100%| O|  |TAMS 0x0000000083200000, 0x0000000083200000| Untracked 
|  50|0x0000000083200000, 0x0000000083300000, 0x0000000083300000|100%| O|  |TAMS 0x0000000083300000, 0x0000000083300000| Untracked 
|  51|0x0000000083300000, 0x0000000083400000, 0x0000000083400000|100%| O|  |TAMS 0x0000000083400000, 0x0000000083400000| Untracked 
|  52|0x0000000083400000, 0x0000000083500000, 0x0000000083500000|100%| O|  |TAMS 0x0000000083500000, 0x0000000083500000| Untracked 
|  53|0x0000000083500000, 0x0000000083600000, 0x0000000083600000|100%| O|  |TAMS 0x0000000083600000, 0x0000000083600000| Untracked 
|  54|0x0000000083600000, 0x0000000083700000, 0x0000000083700000|100%| O|  |TAMS 0x0000000083700000, 0x0000000083700000| Untracked 
|  55|0x0000000083700000, 0x0000000083800000, 0x0000000083800000|100%| O|  |TAMS 0x0000000083800000, 0x0000000083800000| Untracked 
|  56|0x0000000083800000, 0x0000000083900000, 0x0000000083900000|100%| O|  |TAMS 0x0000000083900000, 0x0000000083900000| Untracked 
|  57|0x0000000083900000, 0x0000000083a00000, 0x0000000083a00000|100%| O|  |TAMS 0x0000000083a00000, 0x0000000083a00000| Untracked 
|  58|0x0000000083a00000, 0x0000000083b00000, 0x0000000083b00000|100%| O|  |TAMS 0x0000000083b00000, 0x0000000083b00000| Untracked 
|  59|0x0000000083b00000, 0x0000000083c00000, 0x0000000083c00000|100%| O|  |TAMS 0x0000000083c00000, 0x0000000083c00000| Untracked 
|  60|0x0000000083c00000, 0x0000000083d00000, 0x0000000083d00000|100%| O|  |TAMS 0x0000000083d00000, 0x0000000083d00000| Untracked 
|  61|0x0000000083d00000, 0x0000000083e00000, 0x0000000083e00000|100%| O|  |TAMS 0x0000000083e00000, 0x0000000083e00000| Untracked 
|  62|0x0000000083e00000, 0x0000000083f00000, 0x0000000083f00000|100%| O|  |TAMS 0x0000000083f00000, 0x0000000083f00000| Untracked 
|  63|0x0000000083f00000, 0x0000000084000000, 0x0000000084000000|100%| O|  |TAMS 0x0000000084000000, 0x0000000084000000| Untracked 
|  64|0x0000000084000000, 0x0000000084100000, 0x0000000084100000|100%| O|  |TAMS 0x0000000084100000, 0x0000000084100000| Untracked 
|  65|0x0000000084100000, 0x0000000084200000, 0x0000000084200000|100%| O|  |TAMS 0x0000000084200000, 0x0000000084200000| Untracked 
|  66|0x0000000084200000, 0x0000000084300000, 0x0000000084300000|100%|HS|  |TAMS 0x0000000084200000, 0x0000000084300000| Complete 
|  67|0x0000000084300000, 0x0000000084400000, 0x0000000084400000|100%| O|  |TAMS 0x0000000084400000, 0x0000000084400000| Untracked 
|  68|0x0000000084400000, 0x0000000084500000, 0x0000000084500000|100%|HS|  |TAMS 0x0000000084500000, 0x0000000084500000| Complete 
|  69|0x0000000084500000, 0x0000000084600000, 0x0000000084600000|100%|HC|  |TAMS 0x0000000084600000, 0x0000000084600000| Complete 
|  70|0x0000000084600000, 0x0000000084700000, 0x0000000084700000|100%|HS|  |TAMS 0x0000000084700000, 0x0000000084700000| Complete 
|  71|0x0000000084700000, 0x0000000084800000, 0x0000000084800000|100%|HS|  |TAMS 0x0000000084800000, 0x0000000084800000| Complete 
|  72|0x0000000084800000, 0x0000000084900000, 0x0000000084900000|100%|HS|  |TAMS 0x0000000084900000, 0x0000000084900000| Complete 
|  73|0x0000000084900000, 0x0000000084a00000, 0x0000000084a00000|100%|HS|  |TAMS 0x0000000084a00000, 0x0000000084a00000| Complete 
|  74|0x0000000084a00000, 0x0000000084b00000, 0x0000000084b00000|100%|HC|  |TAMS 0x0000000084b00000, 0x0000000084b00000| Complete 
|  75|0x0000000084b00000, 0x0000000084c00000, 0x0000000084c00000|100%|HS|  |TAMS 0x0000000084c00000, 0x0000000084c00000| Complete 
|  76|0x0000000084c00000, 0x0000000084d00000, 0x0000000084d00000|100%|HS|  |TAMS 0x0000000084d00000, 0x0000000084d00000| Complete 
|  77|0x0000000084d00000, 0x0000000084e00000, 0x0000000084e00000|100%| O|  |TAMS 0x0000000084e00000, 0x0000000084e00000| Untracked 
|  78|0x0000000084e00000, 0x0000000084f00000, 0x0000000084f00000|100%|HS|  |TAMS 0x0000000084f00000, 0x0000000084f00000| Complete 
|  79|0x0000000084f00000, 0x0000000085000000, 0x0000000085000000|100%|HS|  |TAMS 0x0000000085000000, 0x0000000085000000| Complete 
|  80|0x0000000085000000, 0x0000000085100000, 0x0000000085100000|100%|HC|  |TAMS 0x0000000085100000, 0x0000000085100000| Complete 
|  81|0x0000000085100000, 0x0000000085200000, 0x0000000085200000|100%| O|  |TAMS 0x0000000085200000, 0x0000000085200000| Untracked 
|  82|0x0000000085200000, 0x0000000085300000, 0x0000000085300000|100%| O|  |TAMS 0x0000000085300000, 0x0000000085300000| Untracked 
|  83|0x0000000085300000, 0x0000000085400000, 0x0000000085400000|100%| O|  |TAMS 0x0000000085400000, 0x0000000085400000| Untracked 
|  84|0x0000000085400000, 0x0000000085500000, 0x0000000085500000|100%| O|  |TAMS 0x0000000085500000, 0x0000000085500000| Untracked 
|  85|0x0000000085500000, 0x0000000085600000, 0x0000000085600000|100%| O|  |TAMS 0x0000000085600000, 0x0000000085600000| Untracked 
|  86|0x0000000085600000, 0x0000000085700000, 0x0000000085700000|100%| O|  |TAMS 0x0000000085700000, 0x0000000085700000| Untracked 
|  87|0x0000000085700000, 0x0000000085800000, 0x0000000085800000|100%| O|  |TAMS 0x0000000085800000, 0x0000000085800000| Untracked 
|  88|0x0000000085800000, 0x0000000085900000, 0x0000000085900000|100%| O|  |TAMS 0x0000000085900000, 0x0000000085900000| Untracked 
|  89|0x0000000085900000, 0x0000000085a00000, 0x0000000085a00000|100%| O|  |TAMS 0x0000000085a00000, 0x0000000085a00000| Untracked 
|  90|0x0000000085a00000, 0x0000000085b00000, 0x0000000085b00000|100%| O|  |TAMS 0x0000000085b00000, 0x0000000085b00000| Untracked 
|  91|0x0000000085b00000, 0x0000000085c00000, 0x0000000085c00000|100%| O|  |TAMS 0x0000000085c00000, 0x0000000085c00000| Untracked 
|  92|0x0000000085c00000, 0x0000000085d00000, 0x0000000085d00000|100%| O|  |TAMS 0x0000000085d00000, 0x0000000085d00000| Untracked 
|  93|0x0000000085d00000, 0x0000000085e00000, 0x0000000085e00000|100%| O|  |TAMS 0x0000000085e00000, 0x0000000085e00000| Untracked 
|  94|0x0000000085e00000, 0x0000000085f00000, 0x0000000085f00000|100%|HS|  |TAMS 0x0000000085f00000, 0x0000000085f00000| Complete 
|  95|0x0000000085f00000, 0x0000000086000000, 0x0000000086000000|100%| O|  |TAMS 0x0000000086000000, 0x0000000086000000| Untracked 
|  96|0x0000000086000000, 0x0000000086100000, 0x0000000086100000|100%| O|  |TAMS 0x0000000086100000, 0x0000000086100000| Untracked 
|  97|0x0000000086100000, 0x0000000086200000, 0x0000000086200000|100%| O|  |TAMS 0x0000000086200000, 0x0000000086200000| Untracked 
|  98|0x0000000086200000, 0x0000000086300000, 0x0000000086300000|100%| O|  |TAMS 0x0000000086300000, 0x0000000086300000| Untracked 
|  99|0x0000000086300000, 0x0000000086400000, 0x0000000086400000|100%| O|  |TAMS 0x0000000086400000, 0x0000000086400000| Untracked 
| 100|0x0000000086400000, 0x0000000086500000, 0x0000000086500000|100%| O|  |TAMS 0x0000000086500000, 0x0000000086500000| Untracked 
| 101|0x0000000086500000, 0x0000000086600000, 0x0000000086600000|100%| O|  |TAMS 0x0000000086600000, 0x0000000086600000| Untracked 
| 102|0x0000000086600000, 0x0000000086700000, 0x0000000086700000|100%|HS|  |TAMS 0x0000000086700000, 0x0000000086700000| Complete 
| 103|0x0000000086700000, 0x0000000086800000, 0x0000000086800000|100%| O|  |TAMS 0x0000000086800000, 0x0000000086800000| Untracked 
| 104|0x0000000086800000, 0x0000000086900000, 0x0000000086900000|100%| O|  |TAMS 0x0000000086900000, 0x0000000086900000| Untracked 
| 105|0x0000000086900000, 0x0000000086a00000, 0x0000000086a00000|100%| O|  |TAMS 0x0000000086a00000, 0x0000000086a00000| Untracked 
| 106|0x0000000086a00000, 0x0000000086b00000, 0x0000000086b00000|100%| O|  |TAMS 0x0000000086b00000, 0x0000000086b00000| Untracked 
| 107|0x0000000086b00000, 0x0000000086c00000, 0x0000000086c00000|100%| O|  |TAMS 0x0000000086c00000, 0x0000000086c00000| Untracked 
| 108|0x0000000086c00000, 0x0000000086d00000, 0x0000000086d00000|100%| O|  |TAMS 0x0000000086d00000, 0x0000000086d00000| Untracked 
| 109|0x0000000086d00000, 0x0000000086e00000, 0x0000000086e00000|100%| O|  |TAMS 0x0000000086e00000, 0x0000000086e00000| Untracked 
| 110|0x0000000086e00000, 0x0000000086f00000, 0x0000000086f00000|100%| O|  |TAMS 0x0000000086f00000, 0x0000000086f00000| Untracked 
| 111|0x0000000086f00000, 0x0000000087000000, 0x0000000087000000|100%| O|  |TAMS 0x0000000087000000, 0x0000000087000000| Untracked 
| 112|0x0000000087000000, 0x0000000087100000, 0x0000000087100000|100%| O|  |TAMS 0x0000000087100000, 0x0000000087100000| Untracked 
| 113|0x0000000087100000, 0x0000000087200000, 0x0000000087200000|100%| O|  |TAMS 0x0000000087200000, 0x0000000087200000| Untracked 
| 114|0x0000000087200000, 0x0000000087300000, 0x0000000087300000|100%| O|  |TAMS 0x0000000087300000, 0x0000000087300000| Untracked 
| 115|0x0000000087300000, 0x0000000087400000, 0x0000000087400000|100%| O|  |TAMS 0x0000000087400000, 0x0000000087400000| Untracked 
| 116|0x0000000087400000, 0x0000000087500000, 0x0000000087500000|100%| O|  |TAMS 0x0000000087500000, 0x0000000087500000| Untracked 
| 117|0x0000000087500000, 0x0000000087600000, 0x0000000087600000|100%| O|  |TAMS 0x0000000087600000, 0x0000000087600000| Untracked 
| 118|0x0000000087600000, 0x0000000087700000, 0x0000000087700000|100%| O|  |TAMS 0x0000000087700000, 0x0000000087700000| Untracked 
| 119|0x0000000087700000, 0x0000000087800000, 0x0000000087800000|100%| O|  |TAMS 0x0000000087800000, 0x0000000087800000| Untracked 
| 120|0x0000000087800000, 0x0000000087900000, 0x0000000087900000|100%| O|  |TAMS 0x0000000087900000, 0x0000000087900000| Untracked 
| 121|0x0000000087900000, 0x0000000087a00000, 0x0000000087a00000|100%| O|  |TAMS 0x0000000087a00000, 0x0000000087a00000| Untracked 
| 122|0x0000000087a00000, 0x0000000087b00000, 0x0000000087b00000|100%| O|  |TAMS 0x0000000087b00000, 0x0000000087b00000| Untracked 
| 123|0x0000000087b00000, 0x0000000087c00000, 0x0000000087c00000|100%| O|  |TAMS 0x0000000087c00000, 0x0000000087c00000| Untracked 
| 124|0x0000000087c00000, 0x0000000087d00000, 0x0000000087d00000|100%| O|  |TAMS 0x0000000087c00000, 0x0000000087c00000| Untracked 
| 125|0x0000000087d00000, 0x0000000087e00000, 0x0000000087e00000|100%| O|  |TAMS 0x0000000087d00000, 0x0000000087d00000| Untracked 
| 126|0x0000000087e00000, 0x0000000087f00000, 0x0000000087f00000|100%| O|  |TAMS 0x0000000087f00000, 0x0000000087f00000| Untracked 
| 127|0x0000000087f00000, 0x0000000088000000, 0x0000000088000000|100%| O|  |TAMS 0x0000000088000000, 0x0000000088000000| Untracked 
| 128|0x0000000088000000, 0x0000000088100000, 0x0000000088100000|100%| O|  |TAMS 0x0000000088100000, 0x0000000088100000| Untracked 
| 129|0x0000000088100000, 0x0000000088200000, 0x0000000088200000|100%| O|  |TAMS 0x0000000088200000, 0x0000000088200000| Untracked 
| 130|0x0000000088200000, 0x0000000088300000, 0x0000000088300000|100%| O|  |TAMS 0x0000000088300000, 0x0000000088300000| Untracked 
| 131|0x0000000088300000, 0x0000000088400000, 0x0000000088400000|100%| O|  |TAMS 0x0000000088400000, 0x0000000088400000| Untracked 
| 132|0x0000000088400000, 0x0000000088500000, 0x0000000088500000|100%| O|  |TAMS 0x0000000088400000, 0x0000000088500000| Untracked 
| 133|0x0000000088500000, 0x0000000088600000, 0x0000000088600000|100%| O|  |TAMS 0x0000000088600000, 0x0000000088600000| Untracked 
| 134|0x0000000088600000, 0x0000000088700000, 0x0000000088700000|100%| O|  |TAMS 0x0000000088700000, 0x0000000088700000| Untracked 
| 135|0x0000000088700000, 0x0000000088800000, 0x0000000088800000|100%| O|  |TAMS 0x0000000088800000, 0x0000000088800000| Untracked 
| 136|0x0000000088800000, 0x0000000088900000, 0x0000000088900000|100%| O|  |TAMS 0x0000000088900000, 0x0000000088900000| Untracked 
| 137|0x0000000088900000, 0x0000000088a00000, 0x0000000088a00000|100%| O|  |TAMS 0x0000000088a00000, 0x0000000088a00000| Untracked 
| 138|0x0000000088a00000, 0x0000000088b00000, 0x0000000088b00000|100%| O|  |TAMS 0x0000000088b00000, 0x0000000088b00000| Untracked 
| 139|0x0000000088b00000, 0x0000000088c00000, 0x0000000088c00000|100%| O|  |TAMS 0x0000000088c00000, 0x0000000088c00000| Untracked 
| 140|0x0000000088c00000, 0x0000000088d00000, 0x0000000088d00000|100%| O|  |TAMS 0x0000000088d00000, 0x0000000088d00000| Untracked 
| 141|0x0000000088d00000, 0x0000000088e00000, 0x0000000088e00000|100%| O|  |TAMS 0x0000000088e00000, 0x0000000088e00000| Untracked 
| 142|0x0000000088e00000, 0x0000000088f00000, 0x0000000088f00000|100%| O|  |TAMS 0x0000000088f00000, 0x0000000088f00000| Untracked 
| 143|0x0000000088f00000, 0x0000000089000000, 0x0000000089000000|100%| O|  |TAMS 0x0000000089000000, 0x0000000089000000| Untracked 
| 144|0x0000000089000000, 0x0000000089100000, 0x0000000089100000|100%| O|  |TAMS 0x0000000089100000, 0x0000000089100000| Untracked 
| 145|0x0000000089100000, 0x0000000089200000, 0x0000000089200000|100%| O|  |TAMS 0x0000000089200000, 0x0000000089200000| Untracked 
| 146|0x0000000089200000, 0x0000000089300000, 0x0000000089300000|100%| O|  |TAMS 0x0000000089300000, 0x0000000089300000| Untracked 
| 147|0x0000000089300000, 0x0000000089400000, 0x0000000089400000|100%| O|  |TAMS 0x0000000089400000, 0x0000000089400000| Untracked 
| 148|0x0000000089400000, 0x0000000089500000, 0x0000000089500000|100%| O|  |TAMS 0x0000000089500000, 0x0000000089500000| Untracked 
| 149|0x0000000089500000, 0x0000000089600000, 0x0000000089600000|100%| O|  |TAMS 0x0000000089600000, 0x0000000089600000| Untracked 
| 150|0x0000000089600000, 0x0000000089700000, 0x0000000089700000|100%| O|  |TAMS 0x0000000089700000, 0x0000000089700000| Untracked 
| 151|0x0000000089700000, 0x0000000089800000, 0x0000000089800000|100%| O|  |TAMS 0x0000000089800000, 0x0000000089800000| Untracked 
| 152|0x0000000089800000, 0x0000000089900000, 0x0000000089900000|100%| O|  |TAMS 0x0000000089900000, 0x0000000089900000| Untracked 
| 153|0x0000000089900000, 0x0000000089a00000, 0x0000000089a00000|100%| O|  |TAMS 0x0000000089a00000, 0x0000000089a00000| Untracked 
| 154|0x0000000089a00000, 0x0000000089b00000, 0x0000000089b00000|100%| O|  |TAMS 0x0000000089b00000, 0x0000000089b00000| Untracked 
| 155|0x0000000089b00000, 0x0000000089c00000, 0x0000000089c00000|100%| O|  |TAMS 0x0000000089c00000, 0x0000000089c00000| Untracked 
| 156|0x0000000089c00000, 0x0000000089d00000, 0x0000000089d00000|100%| O|  |TAMS 0x0000000089d00000, 0x0000000089d00000| Untracked 
| 157|0x0000000089d00000, 0x0000000089e00000, 0x0000000089e00000|100%| O|  |TAMS 0x0000000089e00000, 0x0000000089e00000| Untracked 
| 158|0x0000000089e00000, 0x0000000089f00000, 0x0000000089f00000|100%| O|  |TAMS 0x0000000089f00000, 0x0000000089f00000| Untracked 
| 159|0x0000000089f00000, 0x000000008a000000, 0x000000008a000000|100%| O|  |TAMS 0x000000008a000000, 0x000000008a000000| Untracked 
| 160|0x000000008a000000, 0x000000008a100000, 0x000000008a100000|100%| O|  |TAMS 0x000000008a000000, 0x000000008a100000| Untracked 
| 161|0x000000008a100000, 0x000000008a200000, 0x000000008a200000|100%| O|  |TAMS 0x000000008a100000, 0x000000008a200000| Untracked 
| 162|0x000000008a200000, 0x000000008a300000, 0x000000008a300000|100%| O|  |TAMS 0x000000008a200000, 0x000000008a300000| Untracked 
| 163|0x000000008a300000, 0x000000008a400000, 0x000000008a400000|100%|HS|  |TAMS 0x000000008a400000, 0x000000008a400000| Complete 
| 164|0x000000008a400000, 0x000000008a500000, 0x000000008a500000|100%|HC|  |TAMS 0x000000008a500000, 0x000000008a500000| Complete 
| 165|0x000000008a500000, 0x000000008a600000, 0x000000008a600000|100%|HS|  |TAMS 0x000000008a600000, 0x000000008a600000| Complete 
| 166|0x000000008a600000, 0x000000008a700000, 0x000000008a700000|100%|HC|  |TAMS 0x000000008a700000, 0x000000008a700000| Complete 
| 167|0x000000008a700000, 0x000000008a800000, 0x000000008a800000|100%|HS|  |TAMS 0x000000008a800000, 0x000000008a800000| Complete 
| 168|0x000000008a800000, 0x000000008a900000, 0x000000008a900000|100%|HC|  |TAMS 0x000000008a900000, 0x000000008a900000| Complete 
| 169|0x000000008a900000, 0x000000008aa00000, 0x000000008aa00000|100%|HC|  |TAMS 0x000000008aa00000, 0x000000008aa00000| Complete 
| 170|0x000000008aa00000, 0x000000008ab00000, 0x000000008ab00000|100%| O|  |TAMS 0x000000008ab00000, 0x000000008ab00000| Untracked 
| 171|0x000000008ab00000, 0x000000008ac00000, 0x000000008ac00000|100%| O|  |TAMS 0x000000008abee408, 0x000000008ac00000| Untracked 
| 172|0x000000008ac00000, 0x000000008ad00000, 0x000000008ad00000|100%|HS|  |TAMS 0x000000008ac00000, 0x000000008ad00000| Complete 
| 173|0x000000008ad00000, 0x000000008ae00000, 0x000000008ae00000|100%| O|  |TAMS 0x000000008ad00000, 0x000000008ae00000| Untracked 
| 174|0x000000008ae00000, 0x000000008af00000, 0x000000008af00000|100%|HS|  |TAMS 0x000000008ae00000, 0x000000008af00000| Complete 
| 175|0x000000008af00000, 0x000000008b000000, 0x000000008b000000|100%|HC|  |TAMS 0x000000008af00000, 0x000000008b000000| Complete 
| 176|0x000000008b000000, 0x000000008b100000, 0x000000008b100000|100%|HS|  |TAMS 0x000000008b000000, 0x000000008b100000| Complete 
| 177|0x000000008b100000, 0x000000008b200000, 0x000000008b200000|100%|HS|  |TAMS 0x000000008b100000, 0x000000008b200000| Complete 
| 178|0x000000008b200000, 0x000000008b300000, 0x000000008b300000|100%| O|  |TAMS 0x000000008b200000, 0x000000008b300000| Untracked 
| 179|0x000000008b300000, 0x000000008b400000, 0x000000008b400000|100%|HS|  |TAMS 0x000000008b400000, 0x000000008b400000| Complete 
| 180|0x000000008b400000, 0x000000008b500000, 0x000000008b500000|100%|HC|  |TAMS 0x000000008b500000, 0x000000008b500000| Complete 
| 181|0x000000008b500000, 0x000000008b600000, 0x000000008b600000|100%| O|  |TAMS 0x000000008b500000, 0x000000008b600000| Untracked 
| 182|0x000000008b600000, 0x000000008b700000, 0x000000008b700000|100%| O|  |TAMS 0x000000008b600000, 0x000000008b700000| Untracked 
| 183|0x000000008b700000, 0x000000008b800000, 0x000000008b800000|100%| O|  |TAMS 0x000000008b700000, 0x000000008b800000| Untracked 
| 184|0x000000008b800000, 0x000000008b900000, 0x000000008b900000|100%| O|  |TAMS 0x000000008b800000, 0x000000008b900000| Untracked 
| 185|0x000000008b900000, 0x000000008ba00000, 0x000000008ba00000|100%| O|  |TAMS 0x000000008b900000, 0x000000008ba00000| Untracked 
| 186|0x000000008ba00000, 0x000000008bb00000, 0x000000008bb00000|100%| O|  |TAMS 0x000000008ba00000, 0x000000008bb00000| Untracked 
| 187|0x000000008bb00000, 0x000000008bc00000, 0x000000008bc00000|100%| O|  |TAMS 0x000000008bb00000, 0x000000008bc00000| Untracked 
| 188|0x000000008bc00000, 0x000000008bd00000, 0x000000008bd00000|100%| O|  |TAMS 0x000000008bc00000, 0x000000008bd00000| Untracked 
| 189|0x000000008bd00000, 0x000000008be00000, 0x000000008be00000|100%| O|  |TAMS 0x000000008bd00000, 0x000000008be00000| Untracked 
| 190|0x000000008be00000, 0x000000008bf00000, 0x000000008bf00000|100%|HS|  |TAMS 0x000000008be00000, 0x000000008bf00000| Complete 
| 191|0x000000008bf00000, 0x000000008c000000, 0x000000008c000000|100%| O|  |TAMS 0x000000008bf00000, 0x000000008c000000| Untracked 
| 192|0x000000008c000000, 0x000000008c100000, 0x000000008c100000|100%| O|  |TAMS 0x000000008c000000, 0x000000008c100000| Untracked 
| 193|0x000000008c100000, 0x000000008c200000, 0x000000008c200000|100%| O|  |TAMS 0x000000008c100000, 0x000000008c200000| Untracked 
| 194|0x000000008c200000, 0x000000008c300000, 0x000000008c300000|100%|HS|  |TAMS 0x000000008c200000, 0x000000008c300000| Complete 
| 195|0x000000008c300000, 0x000000008c400000, 0x000000008c400000|100%|HC|  |TAMS 0x000000008c300000, 0x000000008c400000| Complete 
| 196|0x000000008c400000, 0x000000008c500000, 0x000000008c500000|100%| O|  |TAMS 0x000000008c400000, 0x000000008c500000| Untracked 
| 197|0x000000008c500000, 0x000000008c600000, 0x000000008c600000|100%| O|  |TAMS 0x000000008c500000, 0x000000008c600000| Untracked 
| 198|0x000000008c600000, 0x000000008c700000, 0x000000008c700000|100%| O|  |TAMS 0x000000008c600000, 0x000000008c700000| Untracked 
| 199|0x000000008c700000, 0x000000008c800000, 0x000000008c800000|100%| O|  |TAMS 0x000000008c700000, 0x000000008c800000| Untracked 
| 200|0x000000008c800000, 0x000000008c900000, 0x000000008c900000|100%| O|  |TAMS 0x000000008c800000, 0x000000008c900000| Untracked 
| 201|0x000000008c900000, 0x000000008ca00000, 0x000000008ca00000|100%| O|  |TAMS 0x000000008c900000, 0x000000008ca00000| Untracked 
| 202|0x000000008ca00000, 0x000000008cb00000, 0x000000008cb00000|100%| O|  |TAMS 0x000000008ca00000, 0x000000008cb00000| Untracked 
| 203|0x000000008cb00000, 0x000000008cc00000, 0x000000008cc00000|100%| O|  |TAMS 0x000000008cb00000, 0x000000008cc00000| Untracked 
| 204|0x000000008cc00000, 0x000000008cd00000, 0x000000008cd00000|100%| O|  |TAMS 0x000000008cc00000, 0x000000008cd00000| Untracked 
| 205|0x000000008cd00000, 0x000000008ce00000, 0x000000008ce00000|100%| O|  |TAMS 0x000000008cd00000, 0x000000008ce00000| Untracked 
| 206|0x000000008ce00000, 0x000000008cf00000, 0x000000008cf00000|100%| O|  |TAMS 0x000000008ce00000, 0x000000008cf00000| Untracked 
| 207|0x000000008cf00000, 0x000000008d000000, 0x000000008d000000|100%|HS|  |TAMS 0x000000008cf00000, 0x000000008d000000| Complete 
| 208|0x000000008d000000, 0x000000008d100000, 0x000000008d100000|100%|HC|  |TAMS 0x000000008d000000, 0x000000008d100000| Complete 
| 209|0x000000008d100000, 0x000000008d200000, 0x000000008d200000|100%| O|  |TAMS 0x000000008d100000, 0x000000008d200000| Untracked 
| 210|0x000000008d200000, 0x000000008d300000, 0x000000008d300000|100%| O|  |TAMS 0x000000008d200000, 0x000000008d300000| Untracked 
| 211|0x000000008d300000, 0x000000008d400000, 0x000000008d400000|100%| O|  |TAMS 0x000000008d300000, 0x000000008d400000| Untracked 
| 212|0x000000008d400000, 0x000000008d500000, 0x000000008d500000|100%| O|  |TAMS 0x000000008d400000, 0x000000008d500000| Untracked 
| 213|0x000000008d500000, 0x000000008d600000, 0x000000008d600000|100%| O|  |TAMS 0x000000008d500000, 0x000000008d600000| Untracked 
| 214|0x000000008d600000, 0x000000008d700000, 0x000000008d700000|100%|HS|  |TAMS 0x000000008d600000, 0x000000008d700000| Complete 
| 215|0x000000008d700000, 0x000000008d800000, 0x000000008d800000|100%|HC|  |TAMS 0x000000008d700000, 0x000000008d800000| Complete 
| 216|0x000000008d800000, 0x000000008d900000, 0x000000008d900000|100%|HC|  |TAMS 0x000000008d800000, 0x000000008d900000| Complete 
| 217|0x000000008d900000, 0x000000008da00000, 0x000000008da00000|100%| O|  |TAMS 0x000000008d900000, 0x000000008da00000| Untracked 
| 218|0x000000008da00000, 0x000000008db00000, 0x000000008db00000|100%| O|  |TAMS 0x000000008da00000, 0x000000008db00000| Untracked 
| 219|0x000000008db00000, 0x000000008dc00000, 0x000000008dc00000|100%| O|  |TAMS 0x000000008db00000, 0x000000008dc00000| Untracked 
| 220|0x000000008dc00000, 0x000000008dd00000, 0x000000008dd00000|100%| O|  |TAMS 0x000000008dc00000, 0x000000008dd00000| Untracked 
| 221|0x000000008dd00000, 0x000000008de00000, 0x000000008de00000|100%| O|  |TAMS 0x000000008dd00000, 0x000000008de00000| Untracked 
| 222|0x000000008de00000, 0x000000008df00000, 0x000000008df00000|100%| O|  |TAMS 0x000000008de00000, 0x000000008df00000| Untracked 
| 223|0x000000008df00000, 0x000000008e000000, 0x000000008e000000|100%| O|  |TAMS 0x000000008df00000, 0x000000008e000000| Untracked 
| 224|0x000000008e000000, 0x000000008e100000, 0x000000008e100000|100%| O|  |TAMS 0x000000008e000000, 0x000000008e100000| Untracked 
| 225|0x000000008e100000, 0x000000008e200000, 0x000000008e200000|100%| O|  |TAMS 0x000000008e100000, 0x000000008e200000| Untracked 
| 226|0x000000008e200000, 0x000000008e300000, 0x000000008e300000|100%| O|  |TAMS 0x000000008e200000, 0x000000008e300000| Untracked 
| 227|0x000000008e300000, 0x000000008e400000, 0x000000008e400000|100%| O|  |TAMS 0x000000008e300000, 0x000000008e400000| Untracked 
| 228|0x000000008e400000, 0x000000008e500000, 0x000000008e500000|100%| O|  |TAMS 0x000000008e400000, 0x000000008e500000| Untracked 
| 229|0x000000008e500000, 0x000000008e600000, 0x000000008e600000|100%| O|  |TAMS 0x000000008e500000, 0x000000008e600000| Untracked 
| 230|0x000000008e600000, 0x000000008e700000, 0x000000008e700000|100%| O|  |TAMS 0x000000008e600000, 0x000000008e700000| Untracked 
| 231|0x000000008e700000, 0x000000008e800000, 0x000000008e800000|100%| O|  |TAMS 0x000000008e700000, 0x000000008e800000| Untracked 
| 232|0x000000008e800000, 0x000000008e900000, 0x000000008e900000|100%| O|  |TAMS 0x000000008e800000, 0x000000008e900000| Untracked 
| 233|0x000000008e900000, 0x000000008ea00000, 0x000000008ea00000|100%| O|  |TAMS 0x000000008e900000, 0x000000008ea00000| Untracked 
| 234|0x000000008ea00000, 0x000000008eb00000, 0x000000008eb00000|100%| O|  |TAMS 0x000000008ea00000, 0x000000008eb00000| Untracked 
| 235|0x000000008eb00000, 0x000000008ec00000, 0x000000008ec00000|100%| O|  |TAMS 0x000000008eb00000, 0x000000008ec00000| Untracked 
| 236|0x000000008ec00000, 0x000000008ed00000, 0x000000008ed00000|100%| O|  |TAMS 0x000000008ec00000, 0x000000008ed00000| Untracked 
| 237|0x000000008ed00000, 0x000000008ee00000, 0x000000008ee00000|100%| O|  |TAMS 0x000000008ed00000, 0x000000008ee00000| Untracked 
| 238|0x000000008ee00000, 0x000000008ef00000, 0x000000008ef00000|100%| O|  |TAMS 0x000000008ee00000, 0x000000008ef00000| Untracked 
| 239|0x000000008ef00000, 0x000000008f000000, 0x000000008f000000|100%| O|  |TAMS 0x000000008ef00000, 0x000000008f000000| Untracked 
| 240|0x000000008f000000, 0x000000008f100000, 0x000000008f100000|100%| O|  |TAMS 0x000000008f000000, 0x000000008f100000| Untracked 
| 241|0x000000008f100000, 0x000000008f200000, 0x000000008f200000|100%| O|  |TAMS 0x000000008f100000, 0x000000008f200000| Untracked 
| 242|0x000000008f200000, 0x000000008f300000, 0x000000008f300000|100%| O|  |TAMS 0x000000008f200000, 0x000000008f300000| Untracked 
| 243|0x000000008f300000, 0x000000008f400000, 0x000000008f400000|100%| O|  |TAMS 0x000000008f300000, 0x000000008f400000| Untracked 
| 244|0x000000008f400000, 0x000000008f500000, 0x000000008f500000|100%| O|  |TAMS 0x000000008f400000, 0x000000008f500000| Untracked 
| 245|0x000000008f500000, 0x000000008f600000, 0x000000008f600000|100%| O|  |TAMS 0x000000008f500000, 0x000000008f600000| Untracked 
| 246|0x000000008f600000, 0x000000008f700000, 0x000000008f700000|100%| O|  |TAMS 0x000000008f600000, 0x000000008f700000| Untracked 
| 247|0x000000008f700000, 0x000000008f800000, 0x000000008f800000|100%| O|  |TAMS 0x000000008f700000, 0x000000008f800000| Untracked 
| 248|0x000000008f800000, 0x000000008f900000, 0x000000008f900000|100%| O|  |TAMS 0x000000008f800000, 0x000000008f900000| Untracked 
| 249|0x000000008f900000, 0x000000008fa00000, 0x000000008fa00000|100%| O|  |TAMS 0x000000008f900000, 0x000000008fa00000| Untracked 
| 250|0x000000008fa00000, 0x000000008fb00000, 0x000000008fb00000|100%| O|  |TAMS 0x000000008fa00000, 0x000000008fb00000| Untracked 
| 251|0x000000008fb00000, 0x000000008fc00000, 0x000000008fc00000|100%| O|  |TAMS 0x000000008fb00000, 0x000000008fc00000| Untracked 
| 252|0x000000008fc00000, 0x000000008fd00000, 0x000000008fd00000|100%| O|  |TAMS 0x000000008fc00000, 0x000000008fd00000| Untracked 
| 253|0x000000008fd00000, 0x000000008fe00000, 0x000000008fe00000|100%| O|  |TAMS 0x000000008fd00000, 0x000000008fe00000| Untracked 
| 254|0x000000008fe00000, 0x000000008ff00000, 0x000000008ff00000|100%| O|  |TAMS 0x000000008fe00000, 0x000000008ff00000| Untracked 
| 255|0x000000008ff00000, 0x0000000090000000, 0x0000000090000000|100%| O|  |TAMS 0x000000008ff00000, 0x0000000090000000| Untracked 
| 256|0x0000000090000000, 0x0000000090100000, 0x0000000090100000|100%| O|  |TAMS 0x0000000090000000, 0x0000000090100000| Untracked 
| 257|0x0000000090100000, 0x0000000090200000, 0x0000000090200000|100%| O|  |TAMS 0x0000000090100000, 0x0000000090200000| Untracked 
| 258|0x0000000090200000, 0x0000000090300000, 0x0000000090300000|100%| O|  |TAMS 0x0000000090200000, 0x0000000090300000| Untracked 
| 259|0x0000000090300000, 0x0000000090400000, 0x0000000090400000|100%| O|  |TAMS 0x0000000090300000, 0x0000000090400000| Untracked 
| 260|0x0000000090400000, 0x0000000090500000, 0x0000000090500000|100%| O|  |TAMS 0x0000000090400000, 0x0000000090500000| Untracked 
| 261|0x0000000090500000, 0x0000000090600000, 0x0000000090600000|100%| O|  |TAMS 0x0000000090500000, 0x0000000090600000| Untracked 
| 262|0x0000000090600000, 0x0000000090700000, 0x0000000090700000|100%| O|  |TAMS 0x0000000090600000, 0x0000000090700000| Untracked 
| 263|0x0000000090700000, 0x0000000090800000, 0x0000000090800000|100%| O|  |TAMS 0x0000000090700000, 0x0000000090800000| Untracked 
| 264|0x0000000090800000, 0x0000000090900000, 0x0000000090900000|100%| O|  |TAMS 0x0000000090800000, 0x0000000090900000| Untracked 
| 265|0x0000000090900000, 0x0000000090a00000, 0x0000000090a00000|100%| O|  |TAMS 0x0000000090900000, 0x0000000090a00000| Untracked 
| 266|0x0000000090a00000, 0x0000000090b00000, 0x0000000090b00000|100%| O|  |TAMS 0x0000000090a00000, 0x0000000090b00000| Untracked 
| 267|0x0000000090b00000, 0x0000000090c00000, 0x0000000090c00000|100%| O|  |TAMS 0x0000000090b00000, 0x0000000090c00000| Untracked 
| 268|0x0000000090c00000, 0x0000000090d00000, 0x0000000090d00000|100%| O|  |TAMS 0x0000000090c00000, 0x0000000090d00000| Untracked 
| 269|0x0000000090d00000, 0x0000000090e00000, 0x0000000090e00000|100%| O|  |TAMS 0x0000000090d00000, 0x0000000090e00000| Untracked 
| 270|0x0000000090e00000, 0x0000000090f00000, 0x0000000090f00000|100%| O|  |TAMS 0x0000000090e00000, 0x0000000090f00000| Untracked 
| 271|0x0000000090f00000, 0x0000000091000000, 0x0000000091000000|100%| O|  |TAMS 0x0000000090f00000, 0x0000000091000000| Untracked 
| 272|0x0000000091000000, 0x0000000091100000, 0x0000000091100000|100%| O|  |TAMS 0x0000000091000000, 0x0000000091100000| Untracked 
| 273|0x0000000091100000, 0x0000000091200000, 0x0000000091200000|100%| O|  |TAMS 0x0000000091100000, 0x0000000091200000| Untracked 
| 274|0x0000000091200000, 0x0000000091300000, 0x0000000091300000|100%| O|  |TAMS 0x0000000091200000, 0x0000000091200000| Untracked 
| 275|0x0000000091300000, 0x0000000091400000, 0x0000000091400000|100%| O|  |TAMS 0x0000000091300000, 0x0000000091300000| Untracked 
| 276|0x0000000091400000, 0x0000000091500000, 0x0000000091500000|100%| O|  |TAMS 0x0000000091400000, 0x0000000091400000| Untracked 
| 277|0x0000000091500000, 0x0000000091600000, 0x0000000091600000|100%| O|  |TAMS 0x0000000091500000, 0x0000000091500000| Untracked 
| 278|0x0000000091600000, 0x0000000091700000, 0x0000000091700000|100%| O|  |TAMS 0x0000000091600000, 0x0000000091600000| Untracked 
| 279|0x0000000091700000, 0x0000000091800000, 0x0000000091800000|100%| O|  |TAMS 0x0000000091700000, 0x0000000091700000| Untracked 
| 280|0x0000000091800000, 0x0000000091900000, 0x0000000091900000|100%| O|  |TAMS 0x0000000091800000, 0x0000000091800000| Untracked 
| 281|0x0000000091900000, 0x0000000091900000, 0x0000000091a00000|  0%| F|  |TAMS 0x0000000091900000, 0x0000000091900000| Untracked 
| 282|0x0000000091a00000, 0x0000000091a00000, 0x0000000091b00000|  0%| F|  |TAMS 0x0000000091a00000, 0x0000000091a00000| Untracked 
| 283|0x0000000091b00000, 0x0000000091b00000, 0x0000000091c00000|  0%| F|  |TAMS 0x0000000091b00000, 0x0000000091b00000| Untracked 
| 284|0x0000000091c00000, 0x0000000091c00000, 0x0000000091d00000|  0%| F|  |TAMS 0x0000000091c00000, 0x0000000091c00000| Untracked 
| 285|0x0000000091d00000, 0x0000000091d00000, 0x0000000091e00000|  0%| F|  |TAMS 0x0000000091d00000, 0x0000000091d00000| Untracked 
| 286|0x0000000091e00000, 0x0000000091e00000, 0x0000000091f00000|  0%| F|  |TAMS 0x0000000091e00000, 0x0000000091e00000| Untracked 
| 287|0x0000000091f00000, 0x0000000091f00000, 0x0000000092000000|  0%| F|  |TAMS 0x0000000091f00000, 0x0000000091f00000| Untracked 
| 288|0x0000000092000000, 0x0000000092100000, 0x0000000092100000|100%|HS|  |TAMS 0x0000000092000000, 0x0000000092100000| Complete 
| 289|0x0000000092100000, 0x0000000092200000, 0x0000000092200000|100%| O|  |TAMS 0x0000000092100000, 0x0000000092200000| Untracked 
| 290|0x0000000092200000, 0x0000000092300000, 0x0000000092300000|100%| O|  |TAMS 0x0000000092200000, 0x0000000092300000| Untracked 
| 291|0x0000000092300000, 0x0000000092400000, 0x0000000092400000|100%| O|  |TAMS 0x0000000092300000, 0x0000000092400000| Untracked 
| 292|0x0000000092400000, 0x0000000092500000, 0x0000000092500000|100%| O|  |TAMS 0x0000000092400000, 0x0000000092500000| Untracked 
| 293|0x0000000092500000, 0x0000000092600000, 0x0000000092600000|100%| O|  |TAMS 0x0000000092500000, 0x0000000092600000| Untracked 
| 294|0x0000000092600000, 0x0000000092700000, 0x0000000092700000|100%| O|  |TAMS 0x0000000092600000, 0x0000000092700000| Untracked 
| 295|0x0000000092700000, 0x0000000092800000, 0x0000000092800000|100%| O|  |TAMS 0x0000000092700000, 0x0000000092800000| Untracked 
| 296|0x0000000092800000, 0x0000000092900000, 0x0000000092900000|100%| O|  |TAMS 0x0000000092800000, 0x0000000092900000| Untracked 
| 297|0x0000000092900000, 0x0000000092a00000, 0x0000000092a00000|100%| O|  |TAMS 0x0000000092900000, 0x0000000092a00000| Untracked 
| 298|0x0000000092a00000, 0x0000000092b00000, 0x0000000092b00000|100%| O|  |TAMS 0x0000000092a00000, 0x0000000092b00000| Untracked 
| 299|0x0000000092b00000, 0x0000000092c00000, 0x0000000092c00000|100%| O|  |TAMS 0x0000000092b00000, 0x0000000092c00000| Untracked 
| 300|0x0000000092c00000, 0x0000000092d00000, 0x0000000092d00000|100%| O|  |TAMS 0x0000000092c00000, 0x0000000092d00000| Untracked 
| 301|0x0000000092d00000, 0x0000000092e00000, 0x0000000092e00000|100%| O|  |TAMS 0x0000000092d00000, 0x0000000092e00000| Untracked 
| 302|0x0000000092e00000, 0x0000000092f00000, 0x0000000092f00000|100%| O|  |TAMS 0x0000000092e00000, 0x0000000092f00000| Untracked 
| 303|0x0000000092f00000, 0x0000000093000000, 0x0000000093000000|100%| O|  |TAMS 0x0000000092f00000, 0x0000000093000000| Untracked 
| 304|0x0000000093000000, 0x0000000093100000, 0x0000000093100000|100%| O|  |TAMS 0x0000000093000000, 0x0000000093100000| Untracked 
| 305|0x0000000093100000, 0x0000000093200000, 0x0000000093200000|100%| O|  |TAMS 0x0000000093100000, 0x0000000093200000| Untracked 
| 306|0x0000000093200000, 0x0000000093300000, 0x0000000093300000|100%| O|  |TAMS 0x0000000093200000, 0x0000000093300000| Untracked 
| 307|0x0000000093300000, 0x0000000093400000, 0x0000000093400000|100%| O|  |TAMS 0x0000000093300000, 0x0000000093400000| Untracked 
| 308|0x0000000093400000, 0x0000000093500000, 0x0000000093500000|100%| O|  |TAMS 0x0000000093400000, 0x0000000093500000| Untracked 
| 309|0x0000000093500000, 0x0000000093600000, 0x0000000093600000|100%| O|  |TAMS 0x0000000093500000, 0x0000000093600000| Untracked 
| 310|0x0000000093600000, 0x0000000093700000, 0x0000000093700000|100%| O|  |TAMS 0x0000000093600000, 0x0000000093700000| Untracked 
| 311|0x0000000093700000, 0x0000000093800000, 0x0000000093800000|100%| O|  |TAMS 0x0000000093700000, 0x0000000093800000| Untracked 
| 312|0x0000000093800000, 0x0000000093800000, 0x0000000093900000|  0%| F|  |TAMS 0x0000000093800000, 0x0000000093800000| Untracked 
| 313|0x0000000093900000, 0x0000000093900000, 0x0000000093a00000|  0%| F|  |TAMS 0x0000000093900000, 0x0000000093900000| Untracked 
| 314|0x0000000093a00000, 0x0000000093a00000, 0x0000000093b00000|  0%| F|  |TAMS 0x0000000093a00000, 0x0000000093a00000| Untracked 
| 315|0x0000000093b00000, 0x0000000093b00000, 0x0000000093c00000|  0%| F|  |TAMS 0x0000000093b00000, 0x0000000093b00000| Untracked 
| 316|0x0000000093c00000, 0x0000000093c00000, 0x0000000093d00000|  0%| F|  |TAMS 0x0000000093c00000, 0x0000000093c00000| Untracked 
| 317|0x0000000093d00000, 0x0000000093d00000, 0x0000000093e00000|  0%| F|  |TAMS 0x0000000093d00000, 0x0000000093d00000| Untracked 
| 318|0x0000000093e00000, 0x0000000093e00000, 0x0000000093f00000|  0%| F|  |TAMS 0x0000000093e00000, 0x0000000093e00000| Untracked 
| 319|0x0000000093f00000, 0x0000000093f00000, 0x0000000094000000|  0%| F|  |TAMS 0x0000000093f00000, 0x0000000093f00000| Untracked 
| 320|0x0000000094000000, 0x0000000094000000, 0x0000000094100000|  0%| F|  |TAMS 0x0000000094000000, 0x0000000094000000| Untracked 
| 321|0x0000000094100000, 0x0000000094100000, 0x0000000094200000|  0%| F|  |TAMS 0x0000000094100000, 0x0000000094100000| Untracked 
| 322|0x0000000094200000, 0x0000000094200000, 0x0000000094300000|  0%| F|  |TAMS 0x0000000094200000, 0x0000000094200000| Untracked 
| 323|0x0000000094300000, 0x0000000094400000, 0x0000000094400000|100%| O|  |TAMS 0x0000000094300000, 0x0000000094380000| Untracked 
| 324|0x0000000094400000, 0x0000000094400000, 0x0000000094500000|  0%| F|  |TAMS 0x0000000094400000, 0x0000000094400000| Untracked 
| 325|0x0000000094500000, 0x0000000094500000, 0x0000000094600000|  0%| F|  |TAMS 0x0000000094500000, 0x0000000094500000| Untracked 
| 326|0x0000000094600000, 0x0000000094600000, 0x0000000094700000|  0%| F|  |TAMS 0x0000000094600000, 0x0000000094600000| Untracked 
| 327|0x0000000094700000, 0x0000000094700000, 0x0000000094800000|  0%| F|  |TAMS 0x0000000094700000, 0x0000000094700000| Untracked 
| 328|0x0000000094800000, 0x0000000094800000, 0x0000000094900000|  0%| F|  |TAMS 0x0000000094800000, 0x0000000094800000| Untracked 
| 329|0x0000000094900000, 0x0000000094900000, 0x0000000094a00000|  0%| F|  |TAMS 0x0000000094900000, 0x0000000094900000| Untracked 
| 330|0x0000000094a00000, 0x0000000094a00000, 0x0000000094b00000|  0%| F|  |TAMS 0x0000000094a00000, 0x0000000094a00000| Untracked 
| 331|0x0000000094b00000, 0x0000000094b00000, 0x0000000094c00000|  0%| F|  |TAMS 0x0000000094b00000, 0x0000000094b00000| Untracked 
| 332|0x0000000094c00000, 0x0000000094c00000, 0x0000000094d00000|  0%| F|  |TAMS 0x0000000094c00000, 0x0000000094c00000| Untracked 
| 333|0x0000000094d00000, 0x0000000094d00000, 0x0000000094e00000|  0%| F|  |TAMS 0x0000000094d00000, 0x0000000094d00000| Untracked 
| 334|0x0000000094e00000, 0x0000000094e00000, 0x0000000094f00000|  0%| F|  |TAMS 0x0000000094e00000, 0x0000000094e00000| Untracked 
| 335|0x0000000094f00000, 0x0000000094f00000, 0x0000000095000000|  0%| F|  |TAMS 0x0000000094f00000, 0x0000000094f00000| Untracked 
| 336|0x0000000095000000, 0x0000000095000000, 0x0000000095100000|  0%| F|  |TAMS 0x0000000095000000, 0x0000000095000000| Untracked 
| 337|0x0000000095100000, 0x0000000095100000, 0x0000000095200000|  0%| F|  |TAMS 0x0000000095100000, 0x0000000095100000| Untracked 
| 338|0x0000000095200000, 0x0000000095200000, 0x0000000095300000|  0%| F|  |TAMS 0x0000000095200000, 0x0000000095200000| Untracked 
| 339|0x0000000095300000, 0x0000000095300000, 0x0000000095400000|  0%| F|  |TAMS 0x0000000095300000, 0x0000000095300000| Untracked 
| 340|0x0000000095400000, 0x0000000095400000, 0x0000000095500000|  0%| F|  |TAMS 0x0000000095400000, 0x0000000095400000| Untracked 
| 341|0x0000000095500000, 0x0000000095500000, 0x0000000095600000|  0%| F|  |TAMS 0x0000000095500000, 0x0000000095500000| Untracked 
| 342|0x0000000095600000, 0x0000000095600000, 0x0000000095700000|  0%| F|  |TAMS 0x0000000095600000, 0x0000000095600000| Untracked 
| 343|0x0000000095700000, 0x0000000095700000, 0x0000000095800000|  0%| F|  |TAMS 0x0000000095700000, 0x0000000095700000| Untracked 
| 344|0x0000000095800000, 0x0000000095800000, 0x0000000095900000|  0%| F|  |TAMS 0x0000000095800000, 0x0000000095800000| Untracked 
| 345|0x0000000095900000, 0x0000000095900000, 0x0000000095a00000|  0%| F|  |TAMS 0x0000000095900000, 0x0000000095900000| Untracked 
| 346|0x0000000095a00000, 0x0000000095a00000, 0x0000000095b00000|  0%| F|  |TAMS 0x0000000095a00000, 0x0000000095a00000| Untracked 
| 347|0x0000000095b00000, 0x0000000095b00000, 0x0000000095c00000|  0%| F|  |TAMS 0x0000000095b00000, 0x0000000095b00000| Untracked 
| 348|0x0000000095c00000, 0x0000000095c00000, 0x0000000095d00000|  0%| F|  |TAMS 0x0000000095c00000, 0x0000000095c00000| Untracked 
| 349|0x0000000095d00000, 0x0000000095d00000, 0x0000000095e00000|  0%| F|  |TAMS 0x0000000095d00000, 0x0000000095d00000| Untracked 
| 350|0x0000000095e00000, 0x0000000095e00000, 0x0000000095f00000|  0%| F|  |TAMS 0x0000000095e00000, 0x0000000095e00000| Untracked 
| 351|0x0000000095f00000, 0x0000000095f00000, 0x0000000096000000|  0%| F|  |TAMS 0x0000000095f00000, 0x0000000095f00000| Untracked 
| 352|0x0000000096000000, 0x0000000096000000, 0x0000000096100000|  0%| F|  |TAMS 0x0000000096000000, 0x0000000096000000| Untracked 
| 353|0x0000000096100000, 0x0000000096100000, 0x0000000096200000|  0%| F|  |TAMS 0x0000000096100000, 0x0000000096100000| Untracked 
| 354|0x0000000096200000, 0x0000000096200000, 0x0000000096300000|  0%| F|  |TAMS 0x0000000096200000, 0x0000000096200000| Untracked 
| 355|0x0000000096300000, 0x0000000096300000, 0x0000000096400000|  0%| F|  |TAMS 0x0000000096300000, 0x0000000096300000| Untracked 
| 356|0x0000000096400000, 0x0000000096400000, 0x0000000096500000|  0%| F|  |TAMS 0x0000000096400000, 0x0000000096400000| Untracked 
| 357|0x0000000096500000, 0x0000000096500000, 0x0000000096600000|  0%| F|  |TAMS 0x0000000096500000, 0x0000000096500000| Untracked 
| 358|0x0000000096600000, 0x0000000096600000, 0x0000000096700000|  0%| F|  |TAMS 0x0000000096600000, 0x0000000096600000| Untracked 
| 359|0x0000000096700000, 0x0000000096700000, 0x0000000096800000|  0%| F|  |TAMS 0x0000000096700000, 0x0000000096700000| Untracked 
| 360|0x0000000096800000, 0x0000000096800000, 0x0000000096900000|  0%| F|  |TAMS 0x0000000096800000, 0x0000000096800000| Untracked 
| 361|0x0000000096900000, 0x0000000096900000, 0x0000000096a00000|  0%| F|  |TAMS 0x0000000096900000, 0x0000000096900000| Untracked 
| 362|0x0000000096a00000, 0x0000000096a00000, 0x0000000096b00000|  0%| F|  |TAMS 0x0000000096a00000, 0x0000000096a00000| Untracked 
| 363|0x0000000096b00000, 0x0000000096b00000, 0x0000000096c00000|  0%| F|  |TAMS 0x0000000096b00000, 0x0000000096b00000| Untracked 
| 364|0x0000000096c00000, 0x0000000096c00000, 0x0000000096d00000|  0%| F|  |TAMS 0x0000000096c00000, 0x0000000096c00000| Untracked 
| 365|0x0000000096d00000, 0x0000000096d00000, 0x0000000096e00000|  0%| F|  |TAMS 0x0000000096d00000, 0x0000000096d00000| Untracked 
| 366|0x0000000096e00000, 0x0000000096e00000, 0x0000000096f00000|  0%| F|  |TAMS 0x0000000096e00000, 0x0000000096e00000| Untracked 
| 367|0x0000000096f00000, 0x0000000096f00000, 0x0000000097000000|  0%| F|  |TAMS 0x0000000096f00000, 0x0000000096f00000| Untracked 
| 368|0x0000000097000000, 0x0000000097000000, 0x0000000097100000|  0%| F|  |TAMS 0x0000000097000000, 0x0000000097000000| Untracked 
| 369|0x0000000097100000, 0x0000000097100000, 0x0000000097200000|  0%| F|  |TAMS 0x0000000097100000, 0x0000000097100000| Untracked 
| 370|0x0000000097200000, 0x0000000097200000, 0x0000000097300000|  0%| F|  |TAMS 0x0000000097200000, 0x0000000097200000| Untracked 
| 371|0x0000000097300000, 0x0000000097400000, 0x0000000097400000|100%| S|CS|TAMS 0x0000000097300000, 0x0000000097300000| Complete 
| 372|0x0000000097400000, 0x0000000097500000, 0x0000000097500000|100%| S|CS|TAMS 0x0000000097400000, 0x0000000097400000| Complete 
| 373|0x0000000097500000, 0x0000000097600000, 0x0000000097600000|100%| S|CS|TAMS 0x0000000097500000, 0x0000000097500000| Complete 
| 374|0x0000000097600000, 0x0000000097700000, 0x0000000097700000|100%| S|CS|TAMS 0x0000000097600000, 0x0000000097600000| Complete 
| 375|0x0000000097700000, 0x0000000097800000, 0x0000000097800000|100%| S|CS|TAMS 0x0000000097700000, 0x0000000097700000| Complete 
| 376|0x0000000097800000, 0x0000000097800000, 0x0000000097900000|  0%| F|  |TAMS 0x0000000097800000, 0x0000000097800000| Untracked 
| 377|0x0000000097900000, 0x0000000097900000, 0x0000000097a00000|  0%| F|  |TAMS 0x0000000097900000, 0x0000000097900000| Untracked 
| 378|0x0000000097a00000, 0x0000000097a00000, 0x0000000097b00000|  0%| F|  |TAMS 0x0000000097a00000, 0x0000000097a00000| Untracked 
| 379|0x0000000097b00000, 0x0000000097b00000, 0x0000000097c00000|  0%| F|  |TAMS 0x0000000097b00000, 0x0000000097b00000| Untracked 
| 380|0x0000000097c00000, 0x0000000097c00000, 0x0000000097d00000|  0%| F|  |TAMS 0x0000000097c00000, 0x0000000097c00000| Untracked 
| 381|0x0000000097d00000, 0x0000000097d00000, 0x0000000097e00000|  0%| F|  |TAMS 0x0000000097d00000, 0x0000000097d00000| Untracked 
| 382|0x0000000097e00000, 0x0000000097e00000, 0x0000000097f00000|  0%| F|  |TAMS 0x0000000097e00000, 0x0000000097e00000| Untracked 
| 383|0x0000000097f00000, 0x0000000097f00000, 0x0000000098000000|  0%| F|  |TAMS 0x0000000097f00000, 0x0000000097f00000| Untracked 
| 384|0x0000000098000000, 0x0000000098000000, 0x0000000098100000|  0%| F|  |TAMS 0x0000000098000000, 0x0000000098000000| Untracked 
| 385|0x0000000098100000, 0x0000000098100000, 0x0000000098200000|  0%| F|  |TAMS 0x0000000098100000, 0x0000000098100000| Untracked 
| 386|0x0000000098200000, 0x0000000098200000, 0x0000000098300000|  0%| F|  |TAMS 0x0000000098200000, 0x0000000098200000| Untracked 
| 387|0x0000000098300000, 0x0000000098300000, 0x0000000098400000|  0%| F|  |TAMS 0x0000000098300000, 0x0000000098300000| Untracked 
| 388|0x0000000098400000, 0x0000000098400000, 0x0000000098500000|  0%| F|  |TAMS 0x0000000098400000, 0x0000000098400000| Untracked 
| 389|0x0000000098500000, 0x0000000098500000, 0x0000000098600000|  0%| F|  |TAMS 0x0000000098500000, 0x0000000098500000| Untracked 
| 390|0x0000000098600000, 0x0000000098600000, 0x0000000098700000|  0%| F|  |TAMS 0x0000000098600000, 0x0000000098600000| Untracked 
| 391|0x0000000098700000, 0x0000000098700000, 0x0000000098800000|  0%| F|  |TAMS 0x0000000098700000, 0x0000000098700000| Untracked 
| 392|0x0000000098800000, 0x0000000098800000, 0x0000000098900000|  0%| F|  |TAMS 0x0000000098800000, 0x0000000098800000| Untracked 
| 393|0x0000000098900000, 0x0000000098900000, 0x0000000098a00000|  0%| F|  |TAMS 0x0000000098900000, 0x0000000098900000| Untracked 
| 394|0x0000000098a00000, 0x0000000098a00000, 0x0000000098b00000|  0%| F|  |TAMS 0x0000000098a00000, 0x0000000098a00000| Untracked 
| 395|0x0000000098b00000, 0x0000000098b00000, 0x0000000098c00000|  0%| F|  |TAMS 0x0000000098b00000, 0x0000000098b00000| Untracked 
| 396|0x0000000098c00000, 0x0000000098c00000, 0x0000000098d00000|  0%| F|  |TAMS 0x0000000098c00000, 0x0000000098c00000| Untracked 
| 397|0x0000000098d00000, 0x0000000098d00000, 0x0000000098e00000|  0%| F|  |TAMS 0x0000000098d00000, 0x0000000098d00000| Untracked 
| 398|0x0000000098e00000, 0x0000000098e00000, 0x0000000098f00000|  0%| F|  |TAMS 0x0000000098e00000, 0x0000000098e00000| Untracked 
| 399|0x0000000098f00000, 0x0000000098f00000, 0x0000000099000000|  0%| F|  |TAMS 0x0000000098f00000, 0x0000000098f00000| Untracked 
| 400|0x0000000099000000, 0x0000000099000000, 0x0000000099100000|  0%| F|  |TAMS 0x0000000099000000, 0x0000000099000000| Untracked 
| 401|0x0000000099100000, 0x0000000099100000, 0x0000000099200000|  0%| F|  |TAMS 0x0000000099100000, 0x0000000099100000| Untracked 
| 402|0x0000000099200000, 0x0000000099200000, 0x0000000099300000|  0%| F|  |TAMS 0x0000000099200000, 0x0000000099200000| Untracked 
| 403|0x0000000099300000, 0x0000000099300000, 0x0000000099400000|  0%| F|  |TAMS 0x0000000099300000, 0x0000000099300000| Untracked 
| 404|0x0000000099400000, 0x0000000099400000, 0x0000000099500000|  0%| F|  |TAMS 0x0000000099400000, 0x0000000099400000| Untracked 
| 405|0x0000000099500000, 0x0000000099500000, 0x0000000099600000|  0%| F|  |TAMS 0x0000000099500000, 0x0000000099500000| Untracked 
| 406|0x0000000099600000, 0x0000000099600000, 0x0000000099700000|  0%| F|  |TAMS 0x0000000099600000, 0x0000000099600000| Untracked 
| 407|0x0000000099700000, 0x0000000099700000, 0x0000000099800000|  0%| F|  |TAMS 0x0000000099700000, 0x0000000099700000| Untracked 
| 408|0x0000000099800000, 0x0000000099800000, 0x0000000099900000|  0%| F|  |TAMS 0x0000000099800000, 0x0000000099800000| Untracked 

Card table byte_map: [0x000002b742dc0000,0x000002b7431c0000] _byte_map_base: 0x000002b7429c0000

Marking Bits (Prev, Next): (CMBitMap*) 0x000002b72ba471e0, (CMBitMap*) 0x000002b72ba47220
 Prev Bits: [0x000002b7435c0000, 0x000002b7455c0000)
 Next Bits: [0x000002b7455c0000, 0x000002b7475c0000)

Polling page: 0x000002b7299d0000

Metaspace:

Usage:
  Non-class:    106.43 MB used.
      Class:     16.95 MB used.
       Both:    123.38 MB used.

Virtual space:
  Non-class space:      128.00 MB reserved,     107.19 MB ( 84%) committed,  2 nodes.
      Class space:        1.00 GB reserved,      17.69 MB (  2%) committed,  1 nodes.
             Both:        1.12 GB reserved,     124.88 MB ( 11%) committed. 

Chunk freelists:
   Non-Class:  4.64 MB
       Class:  14.14 MB
        Both:  18.78 MB

MaxMetaspaceSize: unlimited
CompressedClassSpaceSize: 1.00 GB
Initial GC threshold: 21.00 MB
Current GC threshold: 200.31 MB
CDS: on
MetaspaceReclaimPolicy: balanced
 - commit_granule_bytes: 65536.
 - commit_granule_words: 8192.
 - virtual_space_node_default_size: 8388608.
 - enlarge_chunks_in_place: 1.
 - new_chunks_are_fully_committed: 0.
 - uncommit_free_chunks: 1.
 - use_allocation_guard: 0.
 - handle_deallocations: 1.


Internal statistics:

num_allocs_failed_limit: 3.
num_arena_births: 2486.
num_arena_deaths: 2.
num_vsnodes_births: 3.
num_vsnodes_deaths: 0.
num_space_committed: 1996.
num_space_uncommitted: 0.
num_chunks_returned_to_freelist: 5.
num_chunks_taken_from_freelist: 8429.
num_chunk_merges: 3.
num_chunk_splits: 5279.
num_chunks_enlarged: 3193.
num_inconsistent_stats: 0.

CodeHeap 'non-profiled nmethods': size=120000Kb used=9973Kb max_used=10006Kb free=110026Kb
 bounds [0x000002b73b050000, 0x000002b73ba40000, 0x000002b742580000]
CodeHeap 'profiled nmethods': size=120000Kb used=29651Kb max_used=29651Kb free=90348Kb
 bounds [0x000002b733580000, 0x000002b735280000, 0x000002b73aab0000]
CodeHeap 'non-nmethods': size=5760Kb used=1873Kb max_used=1925Kb free=3886Kb
 bounds [0x000002b73aab0000, 0x000002b73ad20000, 0x000002b73b050000]
 total_blobs=16070 nmethods=15098 adapters=882
 compilation: enabled
              stopped_count=0, restarted_count=0
 full_count=0

Compilation events (20 events):
Event: 19.050 Thread 0x000002b74a168f80 18275       1       com.android.aaptcompiler.android.ResValue::getData (5 bytes)
Event: 19.050 Thread 0x000002b74a168f80 nmethod 18275 0x000002b73b1e8a10 code [0x000002b73b1e8ba0, 0x000002b73b1e8c78]
Event: 19.050 Thread 0x000002b74a168f80 18276       1       com.android.aaptcompiler.android.ResValue::getDataType (5 bytes)
Event: 19.050 Thread 0x000002b74a168f80 nmethod 18276 0x000002b73b1e8710 code [0x000002b73b1e88a0, 0x000002b73b1e8978]
Event: 19.050 Thread 0x000002b74a168f80 18277       1       com.android.aaptcompiler.android.ResValue$DataType::getByteValue (5 bytes)
Event: 19.050 Thread 0x000002b74a168f80 nmethod 18277 0x000002b73b1e8410 code [0x000002b73b1e85a0, 0x000002b73b1e8678]
Event: 19.050 Thread 0x000002b74a168f80 18278       1       com.android.aaptcompiler.AaptResourceType::getTagName (5 bytes)
Event: 19.050 Thread 0x000002b74a168f80 nmethod 18278 0x000002b73b1e8110 code [0x000002b73b1e82a0, 0x000002b73b1e8378]
Event: 19.051 Thread 0x000002b74a168f80 18284       2       kotlin.text.StringsKt__StringsKt::requireNonNegativeLimit (48 bytes)
Event: 19.052 Thread 0x000002b74a168f80 nmethod 18284 0x000002b735271310 code [0x000002b735271500, 0x000002b735271828]
Event: 19.054 Thread 0x000002b74a168f80 18285       2       com.android.aaptcompiler.TableExtractor::addResourceToTable (242 bytes)
Event: 19.055 Thread 0x000002b74a168f80 nmethod 18285 0x000002b735271a10 code [0x000002b735271d00, 0x000002b735272738]
Event: 19.055 Thread 0x000002b74a168f80 18286       2       com.android.aaptcompiler.ResourceTable::validateName (69 bytes)
Event: 19.055 Thread 0x000002b74a168f80 nmethod 18286 0x000002b735272d10 code [0x000002b735272f20, 0x000002b735273348]
Event: 19.055 Thread 0x000002b74a168f80 18287       3       com.android.aaptcompiler.android.UtilKt::hostToDevice (15 bytes)
Event: 19.055 Thread 0x000002b74a168f80 nmethod 18287 0x000002b735273610 code [0x000002b7352737a0, 0x000002b7352738b8]
Event: 19.055 Thread 0x000002b74a168f80 18288       3       com.android.aaptcompiler.android.UtilKt::deviceToHost (15 bytes)
Event: 19.055 Thread 0x000002b74a168f80 nmethod 18288 0x000002b735273990 code [0x000002b735273b20, 0x000002b735273c38]
Event: 19.055 Thread 0x000002b74a168f80 18289       2       kotlin.text.StringsKt__StringsKt::split$StringsKt__StringsKt (161 bytes)
Event: 19.056 Thread 0x000002b74a168f80 nmethod 18289 0x000002b735273d10 code [0x000002b735273fa0, 0x000002b735274828]

GC Heap History (20 events):
Event: 17.382 GC heap after
{Heap after GC invocations=60 (full 0):
 garbage-first heap   total 268288K, used 164125K [0x0000000080000000, 0x0000000100000000)
  region size 1024K, 6 young (6144K), 6 survivors (6144K)
 Metaspace       used 116927K, committed 118400K, reserved 1179648K
  class space    used 16022K, committed 16768K, reserved 1048576K
}
Event: 17.418 GC heap before
{Heap before GC invocations=60 (full 0):
 garbage-first heap   total 268288K, used 170269K [0x0000000080000000, 0x0000000100000000)
  region size 1024K, 13 young (13312K), 6 survivors (6144K)
 Metaspace       used 116955K, committed 118464K, reserved 1179648K
  class space    used 16024K, committed 16768K, reserved 1048576K
}
Event: 17.422 GC heap after
{Heap after GC invocations=61 (full 0):
 garbage-first heap   total 268288K, used 160850K [0x0000000080000000, 0x0000000100000000)
  region size 1024K, 2 young (2048K), 2 survivors (2048K)
 Metaspace       used 116955K, committed 118464K, reserved 1179648K
  class space    used 16024K, committed 16768K, reserved 1048576K
}
Event: 17.661 GC heap before
{Heap before GC invocations=61 (full 0):
 garbage-first heap   total 268288K, used 220242K [0x0000000080000000, 0x0000000100000000)
  region size 1024K, 61 young (62464K), 2 survivors (2048K)
 Metaspace       used 117343K, committed 118848K, reserved 1179648K
  class space    used 16084K, committed 16832K, reserved 1048576K
}
Event: 17.664 GC heap after
{Heap after GC invocations=62 (full 0):
 garbage-first heap   total 268288K, used 162711K [0x0000000080000000, 0x0000000100000000)
  region size 1024K, 3 young (3072K), 3 survivors (3072K)
 Metaspace       used 117343K, committed 118848K, reserved 1179648K
  class space    used 16084K, committed 16832K, reserved 1048576K
}
Event: 17.988 GC heap before
{Heap before GC invocations=62 (full 0):
 garbage-first heap   total 268288K, used 234391K [0x0000000080000000, 0x0000000100000000)
  region size 1024K, 64 young (65536K), 3 survivors (3072K)
 Metaspace       used 119854K, committed 121344K, reserved 1179648K
  class space    used 16397K, committed 17152K, reserved 1048576K
}
Event: 17.992 GC heap after
{Heap after GC invocations=63 (full 0):
 garbage-first heap   total 268288K, used 184249K [0x0000000080000000, 0x0000000100000000)
  region size 1024K, 8 young (8192K), 8 survivors (8192K)
 Metaspace       used 119854K, committed 121344K, reserved 1179648K
  class space    used 16397K, committed 17152K, reserved 1048576K
}
Event: 18.109 GC heap before
{Heap before GC invocations=63 (full 0):
 garbage-first heap   total 268288K, used 222137K [0x0000000080000000, 0x0000000100000000)
  region size 1024K, 37 young (37888K), 8 survivors (8192K)
 Metaspace       used 121132K, committed 122624K, reserved 1179648K
  class space    used 16546K, committed 17280K, reserved 1048576K
}
Event: 18.113 GC heap after
{Heap after GC invocations=64 (full 0):
 garbage-first heap   total 268288K, used 200028K [0x0000000080000000, 0x0000000100000000)
  region size 1024K, 6 young (6144K), 6 survivors (6144K)
 Metaspace       used 121132K, committed 122624K, reserved 1179648K
  class space    used 16546K, committed 17280K, reserved 1048576K
}
Event: 18.172 GC heap before
{Heap before GC invocations=64 (full 0):
 garbage-first heap   total 418816K, used 249180K [0x0000000080000000, 0x0000000100000000)
  region size 1024K, 28 young (28672K), 6 survivors (6144K)
 Metaspace       used 121496K, committed 123072K, reserved 1179648K
  class space    used 16597K, committed 17344K, reserved 1048576K
}
Event: 18.176 GC heap after
{Heap after GC invocations=65 (full 0):
 garbage-first heap   total 418816K, used 218948K [0x0000000080000000, 0x0000000100000000)
  region size 1024K, 4 young (4096K), 4 survivors (4096K)
 Metaspace       used 121496K, committed 123072K, reserved 1179648K
  class space    used 16597K, committed 17344K, reserved 1048576K
}
Event: 18.672 GC heap before
{Heap before GC invocations=66 (full 0):
 garbage-first heap   total 418816K, used 339780K [0x0000000080000000, 0x0000000100000000)
  region size 1024K, 113 young (115712K), 4 survivors (4096K)
 Metaspace       used 124465K, committed 126016K, reserved 1179648K
  class space    used 17203K, committed 17984K, reserved 1048576K
}
Event: 18.684 GC heap after
{Heap after GC invocations=67 (full 0):
 garbage-first heap   total 418816K, used 246549K [0x0000000080000000, 0x0000000100000000)
  region size 1024K, 15 young (15360K), 15 survivors (15360K)
 Metaspace       used 124465K, committed 126016K, reserved 1179648K
  class space    used 17203K, committed 17984K, reserved 1048576K
}
Event: 18.701 GC heap before
{Heap before GC invocations=67 (full 0):
 garbage-first heap   total 418816K, used 251669K [0x0000000080000000, 0x0000000100000000)
  region size 1024K, 20 young (20480K), 15 survivors (15360K)
 Metaspace       used 124589K, committed 126144K, reserved 1179648K
  class space    used 17217K, committed 17984K, reserved 1048576K
}
Event: 18.708 GC heap after
{Heap after GC invocations=68 (full 0):
 garbage-first heap   total 418816K, used 246000K [0x0000000080000000, 0x0000000100000000)
  region size 1024K, 3 young (3072K), 3 survivors (3072K)
 Metaspace       used 124589K, committed 126144K, reserved 1179648K
  class space    used 17217K, committed 17984K, reserved 1048576K
}
Event: 18.847 GC heap before
{Heap before GC invocations=68 (full 0):
 garbage-first heap   total 418816K, used 333040K [0x0000000080000000, 0x0000000100000000)
  region size 1024K, 86 young (88064K), 3 survivors (3072K)
 Metaspace       used 124824K, committed 126336K, reserved 1179648K
  class space    used 17223K, committed 17984K, reserved 1048576K
}
Event: 18.860 GC heap after
{Heap after GC invocations=69 (full 0):
 garbage-first heap   total 418816K, used 290147K [0x0000000080000000, 0x0000000100000000)
  region size 1024K, 11 young (11264K), 11 survivors (11264K)
 Metaspace       used 124824K, committed 126336K, reserved 1179648K
  class space    used 17223K, committed 17984K, reserved 1048576K
}
Event: 18.942 GC heap before
{Heap before GC invocations=69 (full 0):
 garbage-first heap   total 418816K, used 351587K [0x0000000080000000, 0x0000000100000000)
  region size 1024K, 56 young (57344K), 11 survivors (11264K)
 Metaspace       used 125184K, committed 126656K, reserved 1179648K
  class space    used 17248K, committed 17984K, reserved 1048576K
}
Event: 18.950 GC heap after
{Heap after GC invocations=70 (full 0):
 garbage-first heap   total 418816K, used 310784K [0x0000000080000000, 0x0000000100000000)
  region size 1024K, 7 young (7168K), 7 survivors (7168K)
 Metaspace       used 125184K, committed 126656K, reserved 1179648K
  class space    used 17248K, committed 17984K, reserved 1048576K
}
Event: 19.056 GC heap before
{Heap before GC invocations=70 (full 0):
 garbage-first heap   total 418816K, used 343552K [0x0000000080000000, 0x0000000100000000)
  region size 1024K, 40 young (40960K), 7 survivors (7168K)
 Metaspace       used 126339K, committed 127872K, reserved 1179648K
  class space    used 17353K, committed 18112K, reserved 1048576K
}

Dll operation events (15 events):
Event: 0.008 Loaded shared library C:\Users\16696\.jdks\ms-17.0.19\bin\java.dll
Event: 0.021 Loaded shared library C:\Users\16696\.jdks\ms-17.0.19\bin\jsvml.dll
Event: 0.051 Loaded shared library C:\Users\16696\.jdks\ms-17.0.19\bin\zip.dll
Event: 0.056 Loaded shared library C:\Users\16696\.jdks\ms-17.0.19\bin\instrument.dll
Event: 0.059 Loaded shared library C:\Users\16696\.jdks\ms-17.0.19\bin\net.dll
Event: 0.060 Loaded shared library C:\Users\16696\.jdks\ms-17.0.19\bin\nio.dll
Event: 0.063 Loaded shared library C:\Users\16696\.jdks\ms-17.0.19\bin\zip.dll
Event: 0.179 Loaded shared library C:\Users\16696\.jdks\ms-17.0.19\bin\jimage.dll
Event: 0.406 Loaded shared library C:\Users\16696\.jdks\ms-17.0.19\bin\verify.dll
Event: 0.427 Loaded shared library C:\Users\16696\.gradle\native\660c5614fbf4a5f2a75b1949f50a0caf5cd603558e7d8a26e50b933a0cfb79d1\windows-amd64\native-platform.dll
Event: 0.437 Loaded shared library C:\Users\16696\.gradle\native\0.2.8\x86_64-windows-gnu\gradle-fileevents.dll
Event: 0.956 Loaded shared library C:\Users\16696\.jdks\ms-17.0.19\bin\management.dll
Event: 0.958 Loaded shared library C:\Users\16696\.jdks\ms-17.0.19\bin\management_ext.dll
Event: 1.143 Loaded shared library C:\Users\16696\.jdks\ms-17.0.19\bin\extnet.dll
Event: 1.295 Loaded shared library C:\Users\16696\.jdks\ms-17.0.19\bin\sunmscapi.dll

Deoptimization events (20 events):
Event: 19.013 Thread 0x000002b79e1b8940 DEOPT PACKING pc=0x000002b73b05d4d0 sp=0x000000de559fdbe0
Event: 19.013 Thread 0x000002b79e1b8940 DEOPT UNPACKING pc=0x000002b73ab069a3 sp=0x000000de559fdb10 mode 2
Event: 19.013 Thread 0x000002b79e1b7f20 DEOPT PACKING pc=0x000002b73b05d4d0 sp=0x000000de554fd490
Event: 19.013 Thread 0x000002b79e1b7f20 DEOPT UNPACKING pc=0x000002b73ab069a3 sp=0x000000de554fd3c0 mode 2
Event: 19.020 Thread 0x000002b79e1b8430 Uncommon trap: trap_request=0xffffff45 fr.pc=0x000002b73b2ac120 relative=0x0000000000000080
Event: 19.020 Thread 0x000002b79e1b8430 Uncommon trap: reason=unstable_if action=reinterpret pc=0x000002b73b2ac120 method=java.lang.String.codePointAt(I)I @ 4 c2
Event: 19.020 Thread 0x000002b79e1b8430 DEOPT PACKING pc=0x000002b73b2ac120 sp=0x000000de558fdc40
Event: 19.020 Thread 0x000002b79e1b8430 DEOPT UNPACKING pc=0x000002b73ab069a3 sp=0x000000de558fdbe8 mode 2
Event: 19.023 Thread 0x000002b79e1bb1c0 Uncommon trap: trap_request=0xffffff45 fr.pc=0x000002b73b101b68 relative=0x0000000000000448
Event: 19.023 Thread 0x000002b79e1bb1c0 Uncommon trap: reason=unstable_if action=reinterpret pc=0x000002b73b101b68 method=java.lang.String.substring(II)Ljava/lang/String; @ 31 c2
Event: 19.023 Thread 0x000002b79e1bb1c0 DEOPT PACKING pc=0x000002b73b101b68 sp=0x000000de557fd6c0
Event: 19.023 Thread 0x000002b79e1bb1c0 DEOPT UNPACKING pc=0x000002b73ab069a3 sp=0x000000de557fd620 mode 2
Event: 19.025 Thread 0x000002b79e1b8430 Uncommon trap: trap_request=0xffffff45 fr.pc=0x000002b73b0bf760 relative=0x00000000000004a0
Event: 19.025 Thread 0x000002b79e1bb1c0 Uncommon trap: trap_request=0xffffff45 fr.pc=0x000002b73b0bf760 relative=0x00000000000004a0
Event: 19.025 Thread 0x000002b79e1b8430 Uncommon trap: reason=unstable_if action=reinterpret pc=0x000002b73b0bf760 method=java.lang.String.substring(II)Ljava/lang/String; @ 31 c2
Event: 19.025 Thread 0x000002b79e1bb1c0 Uncommon trap: reason=unstable_if action=reinterpret pc=0x000002b73b0bf760 method=java.lang.String.substring(II)Ljava/lang/String; @ 31 c2
Event: 19.026 Thread 0x000002b79e1b8430 DEOPT PACKING pc=0x000002b73b0bf760 sp=0x000000de558fdba0
Event: 19.026 Thread 0x000002b79e1b8430 DEOPT UNPACKING pc=0x000002b73ab069a3 sp=0x000000de558fdb70 mode 2
Event: 19.026 Thread 0x000002b79e1bb1c0 DEOPT PACKING pc=0x000002b73b0bf760 sp=0x000000de557fd650
Event: 19.026 Thread 0x000002b79e1bb1c0 DEOPT UNPACKING pc=0x000002b73ab069a3 sp=0x000000de557fd620 mode 2

Classes loaded (20 events):
Event: 17.714 Loading class sun/nio/fs/WindowsFileSystem$2
Event: 17.714 Loading class sun/nio/fs/WindowsFileSystem$2 done
Event: 17.806 Loading class java/util/zip/ZipInputStream
Event: 17.807 Loading class java/util/zip/ZipInputStream done
Event: 17.866 Loading class java/io/UTFDataFormatException
Event: 17.866 Loading class java/io/UTFDataFormatException done
Event: 18.105 Loading class java/nio/BufferUnderflowException
Event: 18.105 Loading class java/nio/BufferUnderflowException done
Event: 18.394 Loading class java/util/concurrent/ForkJoinTask$AdaptedCallable
Event: 18.395 Loading class java/util/concurrent/ForkJoinTask$AdaptedCallable done
Event: 18.395 Loading class java/util/concurrent/ForkJoinPool$DefaultForkJoinWorkerThreadFactory$1
Event: 18.395 Loading class java/util/concurrent/ForkJoinPool$DefaultForkJoinWorkerThreadFactory$1 done
Event: 18.619 Loading class java/nio/ShortBuffer
Event: 18.619 Loading class java/nio/ShortBuffer done
Event: 18.619 Loading class java/nio/HeapShortBuffer
Event: 18.620 Loading class java/nio/HeapShortBuffer done
Event: 19.006 Loading class java/util/Spliterators$2Adapter
Event: 19.007 Loading class java/util/Spliterators$2Adapter done
Event: 19.008 Loading class java/lang/StringUTF16$CodePointsSpliterator
Event: 19.009 Loading class java/lang/StringUTF16$CodePointsSpliterator done

Classes unloaded (1 events):
Event: 16.826 Thread 0x000002b74a13b540 Unloading class 0x000002b74cbe4400 'java/lang/invoke/LambdaForm$MH+0x000002b74cbe4400'

Classes redefined (0 events):
No events

Internal exceptions (20 events):
Event: 18.398 Thread 0x000002b7949169d0 Implicit null exception at 0x000002b73b571c89 to 0x000002b73b57966c
Event: 18.398 Thread 0x000002b7949173f0 Implicit null exception at 0x000002b73b571c89 to 0x000002b73b57966c
Event: 18.398 Thread 0x000002b7949173f0 Exception <a 'java/lang/IncompatibleClassChangeError'{0x0000000095311860}: Found class java.lang.Object, but interface was expected> (0x0000000095311860) 
thrown [s\src\hotspot\share\interpreter\linkResolver.cpp, line 826]
Event: 18.398 Thread 0x000002b794915aa0 Exception <a 'java/lang/IncompatibleClassChangeError'{0x000000009536dd00}: Found class java.lang.Object, but interface was expected> (0x000000009536dd00) 
thrown [s\src\hotspot\share\interpreter\linkResolver.cpp, line 826]
Event: 18.401 Thread 0x000002b794915aa0 Implicit null exception at 0x000002b73b5660da to 0x000002b73b566960
Event: 18.443 Thread 0x000002b794915aa0 Exception <a 'java/lang/NoSuchMethodError'{0x0000000094b8bcf8}: 'long java.lang.invoke.DirectMethodHandle$Holder.invokeStatic(java.lang.Object, java.lang.Object, java.lang.Object)'> (0x0000000094b8bcf8) 
thrown [s\src\hotspot\share\interpreter\linkResolver.cpp, line 759]
Event: 18.445 Thread 0x000002b7949164c0 Exception <a 'java/lang/IncompatibleClassChangeError'{0x0000000094bcc890}: Found class java.lang.Object, but interface was expected> (0x0000000094bcc890) 
thrown [s\src\hotspot\share\interpreter\linkResolver.cpp, line 826]
Event: 18.445 Thread 0x000002b7949164c0 Exception <a 'java/lang/IncompatibleClassChangeError'{0x0000000094bd0838}: Found class java.lang.Object, but interface was expected> (0x0000000094bd0838) 
thrown [s\src\hotspot\share\interpreter\linkResolver.cpp, line 826]
Event: 18.874 Thread 0x000002b79341cd50 Implicit null exception at 0x000002b73b9f85d9 to 0x000002b73b9feb3c
Event: 18.922 Thread 0x000002b79341cd50 Exception <a 'java/lang/NoSuchMethodError'{0x0000000097a21a10}: static Lcom/android/ide/common/resources/CompileResourceRequest;.<clinit>()V> (0x0000000097a21a10) 
thrown [s\src\hotspot\share\prims\jni.cpp, line 1112]
Event: 18.923 Thread 0x000002b79341cd50 Exception <a 'java/lang/NoSuchMethodError'{0x0000000097a3ad40}: static Ljava/lang/Object;.<clinit>()V> (0x0000000097a3ad40) 
thrown [s\src\hotspot\share\prims\jni.cpp, line 1112]
Event: 18.924 Thread 0x000002b79341cd50 Exception <a 'java/lang/NoSuchMethodError'{0x0000000097882f88}: static Ljava/lang/Object;.<clinit>()V> (0x0000000097882f88) 
thrown [s\src\hotspot\share\prims\jni.cpp, line 1112]
Event: 18.924 Thread 0x000002b79341cd50 Exception <a 'java/lang/NoSuchMethodError'{0x0000000097896568}: static Ljava/lang/Object;.<clinit>()V> (0x0000000097896568) 
thrown [s\src\hotspot\share\prims\jni.cpp, line 1112]
Event: 18.927 Thread 0x000002b79341cd50 Exception <a 'java/lang/NoSuchMethodError'{0x00000000975ab128}: static Lkotlin/InitializedLazyImpl;.<clinit>()V> (0x00000000975ab128) 
thrown [s\src\hotspot\share\prims\jni.cpp, line 1112]
Event: 18.989 Thread 0x000002b79341ebb0 Exception <a 'sun/nio/fs/WindowsException'{0x0000000098243ac8}> (0x0000000098243ac8) 
thrown [s\src\hotspot\share\prims\jni.cpp, line 516]
Event: 18.989 Thread 0x000002b79341ebb0 Exception <a 'sun/nio/fs/WindowsException'{0x0000000098246348}> (0x0000000098246348) 
thrown [s\src\hotspot\share\prims\jni.cpp, line 516]
Event: 18.989 Thread 0x000002b79341ebb0 Exception <a 'sun/nio/fs/WindowsException'{0x00000000982ef540}> (0x00000000982ef540) 
thrown [s\src\hotspot\share\prims\jni.cpp, line 516]
Event: 18.991 Thread 0x000002b79341ebb0 Exception <a 'sun/nio/fs/WindowsException'{0x00000000981b6630}> (0x00000000981b6630) 
thrown [s\src\hotspot\share\prims\jni.cpp, line 516]
Event: 19.002 Thread 0x000002b79e1b9d80 Implicit null exception at 0x000002b73b9ec2ed to 0x000002b73b9f13b8
Event: 19.007 Thread 0x000002b794914150 Implicit null exception at 0x000002b73b9bde2e to 0x000002b73b9c2014

VM Operations (20 events):
Event: 18.304 Executing VM operation: HandshakeAllThreads done
Event: 18.392 Executing VM operation: ICBufferFull
Event: 18.392 Executing VM operation: ICBufferFull done
Event: 18.672 Executing VM operation: G1CollectForAllocation
Event: 18.684 Executing VM operation: G1CollectForAllocation done
Event: 18.701 Executing VM operation: G1CollectForAllocation
Event: 18.708 Executing VM operation: G1CollectForAllocation done
Event: 18.757 Executing VM operation: HandshakeAllThreads
Event: 18.757 Executing VM operation: HandshakeAllThreads done
Event: 18.774 Executing VM operation: HandshakeAllThreads
Event: 18.783 Executing VM operation: HandshakeAllThreads done
Event: 18.842 Executing VM operation: ICBufferFull
Event: 18.842 Executing VM operation: ICBufferFull done
Event: 18.847 Executing VM operation: G1CollectForAllocation
Event: 18.860 Executing VM operation: G1CollectForAllocation done
Event: 18.942 Executing VM operation: G1CollectForAllocation
Event: 18.951 Executing VM operation: G1CollectForAllocation done
Event: 19.007 Executing VM operation: HandshakeAllThreads
Event: 19.007 Executing VM operation: HandshakeAllThreads done
Event: 19.056 Executing VM operation: G1CollectForAllocation

Memory protections (0 events):
No events

Nmethod flushes (20 events):
Event: 19.025 Thread 0x000002b74a16ba00 flushing  nmethod 0x000002b734f93610
Event: 19.025 Thread 0x000002b74a16ba00 flushing  nmethod 0x000002b734fa9d90
Event: 19.025 Thread 0x000002b74a16ba00 flushing  nmethod 0x000002b734fbef90
Event: 19.025 Thread 0x000002b74a16ba00 flushing  nmethod 0x000002b735021f10
Event: 19.025 Thread 0x000002b74a16ba00 flushing  nmethod 0x000002b735022990
Event: 19.025 Thread 0x000002b74a16ba00 flushing  nmethod 0x000002b73503d390
Event: 19.025 Thread 0x000002b74a16ba00 flushing  nmethod 0x000002b73504d890
Event: 19.025 Thread 0x000002b74a16ba00 flushing  nmethod 0x000002b735085310
Event: 19.026 Thread 0x000002b74a16ba00 flushing  nmethod 0x000002b7350d2110
Event: 19.026 Thread 0x000002b74a16ba00 flushing  nmethod 0x000002b735116c90
Event: 19.026 Thread 0x000002b74a16ba00 flushing  nmethod 0x000002b735118910
Event: 19.026 Thread 0x000002b74a16ba00 flushing  nmethod 0x000002b73512af90
Event: 19.027 Thread 0x000002b74a16ba00 flushing  nmethod 0x000002b73512ca10
Event: 19.027 Thread 0x000002b74a16ba00 flushing  nmethod 0x000002b73512d210
Event: 19.027 Thread 0x000002b74a16ba00 flushing  nmethod 0x000002b73512dc10
Event: 19.027 Thread 0x000002b74a16ba00 flushing  nmethod 0x000002b73513d410
Event: 19.027 Thread 0x000002b74a16ba00 flushing  nmethod 0x000002b73513db90
Event: 19.027 Thread 0x000002b74a16ba00 flushing  nmethod 0x000002b73513f210
Event: 19.027 Thread 0x000002b74a16ba00 flushing  nmethod 0x000002b73513fe10
Event: 19.027 Thread 0x000002b74a16ba00 flushing  nmethod 0x000002b735155a90

Events (20 events):
Event: 17.651 Thread 0x000002b7949113c0 Thread added: 0x000002b794910490
Event: 17.702 Thread 0x000002b794910490 Thread added: 0x000002b7949109a0
Event: 17.702 Thread 0x000002b794910490 Thread added: 0x000002b794914150
Event: 17.704 Thread 0x000002b79341f0c0 Thread added: 0x000002b794910eb0
Event: 18.396 Thread 0x000002b7949109a0 Thread added: 0x000002b7949173f0
Event: 18.397 Thread 0x000002b7949173f0 Thread added: 0x000002b7949169d0
Event: 18.397 Thread 0x000002b7949169d0 Thread added: 0x000002b794917900
Event: 18.398 Thread 0x000002b794917900 Thread added: 0x000002b794915aa0
Event: 18.398 Thread 0x000002b794915aa0 Thread added: 0x000002b794915fb0
Event: 18.398 Thread 0x000002b794915fb0 Thread added: 0x000002b7949164c0
Event: 18.399 Thread 0x000002b7949164c0 Thread added: 0x000002b794916ee0
Event: 18.400 Thread 0x000002b794916ee0 Thread added: 0x000002b791979f20
Event: 18.400 Thread 0x000002b791979f20 Thread added: 0x000002b79197a940
Event: 18.400 Thread 0x000002b79197a940 Thread added: 0x000002b79197b870
Event: 18.934 Thread 0x000002b79341cd50 Thread added: 0x000002b79e1b7f20
Event: 18.937 Thread 0x000002b79341cd50 Thread added: 0x000002b79e1b9d80
Event: 18.939 Thread 0x000002b79341cd50 Thread added: 0x000002b79e1b8e50
Event: 18.951 Thread 0x000002b79341cd50 Thread added: 0x000002b79e1bb1c0
Event: 18.954 Thread 0x000002b79341cd50 Thread added: 0x000002b79e1b8430
Event: 18.958 Thread 0x000002b79341cd50 Thread added: 0x000002b79e1b8940


Dynamic libraries:
0x00007ff61cb70000 - 0x00007ff61cb7e000 	C:\Users\16696\.jdks\ms-17.0.19\bin\java.exe
0x00007ff880020000 - 0x00007ff880286000 	C:\Windows\SYSTEM32\ntdll.dll
0x00007ff87e450000 - 0x00007ff87e519000 	C:\Windows\System32\KERNEL32.DLL
0x00007ff87d960000 - 0x00007ff87dd5a000 	C:\Windows\System32\KERNELBASE.dll
0x00007ff87d620000 - 0x00007ff87d76c000 	C:\Windows\System32\ucrtbase.dll
0x00007ff876f80000 - 0x00007ff876f9e000 	C:\Users\16696\.jdks\ms-17.0.19\bin\VCRUNTIME140.dll
0x00007ff86de00000 - 0x00007ff86de18000 	C:\Users\16696\.jdks\ms-17.0.19\bin\jli.dll
0x00007ff87fa80000 - 0x00007ff87fc47000 	C:\Windows\System32\USER32.dll
0x00007ff87dd60000 - 0x00007ff87dd87000 	C:\Windows\System32\win32u.dll
0x00007ff87c3b0000 - 0x00007ff87c642000 	C:\Windows\WinSxS\amd64_microsoft.windows.common-controls_6595b64144ccf1df_6.0.26100.8521_none_3e08b75ce33403b3\COMCTL32.dll
0x00007ff87fa30000 - 0x00007ff87fa5b000 	C:\Windows\System32\GDI32.dll
0x00007ff87e5f0000 - 0x00007ff87e699000 	C:\Windows\System32\msvcrt.dll
0x00007ff87d830000 - 0x00007ff87d95b000 	C:\Windows\System32\gdi32full.dll
0x00007ff87d2b0000 - 0x00007ff87d353000 	C:\Windows\System32\msvcp_win.dll
0x00007ff87dea0000 - 0x00007ff87ded2000 	C:\Windows\System32\IMM32.DLL
0x00007ff86ddd0000 - 0x00007ff86dddc000 	C:\Users\16696\.jdks\ms-17.0.19\bin\vcruntime140_1.dll
0x00007ff83a4f0000 - 0x00007ff83a579000 	C:\Users\16696\.jdks\ms-17.0.19\bin\msvcp140.dll
0x00007ff807150000 - 0x00007ff807dcb000 	C:\Users\16696\.jdks\ms-17.0.19\bin\server\jvm.dll
0x00007ff87ed10000 - 0x00007ff87edc6000 	C:\Windows\System32\ADVAPI32.dll
0x00007ff87e1e0000 - 0x00007ff87e28a000 	C:\Windows\System32\sechost.dll
0x00007ff87f8a0000 - 0x00007ff87f9b8000 	C:\Windows\System32\RPCRT4.dll
0x00007ff87de10000 - 0x00007ff87de90000 	C:\Windows\System32\WS2_32.dll
0x00007ff87d110000 - 0x00007ff87d16e000 	C:\Windows\SYSTEM32\POWRPROF.dll
0x00007ff875350000 - 0x00007ff875386000 	C:\Windows\SYSTEM32\WINMM.dll
0x00007ff875340000 - 0x00007ff87534b000 	C:\Windows\SYSTEM32\VERSION.dll
0x00007ff87d0f0000 - 0x00007ff87d104000 	C:\Windows\SYSTEM32\UMPDC.dll
0x00007ff87b6d0000 - 0x00007ff87b6eb000 	C:\Windows\SYSTEM32\kernel.appcore.dll
0x00007ff86d940000 - 0x00007ff86d94a000 	C:\Users\16696\.jdks\ms-17.0.19\bin\jimage.dll
0x00007ff87ca80000 - 0x00007ff87ccc2000 	C:\Windows\SYSTEM32\DBGHELP.DLL
0x00007ff87fc50000 - 0x00007ff87ffd3000 	C:\Windows\System32\combase.dll
0x00007ff87f760000 - 0x00007ff87f839000 	C:\Windows\System32\OLEAUT32.dll
0x00007ff87c950000 - 0x00007ff87c98b000 	C:\Windows\SYSTEM32\dbgcore.DLL
0x00007ff87d360000 - 0x00007ff87d408000 	C:\Windows\System32\bcryptPrimitives.dll
0x00007ff86d930000 - 0x00007ff86d93f000 	C:\Users\16696\.jdks\ms-17.0.19\bin\instrument.dll
0x00007ff86d460000 - 0x00007ff86d486000 	C:\Users\16696\.jdks\ms-17.0.19\bin\java.dll
0x00007ff838aa0000 - 0x00007ff838b76000 	C:\Users\16696\.jdks\ms-17.0.19\bin\jsvml.dll
0x00007ff87ee60000 - 0x00007ff87f5e4000 	C:\Windows\System32\SHELL32.dll
0x00007ff87a390000 - 0x00007ff87ac10000 	C:\Windows\SYSTEM32\windows.storage.dll
0x00007ff87e350000 - 0x00007ff87e446000 	C:\Windows\System32\SHCORE.dll
0x00007ff87f9c0000 - 0x00007ff87fa27000 	C:\Windows\System32\shlwapi.dll
0x00007ff87d1d0000 - 0x00007ff87d1f9000 	C:\Windows\SYSTEM32\profapi.dll
0x00007ff86d080000 - 0x00007ff86d098000 	C:\Users\16696\.jdks\ms-17.0.19\bin\zip.dll
0x00007ff86d060000 - 0x00007ff86d07b000 	C:\Users\16696\.jdks\ms-17.0.19\bin\net.dll
0x00007ff874b00000 - 0x00007ff874c29000 	C:\Windows\SYSTEM32\WINHTTP.dll
0x00007ff87bbf0000 - 0x00007ff87bc5c000 	C:\Windows\system32\mswsock.dll
0x00007ff86cdc0000 - 0x00007ff86cdd6000 	C:\Users\16696\.jdks\ms-17.0.19\bin\nio.dll
0x00007ff86ce00000 - 0x00007ff86ce10000 	C:\Users\16696\.jdks\ms-17.0.19\bin\verify.dll
0x00007fffe4c80000 - 0x00007fffe4ca7000 	C:\Users\16696\.gradle\native\660c5614fbf4a5f2a75b1949f50a0caf5cd603558e7d8a26e50b933a0cfb79d1\windows-amd64\native-platform.dll
0x00007ff839070000 - 0x00007ff8390e7000 	C:\Users\16696\.gradle\native\0.2.8\x86_64-windows-gnu\gradle-fileevents.dll
0x00007ff86c0d0000 - 0x00007ff86c0da000 	C:\Users\16696\.jdks\ms-17.0.19\bin\management.dll
0x00007ff866be0000 - 0x00007ff866bec000 	C:\Users\16696\.jdks\ms-17.0.19\bin\management_ext.dll
0x00007ff87fa70000 - 0x00007ff87fa78000 	C:\Windows\System32\PSAPI.DLL
0x00007ff87b0f0000 - 0x00007ff87b123000 	C:\Windows\SYSTEM32\IPHLPAPI.DLL
0x00007ff87fa60000 - 0x00007ff87fa6a000 	C:\Windows\System32\NSI.dll
0x00007ff875390000 - 0x00007ff8753ad000 	C:\Windows\SYSTEM32\dhcpcsvc6.DLL
0x00007ff874450000 - 0x00007ff874475000 	C:\Windows\SYSTEM32\dhcpcsvc.DLL
0x00007ff87b180000 - 0x00007ff87b2ca000 	C:\Windows\SYSTEM32\DNSAPI.dll
0x00007ff87ba10000 - 0x00007ff87ba1d000 	C:\Windows\SYSTEM32\DSPARSE.dll
0x00007ff866bd0000 - 0x00007ff866bd9000 	C:\Users\16696\.jdks\ms-17.0.19\bin\extnet.dll
0x00007ff87cdd0000 - 0x00007ff87cdeb000 	C:\Windows\SYSTEM32\CRYPTSP.dll
0x00007ff87be90000 - 0x00007ff87bec9000 	C:\Windows\system32\rsaenh.dll
0x00007ff87bc60000 - 0x00007ff87bc93000 	C:\Windows\SYSTEM32\USERENV.dll
0x00007ff87d1a0000 - 0x00007ff87d1ca000 	C:\Windows\SYSTEM32\bcrypt.dll
0x00007ff87be80000 - 0x00007ff87be8c000 	C:\Windows\SYSTEM32\CRYPTBASE.dll
0x00007ff866b90000 - 0x00007ff866b9e000 	C:\Users\16696\.jdks\ms-17.0.19\bin\sunmscapi.dll
0x00007ff87d410000 - 0x00007ff87d588000 	C:\Windows\System32\CRYPT32.dll
0x00007ff87c370000 - 0x00007ff87c3a0000 	C:\Windows\SYSTEM32\ncrypt.dll
0x00007ff87c320000 - 0x00007ff87c35f000 	C:\Windows\SYSTEM32\NTASN1.dll
0x00007ff865540000 - 0x00007ff865548000 	C:\Windows\system32\wshunix.dll
0x00007ff87ca20000 - 0x00007ff87ca56000 	C:\Windows\SYSTEM32\ntmarta.dll

dbghelp: loaded successfully - version: 4.0.5 - missing functions: none
symbol engine: initialized successfully - sym options: 0x614 - pdb path: .;C:\Users\16696\.jdks\ms-17.0.19\bin;C:\Windows\SYSTEM32;C:\Windows\WinSxS\amd64_microsoft.windows.common-controls_6595b64144ccf1df_6.0.26100.8521_none_3e08b75ce33403b3;C:\Users\16696\.jdks\ms-17.0.19\bin\server;C:\Users\16696\.gradle\native\660c5614fbf4a5f2a75b1949f50a0caf5cd603558e7d8a26e50b933a0cfb79d1\windows-amd64;C:\Users\16696\.gradle\native\0.2.8\x86_64-windows-gnu

VM Arguments:
jvm_args: --add-opens=java.base/java.lang=ALL-UNNAMED --add-opens=java.base/java.lang.invoke=ALL-UNNAMED --add-opens=java.base/java.util=ALL-UNNAMED --add-opens=java.prefs/java.util.prefs=ALL-UNNAMED --add-exports=jdk.compiler/com.sun.tools.javac.api=ALL-UNNAMED --add-exports=jdk.compiler/com.sun.tools.javac.util=ALL-UNNAMED --add-opens=java.base/java.util=ALL-UNNAMED --add-opens=java.prefs/java.util.prefs=ALL-UNNAMED --add-opens=java.base/java.nio.charset=ALL-UNNAMED --add-opens=java.base/java.net=ALL-UNNAMED --add-opens=java.base/java.util.concurrent=ALL-UNNAMED --add-opens=java.base/java.util.concurrent.atomic=ALL-UNNAMED --add-opens=java.xml/javax.xml.namespace=ALL-UNNAMED --add-opens=java.base/java.time=ALL-UNNAMED -Xmx2048m -Dfile.encoding=UTF-8 -Duser.country=CN -Duser.language=zh -Duser.variant -javaagent:C:\Users\16696\.gradle\wrapper\dists\gradle-9.4.1-bin\arn2x92ynaizyzdaamcbpbhtj\gradle-9.4.1\lib\agents\gradle-instrumentation-agent-9.4.1.jar 
java_command: org.gradle.launcher.daemon.bootstrap.GradleDaemon 9.4.1
java_class_path (initial): C:\Users\16696\.gradle\wrapper\dists\gradle-9.4.1-bin\arn2x92ynaizyzdaamcbpbhtj\gradle-9.4.1\lib\gradle-daemon-main-9.4.1.jar
Launcher Type: SUN_STANDARD

[Global flags]
     intx CICompilerCount                          = 4                                         {product} {ergonomic}
     uint ConcGCThreads                            = 2                                         {product} {ergonomic}
     uint G1ConcRefinementThreads                  = 9                                         {product} {ergonomic}
   size_t G1HeapRegionSize                         = 1048576                                   {product} {ergonomic}
    uintx GCDrainStackTargetSize                   = 64                                        {product} {ergonomic}
   size_t InitialHeapSize                          = 260046848                                 {product} {ergonomic}
   size_t MarkStackSize                            = 4194304                                   {product} {ergonomic}
   size_t MaxHeapSize                              = 2147483648                                {product} {command line}
   size_t MaxNewSize                               = 1287651328                                {product} {ergonomic}
   size_t MinHeapDeltaBytes                        = 1048576                                   {product} {ergonomic}
   size_t MinHeapSize                              = 8388608                                   {product} {ergonomic}
    uintx NonNMethodCodeHeapSize                   = 5839372                                {pd product} {ergonomic}
    uintx NonProfiledCodeHeapSize                  = 122909434                              {pd product} {ergonomic}
    uintx ProfiledCodeHeapSize                     = 122909434                              {pd product} {ergonomic}
    uintx ReservedCodeCacheSize                    = 251658240                              {pd product} {ergonomic}
     bool SegmentedCodeCache                       = true                                      {product} {ergonomic}
   size_t SoftMaxHeapSize                          = 2147483648                             {manageable} {ergonomic}
     bool UseCompressedClassPointers               = true                           {product lp64_product} {ergonomic}
     bool UseCompressedOops                        = true                           {product lp64_product} {ergonomic}
     bool UseG1GC                                  = true                                      {product} {ergonomic}
     bool UseLargePagesIndividualAllocation        = false                                  {pd product} {ergonomic}

Logging:
Log output configuration:
 #0: stdout all=warning uptime,level,tags
 #1: stderr all=off uptime,level,tags

Environment Variables:
PATH=D:\Android\jdk-8.0.492.9-hotspot\bin;C:\Program Files (x86)\VMware\VMware Workstation\bin\;C:\Windows\system32;C:\Windows;C:\Windows\System32\Wbem;C:\Windows\System32\WindowsPowerShell\v1.0\;C:\Windows\System32\OpenSSH\;D:\Git\Git\cmd;D:\Cmake\bin;D:\Windows Kits\10\Windows Performance Toolkit\;C:\Program Files\CMake\bin;C:\Program Files\TortoiseGit\bin;C:\NXP\S32DS.3.5\S32DS\build_tools\gcc-10.2-arm32-eabi\bin;D:\Xshell\;C:\Users\16696\AppData\Local\Programs\Python\Python314\Scripts\;C:\Users\16696\AppData\Local\Programs\Python\Python314\;C:\Users\16696\AppData\Local\Microsoft\WindowsApps;D:\pycharm\PyCharm 2026.1.2\bin;D:\vscode\Microsoft VS Code\bin;D:\Android\Sdk\platform-tools;
USERNAME=16696
OS=Windows_NT
PROCESSOR_IDENTIFIER=Intel64 Family 6 Model 198 Stepping 2, GenuineIntel
TMP=C:\Users\16696\AppData\Local\Temp
TEMP=C:\Users\16696\AppData\Local\Temp



Periodic native trim disabled


---------------  S Y S T E M  ---------------

OS:
 Windows 11 , 64 bit Build 26100 (10.0.26100.8521)
OS uptime: 1 days 20:33 hours
Hyper-V role detected

CPU: total 10 (initial active 10) (10 cores per cpu, 1 threads per core) family 6 model 198 stepping 2 microcode 0x118, cx8, cmov, fxsr, mmx, 3dnowpref, sse, sse2, sse3, ssse3, sse4.1, sse4.2, popcnt, lzcnt, tsc, tscinvbit, avx, avx2, aes, erms, clmul, bmi1, bmi2, adx, sha, fma, vzeroupper, clflush, clflushopt, clwb, hv
Processor Information for processor 0
  Max Mhz: 3300, Current Mhz: 3300, Mhz Limit: 3300
Processor Information for processor 1
  Max Mhz: 3300, Current Mhz: 3300, Mhz Limit: 3300
Processor Information for processor 2
  Max Mhz: 2700, Current Mhz: 2700, Mhz Limit: 2700
Processor Information for processor 3
  Max Mhz: 2700, Current Mhz: 2700, Mhz Limit: 2700
Processor Information for processor 4
  Max Mhz: 2700, Current Mhz: 2700, Mhz Limit: 2700
Processor Information for processor 5
  Max Mhz: 2700, Current Mhz: 2700, Mhz Limit: 2700
Processor Information for processor 6
  Max Mhz: 3300, Current Mhz: 3300, Mhz Limit: 3300
Processor Information for processor 7
  Max Mhz: 3300, Current Mhz: 3300, Mhz Limit: 3300
Processor Information for processor 8
  Max Mhz: 3300, Current Mhz: 3300, Mhz Limit: 3300
Processor Information for processor 9
  Max Mhz: 3300, Current Mhz: 3300, Mhz Limit: 3300

Memory: 4k page, system-wide physical 15751M (1144M free)
TotalPageFile size 54151M (AvailPageFile size 149M)
current process WorkingSet (physical memory assigned to process): 748M, peak: 815M
current process commit charge ("private bytes"): 809M, peak: 1197M

vm_info: OpenJDK 64-Bit Server VM (17.0.19+10-LTS) for windows-amd64 JRE (17.0.19+10-LTS), built on Apr 18 2026 18:24:40 by "MicrosoftCorporation" with MS VC++ 17.14 (VS2022)

END.
