#
# There is insufficient memory for the Java Runtime Environment to continue.
# Native memory allocation (malloc) failed to allocate 1887264 bytes. Error detail: Chunk::new
# Possible reasons:
#   The system is out of physical RAM or swap space
#   This process is running with CompressedOops enabled, and the Java Heap may be blocking the growth of the native heap
# Possible solutions:
#   Reduce memory load on the system
#   Increase physical memory or swap space
#   Check if swap backing store is full
#   Decrease Java heap size (-Xmx/-Xms)
#   Decrease number of Java threads
#   Decrease Java thread stack sizes (-Xss)
#   Set larger code cache with -XX:ReservedCodeCacheSize=
#   JVM is running with Unscaled Compressed Oops mode in which the Java heap is
#     placed in the first 4GB address space. The Java Heap base address is the
#     maximum limit for the native heap growth. Please use -XX:HeapBaseMinAddress
#     to set the Java Heap base and to place the Java Heap above 4GB virtual address.
# This output file may be truncated or incomplete.
#
#  Out of Memory Error (arena.cpp:191), pid=9248, tid=25956
#
# JRE version: OpenJDK Runtime Environment Microsoft-13877129 (17.0.19+10) (build 17.0.19+10-LTS)
# Java VM: OpenJDK 64-Bit Server VM Microsoft-13877129 (17.0.19+10-LTS, mixed mode, sharing, tiered, compressed oops, compressed class ptrs, g1 gc, windows-amd64)
# No core dump will be written. Minidumps are not enabled by default on client versions of Windows
#

---------------  S U M M A R Y ------------

Command Line: --add-opens=java.base/java.lang=ALL-UNNAMED --add-opens=java.base/java.lang.invoke=ALL-UNNAMED --add-opens=java.base/java.util=ALL-UNNAMED --add-opens=java.prefs/java.util.prefs=ALL-UNNAMED --add-exports=jdk.compiler/com.sun.tools.javac.api=ALL-UNNAMED --add-exports=jdk.compiler/com.sun.tools.javac.util=ALL-UNNAMED --add-opens=java.base/java.util=ALL-UNNAMED --add-opens=java.prefs/java.util.prefs=ALL-UNNAMED --add-opens=java.base/java.nio.charset=ALL-UNNAMED --add-opens=java.base/java.net=ALL-UNNAMED --add-opens=java.base/java.util.concurrent=ALL-UNNAMED --add-opens=java.base/java.util.concurrent.atomic=ALL-UNNAMED --add-opens=java.xml/javax.xml.namespace=ALL-UNNAMED --add-opens=java.base/java.time=ALL-UNNAMED -Xmx2048m -Dfile.encoding=UTF-8 -Duser.country=CN -Duser.language=zh -Duser.variant -javaagent:C:\Users\16696\.gradle\wrapper\dists\gradle-9.4.1-bin\arn2x92ynaizyzdaamcbpbhtj\gradle-9.4.1\lib\agents\gradle-instrumentation-agent-9.4.1.jar org.gradle.launcher.daemon.bootstrap.GradleDaemon 9.4.1

Host: Intel(R) Core(TM) Ultra 5 225, 10 cores, 15G,  Windows 11 , 64 bit Build 26100 (10.0.26100.8521)
Time: Thu Jul 16 10:37:29 2026  Windows 11 , 64 bit Build 26100 (10.0.26100.8521) elapsed time: 18.101647 seconds (0d 0h 0m 18s)

---------------  T H R E A D  ---------------

Current thread (0x00000266de155dc0):  JavaThread "C2 CompilerThread2" daemon [_thread_in_native, id=25956, stack(0x000000c802700000,0x000000c802800000)]


Current CompileTask:
C2:18101 19967 % !   4       com.android.ide.common.resources.DataMerger::mergeData @ 247 (611 bytes)

Stack: [0x000000c802700000,0x000000c802800000]
Native frames: (J=compiled Java code, j=interpreted, Vv=VM code, C=native code)
V  [jvm.dll+0x68cc89]  (no source info available)
V  [jvm.dll+0x845d89]  (no source info available)
V  [jvm.dll+0x847af8]  (no source info available)
V  [jvm.dll+0x848183]  (no source info available)
V  [jvm.dll+0x24d0bf]  (no source info available)
V  [jvm.dll+0xaed56]  (no source info available)
V  [jvm.dll+0xaf3fc]  (no source info available)
V  [jvm.dll+0x3718be]  (no source info available)
V  [jvm.dll+0x33baf5]  (no source info available)
V  [jvm.dll+0x33af5a]  (no source info available)
V  [jvm.dll+0x21dfc9]  (no source info available)
V  [jvm.dll+0x21d412]  (no source info available)
V  [jvm.dll+0x1a8db6]  (no source info available)
V  [jvm.dll+0x22dc6b]  (no source info available)
V  [jvm.dll+0x22bdf6]  (no source info available)
V  [jvm.dll+0x7fbecb]  (no source info available)
V  [jvm.dll+0x7f62cc]  (no source info available)
V  [jvm.dll+0x68e227]  (no source info available)
C  [ucrtbase.dll+0x2cd30]  (no source info available)
C  [KERNEL32.DLL+0x2e957]  (no source info available)
C  [ntdll.dll+0x87c1c]  (no source info available)


---------------  P R O C E S S  ---------------

Threads class SMR info:
_java_thread_list=0x00000266d89a2070, length=93, elements={
0x00000266ed5991a0, 0x00000266fc428cd0, 0x00000266fc42b7b0, 0x00000266fc451690,
0x00000266fc451f60, 0x00000266fc452830, 0x00000266fc440e80, 0x00000266fc441a80,
0x00000266fc44eb10, 0x00000266fc456ae0, 0x00000266fcd908a0, 0x00000266fcefa200,
0x00000266ff266720, 0x00000266fddbd9e0, 0x00000266ff0e5140, 0x00000266fef22030,
0x00000266fe01a610, 0x00000266fe01c470, 0x00000266fe01c980, 0x00000266fe01ab20,
0x00000266fe01b030, 0x00000266fe01b540, 0x00000266d71c38e0, 0x00000266d71c1570,
0x00000266d71c1a80, 0x00000266d71c3df0, 0x00000266d71c1f90, 0x00000266d71c29b0,
0x00000266d71c1060, 0x00000266d71c5230, 0x00000266d71c24a0, 0x00000266d71c4300,
0x00000266d71c5740, 0x00000266d6c1add0, 0x00000266d554f770, 0x00000266d554f260,
0x00000266d554fc80, 0x00000266d554c4d0, 0x00000266d554cef0, 0x00000266d55510c0,
0x00000266d5552500, 0x00000266d5552a10, 0x00000266d71c5c50, 0x00000266d71c2ec0,
0x00000266d71c4810, 0x00000266d71c33d0, 0x00000266d71c4d20, 0x00000266d71c84d0,
0x00000266d71c75a0, 0x00000266d71c89e0, 0x00000266d71c7ab0, 0x00000266d71c7fc0,
0x00000266ff6d59e0, 0x00000266ff6d4090, 0x00000266ff6d5ef0, 0x00000266ff6d4ab0,
0x00000266ff6d45a0, 0x00000266d56da490, 0x00000266ff6d7330, 0x00000266ff6d3b80,
0x00000266fe01ce90, 0x00000266fe01d8b0, 0x00000266fe01ba50, 0x00000266fe01bf60,
0x00000266fe01a100, 0x00000266d6c1a3b0, 0x00000266d6c1b7f0, 0x00000266d6c1a8c0,
0x00000266d6c1c210, 0x00000266d6c1c720, 0x00000266de65ece0, 0x00000266de155dc0,
0x00000266de65d390, 0x00000266de660120, 0x00000266de65c970, 0x00000266de65f1f0,
0x00000266de660630, 0x00000266de65e2c0, 0x00000266de65ce80, 0x00000266de6642f0,
0x00000266de661f80, 0x00000266de662490, 0x00000266de661050, 0x00000266de6629a0,
0x00000266de661560, 0x00000266de6633c0, 0x00000266de662eb0, 0x00000266de6638d0,
0x00000266de663de0, 0x00000266d554de20, 0x00000266dfc9ad70, 0x00000266dfc984f0,
0x00000266dfc9bca0
}

Java Threads: ( => current thread )
  0x00000266ed5991a0 JavaThread "main" [_thread_blocked, id=18656, stack(0x000000c87b400000,0x000000c87b500000)]
  0x00000266fc428cd0 JavaThread "Reference Handler" daemon [_thread_blocked, id=25936, stack(0x000000c87bb00000,0x000000c87bc00000)]
  0x00000266fc42b7b0 JavaThread "Finalizer" daemon [_thread_blocked, id=23564, stack(0x000000c87bc00000,0x000000c87bd00000)]
  0x00000266fc451690 JavaThread "Signal Dispatcher" daemon [_thread_blocked, id=14724, stack(0x000000c87bd00000,0x000000c87be00000)]
  0x00000266fc451f60 JavaThread "Attach Listener" daemon [_thread_blocked, id=26992, stack(0x000000c87be00000,0x000000c87bf00000)]
  0x00000266fc452830 JavaThread "Service Thread" daemon [_thread_blocked, id=24924, stack(0x000000c87bf00000,0x000000c87c000000)]
  0x00000266fc440e80 JavaThread "Monitor Deflation Thread" daemon [_thread_blocked, id=21860, stack(0x000000c87c000000,0x000000c87c100000)]
  0x00000266fc441a80 JavaThread "C2 CompilerThread0" daemon [_thread_in_native, id=3220, stack(0x000000c87c100000,0x000000c87c200000)]
  0x00000266fc44eb10 JavaThread "C1 CompilerThread0" daemon [_thread_blocked, id=116, stack(0x000000c87c200000,0x000000c87c300000)]
  0x00000266fc456ae0 JavaThread "Sweeper thread" daemon [_thread_in_vm, id=21652, stack(0x000000c87c300000,0x000000c87c400000)]
  0x00000266fcd908a0 JavaThread "Common-Cleaner" daemon [_thread_blocked, id=9716, stack(0x000000c87c400000,0x000000c87c500000)]
  0x00000266fcefa200 JavaThread "Notification Thread" daemon [_thread_blocked, id=26352, stack(0x000000c87c500000,0x000000c87c600000)]
  0x00000266ff266720 JavaThread "Daemon health stats" [_thread_blocked, id=16944, stack(0x000000c87cd00000,0x000000c87ce00000)]
  0x00000266fddbd9e0 JavaThread "Incoming local TCP Connector on port 64931" [_thread_in_native, id=14276, stack(0x000000c87ce00000,0x000000c87cf00000)]
  0x00000266ff0e5140 JavaThread "Daemon periodic checks" [_thread_blocked, id=28248, stack(0x000000c87cf00000,0x000000c87d000000)]
  0x00000266fef22030 JavaThread "Daemon" [_thread_blocked, id=18364, stack(0x000000c87d000000,0x000000c87d100000)]
  0x00000266fe01a610 JavaThread "Daemon worker" [_thread_blocked, id=6560, stack(0x000000c87d300000,0x000000c87d400000)]
  0x00000266fe01c470 JavaThread "Cache worker for journal cache (C:\Users\16696\.gradle\caches\journal-1)" [_thread_blocked, id=28432, stack(0x000000c87d700000,0x000000c87d800000)]
  0x00000266fe01c980 JavaThread "File lock request listener" [_thread_in_native, id=9184, stack(0x000000c87d800000,0x000000c87d900000)]
  0x00000266fe01ab20 JavaThread "Cache worker for file hash cache (C:\Users\16696\.gradle\caches\9.4.1\fileHashes)" [_thread_blocked, id=10960, stack(0x000000c87d900000,0x000000c87da00000)]
  0x00000266fe01b030 JavaThread "File watcher server" daemon [_thread_in_native, id=10364, stack(0x000000c87e100000,0x000000c87e200000)]
  0x00000266fe01b540 JavaThread "File watcher consumer" daemon [_thread_blocked, id=8000, stack(0x000000c87e200000,0x000000c87e300000)]
  0x00000266d71c38e0 JavaThread "jar transforms" [_thread_blocked, id=25308, stack(0x000000c87e300000,0x000000c87e400000)]
  0x00000266d71c1570 JavaThread "jar transforms Thread 2" [_thread_blocked, id=15476, stack(0x000000c87e400000,0x000000c87e500000)]
  0x00000266d71c1a80 JavaThread "jar transforms Thread 3" [_thread_blocked, id=18624, stack(0x000000c87e500000,0x000000c87e600000)]
  0x00000266d71c3df0 JavaThread "jar transforms Thread 4" [_thread_blocked, id=7552, stack(0x000000c87e600000,0x000000c87e700000)]
  0x00000266d71c1f90 JavaThread "jar transforms Thread 5" [_thread_blocked, id=7212, stack(0x000000c87e700000,0x000000c87e800000)]
  0x00000266d71c29b0 JavaThread "jar transforms Thread 6" [_thread_blocked, id=2468, stack(0x000000c87e800000,0x000000c87e900000)]
  0x00000266d71c1060 JavaThread "jar transforms Thread 7" [_thread_blocked, id=4404, stack(0x000000c87e900000,0x000000c87ea00000)]
  0x00000266d71c5230 JavaThread "jar transforms Thread 8" [_thread_blocked, id=27192, stack(0x000000c87ea00000,0x000000c87eb00000)]
  0x00000266d71c24a0 JavaThread "jar transforms Thread 9" [_thread_blocked, id=25212, stack(0x000000c87eb00000,0x000000c87ec00000)]
  0x00000266d71c4300 JavaThread "jar transforms Thread 10" [_thread_blocked, id=19520, stack(0x000000c87ec00000,0x000000c87ed00000)]
  0x00000266d71c5740 JavaThread "Cache worker for file content cache (C:\Users\16696\.gradle\caches\9.4.1\fileContent)" [_thread_blocked, id=11880, stack(0x000000c87ee00000,0x000000c87ef00000)]
  0x00000266d6c1add0 JavaThread "Memory manager" [_thread_blocked, id=8120, stack(0x000000c87c800000,0x000000c87c900000)]
  0x00000266d554f770 JavaThread "VFS cleanup" [_thread_blocked, id=27616, stack(0x000000c800000000,0x000000c800100000)]
  0x00000266d554f260 JavaThread "Handler for socket connection from /127.0.0.1:64931 to /127.0.0.1:51191" [_thread_in_native, id=21624, stack(0x000000c800100000,0x000000c800200000)]
  0x00000266d554fc80 JavaThread "Cancel handler" [_thread_blocked, id=22756, stack(0x000000c800200000,0x000000c800300000)]
  0x00000266d554c4d0 JavaThread "Asynchronous log dispatcher for DefaultDaemonConnection: socket connection from /127.0.0.1:64931 to /127.0.0.1:51191" [_thread_blocked, id=23256, stack(0x000000c800300000,0x000000c800400000)]
  0x00000266d554cef0 JavaThread "Stdin handler" [_thread_blocked, id=27880, stack(0x000000c800400000,0x000000c800500000)]
  0x00000266d55510c0 JavaThread "Daemon client event forwarder" [_thread_blocked, id=21576, stack(0x000000c800500000,0x000000c800600000)]
  0x00000266d5552500 JavaThread "Cache worker for file hash cache (D:\Code\Application\music1\.gradle\9.4.1\fileHashes)" [_thread_blocked, id=15784, stack(0x000000c800600000,0x000000c800700000)]
  0x00000266d5552a10 JavaThread "Cache worker for Build Output Cleanup Cache (D:\Code\Application\music1\.gradle\buildOutputCleanup)" [_thread_blocked, id=4712, stack(0x000000c800700000,0x000000c800800000)]
  0x00000266d71c5c50 JavaThread "Cache worker for checksums cache (D:\Code\Application\music1\.gradle\9.4.1\checksums)" [_thread_blocked, id=17244, stack(0x000000c800800000,0x000000c800900000)]
  0x00000266d71c2ec0 JavaThread "Cache worker for cache directory md-supplier (C:\Users\16696\.gradle\caches\9.4.1\md-supplier)" [_thread_blocked, id=24328, stack(0x000000c800900000,0x000000c800a00000)]
  0x00000266d71c4810 JavaThread "Cache worker for cache directory md-rule (C:\Users\16696\.gradle\caches\9.4.1\md-rule)" [_thread_blocked, id=11292, stack(0x000000c800a00000,0x000000c800b00000)]
  0x00000266d71c33d0 JavaThread "Build operations" [_thread_blocked, id=22348, stack(0x000000c800b00000,0x000000c800c00000)]
  0x00000266d71c4d20 JavaThread "Build operations Thread 2" [_thread_blocked, id=23736, stack(0x000000c800c00000,0x000000c800d00000)]
  0x00000266d71c84d0 JavaThread "Build operations Thread 3" [_thread_blocked, id=21500, stack(0x000000c800d00000,0x000000c800e00000)]
  0x00000266d71c75a0 JavaThread "Build operations Thread 4" [_thread_blocked, id=27992, stack(0x000000c800e00000,0x000000c800f00000)]
  0x00000266d71c89e0 JavaThread "Build operations Thread 5" [_thread_blocked, id=23024, stack(0x000000c800f00000,0x000000c801000000)]
  0x00000266d71c7ab0 JavaThread "Build operations Thread 6" [_thread_blocked, id=9364, stack(0x000000c801000000,0x000000c801100000)]
  0x00000266d71c7fc0 JavaThread "Build operations Thread 7" [_thread_blocked, id=9532, stack(0x000000c801100000,0x000000c801200000)]
  0x00000266ff6d59e0 JavaThread "Build operations Thread 8" [_thread_blocked, id=28536, stack(0x000000c801200000,0x000000c801300000)]
  0x00000266ff6d4090 JavaThread "Build operations Thread 9" [_thread_blocked, id=24372, stack(0x000000c801300000,0x000000c801400000)]
  0x00000266ff6d5ef0 JavaThread "Build operations Thread 10" [_thread_blocked, id=22908, stack(0x000000c801400000,0x000000c801500000)]
  0x00000266ff6d4ab0 JavaThread "build event listener" [_thread_blocked, id=23672, stack(0x000000c801500000,0x000000c801600000)]
  0x00000266ff6d45a0 JavaThread "build event listener" [_thread_blocked, id=3164, stack(0x000000c801600000,0x000000c801700000)]
  0x00000266d56da490 JavaThread "C2 CompilerThread1" daemon [_thread_in_native, id=23520, stack(0x000000c801700000,0x000000c801800000)]
  0x00000266ff6d7330 JavaThread "included builds" [_thread_blocked, id=9344, stack(0x000000c801800000,0x000000c801900000)]
  0x00000266ff6d3b80 JavaThread "Execution worker" [_thread_blocked, id=21704, stack(0x000000c801900000,0x000000c801a00000)]
  0x00000266fe01ce90 JavaThread "Execution worker Thread 2" [_thread_blocked, id=20092, stack(0x000000c801a00000,0x000000c801b00000)]
  0x00000266fe01d8b0 JavaThread "Execution worker Thread 3" [_thread_blocked, id=7324, stack(0x000000c801b00000,0x000000c801c00000)]
  0x00000266fe01ba50 JavaThread "Execution worker Thread 4" [_thread_blocked, id=25552, stack(0x000000c801c00000,0x000000c801d00000)]
  0x00000266fe01bf60 JavaThread "Execution worker Thread 5" [_thread_blocked, id=24652, stack(0x000000c801d00000,0x000000c801e00000)]
  0x00000266fe01a100 JavaThread "Execution worker Thread 6" [_thread_blocked, id=25720, stack(0x000000c801e00000,0x000000c801f00000)]
  0x00000266d6c1a3b0 JavaThread "Execution worker Thread 7" [_thread_blocked, id=23588, stack(0x000000c801f00000,0x000000c802000000)]
  0x00000266d6c1b7f0 JavaThread "Execution worker Thread 8" [_thread_blocked, id=6140, stack(0x000000c802000000,0x000000c802100000)]
  0x00000266d6c1a8c0 JavaThread "Execution worker Thread 9" [_thread_in_Java, id=11312, stack(0x000000c802100000,0x000000c802200000)]
  0x00000266d6c1c210 JavaThread "Cache worker for execution history cache (D:\Code\Application\music1\.gradle\9.4.1\executionHistory)" [_thread_blocked, id=18952, stack(0x000000c802200000,0x000000c802300000)]
  0x00000266d6c1c720 JavaThread "Cache worker for Java compile cache (C:\Users\16696\.gradle\caches\9.4.1\javaCompile)" [_thread_blocked, id=2032, stack(0x000000c802300000,0x000000c802400000)]
  0x00000266de65ece0 JavaThread "Problems report writer" [_thread_blocked, id=13316, stack(0x000000c802600000,0x000000c802700000)]
=>0x00000266de155dc0 JavaThread "C2 CompilerThread2" daemon [_thread_in_native, id=25956, stack(0x000000c802700000,0x000000c802800000)]
  0x00000266de65d390 JavaThread "WorkerExecutor Queue" [_thread_blocked, id=2604, stack(0x000000c802800000,0x000000c802900000)]
  0x00000266de660120 JavaThread "WorkerExecutor Queue Thread 2" [_thread_blocked, id=26100, stack(0x000000c802900000,0x000000c802a00000)]
  0x00000266de65c970 JavaThread "WorkerExecutor Queue Thread 3" [_thread_blocked, id=15444, stack(0x000000c802a00000,0x000000c802b00000)]
  0x00000266de65f1f0 JavaThread "WorkerExecutor Queue Thread 4" [_thread_blocked, id=6260, stack(0x000000c802b00000,0x000000c802c00000)]
  0x00000266de660630 JavaThread "WorkerExecutor Queue Thread 5" [_thread_blocked, id=25876, stack(0x000000c802c00000,0x000000c802d00000)]
  0x00000266de65e2c0 JavaThread "WorkerExecutor Queue Thread 6" [_thread_blocked, id=15716, stack(0x000000c802d00000,0x000000c802e00000)]
  0x00000266de65ce80 JavaThread "WorkerExecutor Queue Thread 7" [_thread_blocked, id=21016, stack(0x000000c802e00000,0x000000c802f00000)]
  0x00000266de6642f0 JavaThread "WorkerExecutor Queue Thread 8" [_thread_blocked, id=3496, stack(0x000000c802f00000,0x000000c803000000)]
  0x00000266de661f80 JavaThread "WorkerExecutor Queue Thread 9" [_thread_blocked, id=9268, stack(0x000000c803000000,0x000000c803100000)]
  0x00000266de662490 JavaThread "WorkerExecutor Queue Thread 10" [_thread_blocked, id=27604, stack(0x000000c803100000,0x000000c803200000)]
  0x00000266de661050 JavaThread "WorkerExecutor Queue Thread 11" [_thread_blocked, id=25472, stack(0x000000c803200000,0x000000c803300000)]
  0x00000266de6629a0 JavaThread "ForkJoinPool-1-worker-1" daemon [_thread_blocked, id=23144, stack(0x000000c803300000,0x000000c803400000)]
  0x00000266de661560 JavaThread "ForkJoinPool-1-worker-2" daemon [_thread_blocked, id=26108, stack(0x000000c803400000,0x000000c803500000)]
  0x00000266de6633c0 JavaThread "ForkJoinPool-1-worker-3" daemon [_thread_blocked, id=1492, stack(0x000000c803500000,0x000000c803600000)]
  0x00000266de662eb0 JavaThread "ForkJoinPool-1-worker-4" daemon [_thread_blocked, id=13840, stack(0x000000c803600000,0x000000c803700000)]
  0x00000266de6638d0 JavaThread "ForkJoinPool-1-worker-5" daemon [_thread_blocked, id=15960, stack(0x000000c803700000,0x000000c803800000)]
  0x00000266de663de0 JavaThread "ForkJoinPool-1-worker-6" daemon [_thread_blocked, id=21836, stack(0x000000c803800000,0x000000c803900000)]
  0x00000266d554de20 JavaThread "ForkJoinPool-1-worker-7" daemon [_thread_blocked, id=10816, stack(0x000000c803900000,0x000000c803a00000)]
  0x00000266dfc9ad70 JavaThread "ForkJoinPool-1-worker-8" daemon [_thread_blocked, id=28532, stack(0x000000c803a00000,0x000000c803b00000)]
  0x00000266dfc984f0 JavaThread "ForkJoinPool-1-worker-9" daemon [_thread_in_vm, id=24836, stack(0x000000c803b00000,0x000000c803c00000)]
  0x00000266dfc9bca0 JavaThread "ForkJoinPool-1-worker-10" daemon [_thread_blocked, id=28276, stack(0x000000c803c00000,0x000000c803d00000)]

Other Threads:
  0x00000266fc421b50 VMThread "VM Thread" [stack: 0x000000c87ba00000,0x000000c87bb00000] [id=19736]
  0x00000266ed599f30 WatcherThread [stack: 0x000000c87c600000,0x000000c87c700000] [id=11936]
  0x00000266ed5f74c0 GCTaskThread "GC Thread#0" [stack: 0x000000c87b500000,0x000000c87b600000] [id=15692]
  0x00000266fe1aebe0 GCTaskThread "GC Thread#1" [stack: 0x000000c87c900000,0x000000c87ca00000] [id=22680]
  0x00000266fd7615a0 GCTaskThread "GC Thread#2" [stack: 0x000000c87ca00000,0x000000c87cb00000] [id=21168]
  0x00000266fd762950 GCTaskThread "GC Thread#3" [stack: 0x000000c87cb00000,0x000000c87cc00000] [id=19432]
  0x00000266fd762c20 GCTaskThread "GC Thread#4" [stack: 0x000000c87cc00000,0x000000c87cd00000] [id=27832]
  0x00000266fd7623b0 GCTaskThread "GC Thread#5" [stack: 0x000000c87da00000,0x000000c87db00000] [id=9040]
  0x00000266d6c51020 GCTaskThread "GC Thread#6" [stack: 0x000000c87db00000,0x000000c87dc00000] [id=12268]
  0x00000266d6c51b60 GCTaskThread "GC Thread#7" [stack: 0x000000c87dc00000,0x000000c87dd00000] [id=26716]
  0x00000266d6c51890 GCTaskThread "GC Thread#8" [stack: 0x000000c87dd00000,0x000000c87de00000] [id=23356]
  0x00000266ed609000 ConcurrentGCThread "G1 Main Marker" [stack: 0x000000c87b600000,0x000000c87b700000] [id=11332]
  0x00000266ed60a7e0 ConcurrentGCThread "G1 Conc#0" [stack: 0x000000c87b700000,0x000000c87b800000] [id=28008]
  0x00000266d6c50a80 ConcurrentGCThread "G1 Conc#1" [stack: 0x000000c87de00000,0x000000c87df00000] [id=4024]
  0x00000266ed64e870 ConcurrentGCThread "G1 Refine#0" [stack: 0x000000c87b800000,0x000000c87b900000] [id=6800]
  0x00000266ff794e50 ConcurrentGCThread "G1 Refine#1" [stack: 0x000000c87ed00000,0x000000c87ee00000] [id=9560]
  0x00000266d5d9a2f0 ConcurrentGCThread "G1 Refine#2" [stack: 0x000000c802400000,0x000000c802500000] [id=24628]
  0x00000266d5c5e310 ConcurrentGCThread "G1 Refine#3" [stack: 0x000000c802500000,0x000000c802600000] [id=24616]
  0x00000266de449f80 ConcurrentGCThread "G1 Refine#4" [stack: 0x000000c803d00000,0x000000c803e00000] [id=9160]
  0x00000266de965240 ConcurrentGCThread "G1 Refine#5" [stack: 0x000000c803e00000,0x000000c803f00000] [id=20264]
  0x00000266d9aa4660 ConcurrentGCThread "G1 Refine#6" [stack: 0x000000c803f00000,0x000000c804000000] [id=23044]
  0x00000266fc35fdf0 ConcurrentGCThread "G1 Service" [stack: 0x000000c87b900000,0x000000c87ba00000] [id=2984]

Threads with active compile tasks:
C2 CompilerThread0  18156 20255       4       sun.nio.cs.UTF_8$Encoder::encodeArrayLoopSlow (377 bytes)
C2 CompilerThread1  18156 20239       4       com.android.utils.XmlUtils::append (597 bytes)
C2 CompilerThread2  18156 19967 % !   4       com.android.ide.common.resources.DataMerger::mergeData @ 247 (611 bytes)

VM state: not at safepoint (normal execution)

VM Mutex/Monitor currently owned by a thread:  ([mutex/lock_event])
[0x00000266ed595bc0] CompiledIC_lock - owner thread: 0x0000000000000000

Heap address: 0x0000000080000000, size: 2048 MB, Compressed Oops mode: 32-bit

CDS archive(s) mapped at: [0x000002668f000000-0x000002668fbb0000-0x000002668fbb0000), size 12255232, SharedBaseAddress: 0x000002668f000000, ArchiveRelocationMode: 1.
Compressed class space mapped at: 0x0000026690000000-0x00000266d0000000, reserved size: 1073741824
Narrow klass base: 0x000002668f000000, Narrow klass shift: 0, Narrow klass range: 0x100000000

GC Precious Log:
 CPUs: 10 total, 10 available
 Memory: 15751M
 Large Page Support: Disabled
 NUMA Support: Disabled
 Compressed Oops: Enabled (32-bit)
 Heap Region Size: 1M
 Heap Min Capacity: 8M
 Heap Initial Capacity: 248M
 Heap Max Capacity: 2G
 Pre-touch: Disabled
 Parallel Workers: 9
 Concurrent Workers: 2
 Concurrent Refinement Workers: 9
 Periodic GC: Disabled

Heap:
 garbage-first heap   total 440320K, used 272266K [0x0000000080000000, 0x0000000100000000)
  region size 1024K, 17 young (17408K), 2 survivors (2048K)
 Metaspace       used 137099K, committed 138688K, reserved 1179648K
  class space    used 18639K, committed 19456K, reserved 1048576K

Heap Regions: E=young(eden), S=young(survivor), O=old, HS=humongous(starts), HC=humongous(continues), CS=collection set, F=free, OA=open archive, CA=closed archive, TAMS=top-at-mark-start (previous, next)
|   0|0x0000000080000000, 0x0000000080100000, 0x0000000080100000|100%|HS|  |TAMS 0x0000000080100000, 0x0000000080000000| Complete 
|   1|0x0000000080100000, 0x0000000080200000, 0x0000000080200000|100%|HC|  |TAMS 0x0000000080200000, 0x0000000080100000| Complete 
|   2|0x0000000080200000, 0x0000000080300000, 0x0000000080300000|100%|HC|  |TAMS 0x0000000080300000, 0x0000000080200000| Complete 
|   3|0x0000000080300000, 0x0000000080400000, 0x0000000080400000|100%|HC|  |TAMS 0x0000000080400000, 0x0000000080300000| Complete 
|   4|0x0000000080400000, 0x0000000080500000, 0x0000000080500000|100%|HS|  |TAMS 0x0000000080500000, 0x0000000080400000| Complete 
|   5|0x0000000080500000, 0x0000000080600000, 0x0000000080600000|100%| O|  |TAMS 0x0000000080600000, 0x0000000080500000| Untracked 
|   6|0x0000000080600000, 0x0000000080700000, 0x0000000080700000|100%| O|  |TAMS 0x0000000080700000, 0x0000000080600000| Untracked 
|   7|0x0000000080700000, 0x0000000080800000, 0x0000000080800000|100%| O|  |TAMS 0x0000000080800000, 0x0000000080700000| Untracked 
|   8|0x0000000080800000, 0x0000000080900000, 0x0000000080900000|100%|HS|  |TAMS 0x0000000080900000, 0x0000000080800000| Complete 
|   9|0x0000000080900000, 0x0000000080a00000, 0x0000000080a00000|100%| O|  |TAMS 0x0000000080a00000, 0x0000000080900000| Untracked 
|  10|0x0000000080a00000, 0x0000000080b00000, 0x0000000080b00000|100%| O|  |TAMS 0x0000000080b00000, 0x0000000080a00000| Untracked 
|  11|0x0000000080b00000, 0x0000000080c00000, 0x0000000080c00000|100%| O|  |TAMS 0x0000000080c00000, 0x0000000080b00000| Untracked 
|  12|0x0000000080c00000, 0x0000000080cf0000, 0x0000000080d00000| 93%| O|  |TAMS 0x0000000080cf0000, 0x0000000080c00000| Untracked 
|  13|0x0000000080d00000, 0x0000000080e00000, 0x0000000080e00000|100%| O|  |TAMS 0x0000000080e00000, 0x0000000080d00000| Untracked 
|  14|0x0000000080e00000, 0x0000000080f00000, 0x0000000080f00000|100%| O|  |TAMS 0x0000000080f00000, 0x0000000080e00000| Untracked 
|  15|0x0000000080f00000, 0x0000000081000000, 0x0000000081000000|100%| O|  |TAMS 0x0000000081000000, 0x0000000080f00000| Untracked 
|  16|0x0000000081000000, 0x0000000081100000, 0x0000000081100000|100%| O|  |TAMS 0x0000000081100000, 0x0000000081000000| Untracked 
|  17|0x0000000081100000, 0x0000000081200000, 0x0000000081200000|100%| O|  |TAMS 0x0000000081200000, 0x0000000081100000| Untracked 
|  18|0x0000000081200000, 0x0000000081300000, 0x0000000081300000|100%| O|  |TAMS 0x0000000081300000, 0x0000000081200000| Untracked 
|  19|0x0000000081300000, 0x0000000081400000, 0x0000000081400000|100%| O|  |TAMS 0x0000000081400000, 0x0000000081300000| Untracked 
|  20|0x0000000081400000, 0x0000000081500000, 0x0000000081500000|100%| O|  |TAMS 0x0000000081500000, 0x0000000081400000| Untracked 
|  21|0x0000000081500000, 0x0000000081600000, 0x0000000081600000|100%| O|  |TAMS 0x0000000081600000, 0x0000000081500000| Untracked 
|  22|0x0000000081600000, 0x0000000081700000, 0x0000000081700000|100%| O|  |TAMS 0x0000000081700000, 0x0000000081600000| Untracked 
|  23|0x0000000081700000, 0x0000000081800000, 0x0000000081800000|100%|HS|  |TAMS 0x0000000081800000, 0x0000000081700000| Complete 
|  24|0x0000000081800000, 0x0000000081900000, 0x0000000081900000|100%|HC|  |TAMS 0x0000000081900000, 0x0000000081800000| Complete 
|  25|0x0000000081900000, 0x0000000081a00000, 0x0000000081a00000|100%|HC|  |TAMS 0x0000000081a00000, 0x0000000081900000| Complete 
|  26|0x0000000081a00000, 0x0000000081b00000, 0x0000000081b00000|100%|HC|  |TAMS 0x0000000081b00000, 0x0000000081a00000| Complete 
|  27|0x0000000081b00000, 0x0000000081c00000, 0x0000000081c00000|100%|HC|  |TAMS 0x0000000081c00000, 0x0000000081b00000| Complete 
|  28|0x0000000081c00000, 0x0000000081d00000, 0x0000000081d00000|100%|HC|  |TAMS 0x0000000081d00000, 0x0000000081c00000| Complete 
|  29|0x0000000081d00000, 0x0000000081e00000, 0x0000000081e00000|100%|HS|  |TAMS 0x0000000081e00000, 0x0000000081d00000| Complete 
|  30|0x0000000081e00000, 0x0000000081f00000, 0x0000000081f00000|100%| O|  |TAMS 0x0000000081f00000, 0x0000000081e00000| Untracked 
|  31|0x0000000081f00000, 0x0000000082000000, 0x0000000082000000|100%| O|  |TAMS 0x0000000082000000, 0x0000000081f00000| Untracked 
|  32|0x0000000082000000, 0x0000000082100000, 0x0000000082100000|100%| O|  |TAMS 0x0000000082100000, 0x0000000082000000| Untracked 
|  33|0x0000000082100000, 0x0000000082200000, 0x0000000082200000|100%| O|  |TAMS 0x0000000082200000, 0x0000000082100000| Untracked 
|  34|0x0000000082200000, 0x0000000082300000, 0x0000000082300000|100%| O|  |TAMS 0x0000000082300000, 0x0000000082200000| Untracked 
|  35|0x0000000082300000, 0x0000000082400000, 0x0000000082400000|100%| O|  |TAMS 0x0000000082400000, 0x0000000082300000| Untracked 
|  36|0x0000000082400000, 0x0000000082500000, 0x0000000082500000|100%| O|  |TAMS 0x0000000082500000, 0x0000000082400000| Untracked 
|  37|0x0000000082500000, 0x0000000082600000, 0x0000000082600000|100%| O|  |TAMS 0x0000000082600000, 0x0000000082500000| Untracked 
|  38|0x0000000082600000, 0x0000000082700000, 0x0000000082700000|100%|HS|  |TAMS 0x0000000082700000, 0x0000000082600000| Complete 
|  39|0x0000000082700000, 0x0000000082800000, 0x0000000082800000|100%|HC|  |TAMS 0x0000000082800000, 0x0000000082700000| Complete 
|  40|0x0000000082800000, 0x0000000082900000, 0x0000000082900000|100%|HC|  |TAMS 0x0000000082900000, 0x0000000082800000| Complete 
|  41|0x0000000082900000, 0x0000000082a00000, 0x0000000082a00000|100%|HC|  |TAMS 0x0000000082a00000, 0x0000000082900000| Complete 
|  42|0x0000000082a00000, 0x0000000082b00000, 0x0000000082b00000|100%|HC|  |TAMS 0x0000000082b00000, 0x0000000082a00000| Complete 
|  43|0x0000000082b00000, 0x0000000082c00000, 0x0000000082c00000|100%|HC|  |TAMS 0x0000000082c00000, 0x0000000082b00000| Complete 
|  44|0x0000000082c00000, 0x0000000082d00000, 0x0000000082d00000|100%|HS|  |TAMS 0x0000000082d00000, 0x0000000082c00000| Complete 
|  45|0x0000000082d00000, 0x0000000082e00000, 0x0000000082e00000|100%|HS|  |TAMS 0x0000000082e00000, 0x0000000082d00000| Complete 
|  46|0x0000000082e00000, 0x0000000082f00000, 0x0000000082f00000|100%| O|  |TAMS 0x0000000082f00000, 0x0000000082e00000| Untracked 
|  47|0x0000000082f00000, 0x0000000083000000, 0x0000000083000000|100%| O|  |TAMS 0x0000000083000000, 0x0000000082f00000| Untracked 
|  48|0x0000000083000000, 0x0000000083100000, 0x0000000083100000|100%| O|  |TAMS 0x0000000083100000, 0x0000000083000000| Untracked 
|  49|0x0000000083100000, 0x0000000083200000, 0x0000000083200000|100%| O|  |TAMS 0x0000000083200000, 0x0000000083100000| Untracked 
|  50|0x0000000083200000, 0x0000000083300000, 0x0000000083300000|100%| O|  |TAMS 0x0000000083300000, 0x0000000083200000| Untracked 
|  51|0x0000000083300000, 0x0000000083400000, 0x0000000083400000|100%| O|  |TAMS 0x0000000083400000, 0x0000000083300000| Untracked 
|  52|0x0000000083400000, 0x0000000083500000, 0x0000000083500000|100%| O|  |TAMS 0x0000000083500000, 0x0000000083400000| Untracked 
|  53|0x0000000083500000, 0x0000000083600000, 0x0000000083600000|100%| O|  |TAMS 0x0000000083600000, 0x0000000083500000| Untracked 
|  54|0x0000000083600000, 0x0000000083700000, 0x0000000083700000|100%| O|  |TAMS 0x0000000083700000, 0x0000000083600000| Untracked 
|  55|0x0000000083700000, 0x0000000083800000, 0x0000000083800000|100%| O|  |TAMS 0x0000000083800000, 0x0000000083700000| Untracked 
|  56|0x0000000083800000, 0x0000000083900000, 0x0000000083900000|100%| O|  |TAMS 0x0000000083900000, 0x0000000083800000| Untracked 
|  57|0x0000000083900000, 0x0000000083a00000, 0x0000000083a00000|100%| O|  |TAMS 0x0000000083a00000, 0x0000000083900000| Untracked 
|  58|0x0000000083a00000, 0x0000000083b00000, 0x0000000083b00000|100%| O|  |TAMS 0x0000000083b00000, 0x0000000083a00000| Untracked 
|  59|0x0000000083b00000, 0x0000000083c00000, 0x0000000083c00000|100%| O|  |TAMS 0x0000000083c00000, 0x0000000083b00000| Untracked 
|  60|0x0000000083c00000, 0x0000000083d00000, 0x0000000083d00000|100%| O|  |TAMS 0x0000000083d00000, 0x0000000083c00000| Untracked 
|  61|0x0000000083d00000, 0x0000000083e00000, 0x0000000083e00000|100%| O|  |TAMS 0x0000000083e00000, 0x0000000083d00000| Untracked 
|  62|0x0000000083e00000, 0x0000000083f00000, 0x0000000083f00000|100%| O|  |TAMS 0x0000000083f00000, 0x0000000083e00000| Untracked 
|  63|0x0000000083f00000, 0x0000000084000000, 0x0000000084000000|100%| O|  |TAMS 0x0000000084000000, 0x0000000083f00000| Untracked 
|  64|0x0000000084000000, 0x0000000084100000, 0x0000000084100000|100%| O|  |TAMS 0x0000000084100000, 0x0000000084000000| Untracked 
|  65|0x0000000084100000, 0x0000000084200000, 0x0000000084200000|100%| O|  |TAMS 0x0000000084200000, 0x0000000084100000| Untracked 
|  66|0x0000000084200000, 0x0000000084300000, 0x0000000084300000|100%| O|  |TAMS 0x0000000084300000, 0x0000000084200000| Untracked 
|  67|0x0000000084300000, 0x0000000084400000, 0x0000000084400000|100%|HS|  |TAMS 0x0000000084400000, 0x0000000084300000| Complete 
|  68|0x0000000084400000, 0x0000000084500000, 0x0000000084500000|100%|HC|  |TAMS 0x0000000084500000, 0x0000000084400000| Complete 
|  69|0x0000000084500000, 0x0000000084600000, 0x0000000084600000|100%| O|  |TAMS 0x0000000084600000, 0x0000000084500000| Untracked 
|  70|0x0000000084600000, 0x0000000084700000, 0x0000000084700000|100%|HS|  |TAMS 0x0000000084700000, 0x0000000084600000| Complete 
|  71|0x0000000084700000, 0x0000000084800000, 0x0000000084800000|100%|HS|  |TAMS 0x0000000084800000, 0x0000000084700000| Complete 
|  72|0x0000000084800000, 0x0000000084900000, 0x0000000084900000|100%|HS|  |TAMS 0x0000000084900000, 0x0000000084800000| Complete 
|  73|0x0000000084900000, 0x0000000084a00000, 0x0000000084a00000|100%|HS|  |TAMS 0x0000000084a00000, 0x0000000084900000| Complete 
|  74|0x0000000084a00000, 0x0000000084b00000, 0x0000000084b00000|100%|HC|  |TAMS 0x0000000084b00000, 0x0000000084a00000| Complete 
|  75|0x0000000084b00000, 0x0000000084c00000, 0x0000000084c00000|100%|HS|  |TAMS 0x0000000084c00000, 0x0000000084b00000| Complete 
|  76|0x0000000084c00000, 0x0000000084d00000, 0x0000000084d00000|100%|HS|  |TAMS 0x0000000084d00000, 0x0000000084c00000| Complete 
|  77|0x0000000084d00000, 0x0000000084e00000, 0x0000000084e00000|100%| O|  |TAMS 0x0000000084e00000, 0x0000000084d00000| Untracked 
|  78|0x0000000084e00000, 0x0000000084f00000, 0x0000000084f00000|100%|HS|  |TAMS 0x0000000084f00000, 0x0000000084e00000| Complete 
|  79|0x0000000084f00000, 0x0000000085000000, 0x0000000085000000|100%| O|  |TAMS 0x0000000085000000, 0x0000000084f00000| Untracked 
|  80|0x0000000085000000, 0x0000000085100000, 0x0000000085100000|100%| O|  |TAMS 0x0000000085100000, 0x0000000085000000| Untracked 
|  81|0x0000000085100000, 0x0000000085200000, 0x0000000085200000|100%| O|  |TAMS 0x0000000085200000, 0x0000000085100000| Untracked 
|  82|0x0000000085200000, 0x0000000085300000, 0x0000000085300000|100%| O|  |TAMS 0x0000000085300000, 0x0000000085200000| Untracked 
|  83|0x0000000085300000, 0x0000000085400000, 0x0000000085400000|100%| O|  |TAMS 0x0000000085400000, 0x0000000085300000| Untracked 
|  84|0x0000000085400000, 0x0000000085500000, 0x0000000085500000|100%| O|  |TAMS 0x0000000085500000, 0x0000000085400000| Untracked 
|  85|0x0000000085500000, 0x0000000085600000, 0x0000000085600000|100%| O|  |TAMS 0x0000000085600000, 0x0000000085500000| Untracked 
|  86|0x0000000085600000, 0x0000000085700000, 0x0000000085700000|100%| O|  |TAMS 0x0000000085700000, 0x0000000085600000| Untracked 
|  87|0x0000000085700000, 0x0000000085800000, 0x0000000085800000|100%|HS|  |TAMS 0x0000000085800000, 0x0000000085700000| Complete 
|  88|0x0000000085800000, 0x0000000085900000, 0x0000000085900000|100%|HC|  |TAMS 0x0000000085900000, 0x0000000085800000| Complete 
|  89|0x0000000085900000, 0x0000000085a00000, 0x0000000085a00000|100%| O|  |TAMS 0x0000000085a00000, 0x0000000085900000| Untracked 
|  90|0x0000000085a00000, 0x0000000085b00000, 0x0000000085b00000|100%| O|  |TAMS 0x0000000085b00000, 0x0000000085a00000| Untracked 
|  91|0x0000000085b00000, 0x0000000085c00000, 0x0000000085c00000|100%| O|  |TAMS 0x0000000085c00000, 0x0000000085b00000| Untracked 
|  92|0x0000000085c00000, 0x0000000085d00000, 0x0000000085d00000|100%|HS|  |TAMS 0x0000000085d00000, 0x0000000085c00000| Complete 
|  93|0x0000000085d00000, 0x0000000085e00000, 0x0000000085e00000|100%| O|  |TAMS 0x0000000085e00000, 0x0000000085d00000| Untracked 
|  94|0x0000000085e00000, 0x0000000085f00000, 0x0000000085f00000|100%| O|  |TAMS 0x0000000085f00000, 0x0000000085e00000| Untracked 
|  95|0x0000000085f00000, 0x0000000086000000, 0x0000000086000000|100%| O|  |TAMS 0x0000000086000000, 0x0000000085f00000| Untracked 
|  96|0x0000000086000000, 0x0000000086100000, 0x0000000086100000|100%| O|  |TAMS 0x0000000086100000, 0x0000000086000000| Untracked 
|  97|0x0000000086100000, 0x0000000086200000, 0x0000000086200000|100%| O|  |TAMS 0x0000000086200000, 0x0000000086100000| Untracked 
|  98|0x0000000086200000, 0x0000000086300000, 0x0000000086300000|100%| O|  |TAMS 0x0000000086300000, 0x0000000086200000| Untracked 
|  99|0x0000000086300000, 0x0000000086400000, 0x0000000086400000|100%| O|  |TAMS 0x0000000086400000, 0x0000000086300000| Untracked 
| 100|0x0000000086400000, 0x0000000086500000, 0x0000000086500000|100%| O|  |TAMS 0x0000000086500000, 0x0000000086400000| Untracked 
| 101|0x0000000086500000, 0x0000000086600000, 0x0000000086600000|100%| O|  |TAMS 0x0000000086600000, 0x0000000086500000| Untracked 
| 102|0x0000000086600000, 0x0000000086700000, 0x0000000086700000|100%| O|  |TAMS 0x0000000086700000, 0x0000000086600000| Untracked 
| 103|0x0000000086700000, 0x0000000086800000, 0x0000000086800000|100%| O|  |TAMS 0x0000000086800000, 0x0000000086700000| Untracked 
| 104|0x0000000086800000, 0x0000000086900000, 0x0000000086900000|100%| O|  |TAMS 0x0000000086900000, 0x0000000086800000| Untracked 
| 105|0x0000000086900000, 0x0000000086a00000, 0x0000000086a00000|100%| O|  |TAMS 0x0000000086a00000, 0x0000000086900000| Untracked 
| 106|0x0000000086a00000, 0x0000000086b00000, 0x0000000086b00000|100%| O|  |TAMS 0x0000000086b00000, 0x0000000086a00000| Untracked 
| 107|0x0000000086b00000, 0x0000000086c00000, 0x0000000086c00000|100%| O|  |TAMS 0x0000000086c00000, 0x0000000086b00000| Untracked 
| 108|0x0000000086c00000, 0x0000000086d00000, 0x0000000086d00000|100%| O|  |TAMS 0x0000000086d00000, 0x0000000086c00000| Untracked 
| 109|0x0000000086d00000, 0x0000000086e00000, 0x0000000086e00000|100%| O|  |TAMS 0x0000000086e00000, 0x0000000086d00000| Untracked 
| 110|0x0000000086e00000, 0x0000000086f00000, 0x0000000086f00000|100%| O|  |TAMS 0x0000000086f00000, 0x0000000086e00000| Untracked 
| 111|0x0000000086f00000, 0x0000000087000000, 0x0000000087000000|100%| O|  |TAMS 0x0000000087000000, 0x0000000086f00000| Untracked 
| 112|0x0000000087000000, 0x0000000087100000, 0x0000000087100000|100%| O|  |TAMS 0x0000000087100000, 0x0000000087000000| Untracked 
| 113|0x0000000087100000, 0x0000000087200000, 0x0000000087200000|100%| O|  |TAMS 0x0000000087200000, 0x0000000087100000| Untracked 
| 114|0x0000000087200000, 0x0000000087300000, 0x0000000087300000|100%| O|  |TAMS 0x0000000087300000, 0x0000000087200000| Untracked 
| 115|0x0000000087300000, 0x0000000087400000, 0x0000000087400000|100%| O|  |TAMS 0x0000000087400000, 0x0000000087300000| Untracked 
| 116|0x0000000087400000, 0x0000000087500000, 0x0000000087500000|100%| O|  |TAMS 0x0000000087500000, 0x0000000087400000| Untracked 
| 117|0x0000000087500000, 0x0000000087600000, 0x0000000087600000|100%| O|  |TAMS 0x0000000087600000, 0x0000000087500000| Untracked 
| 118|0x0000000087600000, 0x0000000087700000, 0x0000000087700000|100%| O|  |TAMS 0x0000000087700000, 0x0000000087600000| Untracked 
| 119|0x0000000087700000, 0x0000000087800000, 0x0000000087800000|100%| O|  |TAMS 0x0000000087800000, 0x0000000087700000| Untracked 
| 120|0x0000000087800000, 0x0000000087900000, 0x0000000087900000|100%| O|  |TAMS 0x0000000087900000, 0x0000000087800000| Untracked 
| 121|0x0000000087900000, 0x0000000087a00000, 0x0000000087a00000|100%| O|  |TAMS 0x0000000087a00000, 0x0000000087900000| Untracked 
| 122|0x0000000087a00000, 0x0000000087b00000, 0x0000000087b00000|100%| O|  |TAMS 0x0000000087b00000, 0x0000000087a00000| Untracked 
| 123|0x0000000087b00000, 0x0000000087c00000, 0x0000000087c00000|100%| O|  |TAMS 0x0000000087c00000, 0x0000000087b00000| Untracked 
| 124|0x0000000087c00000, 0x0000000087d00000, 0x0000000087d00000|100%| O|  |TAMS 0x0000000087d00000, 0x0000000087c00000| Untracked 
| 125|0x0000000087d00000, 0x0000000087e00000, 0x0000000087e00000|100%| O|  |TAMS 0x0000000087e00000, 0x0000000087d00000| Untracked 
| 126|0x0000000087e00000, 0x0000000087f00000, 0x0000000087f00000|100%|HS|  |TAMS 0x0000000087f00000, 0x0000000087e00000| Complete 
| 127|0x0000000087f00000, 0x0000000088000000, 0x0000000088000000|100%| O|  |TAMS 0x0000000088000000, 0x0000000087f00000| Untracked 
| 128|0x0000000088000000, 0x0000000088100000, 0x0000000088100000|100%|HS|  |TAMS 0x0000000088100000, 0x0000000088000000| Complete 
| 129|0x0000000088100000, 0x0000000088200000, 0x0000000088200000|100%| O|  |TAMS 0x0000000088200000, 0x0000000088100000| Untracked 
| 130|0x0000000088200000, 0x0000000088300000, 0x0000000088300000|100%| O|  |TAMS 0x0000000088300000, 0x0000000088200000| Untracked 
| 131|0x0000000088300000, 0x0000000088400000, 0x0000000088400000|100%| O|  |TAMS 0x0000000088400000, 0x0000000088300000| Untracked 
| 132|0x0000000088400000, 0x0000000088500000, 0x0000000088500000|100%| O|  |TAMS 0x0000000088500000, 0x0000000088400000| Untracked 
| 133|0x0000000088500000, 0x0000000088600000, 0x0000000088600000|100%| O|  |TAMS 0x0000000088600000, 0x0000000088500000| Untracked 
| 134|0x0000000088600000, 0x0000000088700000, 0x0000000088700000|100%| O|  |TAMS 0x0000000088700000, 0x0000000088600000| Untracked 
| 135|0x0000000088700000, 0x0000000088800000, 0x0000000088800000|100%| O|  |TAMS 0x0000000088800000, 0x0000000088700000| Untracked 
| 136|0x0000000088800000, 0x0000000088900000, 0x0000000088900000|100%| O|  |TAMS 0x0000000088900000, 0x0000000088800000| Untracked 
| 137|0x0000000088900000, 0x0000000088a00000, 0x0000000088a00000|100%| O|  |TAMS 0x0000000088a00000, 0x0000000088900000| Untracked 
| 138|0x0000000088a00000, 0x0000000088b00000, 0x0000000088b00000|100%| O|  |TAMS 0x0000000088b00000, 0x0000000088a00000| Untracked 
| 139|0x0000000088b00000, 0x0000000088c00000, 0x0000000088c00000|100%| O|  |TAMS 0x0000000088c00000, 0x0000000088b00000| Untracked 
| 140|0x0000000088c00000, 0x0000000088d00000, 0x0000000088d00000|100%| O|  |TAMS 0x0000000088d00000, 0x0000000088c00000| Untracked 
| 141|0x0000000088d00000, 0x0000000088dffff8, 0x0000000088e00000| 99%| O|  |TAMS 0x0000000088dffff8, 0x0000000088d00000| Untracked 
| 142|0x0000000088e00000, 0x0000000088f00000, 0x0000000088f00000|100%| O|  |TAMS 0x0000000088f00000, 0x0000000088e00000| Untracked 
| 143|0x0000000088f00000, 0x0000000089000000, 0x0000000089000000|100%| O|  |TAMS 0x0000000089000000, 0x0000000088f00000| Untracked 
| 144|0x0000000089000000, 0x0000000089100000, 0x0000000089100000|100%| O|  |TAMS 0x0000000089100000, 0x0000000089000000| Untracked 
| 145|0x0000000089100000, 0x0000000089200000, 0x0000000089200000|100%| O|  |TAMS 0x0000000089200000, 0x0000000089100000| Untracked 
| 146|0x0000000089200000, 0x0000000089300000, 0x0000000089300000|100%| O|  |TAMS 0x0000000089300000, 0x0000000089200000| Untracked 
| 147|0x0000000089300000, 0x0000000089400000, 0x0000000089400000|100%| O|  |TAMS 0x0000000089400000, 0x0000000089300000| Untracked 
| 148|0x0000000089400000, 0x0000000089400000, 0x0000000089500000|  0%| F|  |TAMS 0x0000000089400000, 0x0000000089400000| Untracked 
| 149|0x0000000089500000, 0x0000000089500000, 0x0000000089600000|  0%| F|  |TAMS 0x0000000089500000, 0x0000000089500000| Untracked 
| 150|0x0000000089600000, 0x0000000089700000, 0x0000000089700000|100%| O|  |TAMS 0x0000000089700000, 0x0000000089600000| Untracked 
| 151|0x0000000089700000, 0x0000000089800000, 0x0000000089800000|100%| O|  |TAMS 0x0000000089800000, 0x0000000089700000| Untracked 
| 152|0x0000000089800000, 0x0000000089800000, 0x0000000089900000|  0%| F|  |TAMS 0x0000000089800000, 0x0000000089800000| Untracked 
| 153|0x0000000089900000, 0x0000000089900000, 0x0000000089a00000|  0%| F|  |TAMS 0x0000000089900000, 0x0000000089900000| Untracked 
| 154|0x0000000089a00000, 0x0000000089a00000, 0x0000000089b00000|  0%| F|  |TAMS 0x0000000089a00000, 0x0000000089a00000| Untracked 
| 155|0x0000000089b00000, 0x0000000089c00000, 0x0000000089c00000|100%| O|  |TAMS 0x0000000089c00000, 0x0000000089b00000| Untracked 
| 156|0x0000000089c00000, 0x0000000089d00000, 0x0000000089d00000|100%| O|  |TAMS 0x0000000089d00000, 0x0000000089c00000| Untracked 
| 157|0x0000000089d00000, 0x0000000089e00000, 0x0000000089e00000|100%| O|  |TAMS 0x0000000089e00000, 0x0000000089d00000| Untracked 
| 158|0x0000000089e00000, 0x0000000089f00000, 0x0000000089f00000|100%| O|  |TAMS 0x0000000089f00000, 0x0000000089e00000| Untracked 
| 159|0x0000000089f00000, 0x000000008a000000, 0x000000008a000000|100%| O|  |TAMS 0x000000008a000000, 0x0000000089f00000| Untracked 
| 160|0x000000008a000000, 0x000000008a100000, 0x000000008a100000|100%| O|  |TAMS 0x000000008a100000, 0x000000008a000000| Untracked 
| 161|0x000000008a100000, 0x000000008a200000, 0x000000008a200000|100%| O|  |TAMS 0x000000008a200000, 0x000000008a100000| Untracked 
| 162|0x000000008a200000, 0x000000008a200000, 0x000000008a300000|  0%| F|  |TAMS 0x000000008a200000, 0x000000008a200000| Untracked 
| 163|0x000000008a300000, 0x000000008a400000, 0x000000008a400000|100%| O|  |TAMS 0x000000008a300000, 0x000000008a300000| Untracked 
| 164|0x000000008a400000, 0x000000008a500000, 0x000000008a500000|100%| O|  |TAMS 0x000000008a400000, 0x000000008a400000| Untracked 
| 165|0x000000008a500000, 0x000000008a500000, 0x000000008a600000|  0%| F|  |TAMS 0x000000008a500000, 0x000000008a500000| Untracked 
| 166|0x000000008a600000, 0x000000008a700000, 0x000000008a700000|100%| O|  |TAMS 0x000000008a700000, 0x000000008a600000| Untracked 
| 167|0x000000008a700000, 0x000000008a700000, 0x000000008a800000|  0%| F|  |TAMS 0x000000008a700000, 0x000000008a700000| Untracked 
| 168|0x000000008a800000, 0x000000008a800000, 0x000000008a900000|  0%| F|  |TAMS 0x000000008a800000, 0x000000008a800000| Untracked 
| 169|0x000000008a900000, 0x000000008a900000, 0x000000008aa00000|  0%| F|  |TAMS 0x000000008a900000, 0x000000008a900000| Untracked 
| 170|0x000000008aa00000, 0x000000008ab00000, 0x000000008ab00000|100%| O|  |TAMS 0x000000008ab00000, 0x000000008aa00000| Untracked 
| 171|0x000000008ab00000, 0x000000008ab00000, 0x000000008ac00000|  0%| F|  |TAMS 0x000000008ab00000, 0x000000008ab00000| Untracked 
| 172|0x000000008ac00000, 0x000000008ad00000, 0x000000008ad00000|100%| O|  |TAMS 0x000000008ad00000, 0x000000008ac00000| Untracked 
| 173|0x000000008ad00000, 0x000000008ad00000, 0x000000008ae00000|  0%| F|  |TAMS 0x000000008ad00000, 0x000000008ad00000| Untracked 
| 174|0x000000008ae00000, 0x000000008ae00000, 0x000000008af00000|  0%| F|  |TAMS 0x000000008ae00000, 0x000000008ae00000| Untracked 
| 175|0x000000008af00000, 0x000000008b000000, 0x000000008b000000|100%| O|  |TAMS 0x000000008b000000, 0x000000008af00000| Untracked 
| 176|0x000000008b000000, 0x000000008b100000, 0x000000008b100000|100%| O|  |TAMS 0x000000008b100000, 0x000000008b000000| Untracked 
| 177|0x000000008b100000, 0x000000008b200000, 0x000000008b200000|100%| O|  |TAMS 0x000000008b200000, 0x000000008b100000| Untracked 
| 178|0x000000008b200000, 0x000000008b300000, 0x000000008b300000|100%| O|  |TAMS 0x000000008b300000, 0x000000008b200000| Untracked 
| 179|0x000000008b300000, 0x000000008b400000, 0x000000008b400000|100%| O|  |TAMS 0x000000008b400000, 0x000000008b300000| Untracked 
| 180|0x000000008b400000, 0x000000008b500000, 0x000000008b500000|100%| O|  |TAMS 0x000000008b500000, 0x000000008b400000| Untracked 
| 181|0x000000008b500000, 0x000000008b600000, 0x000000008b600000|100%|HS|  |TAMS 0x000000008b600000, 0x000000008b500000| Complete 
| 182|0x000000008b600000, 0x000000008b700000, 0x000000008b700000|100%|HC|  |TAMS 0x000000008b700000, 0x000000008b600000| Complete 
| 183|0x000000008b700000, 0x000000008b800000, 0x000000008b800000|100%|HS|  |TAMS 0x000000008b800000, 0x000000008b700000| Complete 
| 184|0x000000008b800000, 0x000000008b900000, 0x000000008b900000|100%|HC|  |TAMS 0x000000008b900000, 0x000000008b800000| Complete 
| 185|0x000000008b900000, 0x000000008ba00000, 0x000000008ba00000|100%|HS|  |TAMS 0x000000008ba00000, 0x000000008b900000| Complete 
| 186|0x000000008ba00000, 0x000000008bb00000, 0x000000008bb00000|100%|HC|  |TAMS 0x000000008bb00000, 0x000000008ba00000| Complete 
| 187|0x000000008bb00000, 0x000000008bc00000, 0x000000008bc00000|100%|HC|  |TAMS 0x000000008bc00000, 0x000000008bb00000| Complete 
| 188|0x000000008bc00000, 0x000000008bd00000, 0x000000008bd00000|100%| O|  |TAMS 0x000000008bd00000, 0x000000008bc00000| Untracked 
| 189|0x000000008bd00000, 0x000000008bd00000, 0x000000008be00000|  0%| F|  |TAMS 0x000000008bd00000, 0x000000008bd00000| Untracked 
| 190|0x000000008be00000, 0x000000008bf00000, 0x000000008bf00000|100%| O|  |TAMS 0x000000008bf00000, 0x000000008be00000| Untracked 
| 191|0x000000008bf00000, 0x000000008c000000, 0x000000008c000000|100%| O|  |TAMS 0x000000008c000000, 0x000000008bf00000| Untracked 
| 192|0x000000008c000000, 0x000000008c100000, 0x000000008c100000|100%| O|  |TAMS 0x000000008c100000, 0x000000008c000000| Untracked 
| 193|0x000000008c100000, 0x000000008c200000, 0x000000008c200000|100%| O|  |TAMS 0x000000008c200000, 0x000000008c100000| Untracked 
| 194|0x000000008c200000, 0x000000008c300000, 0x000000008c300000|100%| O|  |TAMS 0x000000008c300000, 0x000000008c200000| Untracked 
| 195|0x000000008c300000, 0x000000008c400000, 0x000000008c400000|100%| O|  |TAMS 0x000000008c400000, 0x000000008c300000| Untracked 
| 196|0x000000008c400000, 0x000000008c500000, 0x000000008c500000|100%| O|  |TAMS 0x000000008c500000, 0x000000008c400000| Untracked 
| 197|0x000000008c500000, 0x000000008c600000, 0x000000008c600000|100%| O|  |TAMS 0x000000008c600000, 0x000000008c500000| Untracked 
| 198|0x000000008c600000, 0x000000008c700000, 0x000000008c700000|100%| O|  |TAMS 0x000000008c700000, 0x000000008c600000| Untracked 
| 199|0x000000008c700000, 0x000000008c800000, 0x000000008c800000|100%| O|  |TAMS 0x000000008c800000, 0x000000008c700000| Untracked 
| 200|0x000000008c800000, 0x000000008c900000, 0x000000008c900000|100%| O|  |TAMS 0x000000008c900000, 0x000000008c800000| Untracked 
| 201|0x000000008c900000, 0x000000008ca00000, 0x000000008ca00000|100%|HS|  |TAMS 0x000000008ca00000, 0x000000008c900000| Complete 
| 202|0x000000008ca00000, 0x000000008cb00000, 0x000000008cb00000|100%|HC|  |TAMS 0x000000008cb00000, 0x000000008ca00000| Complete 
| 203|0x000000008cb00000, 0x000000008cc00000, 0x000000008cc00000|100%| O|  |TAMS 0x000000008cc00000, 0x000000008cb00000| Untracked 
| 204|0x000000008cc00000, 0x000000008cd00000, 0x000000008cd00000|100%| O|  |TAMS 0x000000008cd00000, 0x000000008cc00000| Untracked 
| 205|0x000000008cd00000, 0x000000008ce00000, 0x000000008ce00000|100%| O|  |TAMS 0x000000008ce00000, 0x000000008cd00000| Untracked 
| 206|0x000000008ce00000, 0x000000008cf00000, 0x000000008cf00000|100%| O|  |TAMS 0x000000008ce00000, 0x000000008ce00000| Untracked 
| 207|0x000000008cf00000, 0x000000008d000000, 0x000000008d000000|100%| O|  |TAMS 0x000000008cf00000, 0x000000008cf00000| Untracked 
| 208|0x000000008d000000, 0x000000008d100000, 0x000000008d100000|100%|HS|  |TAMS 0x000000008d100000, 0x000000008d000000| Complete 
| 209|0x000000008d100000, 0x000000008d200000, 0x000000008d200000|100%|HC|  |TAMS 0x000000008d200000, 0x000000008d100000| Complete 
| 210|0x000000008d200000, 0x000000008d300000, 0x000000008d300000|100%|HS|  |TAMS 0x000000008d300000, 0x000000008d200000| Complete 
| 211|0x000000008d300000, 0x000000008d400000, 0x000000008d400000|100%| O|  |TAMS 0x000000008d300000, 0x000000008d300000| Untracked 
| 212|0x000000008d400000, 0x000000008d500000, 0x000000008d500000|100%|HS|  |TAMS 0x000000008d500000, 0x000000008d400000| Complete 
| 213|0x000000008d500000, 0x000000008d600000, 0x000000008d600000|100%| O|  |TAMS 0x000000008d500000, 0x000000008d500000| Untracked 
| 214|0x000000008d600000, 0x000000008d700000, 0x000000008d700000|100%|HS|  |TAMS 0x000000008d600000, 0x000000008d600000| Complete 
| 215|0x000000008d700000, 0x000000008d800000, 0x000000008d800000|100%|HS|  |TAMS 0x000000008d700000, 0x000000008d700000| Complete 
| 216|0x000000008d800000, 0x000000008d900000, 0x000000008d900000|100%|HS|  |TAMS 0x000000008d900000, 0x000000008d800000| Complete 
| 217|0x000000008d900000, 0x000000008da00000, 0x000000008da00000|100%|HC|  |TAMS 0x000000008da00000, 0x000000008d900000| Complete 
| 218|0x000000008da00000, 0x000000008db00000, 0x000000008db00000|100%| O|  |TAMS 0x000000008da00000, 0x000000008da00000| Untracked 
| 219|0x000000008db00000, 0x000000008dc00000, 0x000000008dc00000|100%| O|  |TAMS 0x000000008db00000, 0x000000008db00000| Untracked 
| 220|0x000000008dc00000, 0x000000008dd00000, 0x000000008dd00000|100%| O|  |TAMS 0x000000008dc00000, 0x000000008dc00000| Untracked 
| 221|0x000000008dd00000, 0x000000008de00000, 0x000000008de00000|100%| O|  |TAMS 0x000000008de00000, 0x000000008dd00000| Untracked 
| 222|0x000000008de00000, 0x000000008df00000, 0x000000008df00000|100%| O|  |TAMS 0x000000008df00000, 0x000000008de00000| Untracked 
| 223|0x000000008df00000, 0x000000008e000000, 0x000000008e000000|100%| O|  |TAMS 0x000000008e000000, 0x000000008df00000| Untracked 
| 224|0x000000008e000000, 0x000000008e100000, 0x000000008e100000|100%| O|  |TAMS 0x000000008e100000, 0x000000008e000000| Untracked 
| 225|0x000000008e100000, 0x000000008e200000, 0x000000008e200000|100%| O|  |TAMS 0x000000008e200000, 0x000000008e100000| Untracked 
| 226|0x000000008e200000, 0x000000008e300000, 0x000000008e300000|100%| O|  |TAMS 0x000000008e213400, 0x000000008e200000| Untracked 
| 227|0x000000008e300000, 0x000000008e400000, 0x000000008e400000|100%| O|  |TAMS 0x000000008e300000, 0x000000008e300000| Untracked 
| 228|0x000000008e400000, 0x000000008e500000, 0x000000008e500000|100%| O|  |TAMS 0x000000008e400000, 0x000000008e400000| Untracked 
| 229|0x000000008e500000, 0x000000008e600000, 0x000000008e600000|100%| O|  |TAMS 0x000000008e500000, 0x000000008e500000| Untracked 
| 230|0x000000008e600000, 0x000000008e700000, 0x000000008e700000|100%|HS|  |TAMS 0x000000008e600000, 0x000000008e600000| Complete 
| 231|0x000000008e700000, 0x000000008e800000, 0x000000008e800000|100%|HC|  |TAMS 0x000000008e700000, 0x000000008e700000| Complete 
| 232|0x000000008e800000, 0x000000008e900000, 0x000000008e900000|100%|HC|  |TAMS 0x000000008e800000, 0x000000008e800000| Complete 
| 233|0x000000008e900000, 0x000000008ea00000, 0x000000008ea00000|100%| O|  |TAMS 0x000000008e900000, 0x000000008e900000| Untracked 
| 234|0x000000008ea00000, 0x000000008eb00000, 0x000000008eb00000|100%| O|  |TAMS 0x000000008ea00000, 0x000000008ea00000| Untracked 
| 235|0x000000008eb00000, 0x000000008ec00000, 0x000000008ec00000|100%| O|  |TAMS 0x000000008eb00000, 0x000000008eb00000| Untracked 
| 236|0x000000008ec00000, 0x000000008ed00000, 0x000000008ed00000|100%| O|  |TAMS 0x000000008ec00000, 0x000000008ec00000| Untracked 
| 237|0x000000008ed00000, 0x000000008ee00000, 0x000000008ee00000|100%| O|  |TAMS 0x000000008ed00000, 0x000000008ed00000| Untracked 
| 238|0x000000008ee00000, 0x000000008ef00000, 0x000000008ef00000|100%|HS|  |TAMS 0x000000008ee00000, 0x000000008ee00000| Complete 
| 239|0x000000008ef00000, 0x000000008f000000, 0x000000008f000000|100%|HC|  |TAMS 0x000000008ef00000, 0x000000008ef00000| Complete 
| 240|0x000000008f000000, 0x000000008f100000, 0x000000008f100000|100%| O|  |TAMS 0x000000008f000000, 0x000000008f000000| Untracked 
| 241|0x000000008f100000, 0x000000008f200000, 0x000000008f200000|100%| O|  |TAMS 0x000000008f100000, 0x000000008f100000| Untracked 
| 242|0x000000008f200000, 0x000000008f300000, 0x000000008f300000|100%| O|  |TAMS 0x000000008f200000, 0x000000008f200000| Untracked 
| 243|0x000000008f300000, 0x000000008f400000, 0x000000008f400000|100%| O|  |TAMS 0x000000008f300000, 0x000000008f300000| Untracked 
| 244|0x000000008f400000, 0x000000008f500000, 0x000000008f500000|100%| O|  |TAMS 0x000000008f400000, 0x000000008f400000| Untracked 
| 245|0x000000008f500000, 0x000000008f600000, 0x000000008f600000|100%| O|  |TAMS 0x000000008f500000, 0x000000008f500000| Untracked 
| 246|0x000000008f600000, 0x000000008f700000, 0x000000008f700000|100%| O|  |TAMS 0x000000008f600000, 0x000000008f600000| Untracked 
| 247|0x000000008f700000, 0x000000008f800000, 0x000000008f800000|100%| O|  |TAMS 0x000000008f700000, 0x000000008f700000| Untracked 
| 248|0x000000008f800000, 0x000000008f900000, 0x000000008f900000|100%| O|  |TAMS 0x000000008f800000, 0x000000008f800000| Untracked 
| 249|0x000000008f900000, 0x000000008fa00000, 0x000000008fa00000|100%| O|  |TAMS 0x000000008f900000, 0x000000008f900000| Untracked 
| 250|0x000000008fa00000, 0x000000008fb00000, 0x000000008fb00000|100%| O|  |TAMS 0x000000008fa00000, 0x000000008fa00000| Untracked 
| 251|0x000000008fb00000, 0x000000008fc00000, 0x000000008fc00000|100%| O|  |TAMS 0x000000008fb00000, 0x000000008fb00000| Untracked 
| 252|0x000000008fc00000, 0x000000008fc00000, 0x000000008fd00000|  0%| F|  |TAMS 0x000000008fc00000, 0x000000008fc00000| Untracked 
| 253|0x000000008fd00000, 0x000000008fd00000, 0x000000008fe00000|  0%| F|  |TAMS 0x000000008fd00000, 0x000000008fd00000| Untracked 
| 254|0x000000008fe00000, 0x000000008fe00000, 0x000000008ff00000|  0%| F|  |TAMS 0x000000008fe00000, 0x000000008fe00000| Untracked 
| 255|0x000000008ff00000, 0x000000008ff00000, 0x0000000090000000|  0%| F|  |TAMS 0x000000008ff00000, 0x000000008ff00000| Untracked 
| 256|0x0000000090000000, 0x0000000090000000, 0x0000000090100000|  0%| F|  |TAMS 0x0000000090000000, 0x0000000090000000| Untracked 
| 257|0x0000000090100000, 0x0000000090100000, 0x0000000090200000|  0%| F|  |TAMS 0x0000000090100000, 0x0000000090100000| Untracked 
| 258|0x0000000090200000, 0x0000000090200000, 0x0000000090300000|  0%| F|  |TAMS 0x0000000090200000, 0x0000000090200000| Untracked 
| 259|0x0000000090300000, 0x0000000090300000, 0x0000000090400000|  0%| F|  |TAMS 0x0000000090300000, 0x0000000090300000| Untracked 
| 260|0x0000000090400000, 0x0000000090500000, 0x0000000090500000|100%| O|  |TAMS 0x0000000090400000, 0x0000000090400000| Untracked 
| 261|0x0000000090500000, 0x0000000090600000, 0x0000000090600000|100%| O|  |TAMS 0x0000000090500000, 0x0000000090500000| Untracked 
| 262|0x0000000090600000, 0x0000000090700000, 0x0000000090700000|100%| O|  |TAMS 0x0000000090600000, 0x0000000090600000| Untracked 
| 263|0x0000000090700000, 0x0000000090800000, 0x0000000090800000|100%| O|  |TAMS 0x0000000090700000, 0x0000000090700000| Untracked 
| 264|0x0000000090800000, 0x0000000090900000, 0x0000000090900000|100%| O|  |TAMS 0x0000000090800000, 0x0000000090800000| Untracked 
| 265|0x0000000090900000, 0x0000000090a00000, 0x0000000090a00000|100%| O|  |TAMS 0x0000000090900000, 0x0000000090900000| Untracked 
| 266|0x0000000090a00000, 0x0000000090b00000, 0x0000000090b00000|100%| O|  |TAMS 0x0000000090a00000, 0x0000000090a00000| Untracked 
| 267|0x0000000090b00000, 0x0000000090c00000, 0x0000000090c00000|100%| O|  |TAMS 0x0000000090b00000, 0x0000000090b00000| Untracked 
| 268|0x0000000090c00000, 0x0000000090d00000, 0x0000000090d00000|100%| O|  |TAMS 0x0000000090c00000, 0x0000000090c00000| Untracked 
| 269|0x0000000090d00000, 0x0000000090e00000, 0x0000000090e00000|100%| O|  |TAMS 0x0000000090d00000, 0x0000000090d00000| Untracked 
| 270|0x0000000090e00000, 0x0000000090f00000, 0x0000000090f00000|100%| O|  |TAMS 0x0000000090e00000, 0x0000000090e00000| Untracked 
| 271|0x0000000090f00000, 0x0000000091000000, 0x0000000091000000|100%| O|  |TAMS 0x0000000090f00000, 0x0000000090f00000| Untracked 
| 272|0x0000000091000000, 0x0000000091000000, 0x0000000091100000|  0%| F|  |TAMS 0x0000000091000000, 0x0000000091000000| Untracked 
| 273|0x0000000091100000, 0x0000000091100000, 0x0000000091200000|  0%| F|  |TAMS 0x0000000091100000, 0x0000000091100000| Untracked 
| 274|0x0000000091200000, 0x0000000091200000, 0x0000000091300000|  0%| F|  |TAMS 0x0000000091200000, 0x0000000091200000| Untracked 
| 275|0x0000000091300000, 0x0000000091300000, 0x0000000091400000|  0%| F|  |TAMS 0x0000000091300000, 0x0000000091300000| Untracked 
| 276|0x0000000091400000, 0x0000000091400000, 0x0000000091500000|  0%| F|  |TAMS 0x0000000091400000, 0x0000000091400000| Untracked 
| 277|0x0000000091500000, 0x0000000091500000, 0x0000000091600000|  0%| F|  |TAMS 0x0000000091500000, 0x0000000091500000| Untracked 
| 278|0x0000000091600000, 0x0000000091600000, 0x0000000091700000|  0%| F|  |TAMS 0x0000000091600000, 0x0000000091600000| Untracked 
| 279|0x0000000091700000, 0x0000000091700000, 0x0000000091800000|  0%| F|  |TAMS 0x0000000091700000, 0x0000000091700000| Untracked 
| 280|0x0000000091800000, 0x0000000091800000, 0x0000000091900000|  0%| F|  |TAMS 0x0000000091800000, 0x0000000091800000| Untracked 
| 281|0x0000000091900000, 0x0000000091900000, 0x0000000091a00000|  0%| F|  |TAMS 0x0000000091900000, 0x0000000091900000| Untracked 
| 282|0x0000000091a00000, 0x0000000091a00000, 0x0000000091b00000|  0%| F|  |TAMS 0x0000000091a00000, 0x0000000091a00000| Untracked 
| 283|0x0000000091b00000, 0x0000000091b00000, 0x0000000091c00000|  0%| F|  |TAMS 0x0000000091b00000, 0x0000000091b00000| Untracked 
| 284|0x0000000091c00000, 0x0000000091c00000, 0x0000000091d00000|  0%| F|  |TAMS 0x0000000091c00000, 0x0000000091c00000| Untracked 
| 285|0x0000000091d00000, 0x0000000091d00000, 0x0000000091e00000|  0%| F|  |TAMS 0x0000000091d00000, 0x0000000091d00000| Untracked 
| 286|0x0000000091e00000, 0x0000000091e00000, 0x0000000091f00000|  0%| F|  |TAMS 0x0000000091e00000, 0x0000000091e00000| Untracked 
| 287|0x0000000091f00000, 0x0000000091f00000, 0x0000000092000000|  0%| F|  |TAMS 0x0000000091f00000, 0x0000000091f00000| Untracked 
| 288|0x0000000092000000, 0x0000000092000000, 0x0000000092100000|  0%| F|  |TAMS 0x0000000092000000, 0x0000000092000000| Untracked 
| 289|0x0000000092100000, 0x0000000092100000, 0x0000000092200000|  0%| F|  |TAMS 0x0000000092100000, 0x0000000092100000| Untracked 
| 290|0x0000000092200000, 0x0000000092200000, 0x0000000092300000|  0%| F|  |TAMS 0x0000000092200000, 0x0000000092200000| Untracked 
| 291|0x0000000092300000, 0x0000000092300000, 0x0000000092400000|  0%| F|  |TAMS 0x0000000092300000, 0x0000000092300000| Untracked 
| 292|0x0000000092400000, 0x0000000092400000, 0x0000000092500000|  0%| F|  |TAMS 0x0000000092400000, 0x0000000092400000| Untracked 
| 293|0x0000000092500000, 0x0000000092500000, 0x0000000092600000|  0%| F|  |TAMS 0x0000000092500000, 0x0000000092500000| Untracked 
| 294|0x0000000092600000, 0x0000000092600000, 0x0000000092700000|  0%| F|  |TAMS 0x0000000092600000, 0x0000000092600000| Untracked 
| 295|0x0000000092700000, 0x0000000092700000, 0x0000000092800000|  0%| F|  |TAMS 0x0000000092700000, 0x0000000092700000| Untracked 
| 296|0x0000000092800000, 0x0000000092800000, 0x0000000092900000|  0%| F|  |TAMS 0x0000000092800000, 0x0000000092800000| Untracked 
| 297|0x0000000092900000, 0x0000000092900000, 0x0000000092a00000|  0%| F|  |TAMS 0x0000000092900000, 0x0000000092900000| Untracked 
| 298|0x0000000092a00000, 0x0000000092a00000, 0x0000000092b00000|  0%| F|  |TAMS 0x0000000092a00000, 0x0000000092a00000| Untracked 
| 299|0x0000000092b00000, 0x0000000092b00000, 0x0000000092c00000|  0%| F|  |TAMS 0x0000000092b00000, 0x0000000092b00000| Untracked 
| 300|0x0000000092c00000, 0x0000000092c00000, 0x0000000092d00000|  0%| F|  |TAMS 0x0000000092c00000, 0x0000000092c00000| Untracked 
| 301|0x0000000092d00000, 0x0000000092d00000, 0x0000000092e00000|  0%| F|  |TAMS 0x0000000092d00000, 0x0000000092d00000| Untracked 
| 302|0x0000000092e00000, 0x0000000092e00000, 0x0000000092f00000|  0%| F|  |TAMS 0x0000000092e00000, 0x0000000092e00000| Untracked 
| 303|0x0000000092f00000, 0x0000000092f00000, 0x0000000093000000|  0%| F|  |TAMS 0x0000000092f00000, 0x0000000092f00000| Untracked 
| 304|0x0000000093000000, 0x0000000093000000, 0x0000000093100000|  0%| F|  |TAMS 0x0000000093000000, 0x0000000093000000| Untracked 
| 305|0x0000000093100000, 0x0000000093100000, 0x0000000093200000|  0%| F|  |TAMS 0x0000000093100000, 0x0000000093100000| Untracked 
| 306|0x0000000093200000, 0x0000000093200000, 0x0000000093300000|  0%| F|  |TAMS 0x0000000093200000, 0x0000000093200000| Untracked 
| 307|0x0000000093300000, 0x0000000093300000, 0x0000000093400000|  0%| F|  |TAMS 0x0000000093300000, 0x0000000093300000| Untracked 
| 308|0x0000000093400000, 0x0000000093400000, 0x0000000093500000|  0%| F|  |TAMS 0x0000000093400000, 0x0000000093400000| Untracked 
| 309|0x0000000093500000, 0x0000000093500000, 0x0000000093600000|  0%| F|  |TAMS 0x0000000093500000, 0x0000000093500000| Untracked 
| 310|0x0000000093600000, 0x0000000093600000, 0x0000000093700000|  0%| F|  |TAMS 0x0000000093600000, 0x0000000093600000| Untracked 
| 311|0x0000000093700000, 0x0000000093700000, 0x0000000093800000|  0%| F|  |TAMS 0x0000000093700000, 0x0000000093700000| Untracked 
| 312|0x0000000093800000, 0x0000000093800000, 0x0000000093900000|  0%| F|  |TAMS 0x0000000093800000, 0x0000000093800000| Untracked 
| 313|0x0000000093900000, 0x0000000093900000, 0x0000000093a00000|  0%| F|  |TAMS 0x0000000093900000, 0x0000000093900000| Untracked 
| 314|0x0000000093a00000, 0x0000000093a00000, 0x0000000093b00000|  0%| F|  |TAMS 0x0000000093a00000, 0x0000000093a00000| Untracked 
| 315|0x0000000093b00000, 0x0000000093b00000, 0x0000000093c00000|  0%| F|  |TAMS 0x0000000093b00000, 0x0000000093b00000| Untracked 
| 316|0x0000000093c00000, 0x0000000093c00000, 0x0000000093d00000|  0%| F|  |TAMS 0x0000000093c00000, 0x0000000093c00000| Untracked 
| 317|0x0000000093d00000, 0x0000000093d00000, 0x0000000093e00000|  0%| F|  |TAMS 0x0000000093d00000, 0x0000000093d00000| Untracked 
| 318|0x0000000093e00000, 0x0000000093e00000, 0x0000000093f00000|  0%| F|  |TAMS 0x0000000093e00000, 0x0000000093e00000| Untracked 
| 319|0x0000000093f00000, 0x0000000093f00000, 0x0000000094000000|  0%| F|  |TAMS 0x0000000093f00000, 0x0000000093f00000| Untracked 
| 320|0x0000000094000000, 0x0000000094000000, 0x0000000094100000|  0%| F|  |TAMS 0x0000000094000000, 0x0000000094000000| Untracked 
| 321|0x0000000094100000, 0x0000000094100000, 0x0000000094200000|  0%| F|  |TAMS 0x0000000094100000, 0x0000000094100000| Untracked 
| 322|0x0000000094200000, 0x0000000094200000, 0x0000000094300000|  0%| F|  |TAMS 0x0000000094200000, 0x0000000094200000| Untracked 
| 323|0x0000000094300000, 0x0000000094300000, 0x0000000094400000|  0%| F|  |TAMS 0x0000000094300000, 0x0000000094300000| Untracked 
| 324|0x0000000094400000, 0x0000000094400000, 0x0000000094500000|  0%| F|  |TAMS 0x0000000094400000, 0x0000000094400000| Untracked 
| 325|0x0000000094500000, 0x0000000094500000, 0x0000000094600000|  0%| F|  |TAMS 0x0000000094500000, 0x0000000094500000| Untracked 
| 326|0x0000000094600000, 0x0000000094600000, 0x0000000094700000|  0%| F|  |TAMS 0x0000000094600000, 0x0000000094600000| Untracked 
| 327|0x0000000094700000, 0x0000000094700000, 0x0000000094800000|  0%| F|  |TAMS 0x0000000094700000, 0x0000000094700000| Untracked 
| 328|0x0000000094800000, 0x0000000094800000, 0x0000000094900000|  0%| F|  |TAMS 0x0000000094800000, 0x0000000094800000| Untracked 
| 329|0x0000000094900000, 0x0000000094900000, 0x0000000094a00000|  0%| F|  |TAMS 0x0000000094900000, 0x0000000094900000| Untracked 
| 330|0x0000000094a00000, 0x0000000094a00000, 0x0000000094b00000|  0%| F|  |TAMS 0x0000000094a00000, 0x0000000094a00000| Untracked 
| 331|0x0000000094b00000, 0x0000000094b00000, 0x0000000094c00000|  0%| F|  |TAMS 0x0000000094b00000, 0x0000000094b00000| Untracked 
| 332|0x0000000094c00000, 0x0000000094c00000, 0x0000000094d00000|  0%| F|  |TAMS 0x0000000094c00000, 0x0000000094c00000| Untracked 
| 333|0x0000000094d00000, 0x0000000094d00000, 0x0000000094e00000|  0%| F|  |TAMS 0x0000000094d00000, 0x0000000094d00000| Untracked 
| 334|0x0000000094e00000, 0x0000000094e00000, 0x0000000094f00000|  0%| F|  |TAMS 0x0000000094e00000, 0x0000000094e00000| Untracked 
| 335|0x0000000094f00000, 0x0000000094f00000, 0x0000000095000000|  0%| F|  |TAMS 0x0000000094f00000, 0x0000000094f00000| Untracked 
| 336|0x0000000095000000, 0x0000000095000000, 0x0000000095100000|  0%| F|  |TAMS 0x0000000095000000, 0x0000000095000000| Untracked 
| 337|0x0000000095100000, 0x0000000095100000, 0x0000000095200000|  0%| F|  |TAMS 0x0000000095100000, 0x0000000095100000| Untracked 
| 338|0x0000000095200000, 0x0000000095200000, 0x0000000095300000|  0%| F|  |TAMS 0x0000000095200000, 0x0000000095200000| Untracked 
| 339|0x0000000095300000, 0x0000000095300000, 0x0000000095400000|  0%| F|  |TAMS 0x0000000095300000, 0x0000000095300000| Untracked 
| 340|0x0000000095400000, 0x0000000095400000, 0x0000000095500000|  0%| F|  |TAMS 0x0000000095400000, 0x0000000095400000| Untracked 
| 341|0x0000000095500000, 0x0000000095500000, 0x0000000095600000|  0%| F|  |TAMS 0x0000000095500000, 0x0000000095500000| Untracked 
| 342|0x0000000095600000, 0x0000000095600000, 0x0000000095700000|  0%| F|  |TAMS 0x0000000095600000, 0x0000000095600000| Untracked 
| 343|0x0000000095700000, 0x0000000095700000, 0x0000000095800000|  0%| F|  |TAMS 0x0000000095700000, 0x0000000095700000| Untracked 
| 344|0x0000000095800000, 0x0000000095800000, 0x0000000095900000|  0%| F|  |TAMS 0x0000000095800000, 0x0000000095800000| Untracked 
| 345|0x0000000095900000, 0x0000000095900000, 0x0000000095a00000|  0%| F|  |TAMS 0x0000000095900000, 0x0000000095900000| Untracked 
| 346|0x0000000095a00000, 0x0000000095a00000, 0x0000000095b00000|  0%| F|  |TAMS 0x0000000095a00000, 0x0000000095a00000| Untracked 
| 347|0x0000000095b00000, 0x0000000095b00000, 0x0000000095c00000|  0%| F|  |TAMS 0x0000000095b00000, 0x0000000095b00000| Untracked 
| 348|0x0000000095c00000, 0x0000000095c00000, 0x0000000095d00000|  0%| F|  |TAMS 0x0000000095c00000, 0x0000000095c00000| Untracked 
| 349|0x0000000095d00000, 0x0000000095d00000, 0x0000000095e00000|  0%| F|  |TAMS 0x0000000095d00000, 0x0000000095d00000| Untracked 
| 350|0x0000000095e00000, 0x0000000095e00000, 0x0000000095f00000|  0%| F|  |TAMS 0x0000000095e00000, 0x0000000095e00000| Untracked 
| 351|0x0000000095f00000, 0x0000000095f00000, 0x0000000096000000|  0%| F|  |TAMS 0x0000000095f00000, 0x0000000095f00000| Untracked 
| 352|0x0000000096000000, 0x0000000096000000, 0x0000000096100000|  0%| F|  |TAMS 0x0000000096000000, 0x0000000096000000| Untracked 
| 353|0x0000000096100000, 0x0000000096100000, 0x0000000096200000|  0%| F|  |TAMS 0x0000000096100000, 0x0000000096100000| Untracked 
| 354|0x0000000096200000, 0x0000000096200000, 0x0000000096300000|  0%| F|  |TAMS 0x0000000096200000, 0x0000000096200000| Untracked 
| 355|0x0000000096300000, 0x0000000096300000, 0x0000000096400000|  0%| F|  |TAMS 0x0000000096300000, 0x0000000096300000| Untracked 
| 356|0x0000000096400000, 0x0000000096400000, 0x0000000096500000|  0%| F|  |TAMS 0x0000000096400000, 0x0000000096400000| Untracked 
| 357|0x0000000096500000, 0x0000000096500000, 0x0000000096600000|  0%| F|  |TAMS 0x0000000096500000, 0x0000000096500000| Untracked 
| 358|0x0000000096600000, 0x0000000096600000, 0x0000000096700000|  0%| F|  |TAMS 0x0000000096600000, 0x0000000096600000| Untracked 
| 359|0x0000000096700000, 0x0000000096700000, 0x0000000096800000|  0%| F|  |TAMS 0x0000000096700000, 0x0000000096700000| Untracked 
| 360|0x0000000096800000, 0x0000000096800000, 0x0000000096900000|  0%| F|  |TAMS 0x0000000096800000, 0x0000000096800000| Untracked 
| 361|0x0000000096900000, 0x0000000096900000, 0x0000000096a00000|  0%| F|  |TAMS 0x0000000096900000, 0x0000000096900000| Untracked 
| 362|0x0000000096a00000, 0x0000000096a00000, 0x0000000096b00000|  0%| F|  |TAMS 0x0000000096a00000, 0x0000000096a00000| Untracked 
| 363|0x0000000096b00000, 0x0000000096b00000, 0x0000000096c00000|  0%| F|  |TAMS 0x0000000096b00000, 0x0000000096b00000| Untracked 
| 364|0x0000000096c00000, 0x0000000096c00000, 0x0000000096d00000|  0%| F|  |TAMS 0x0000000096c00000, 0x0000000096c00000| Untracked 
| 365|0x0000000096d00000, 0x0000000096d00000, 0x0000000096e00000|  0%| F|  |TAMS 0x0000000096d00000, 0x0000000096d00000| Untracked 
| 366|0x0000000096e00000, 0x0000000096e00000, 0x0000000096f00000|  0%| F|  |TAMS 0x0000000096e00000, 0x0000000096e00000| Untracked 
| 367|0x0000000096f00000, 0x0000000096f00000, 0x0000000097000000|  0%| F|  |TAMS 0x0000000096f00000, 0x0000000096f00000| Untracked 
| 368|0x0000000097000000, 0x0000000097000000, 0x0000000097100000|  0%| F|  |TAMS 0x0000000097000000, 0x0000000097000000| Untracked 
| 369|0x0000000097100000, 0x0000000097100000, 0x0000000097200000|  0%| F|  |TAMS 0x0000000097100000, 0x0000000097100000| Untracked 
| 370|0x0000000097200000, 0x0000000097200000, 0x0000000097300000|  0%| F|  |TAMS 0x0000000097200000, 0x0000000097200000| Untracked 
| 371|0x0000000097300000, 0x0000000097300000, 0x0000000097400000|  0%| F|  |TAMS 0x0000000097300000, 0x0000000097300000| Untracked 
| 372|0x0000000097400000, 0x0000000097400000, 0x0000000097500000|  0%| F|  |TAMS 0x0000000097400000, 0x0000000097400000| Untracked 
| 373|0x0000000097500000, 0x0000000097500000, 0x0000000097600000|  0%| F|  |TAMS 0x0000000097500000, 0x0000000097500000| Untracked 
| 374|0x0000000097600000, 0x0000000097600000, 0x0000000097700000|  0%| F|  |TAMS 0x0000000097600000, 0x0000000097600000| Untracked 
| 375|0x0000000097700000, 0x0000000097700000, 0x0000000097800000|  0%| F|  |TAMS 0x0000000097700000, 0x0000000097700000| Untracked 
| 376|0x0000000097800000, 0x0000000097800000, 0x0000000097900000|  0%| F|  |TAMS 0x0000000097800000, 0x0000000097800000| Untracked 
| 377|0x0000000097900000, 0x0000000097900000, 0x0000000097a00000|  0%| F|  |TAMS 0x0000000097900000, 0x0000000097900000| Untracked 
| 378|0x0000000097a00000, 0x0000000097a00000, 0x0000000097b00000|  0%| F|  |TAMS 0x0000000097a00000, 0x0000000097a00000| Untracked 
| 379|0x0000000097b00000, 0x0000000097b00000, 0x0000000097c00000|  0%| F|  |TAMS 0x0000000097b00000, 0x0000000097b00000| Untracked 
| 380|0x0000000097c00000, 0x0000000097c00000, 0x0000000097d00000|  0%| F|  |TAMS 0x0000000097c00000, 0x0000000097c00000| Untracked 
| 381|0x0000000097d00000, 0x0000000097d00000, 0x0000000097e00000|  0%| F|  |TAMS 0x0000000097d00000, 0x0000000097d00000| Untracked 
| 382|0x0000000097e00000, 0x0000000097e00000, 0x0000000097f00000|  0%| F|  |TAMS 0x0000000097e00000, 0x0000000097e00000| Untracked 
| 383|0x0000000097f00000, 0x0000000097f00000, 0x0000000098000000|  0%| F|  |TAMS 0x0000000097f00000, 0x0000000097f00000| Untracked 
| 384|0x0000000098000000, 0x0000000098000000, 0x0000000098100000|  0%| F|  |TAMS 0x0000000098000000, 0x0000000098000000| Untracked 
| 385|0x0000000098100000, 0x0000000098100000, 0x0000000098200000|  0%| F|  |TAMS 0x0000000098100000, 0x0000000098100000| Untracked 
| 386|0x0000000098200000, 0x0000000098200000, 0x0000000098300000|  0%| F|  |TAMS 0x0000000098200000, 0x0000000098200000| Untracked 
| 387|0x0000000098300000, 0x0000000098300000, 0x0000000098400000|  0%| F|  |TAMS 0x0000000098300000, 0x0000000098300000| Untracked 
| 388|0x0000000098400000, 0x0000000098400000, 0x0000000098500000|  0%| F|  |TAMS 0x0000000098400000, 0x0000000098400000| Untracked 
| 389|0x0000000098500000, 0x0000000098500000, 0x0000000098600000|  0%| F|  |TAMS 0x0000000098500000, 0x0000000098500000| Untracked 
| 390|0x0000000098600000, 0x0000000098600000, 0x0000000098700000|  0%| F|  |TAMS 0x0000000098600000, 0x0000000098600000| Untracked 
| 391|0x0000000098700000, 0x0000000098700000, 0x0000000098800000|  0%| F|  |TAMS 0x0000000098700000, 0x0000000098700000| Untracked 
| 392|0x0000000098800000, 0x0000000098800000, 0x0000000098900000|  0%| F|  |TAMS 0x0000000098800000, 0x0000000098800000| Untracked 
| 393|0x0000000098900000, 0x0000000098900000, 0x0000000098a00000|  0%| F|  |TAMS 0x0000000098900000, 0x0000000098900000| Untracked 
| 394|0x0000000098a00000, 0x0000000098a00000, 0x0000000098b00000|  0%| F|  |TAMS 0x0000000098a00000, 0x0000000098a00000| Untracked 
| 395|0x0000000098b00000, 0x0000000098b00000, 0x0000000098c00000|  0%| F|  |TAMS 0x0000000098b00000, 0x0000000098b00000| Untracked 
| 396|0x0000000098c00000, 0x0000000098c00000, 0x0000000098d00000|  0%| F|  |TAMS 0x0000000098c00000, 0x0000000098c00000| Untracked 
| 397|0x0000000098d00000, 0x0000000098d00000, 0x0000000098e00000|  0%| F|  |TAMS 0x0000000098d00000, 0x0000000098d00000| Untracked 
| 398|0x0000000098e00000, 0x0000000098e00000, 0x0000000098f00000|  0%| F|  |TAMS 0x0000000098e00000, 0x0000000098e00000| Untracked 
| 399|0x0000000098f00000, 0x0000000098f00000, 0x0000000099000000|  0%| F|  |TAMS 0x0000000098f00000, 0x0000000098f00000| Untracked 
| 400|0x0000000099000000, 0x0000000099000000, 0x0000000099100000|  0%| F|  |TAMS 0x0000000099000000, 0x0000000099000000| Untracked 
| 401|0x0000000099100000, 0x0000000099100000, 0x0000000099200000|  0%| F|  |TAMS 0x0000000099100000, 0x0000000099100000| Untracked 
| 402|0x0000000099200000, 0x0000000099200000, 0x0000000099300000|  0%| F|  |TAMS 0x0000000099200000, 0x0000000099200000| Untracked 
| 403|0x0000000099300000, 0x0000000099300000, 0x0000000099400000|  0%| F|  |TAMS 0x0000000099300000, 0x0000000099300000| Untracked 
| 404|0x0000000099400000, 0x0000000099400000, 0x0000000099500000|  0%| F|  |TAMS 0x0000000099400000, 0x0000000099400000| Untracked 
| 405|0x0000000099500000, 0x0000000099500000, 0x0000000099600000|  0%| F|  |TAMS 0x0000000099500000, 0x0000000099500000| Untracked 
| 406|0x0000000099600000, 0x0000000099600000, 0x0000000099700000|  0%| F|  |TAMS 0x0000000099600000, 0x0000000099600000| Untracked 
| 407|0x0000000099700000, 0x0000000099700000, 0x0000000099800000|  0%| F|  |TAMS 0x0000000099700000, 0x0000000099700000| Untracked 
| 408|0x0000000099800000, 0x0000000099800000, 0x0000000099900000|  0%| F|  |TAMS 0x0000000099800000, 0x0000000099800000| Untracked 
| 409|0x0000000099900000, 0x0000000099900000, 0x0000000099a00000|  0%| F|  |TAMS 0x0000000099900000, 0x0000000099900000| Untracked 
| 410|0x0000000099a00000, 0x0000000099a00000, 0x0000000099b00000|  0%| F|  |TAMS 0x0000000099a00000, 0x0000000099a00000| Untracked 
| 411|0x0000000099b00000, 0x0000000099b00000, 0x0000000099c00000|  0%| F|  |TAMS 0x0000000099b00000, 0x0000000099b00000| Untracked 
| 412|0x0000000099c00000, 0x0000000099c8c1a0, 0x0000000099d00000| 54%| E|  |TAMS 0x0000000099c00000, 0x0000000099c00000| Complete 
| 413|0x0000000099d00000, 0x0000000099e00000, 0x0000000099e00000|100%| E|CS|TAMS 0x0000000099d00000, 0x0000000099d00000| Complete 
| 414|0x0000000099e00000, 0x0000000099f00000, 0x0000000099f00000|100%| E|CS|TAMS 0x0000000099e00000, 0x0000000099e00000| Complete 
| 415|0x0000000099f00000, 0x000000009a000000, 0x000000009a000000|100%| E|CS|TAMS 0x0000000099f00000, 0x0000000099f00000| Complete 
| 416|0x000000009a000000, 0x000000009a100000, 0x000000009a100000|100%| E|CS|TAMS 0x000000009a000000, 0x000000009a000000| Complete 
| 417|0x000000009a100000, 0x000000009a200000, 0x000000009a200000|100%| E|CS|TAMS 0x000000009a100000, 0x000000009a100000| Complete 
| 418|0x000000009a200000, 0x000000009a2f2850, 0x000000009a300000| 94%| S|CS|TAMS 0x000000009a200000, 0x000000009a200000| Complete 
| 419|0x000000009a300000, 0x000000009a400000, 0x000000009a400000|100%| S|CS|TAMS 0x000000009a300000, 0x000000009a300000| Complete 
| 420|0x000000009a400000, 0x000000009a500000, 0x000000009a500000|100%| E|CS|TAMS 0x000000009a400000, 0x000000009a400000| Complete 
| 421|0x000000009a500000, 0x000000009a600000, 0x000000009a600000|100%| E|CS|TAMS 0x000000009a500000, 0x000000009a500000| Complete 
| 422|0x000000009a600000, 0x000000009a700000, 0x000000009a700000|100%| E|CS|TAMS 0x000000009a600000, 0x000000009a600000| Complete 
| 423|0x000000009a700000, 0x000000009a800000, 0x000000009a800000|100%| E|CS|TAMS 0x000000009a700000, 0x000000009a700000| Complete 
| 424|0x000000009a800000, 0x000000009a900000, 0x000000009a900000|100%| E|CS|TAMS 0x000000009a800000, 0x000000009a800000| Complete 
| 425|0x000000009a900000, 0x000000009aa00000, 0x000000009aa00000|100%| E|CS|TAMS 0x000000009a900000, 0x000000009a900000| Complete 
| 426|0x000000009aa00000, 0x000000009ab00000, 0x000000009ab00000|100%| E|CS|TAMS 0x000000009aa00000, 0x000000009aa00000| Complete 
| 427|0x000000009ab00000, 0x000000009ac00000, 0x000000009ac00000|100%| E|CS|TAMS 0x000000009ab00000, 0x000000009ab00000| Complete 
| 428|0x000000009ac00000, 0x000000009ad00000, 0x000000009ad00000|100%| E|CS|TAMS 0x000000009ac00000, 0x000000009ac00000| Complete 
| 429|0x000000009ad00000, 0x000000009ae00000, 0x000000009ae00000|100%| E|CS|TAMS 0x000000009ad00000, 0x000000009ad00000| Complete 

Card table byte_map: [0x00000266f5980000,0x00000266f5d80000] _byte_map_base: 0x00000266f5580000

Marking Bits (Prev, Next): (CMBitMap*) 0x00000266ed5f7a40, (CMBitMap*) 0x00000266ed5f7a00
 Prev Bits: [0x00000266f8180000, 0x00000266fa180000)
 Next Bits: [0x00000266f6180000, 0x00000266f8180000)

Polling page: 0x00000266eb500000

Metaspace:

Usage:
  Non-class:    115.70 MB used.
      Class:     18.21 MB used.
       Both:    133.91 MB used.

Virtual space:
  Non-class space:      128.00 MB reserved,     116.44 MB ( 91%) committed,  2 nodes.
      Class space:        1.00 GB reserved,      19.00 MB (  2%) committed,  1 nodes.
             Both:        1.12 GB reserved,     135.44 MB ( 12%) committed. 

Chunk freelists:
   Non-Class:  11.00 MB
       Class:  13.05 MB
        Both:  24.05 MB

MaxMetaspaceSize: unlimited
CompressedClassSpaceSize: 1.00 GB
Initial GC threshold: 21.00 MB
Current GC threshold: 222.31 MB
CDS: on
MetaspaceReclaimPolicy: balanced
 - commit_granule_bytes: 65536.
 - commit_granule_words: 8192.
 - virtual_space_node_default_size: 8388608.
 - enlarge_chunks_in_place: 1.
 - new_chunks_are_fully_committed: 0.
 - uncommit_free_chunks: 1.
 - use_allocation_guard: 0.
 - handle_deallocations: 1.


Internal statistics:

num_allocs_failed_limit: 3.
num_arena_births: 2548.
num_arena_deaths: 4.
num_vsnodes_births: 3.
num_vsnodes_deaths: 0.
num_space_committed: 2168.
num_space_uncommitted: 2.
num_chunks_returned_to_freelist: 26.
num_chunks_taken_from_freelist: 8856.
num_chunk_merges: 7.
num_chunk_splits: 5685.
num_chunks_enlarged: 3545.
num_inconsistent_stats: 0.

CodeHeap 'non-profiled nmethods': size=120000Kb used=10468Kb max_used=10470Kb free=109531Kb
 bounds [0x0000026687ad0000, 0x0000026688510000, 0x000002668f000000]
CodeHeap 'profiled nmethods': size=120000Kb used=34215Kb max_used=34228Kb free=85784Kb
 bounds [0x0000026680000000, 0x0000026682170000, 0x0000026687530000]
CodeHeap 'non-nmethods': size=5760Kb used=1883Kb max_used=1934Kb free=3876Kb
 bounds [0x0000026687530000, 0x00000266877a0000, 0x0000026687ad0000]
 total_blobs=18085 nmethods=17106 adapters=890
 compilation: enabled
              stopped_count=0, restarted_count=0
 full_count=0

Compilation events (20 events):
Event: 17.975 Thread 0x00000266fc44eb10 nmethod 20174 0x000002668213a210 code [0x000002668213a520, 0x000002668213bee8]
Event: 17.976 Thread 0x00000266fc44eb10 20175       2       java.util.stream.Sink$ChainedInt::cancellationRequested (10 bytes)
Event: 17.976 Thread 0x00000266fc44eb10 nmethod 20175 0x000002668213c590 code [0x000002668213c740, 0x000002668213c868]
Event: 17.978 Thread 0x00000266fc44eb10 20176       2       java.lang.String::format (16 bytes)
Event: 17.978 Thread 0x00000266fc44eb10 nmethod 20176 0x000002668213c910 code [0x000002668213cb00, 0x000002668213cec8]
Event: 17.978 Thread 0x00000266fc44eb10 20177       2       com.google.common.util.concurrent.SettableFuture::set (6 bytes)
Event: 17.978 Thread 0x00000266fc44eb10 nmethod 20177 0x000002668213d090 code [0x000002668213d240, 0x000002668213d368]
Event: 17.979 Thread 0x00000266fc44eb10 20179   !   3       java.util.ArrayList$ListItr::set (45 bytes)
Event: 17.979 Thread 0x00000266fc44eb10 nmethod 20179 0x000002668213d410 code [0x000002668213d660, 0x000002668213e018]
Event: 17.979 Thread 0x00000266fc44eb10 20178       3       com.google.common.collect.AbstractMapBasedMultimap$WrappedList$WrappedListIterator::set (11 bytes)
Event: 17.979 Thread 0x00000266fc44eb10 nmethod 20178 0x000002668213e490 code [0x000002668213e660, 0x000002668213eb58]
Event: 17.980 Thread 0x00000266fc44eb10 20181       1       com.android.ide.common.resources.MergedResourceWriterRequest::getRelativePathEncoding (5 bytes)
Event: 17.980 Thread 0x00000266fc44eb10 nmethod 20181 0x00000266884f0410 code [0x00000266884f05a0, 0x00000266884f0678]
Event: 17.984 Thread 0x00000266fc44eb10 20182       2       java.util.ComparableTimSort::mergeLo (656 bytes)
Event: 18.100 Thread 0x00000266fc44eb10 nmethod 20182 0x000002668213ec90 code [0x000002668213efa0, 0x00000266821409d8]
Event: 18.100 Thread 0x00000266fc44eb10 20183       2       java.util.List::sort (66 bytes)
Event: 18.100 Thread 0x00000266fc44eb10 nmethod 20183 0x0000026682141190 code [0x0000026682141380, 0x0000026682141608]
Event: 18.100 Thread 0x00000266fc44eb10 20186       2       org.gradle.internal.watch.registry.impl.DefaultFileWatcherRegistry$1::<init> (15 bytes)
Event: 18.100 Thread 0x00000266fc44eb10 nmethod 20186 0x0000026682141810 code [0x00000266821419a0, 0x0000026682141b58]
Event: 18.100 Thread 0x00000266fc44eb10 20187       2       org.gradle.fileevents.internal.AbstractFileEventFunctions$ChangeEvent::handleEvent (15 bytes)

GC Heap History (20 events):
Event: 16.659 GC heap before
{Heap before GC invocations=64 (full 0):
 garbage-first heap   total 312320K, used 193116K [0x0000000080000000, 0x0000000100000000)
  region size 1024K, 15 young (15360K), 5 survivors (5120K)
 Metaspace       used 127191K, committed 128704K, reserved 1179648K
  class space    used 17179K, committed 17920K, reserved 1048576K
}
Event: 16.665 GC heap after
{Heap after GC invocations=65 (full 0):
 garbage-first heap   total 312320K, used 181747K [0x0000000080000000, 0x0000000100000000)
  region size 1024K, 2 young (2048K), 2 survivors (2048K)
 Metaspace       used 127191K, committed 128704K, reserved 1179648K
  class space    used 17179K, committed 17920K, reserved 1048576K
}
Event: 16.940 GC heap before
{Heap before GC invocations=65 (full 0):
 garbage-first heap   total 312320K, used 250355K [0x0000000080000000, 0x0000000100000000)
  region size 1024K, 70 young (71680K), 2 survivors (2048K)
 Metaspace       used 128290K, committed 129792K, reserved 1179648K
  class space    used 17343K, committed 18112K, reserved 1048576K
}
Event: 16.944 GC heap after
{Heap after GC invocations=66 (full 0):
 garbage-first heap   total 312320K, used 185960K [0x0000000080000000, 0x0000000100000000)
  region size 1024K, 7 young (7168K), 7 survivors (7168K)
 Metaspace       used 128290K, committed 129792K, reserved 1179648K
  class space    used 17343K, committed 18112K, reserved 1048576K
}
Event: 17.191 GC heap before
{Heap before GC invocations=66 (full 0):
 garbage-first heap   total 312320K, used 264808K [0x0000000080000000, 0x0000000100000000)
  region size 1024K, 74 young (75776K), 7 survivors (7168K)
 Metaspace       used 129850K, committed 131392K, reserved 1179648K
  class space    used 17523K, committed 18304K, reserved 1048576K
}
Event: 17.194 GC heap after
{Heap after GC invocations=67 (full 0):
 garbage-first heap   total 312320K, used 204940K [0x0000000080000000, 0x0000000100000000)
  region size 1024K, 10 young (10240K), 10 survivors (10240K)
 Metaspace       used 129850K, committed 131392K, reserved 1179648K
  class space    used 17523K, committed 18304K, reserved 1048576K
}
Event: 17.390 GC heap before
{Heap before GC invocations=67 (full 0):
 garbage-first heap   total 312320K, used 258188K [0x0000000080000000, 0x0000000100000000)
  region size 1024K, 63 young (64512K), 10 survivors (10240K)
 Metaspace       used 133122K, committed 134720K, reserved 1179648K
  class space    used 17942K, committed 18752K, reserved 1048576K
}
Event: 17.394 GC heap after
{Heap after GC invocations=68 (full 0):
 garbage-first heap   total 312320K, used 211144K [0x0000000080000000, 0x0000000100000000)
  region size 1024K, 6 young (6144K), 6 survivors (6144K)
 Metaspace       used 133122K, committed 134720K, reserved 1179648K
  class space    used 17942K, committed 18752K, reserved 1048576K
}
Event: 17.512 GC heap before
{Heap before GC invocations=68 (full 0):
 garbage-first heap   total 312320K, used 262344K [0x0000000080000000, 0x0000000100000000)
  region size 1024K, 55 young (56320K), 6 survivors (6144K)
 Metaspace       used 134434K, committed 136000K, reserved 1179648K
  class space    used 18101K, committed 18880K, reserved 1048576K
}
Event: 17.514 GC heap after
{Heap after GC invocations=69 (full 0):
 garbage-first heap   total 312320K, used 214746K [0x0000000080000000, 0x0000000100000000)
  region size 1024K, 6 young (6144K), 6 survivors (6144K)
 Metaspace       used 134434K, committed 136000K, reserved 1179648K
  class space    used 18101K, committed 18880K, reserved 1048576K
}
Event: 17.552 GC heap before
{Heap before GC invocations=69 (full 0):
 garbage-first heap   total 312320K, used 250586K [0x0000000080000000, 0x0000000100000000)
  region size 1024K, 26 young (26624K), 6 survivors (6144K)
 Metaspace       used 134915K, committed 136448K, reserved 1179648K
  class space    used 18166K, committed 18944K, reserved 1048576K
}
Event: 17.555 GC heap after
{Heap after GC invocations=70 (full 0):
 garbage-first heap   total 312320K, used 228478K [0x0000000080000000, 0x0000000100000000)
  region size 1024K, 6 young (6144K), 6 survivors (6144K)
 Metaspace       used 134915K, committed 136448K, reserved 1179648K
  class space    used 18166K, committed 18944K, reserved 1048576K
}
Event: 17.556 GC heap before
{Heap before GC invocations=70 (full 0):
 garbage-first heap   total 312320K, used 230526K [0x0000000080000000, 0x0000000100000000)
  region size 1024K, 7 young (7168K), 6 survivors (6144K)
 Metaspace       used 134915K, committed 136448K, reserved 1179648K
  class space    used 18166K, committed 18944K, reserved 1048576K
}
Event: 17.558 GC heap after
{Heap after GC invocations=71 (full 0):
 garbage-first heap   total 312320K, used 227264K [0x0000000080000000, 0x0000000100000000)
  region size 1024K, 1 young (1024K), 1 survivors (1024K)
 Metaspace       used 134915K, committed 136448K, reserved 1179648K
  class space    used 18166K, committed 18944K, reserved 1048576K
}
Event: 17.654 GC heap before
{Heap before GC invocations=71 (full 0):
 garbage-first heap   total 440320K, used 269248K [0x0000000080000000, 0x0000000100000000)
  region size 1024K, 27 young (27648K), 1 survivors (1024K)
 Metaspace       used 134821K, committed 136576K, reserved 1179648K
  class space    used 18176K, committed 19008K, reserved 1048576K
}
Event: 17.658 GC heap after
{Heap after GC invocations=72 (full 0):
 garbage-first heap   total 440320K, used 241203K [0x0000000080000000, 0x0000000100000000)
  region size 1024K, 4 young (4096K), 4 survivors (4096K)
 Metaspace       used 134821K, committed 136576K, reserved 1179648K
  class space    used 18176K, committed 19008K, reserved 1048576K
}
Event: 17.888 GC heap before
{Heap before GC invocations=73 (full 0):
 garbage-first heap   total 440320K, used 323123K [0x0000000080000000, 0x0000000100000000)
  region size 1024K, 83 young (84992K), 4 survivors (4096K)
 Metaspace       used 136016K, committed 137600K, reserved 1179648K
  class space    used 18346K, committed 19136K, reserved 1048576K
}
Event: 17.899 GC heap after
{Heap after GC invocations=74 (full 0):
 garbage-first heap   total 440320K, used 268694K [0x0000000080000000, 0x0000000100000000)
  region size 1024K, 11 young (11264K), 11 survivors (11264K)
 Metaspace       used 136016K, committed 137600K, reserved 1179648K
  class space    used 18346K, committed 19136K, reserved 1048576K
}
Event: 17.962 GC heap before
{Heap before GC invocations=74 (full 0):
 garbage-first heap   total 440320K, used 286102K [0x0000000080000000, 0x0000000100000000)
  region size 1024K, 21 young (21504K), 11 survivors (11264K)
 Metaspace       used 136684K, committed 138304K, reserved 1179648K
  class space    used 18522K, committed 19328K, reserved 1048576K
}
Event: 17.968 GC heap after
{Heap after GC invocations=75 (full 0):
 garbage-first heap   total 440320K, used 257930K [0x0000000080000000, 0x0000000100000000)
  region size 1024K, 2 young (2048K), 2 survivors (2048K)
 Metaspace       used 136684K, committed 138304K, reserved 1179648K
  class space    used 18522K, committed 19328K, reserved 1048576K
}

Dll operation events (15 events):
Event: 0.007 Loaded shared library C:\Users\16696\.jdks\ms-17.0.19\bin\java.dll
Event: 0.019 Loaded shared library C:\Users\16696\.jdks\ms-17.0.19\bin\jsvml.dll
Event: 0.044 Loaded shared library C:\Users\16696\.jdks\ms-17.0.19\bin\zip.dll
Event: 0.047 Loaded shared library C:\Users\16696\.jdks\ms-17.0.19\bin\instrument.dll
Event: 0.050 Loaded shared library C:\Users\16696\.jdks\ms-17.0.19\bin\net.dll
Event: 0.055 Loaded shared library C:\Users\16696\.jdks\ms-17.0.19\bin\nio.dll
Event: 0.056 Loaded shared library C:\Users\16696\.jdks\ms-17.0.19\bin\zip.dll
Event: 0.120 Loaded shared library C:\Users\16696\.jdks\ms-17.0.19\bin\jimage.dll
Event: 0.218 Loaded shared library C:\Users\16696\.jdks\ms-17.0.19\bin\verify.dll
Event: 0.233 Loaded shared library C:\Users\16696\.gradle\native\660c5614fbf4a5f2a75b1949f50a0caf5cd603558e7d8a26e50b933a0cfb79d1\windows-amd64\native-platform.dll
Event: 0.243 Loaded shared library C:\Users\16696\.gradle\native\0.2.8\x86_64-windows-gnu\gradle-fileevents.dll
Event: 0.602 Loaded shared library C:\Users\16696\.jdks\ms-17.0.19\bin\management.dll
Event: 0.604 Loaded shared library C:\Users\16696\.jdks\ms-17.0.19\bin\management_ext.dll
Event: 0.778 Loaded shared library C:\Users\16696\.jdks\ms-17.0.19\bin\extnet.dll
Event: 0.898 Loaded shared library C:\Users\16696\.jdks\ms-17.0.19\bin\sunmscapi.dll

Deoptimization events (20 events):
Event: 17.950 Thread 0x00000266d6c1a8c0 DEOPT PACKING pc=0x0000026681a0ec77 sp=0x000000c8021f98b0
Event: 17.950 Thread 0x00000266d6c1a8c0 DEOPT UNPACKING pc=0x0000026687587143 sp=0x000000c8021f8d20 mode 0
Event: 17.951 Thread 0x00000266d6c1a8c0 Uncommon trap: trap_request=0xffffffbe fr.pc=0x00000266884eb6c8 relative=0x0000000000000608
Event: 17.951 Thread 0x00000266d6c1a8c0 Uncommon trap: reason=profile_predicate action=maybe_recompile pc=0x00000266884eb6c8 method=com.android.utils.XmlUtils.toXmlAttributeValue(Ljava/lang/String;)Ljava/lang/String; @ 9 c2
Event: 17.951 Thread 0x00000266d6c1a8c0 DEOPT PACKING pc=0x00000266884eb6c8 sp=0x000000c8021f9b60
Event: 17.951 Thread 0x00000266d6c1a8c0 DEOPT UNPACKING pc=0x00000266875869a3 sp=0x000000c8021f9b00 mode 2
Event: 17.951 Thread 0x00000266d6c1a8c0 Uncommon trap: trap_request=0xffffffbe fr.pc=0x00000266884eb6c8 relative=0x0000000000000608
Event: 17.951 Thread 0x00000266d6c1a8c0 Uncommon trap: reason=profile_predicate action=maybe_recompile pc=0x00000266884eb6c8 method=com.android.utils.XmlUtils.toXmlAttributeValue(Ljava/lang/String;)Ljava/lang/String; @ 9 c2
Event: 17.951 Thread 0x00000266d6c1a8c0 DEOPT PACKING pc=0x00000266884eb6c8 sp=0x000000c8021f9b60
Event: 17.951 Thread 0x00000266d6c1a8c0 DEOPT UNPACKING pc=0x00000266875869a3 sp=0x000000c8021f9b00 mode 2
Event: 17.951 Thread 0x00000266d6c1a8c0 Uncommon trap: trap_request=0xffffffbe fr.pc=0x00000266884eb6c8 relative=0x0000000000000608
Event: 17.951 Thread 0x00000266d6c1a8c0 Uncommon trap: reason=profile_predicate action=maybe_recompile pc=0x00000266884eb6c8 method=com.android.utils.XmlUtils.toXmlAttributeValue(Ljava/lang/String;)Ljava/lang/String; @ 9 c2
Event: 17.951 Thread 0x00000266d6c1a8c0 DEOPT PACKING pc=0x00000266884eb6c8 sp=0x000000c8021f9a20
Event: 17.951 Thread 0x00000266d6c1a8c0 DEOPT UNPACKING pc=0x00000266875869a3 sp=0x000000c8021f99c0 mode 2
Event: 17.951 Thread 0x00000266d6c1a8c0 Uncommon trap: trap_request=0xffffffbe fr.pc=0x00000266884eb6c8 relative=0x0000000000000608
Event: 17.951 Thread 0x00000266d6c1a8c0 Uncommon trap: reason=profile_predicate action=maybe_recompile pc=0x00000266884eb6c8 method=com.android.utils.XmlUtils.toXmlAttributeValue(Ljava/lang/String;)Ljava/lang/String; @ 9 c2
Event: 17.951 Thread 0x00000266d6c1a8c0 DEOPT PACKING pc=0x00000266884eb6c8 sp=0x000000c8021f98e0
Event: 17.951 Thread 0x00000266d6c1a8c0 DEOPT UNPACKING pc=0x00000266875869a3 sp=0x000000c8021f9880 mode 2
Event: 17.956 Thread 0x00000266d6c1a8c0 DEOPT PACKING pc=0x0000026682121927 sp=0x000000c8021f9850
Event: 17.956 Thread 0x00000266d6c1a8c0 DEOPT UNPACKING pc=0x0000026687587143 sp=0x000000c8021f8d50 mode 0

Classes loaded (20 events):
Event: 17.528 Loading class java/nio/BufferUnderflowException
Event: 17.528 Loading class java/nio/BufferUnderflowException done
Event: 17.810 Loading class java/util/concurrent/ConcurrentLinkedDeque
Event: 17.810 Loading class java/util/concurrent/ConcurrentLinkedDeque done
Event: 17.810 Loading class java/util/concurrent/ConcurrentLinkedDeque$Node
Event: 17.810 Loading class java/util/concurrent/ConcurrentLinkedDeque$Node done
Event: 17.830 Loading class java/util/concurrent/ForkJoinTask$AdaptedCallable
Event: 17.831 Loading class java/util/concurrent/ForkJoinTask$AdaptedCallable done
Event: 17.831 Loading class java/util/concurrent/ForkJoinPool$DefaultForkJoinWorkerThreadFactory$1
Event: 17.831 Loading class java/util/concurrent/ForkJoinPool$DefaultForkJoinWorkerThreadFactory$1 done
Event: 17.873 Loading class com/sun/org/apache/xerces/internal/dom/DOMImplementationImpl
Event: 17.873 Loading class org/w3c/dom/DOMImplementation
Event: 17.873 Loading class org/w3c/dom/DOMImplementation done
Event: 17.873 Loading class com/sun/org/apache/xerces/internal/dom/CoreDOMImplementationImpl
Event: 17.873 Loading class org/w3c/dom/ls/DOMImplementationLS
Event: 17.873 Loading class org/w3c/dom/ls/DOMImplementationLS done
Event: 17.873 Loading class com/sun/org/apache/xerces/internal/dom/CoreDOMImplementationImpl done
Event: 17.873 Loading class com/sun/org/apache/xerces/internal/dom/DOMImplementationImpl done
Event: 17.873 Loading class com/sun/org/apache/xerces/internal/dom/DeferredDOMImplementationImpl
Event: 17.873 Loading class com/sun/org/apache/xerces/internal/dom/DeferredDOMImplementationImpl done

Classes unloaded (20 events):
Event: 17.619 Thread 0x00000266fc421b50 Unloading class 0x0000026691113800 'jdk/internal/jimage/ImageHeader'
Event: 17.619 Thread 0x00000266fc421b50 Unloading class 0x0000026691112dc8 'jdk/internal/jimage/BasicImageReader$2'
Event: 17.619 Thread 0x00000266fc421b50 Unloading class 0x0000026691112b98 'jdk/internal/jimage/BasicImageReader$1'
Event: 17.619 Thread 0x00000266fc421b50 Unloading class 0x0000026691112930 'jdk/internal/jimage/ImageReader$Resource'
Event: 17.619 Thread 0x00000266fc421b50 Unloading class 0x00000266911126c8 'jdk/internal/jimage/ImageReader$LinkNode'
Event: 17.619 Thread 0x00000266fc421b50 Unloading class 0x0000026691112460 'jdk/internal/jimage/ImageReader$Directory'
Event: 17.619 Thread 0x00000266fc421b50 Unloading class 0x00000266911121f8 'jdk/internal/jimage/ImageReader$Node'
Event: 17.619 Thread 0x00000266fc421b50 Unloading class 0x0000026691112000 'jdk/internal/jimage/ImageStrings'
Event: 17.619 Thread 0x00000266fc421b50 Unloading class 0x0000026691111b50 'jdk/internal/jimage/ImageReader$SharedImageReader'
Event: 17.619 Thread 0x00000266fc421b50 Unloading class 0x0000026691111890 'jdk/internal/jimage/BasicImageReader'
Event: 17.619 Thread 0x00000266fc421b50 Unloading class 0x0000026691111670 'jdk/internal/jimage/ImageReader'
Event: 17.619 Thread 0x00000266fc421b50 Unloading class 0x0000026691111448 'jdk/internal/jrtfs/SystemImage$2'
Event: 17.619 Thread 0x00000266fc421b50 Unloading class 0x0000026691111230 'jdk/internal/jrtfs/SystemImage$$Lambda$2568+0x0000026691111230'
Event: 17.619 Thread 0x00000266fc421b50 Unloading class 0x0000026691111000 'jdk/internal/jrtfs/ExplodedImage'
Event: 17.619 Thread 0x00000266fc421b50 Unloading class 0x0000026691110dc8 'jdk/internal/jrtfs/SystemImage$1'
Event: 17.619 Thread 0x00000266fc421b50 Unloading class 0x0000026691110bb0 'jdk/internal/jrtfs/SystemImage'
Event: 17.619 Thread 0x00000266fc421b50 Unloading class 0x0000026691110950 'jdk/internal/jrtfs/JrtFileStore'
Event: 17.619 Thread 0x00000266fc421b50 Unloading class 0x00000266911105d8 'jdk/internal/jrtfs/JrtPath'
Event: 17.619 Thread 0x00000266fc421b50 Unloading class 0x00000266911102e0 'jdk/internal/jrtfs/JrtFileSystem'
Event: 17.619 Thread 0x00000266fc421b50 Unloading class 0x0000026691110000 'jdk/internal/jrtfs/JrtFileSystemProvider'

Classes redefined (0 events):
No events

Internal exceptions (20 events):
Event: 17.072 Thread 0x00000266fe01bf60 Exception <a 'sun/nio/fs/WindowsException'{0x0000000091054f68}> (0x0000000091054f68) 
thrown [s\src\hotspot\share\prims\jni.cpp, line 516]
Event: 17.072 Thread 0x00000266fe01bf60 Exception <a 'sun/nio/fs/WindowsException'{0x00000000910550e0}> (0x00000000910550e0) 
thrown [s\src\hotspot\share\prims\jni.cpp, line 516]
Event: 17.089 Thread 0x00000266fe01bf60 Exception <a 'sun/nio/fs/WindowsException'{0x0000000090c134b8}> (0x0000000090c134b8) 
thrown [s\src\hotspot\share\prims\jni.cpp, line 516]
Event: 17.111 Thread 0x00000266d6c1a8c0 Exception <a 'sun/nio/fs/WindowsException'{0x00000000906416a8}> (0x00000000906416a8) 
thrown [s\src\hotspot\share\prims\jni.cpp, line 516]
Event: 17.112 Thread 0x00000266d6c1a8c0 Exception <a 'sun/nio/fs/WindowsException'{0x0000000090643c40}> (0x0000000090643c40) 
thrown [s\src\hotspot\share\prims\jni.cpp, line 516]
Event: 17.112 Thread 0x00000266d6c1a8c0 Exception <a 'sun/nio/fs/WindowsException'{0x0000000090646020}> (0x0000000090646020) 
thrown [s\src\hotspot\share\prims\jni.cpp, line 516]
Event: 17.112 Thread 0x00000266d6c1a8c0 Exception <a 'sun/nio/fs/WindowsException'{0x00000000906486d0}> (0x00000000906486d0) 
thrown [s\src\hotspot\share\prims\jni.cpp, line 516]
Event: 17.112 Thread 0x00000266d6c1a8c0 Exception <a 'sun/nio/fs/WindowsException'{0x000000009064ae10}> (0x000000009064ae10) 
thrown [s\src\hotspot\share\prims\jni.cpp, line 516]
Event: 17.397 Thread 0x00000266de65d390 Implicit null exception at 0x00000266884274ea to 0x000002668842753c
Event: 17.397 Thread 0x00000266de65d390 Implicit null exception at 0x0000026688422650 to 0x0000026688422667
Event: 17.517 Thread 0x00000266de660630 Exception <a 'java/lang/NoSuchMethodError'{0x0000000093083ed8}: 'java.lang.Object java.lang.invoke.DirectMethodHandle$Holder.invokeStaticInit(java.lang.Object, java.lang.Object, java.lang.Object, java.lang.Object, java.lang.Object, java.lang.Object, java.lang.Object, java.lang.Object, java.lang.Object, java.lang.Object, java.lang.Object, java.lang.Object, java.lang.Object, java.lang.Object, java.lang.Object, java.lang.Object, java.lang.Object, java.lang.Object, java.lang.Object, java.lang.Object, int, java
Event: 17.518 Thread 0x00000266de660630 Exception <a 'java/lang/IncompatibleClassChangeError'{0x0000000092f2afa0}: Found class java.lang.Object, but interface was expected> (0x0000000092f2afa0) 
thrown [s\src\hotspot\share\interpreter\linkResolver.cpp, line 826]
Event: 17.520 Thread 0x00000266de660630 Exception <a 'java/lang/IncompatibleClassChangeError'{0x0000000092f36170}: Found class java.lang.Object, but interface was expected> (0x0000000092f36170) 
thrown [s\src\hotspot\share\interpreter\linkResolver.cpp, line 826]
Event: 17.832 Thread 0x00000266de6629a0 Implicit null exception at 0x0000026687fec4e6 to 0x0000026687ff4aa8
Event: 17.833 Thread 0x00000266de6629a0 Exception <a 'java/lang/IncompatibleClassChangeError'{0x00000000964878f0}: Found class java.lang.Object, but interface was expected> (0x00000000964878f0) 
thrown [s\src\hotspot\share\interpreter\linkResolver.cpp, line 826]
Event: 17.833 Thread 0x00000266de662eb0 Exception <a 'java/lang/IncompatibleClassChangeError'{0x00000000964d45b8}: Found class java.lang.Object, but interface was expected> (0x00000000964d45b8) 
thrown [s\src\hotspot\share\interpreter\linkResolver.cpp, line 826]
Event: 17.882 Thread 0x00000266de663de0 Exception <a 'java/lang/IncompatibleClassChangeError'{0x0000000095c10dc0}: Found class java.lang.Object, but interface was expected> (0x0000000095c10dc0) 
thrown [s\src\hotspot\share\interpreter\linkResolver.cpp, line 826]
Event: 17.882 Thread 0x00000266de662eb0 Exception <a 'java/lang/NoSuchMethodError'{0x0000000095caeb18}: 'long java.lang.invoke.DirectMethodHandle$Holder.invokeStatic(java.lang.Object, java.lang.Object, java.lang.Object)'> (0x0000000095caeb18) 
thrown [s\src\hotspot\share\interpreter\linkResolver.cpp, line 759]
Event: 17.882 Thread 0x00000266de6629a0 Exception <a 'java/lang/NoSuchMethodError'{0x0000000095c7d128}: 'long java.lang.invoke.DirectMethodHandle$Holder.invokeStatic(java.lang.Object, java.lang.Object, java.lang.Object)'> (0x0000000095c7d128) 
thrown [s\src\hotspot\share\interpreter\linkResolver.cpp, line 759]
Event: 17.882 Thread 0x00000266de663de0 Exception <a 'java/lang/IncompatibleClassChangeError'{0x0000000095c14d68}: Found class java.lang.Object, but interface was expected> (0x0000000095c14d68) 
thrown [s\src\hotspot\share\interpreter\linkResolver.cpp, line 826]

VM Operations (20 events):
Event: 17.520 Executing VM operation: HandshakeAllThreads
Event: 17.520 Executing VM operation: HandshakeAllThreads done
Event: 17.552 Executing VM operation: G1TryInitiateConcMark
Event: 17.555 Executing VM operation: G1TryInitiateConcMark done
Event: 17.556 Executing VM operation: G1TryInitiateConcMark
Event: 17.558 Executing VM operation: G1TryInitiateConcMark done
Event: 17.618 Executing VM operation: G1PauseRemark
Event: 17.634 Executing VM operation: G1PauseRemark done
Event: 17.654 Executing VM operation: G1CollectForAllocation
Event: 17.658 Executing VM operation: G1CollectForAllocation done
Event: 17.671 Executing VM operation: G1PauseCleanup
Event: 17.671 Executing VM operation: G1PauseCleanup done
Event: 17.846 Executing VM operation: HandshakeAllThreads
Event: 17.846 Executing VM operation: HandshakeAllThreads done
Event: 17.872 Executing VM operation: HandshakeAllThreads
Event: 17.872 Executing VM operation: HandshakeAllThreads done
Event: 17.888 Executing VM operation: G1CollectForAllocation
Event: 17.899 Executing VM operation: G1CollectForAllocation done
Event: 17.962 Executing VM operation: G1CollectForAllocation
Event: 17.968 Executing VM operation: G1CollectForAllocation done

Memory protections (0 events):
No events

Nmethod flushes (20 events):
Event: 16.450 Thread 0x00000266fc456ae0 flushing  nmethod 0x0000026681c2d290
Event: 16.450 Thread 0x00000266fc456ae0 flushing  nmethod 0x0000026681c2d890
Event: 17.373 Thread 0x00000266fc456ae0 flushing  nmethod 0x00000266883a7a10
Event: 17.387 Thread 0x00000266fc456ae0 flushing  nmethod 0x0000026681b00810
Event: 17.388 Thread 0x00000266fc456ae0 flushing  nmethod 0x0000026681b0dc90
Event: 17.388 Thread 0x00000266fc456ae0 flushing  nmethod 0x0000026681b26290
Event: 17.388 Thread 0x00000266fc456ae0 flushing  nmethod 0x0000026681b48290
Event: 17.388 Thread 0x00000266fc456ae0 flushing  nmethod 0x0000026681b58610
Event: 17.388 Thread 0x00000266fc456ae0 flushing  nmethod 0x0000026681b66510
Event: 17.388 Thread 0x00000266fc456ae0 flushing  nmethod 0x0000026681b66910
Event: 17.388 Thread 0x00000266fc456ae0 flushing  nmethod 0x0000026681bb6410
Event: 17.388 Thread 0x00000266fc456ae0 flushing  nmethod 0x0000026681bd0890
Event: 17.388 Thread 0x00000266fc456ae0 flushing  nmethod 0x0000026681c07610
Event: 17.388 Thread 0x00000266fc456ae0 flushing  nmethod 0x0000026681c07a10
Event: 17.388 Thread 0x00000266fc456ae0 flushing  nmethod 0x0000026681c09d10
Event: 17.388 Thread 0x00000266fc456ae0 flushing  nmethod 0x0000026681c1c710
Event: 17.388 Thread 0x00000266fc456ae0 flushing  nmethod 0x0000026681c37510
Event: 17.388 Thread 0x00000266fc456ae0 flushing  nmethod 0x0000026681c47610
Event: 17.388 Thread 0x00000266fc456ae0 flushing  nmethod 0x0000026681c5bb10
Event: 17.389 Thread 0x00000266fc456ae0 flushing  nmethod 0x0000026681ca4d90

Events (20 events):
Event: 17.003 Thread 0x00000266d6c1a3b0 Thread added: 0x00000266de660120
Event: 17.011 Thread 0x00000266fe01bf60 Thread added: 0x00000266de65c970
Event: 17.027 Thread 0x00000266de65c970 Thread added: 0x00000266de65f1f0
Event: 17.029 Thread 0x00000266de65c970 Thread added: 0x00000266de660630
Event: 17.030 Thread 0x00000266de65c970 Thread added: 0x00000266de65e2c0
Event: 17.032 Thread 0x00000266de65c970 Thread added: 0x00000266de65ce80
Event: 17.033 Thread 0x00000266de65c970 Thread added: 0x00000266de6642f0
Event: 17.034 Thread 0x00000266de65c970 Thread added: 0x00000266de661f80
Event: 17.036 Thread 0x00000266de65c970 Thread added: 0x00000266de662490
Event: 17.047 Thread 0x00000266de65c970 Thread added: 0x00000266de661050
Event: 17.831 Thread 0x00000266de660630 Thread added: 0x00000266de6629a0
Event: 17.831 Thread 0x00000266de6629a0 Thread added: 0x00000266de661560
Event: 17.832 Thread 0x00000266de661560 Thread added: 0x00000266de6633c0
Event: 17.832 Thread 0x00000266de6633c0 Thread added: 0x00000266de662eb0
Event: 17.833 Thread 0x00000266de662eb0 Thread added: 0x00000266de6638d0
Event: 17.833 Thread 0x00000266de6638d0 Thread added: 0x00000266de663de0
Event: 17.833 Thread 0x00000266de663de0 Thread added: 0x00000266d554de20
Event: 17.833 Thread 0x00000266d554de20 Thread added: 0x00000266dfc9ad70
Event: 17.833 Thread 0x00000266dfc9ad70 Thread added: 0x00000266dfc984f0
Event: 17.834 Thread 0x00000266dfc984f0 Thread added: 0x00000266dfc9bca0


Dynamic libraries:
0x00007ff76e8a0000 - 0x00007ff76e8ae000 	C:\Users\16696\.jdks\ms-17.0.19\bin\java.exe
0x00007ff880020000 - 0x00007ff880286000 	C:\Windows\SYSTEM32\ntdll.dll
0x00007ff87e450000 - 0x00007ff87e519000 	C:\Windows\System32\KERNEL32.DLL
0x00007ff87d960000 - 0x00007ff87dd5a000 	C:\Windows\System32\KERNELBASE.dll
0x00007ff87d620000 - 0x00007ff87d76c000 	C:\Windows\System32\ucrtbase.dll
0x00007ff86de40000 - 0x00007ff86de5e000 	C:\Users\16696\.jdks\ms-17.0.19\bin\VCRUNTIME140.dll
0x00007ff86de00000 - 0x00007ff86de18000 	C:\Users\16696\.jdks\ms-17.0.19\bin\jli.dll
0x00007ff87fa80000 - 0x00007ff87fc47000 	C:\Windows\System32\USER32.dll
0x00007ff87dd60000 - 0x00007ff87dd87000 	C:\Windows\System32\win32u.dll
0x00007ff87fa30000 - 0x00007ff87fa5b000 	C:\Windows\System32\GDI32.dll
0x00007ff87c3b0000 - 0x00007ff87c642000 	C:\Windows\WinSxS\amd64_microsoft.windows.common-controls_6595b64144ccf1df_6.0.26100.8521_none_3e08b75ce33403b3\COMCTL32.dll
0x00007ff87d830000 - 0x00007ff87d95b000 	C:\Windows\System32\gdi32full.dll
0x00007ff87e5f0000 - 0x00007ff87e699000 	C:\Windows\System32\msvcrt.dll
0x00007ff87d2b0000 - 0x00007ff87d353000 	C:\Windows\System32\msvcp_win.dll
0x00007ff87dea0000 - 0x00007ff87ded2000 	C:\Windows\System32\IMM32.DLL
0x00007ff86ddd0000 - 0x00007ff86dddc000 	C:\Users\16696\.jdks\ms-17.0.19\bin\vcruntime140_1.dll
0x00007ff83a4f0000 - 0x00007ff83a579000 	C:\Users\16696\.jdks\ms-17.0.19\bin\msvcp140.dll
0x00007fff96300000 - 0x00007fff96f7b000 	C:\Users\16696\.jdks\ms-17.0.19\bin\server\jvm.dll
0x00007ff87ed10000 - 0x00007ff87edc6000 	C:\Windows\System32\ADVAPI32.dll
0x00007ff87e1e0000 - 0x00007ff87e28a000 	C:\Windows\System32\sechost.dll
0x00007ff87f8a0000 - 0x00007ff87f9b8000 	C:\Windows\System32\RPCRT4.dll
0x00007ff87de10000 - 0x00007ff87de90000 	C:\Windows\System32\WS2_32.dll
0x00007ff87d110000 - 0x00007ff87d16e000 	C:\Windows\SYSTEM32\POWRPROF.dll
0x00007ff875350000 - 0x00007ff875386000 	C:\Windows\SYSTEM32\WINMM.dll
0x00007ff875340000 - 0x00007ff87534b000 	C:\Windows\SYSTEM32\VERSION.dll
0x00007ff87d0f0000 - 0x00007ff87d104000 	C:\Windows\SYSTEM32\UMPDC.dll
0x00007ff87b6d0000 - 0x00007ff87b6eb000 	C:\Windows\SYSTEM32\kernel.appcore.dll
0x00007ff86d940000 - 0x00007ff86d94a000 	C:\Users\16696\.jdks\ms-17.0.19\bin\jimage.dll
0x00007ff87ca80000 - 0x00007ff87ccc2000 	C:\Windows\SYSTEM32\DBGHELP.DLL
0x00007ff87fc50000 - 0x00007ff87ffd3000 	C:\Windows\System32\combase.dll
0x00007ff87f760000 - 0x00007ff87f839000 	C:\Windows\System32\OLEAUT32.dll
0x00007ff87c950000 - 0x00007ff87c98b000 	C:\Windows\SYSTEM32\dbgcore.DLL
0x00007ff87d360000 - 0x00007ff87d408000 	C:\Windows\System32\bcryptPrimitives.dll
0x00007ff86d930000 - 0x00007ff86d93f000 	C:\Users\16696\.jdks\ms-17.0.19\bin\instrument.dll
0x00007ff86d460000 - 0x00007ff86d486000 	C:\Users\16696\.jdks\ms-17.0.19\bin\java.dll
0x00007ff838aa0000 - 0x00007ff838b76000 	C:\Users\16696\.jdks\ms-17.0.19\bin\jsvml.dll
0x00007ff87ee60000 - 0x00007ff87f5e4000 	C:\Windows\System32\SHELL32.dll
0x00007ff87a390000 - 0x00007ff87ac10000 	C:\Windows\SYSTEM32\windows.storage.dll
0x00007ff87e350000 - 0x00007ff87e446000 	C:\Windows\System32\SHCORE.dll
0x00007ff87f9c0000 - 0x00007ff87fa27000 	C:\Windows\System32\shlwapi.dll
0x00007ff87d1d0000 - 0x00007ff87d1f9000 	C:\Windows\SYSTEM32\profapi.dll
0x00007ff86d080000 - 0x00007ff86d098000 	C:\Users\16696\.jdks\ms-17.0.19\bin\zip.dll
0x00007ff86d060000 - 0x00007ff86d07b000 	C:\Users\16696\.jdks\ms-17.0.19\bin\net.dll
0x00007ff874b00000 - 0x00007ff874c29000 	C:\Windows\SYSTEM32\WINHTTP.dll
0x00007ff87bbf0000 - 0x00007ff87bc5c000 	C:\Windows\system32\mswsock.dll
0x00007ff86ce40000 - 0x00007ff86ce56000 	C:\Users\16696\.jdks\ms-17.0.19\bin\nio.dll
0x00007ff86ce30000 - 0x00007ff86ce40000 	C:\Users\16696\.jdks\ms-17.0.19\bin\verify.dll
0x00007fffe4c80000 - 0x00007fffe4ca7000 	C:\Users\16696\.gradle\native\660c5614fbf4a5f2a75b1949f50a0caf5cd603558e7d8a26e50b933a0cfb79d1\windows-amd64\native-platform.dll
0x00007ff839070000 - 0x00007ff8390e7000 	C:\Users\16696\.gradle\native\0.2.8\x86_64-windows-gnu\gradle-fileevents.dll
0x00007ff86ce20000 - 0x00007ff86ce2a000 	C:\Users\16696\.jdks\ms-17.0.19\bin\management.dll
0x00007ff86ce10000 - 0x00007ff86ce1c000 	C:\Users\16696\.jdks\ms-17.0.19\bin\management_ext.dll
0x00007ff87fa70000 - 0x00007ff87fa78000 	C:\Windows\System32\PSAPI.DLL
0x00007ff87b0f0000 - 0x00007ff87b123000 	C:\Windows\SYSTEM32\IPHLPAPI.DLL
0x00007ff87fa60000 - 0x00007ff87fa6a000 	C:\Windows\System32\NSI.dll
0x00007ff875390000 - 0x00007ff8753ad000 	C:\Windows\SYSTEM32\dhcpcsvc6.DLL
0x00007ff874450000 - 0x00007ff874475000 	C:\Windows\SYSTEM32\dhcpcsvc.DLL
0x00007ff87b180000 - 0x00007ff87b2ca000 	C:\Windows\SYSTEM32\DNSAPI.dll
0x00007ff87ba10000 - 0x00007ff87ba1d000 	C:\Windows\SYSTEM32\DSPARSE.dll
0x00007ff86ce00000 - 0x00007ff86ce09000 	C:\Users\16696\.jdks\ms-17.0.19\bin\extnet.dll
0x00007ff87cdd0000 - 0x00007ff87cdeb000 	C:\Windows\SYSTEM32\CRYPTSP.dll
0x00007ff87be90000 - 0x00007ff87bec9000 	C:\Windows\system32\rsaenh.dll
0x00007ff87bc60000 - 0x00007ff87bc93000 	C:\Windows\SYSTEM32\USERENV.dll
0x00007ff87d1a0000 - 0x00007ff87d1ca000 	C:\Windows\SYSTEM32\bcrypt.dll
0x00007ff87be80000 - 0x00007ff87be8c000 	C:\Windows\SYSTEM32\CRYPTBASE.dll
0x00007ff86cdd0000 - 0x00007ff86cdde000 	C:\Users\16696\.jdks\ms-17.0.19\bin\sunmscapi.dll
0x00007ff87d410000 - 0x00007ff87d588000 	C:\Windows\System32\CRYPT32.dll
0x00007ff87c370000 - 0x00007ff87c3a0000 	C:\Windows\SYSTEM32\ncrypt.dll
0x00007ff87c320000 - 0x00007ff87c35f000 	C:\Windows\SYSTEM32\NTASN1.dll
0x00007ff865540000 - 0x00007ff865548000 	C:\Windows\system32\wshunix.dll

dbghelp: loaded successfully - version: 4.0.5 - missing functions: none
symbol engine: initialized successfully - sym options: 0x614 - pdb path: .;C:\Users\16696\.jdks\ms-17.0.19\bin;C:\Windows\SYSTEM32;C:\Windows\WinSxS\amd64_microsoft.windows.common-controls_6595b64144ccf1df_6.0.26100.8521_none_3e08b75ce33403b3;C:\Users\16696\.jdks\ms-17.0.19\bin\server;C:\Users\16696\.gradle\native\660c5614fbf4a5f2a75b1949f50a0caf5cd603558e7d8a26e50b933a0cfb79d1\windows-amd64;C:\Users\16696\.gradle\native\0.2.8\x86_64-windows-gnu

VM Arguments:
jvm_args: --add-opens=java.base/java.lang=ALL-UNNAMED --add-opens=java.base/java.lang.invoke=ALL-UNNAMED --add-opens=java.base/java.util=ALL-UNNAMED --add-opens=java.prefs/java.util.prefs=ALL-UNNAMED --add-exports=jdk.compiler/com.sun.tools.javac.api=ALL-UNNAMED --add-exports=jdk.compiler/com.sun.tools.javac.util=ALL-UNNAMED --add-opens=java.base/java.util=ALL-UNNAMED --add-opens=java.prefs/java.util.prefs=ALL-UNNAMED --add-opens=java.base/java.nio.charset=ALL-UNNAMED --add-opens=java.base/java.net=ALL-UNNAMED --add-opens=java.base/java.util.concurrent=ALL-UNNAMED --add-opens=java.base/java.util.concurrent.atomic=ALL-UNNAMED --add-opens=java.xml/javax.xml.namespace=ALL-UNNAMED --add-opens=java.base/java.time=ALL-UNNAMED -Xmx2048m -Dfile.encoding=UTF-8 -Duser.country=CN -Duser.language=zh -Duser.variant -javaagent:C:\Users\16696\.gradle\wrapper\dists\gradle-9.4.1-bin\arn2x92ynaizyzdaamcbpbhtj\gradle-9.4.1\lib\agents\gradle-instrumentation-agent-9.4.1.jar 
java_command: org.gradle.launcher.daemon.bootstrap.GradleDaemon 9.4.1
java_class_path (initial): C:\Users\16696\.gradle\wrapper\dists\gradle-9.4.1-bin\arn2x92ynaizyzdaamcbpbhtj\gradle-9.4.1\lib\gradle-daemon-main-9.4.1.jar
Launcher Type: SUN_STANDARD

[Global flags]
     intx CICompilerCount                          = 4                                         {product} {ergonomic}
     uint ConcGCThreads                            = 2                                         {product} {ergonomic}
     uint G1ConcRefinementThreads                  = 9                                         {product} {ergonomic}
   size_t G1HeapRegionSize                         = 1048576                                   {product} {ergonomic}
    uintx GCDrainStackTargetSize                   = 64                                        {product} {ergonomic}
   size_t InitialHeapSize                          = 260046848                                 {product} {ergonomic}
   size_t MarkStackSize                            = 4194304                                   {product} {ergonomic}
   size_t MaxHeapSize                              = 2147483648                                {product} {command line}
   size_t MaxNewSize                               = 1287651328                                {product} {ergonomic}
   size_t MinHeapDeltaBytes                        = 1048576                                   {product} {ergonomic}
   size_t MinHeapSize                              = 8388608                                   {product} {ergonomic}
    uintx NonNMethodCodeHeapSize                   = 5839372                                {pd product} {ergonomic}
    uintx NonProfiledCodeHeapSize                  = 122909434                              {pd product} {ergonomic}
    uintx ProfiledCodeHeapSize                     = 122909434                              {pd product} {ergonomic}
    uintx ReservedCodeCacheSize                    = 251658240                              {pd product} {ergonomic}
     bool SegmentedCodeCache                       = true                                      {product} {ergonomic}
   size_t SoftMaxHeapSize                          = 2147483648                             {manageable} {ergonomic}
     bool UseCompressedClassPointers               = true                           {product lp64_product} {ergonomic}
     bool UseCompressedOops                        = true                           {product lp64_product} {ergonomic}
     bool UseG1GC                                  = true                                      {product} {ergonomic}
     bool UseLargePagesIndividualAllocation        = false                                  {pd product} {ergonomic}

Logging:
Log output configuration:
 #0: stdout all=warning uptime,level,tags
 #1: stderr all=off uptime,level,tags

Environment Variables:
PATH=D:\Android\jdk-8.0.492.9-hotspot\bin;C:\Program Files (x86)\VMware\VMware Workstation\bin\;C:\Windows\system32;C:\Windows;C:\Windows\System32\Wbem;C:\Windows\System32\WindowsPowerShell\v1.0\;C:\Windows\System32\OpenSSH\;D:\Git\Git\cmd;D:\Cmake\bin;D:\Windows Kits\10\Windows Performance Toolkit\;C:\Program Files\CMake\bin;C:\Program Files\TortoiseGit\bin;C:\NXP\S32DS.3.5\S32DS\build_tools\gcc-10.2-arm32-eabi\bin;D:\Xshell\;C:\Users\16696\AppData\Local\Programs\Python\Python314\Scripts\;C:\Users\16696\AppData\Local\Programs\Python\Python314\;C:\Users\16696\AppData\Local\Microsoft\WindowsApps;D:\pycharm\PyCharm 2026.1.2\bin;D:\vscode\Microsoft VS Code\bin;D:\Android\Sdk\platform-tools;
USERNAME=16696
OS=Windows_NT
PROCESSOR_IDENTIFIER=Intel64 Family 6 Model 198 Stepping 2, GenuineIntel
TMP=C:\Users\16696\AppData\Local\Temp
TEMP=C:\Users\16696\AppData\Local\Temp



Periodic native trim disabled


---------------  S Y S T E M  ---------------

OS:
 Windows 11 , 64 bit Build 26100 (10.0.26100.8521)
OS uptime: 1 days 20:25 hours
Hyper-V role detected

CPU: total 10 (initial active 10) (10 cores per cpu, 1 threads per core) family 6 model 198 stepping 2 microcode 0x118, cx8, cmov, fxsr, mmx, 3dnowpref, sse, sse2, sse3, ssse3, sse4.1, sse4.2, popcnt, lzcnt, tsc, tscinvbit, avx, avx2, aes, erms, clmul, bmi1, bmi2, adx, sha, fma, vzeroupper, clflush, clflushopt, clwb, hv
Processor Information for processor 0
  Max Mhz: 3300, Current Mhz: 3300, Mhz Limit: 3300
Processor Information for processor 1
  Max Mhz: 3300, Current Mhz: 3300, Mhz Limit: 3300
Processor Information for processor 2
  Max Mhz: 2700, Current Mhz: 2700, Mhz Limit: 2700
Processor Information for processor 3
  Max Mhz: 2700, Current Mhz: 2700, Mhz Limit: 2700
Processor Information for processor 4
  Max Mhz: 2700, Current Mhz: 2700, Mhz Limit: 2700
Processor Information for processor 5
  Max Mhz: 2700, Current Mhz: 2700, Mhz Limit: 2700
Processor Information for processor 6
  Max Mhz: 3300, Current Mhz: 3300, Mhz Limit: 3300
Processor Information for processor 7
  Max Mhz: 3300, Current Mhz: 3300, Mhz Limit: 3300
Processor Information for processor 8
  Max Mhz: 3300, Current Mhz: 3300, Mhz Limit: 3300
Processor Information for processor 9
  Max Mhz: 3300, Current Mhz: 3300, Mhz Limit: 3300

Memory: 4k page, system-wide physical 15751M (785M free)
TotalPageFile size 54151M (AvailPageFile size 31M)
current process WorkingSet (physical memory assigned to process): 791M, peak: 794M
current process commit charge ("private bytes"): 865M, peak: 869M

vm_info: OpenJDK 64-Bit Server VM (17.0.19+10-LTS) for windows-amd64 JRE (17.0.19+10-LTS), built on Apr 18 2026 18:24:40 by "MicrosoftCorporation" with MS VC++ 17.14 (VS2022)

END.
