#
# There is insufficient memory for the Java Runtime Environment to continue.
# Native memory allocation (mmap) failed to map 524288000 bytes. Error detail: G1 virtual space
# Possible reasons:
#   The system is out of physical RAM or swap space
#   This process is running with CompressedOops enabled, and the Java Heap may be blocking the growth of the native heap
# Possible solutions:
#   Reduce memory load on the system
#   Increase physical memory or swap space
#   Check if swap backing store is full
#   Decrease Java heap size (-Xmx/-Xms)
#   Decrease number of Java threads
#   Decrease Java thread stack sizes (-Xss)
#   Set larger code cache with -XX:ReservedCodeCacheSize=
#   JVM is running with Unscaled Compressed Oops mode in which the Java heap is
#     placed in the first 4GB address space. The Java Heap base address is the
#     maximum limit for the native heap growth. Please use -XX:HeapBaseMinAddress
#     to set the Java Heap base and to place the Java Heap above 4GB virtual address.
# This output file may be truncated or incomplete.
#
#  Out of Memory Error (os_windows.cpp:3690), pid=10840, tid=4736
#
# JRE version: OpenJDK Runtime Environment Microsoft-13877129 (17.0.19+10) (build 17.0.19+10-LTS)
# Java VM: OpenJDK 64-Bit Server VM Microsoft-13877129 (17.0.19+10-LTS, mixed mode, sharing, tiered, compressed oops, compressed class ptrs, g1 gc, windows-amd64)
# No core dump will be written. Minidumps are not enabled by default on client versions of Windows
#

---------------  S U M M A R Y ------------

Command Line: --add-opens=java.base/java.lang=ALL-UNNAMED --add-opens=java.base/java.lang.invoke=ALL-UNNAMED --add-opens=java.base/java.util=ALL-UNNAMED --add-opens=java.prefs/java.util.prefs=ALL-UNNAMED --add-exports=jdk.compiler/com.sun.tools.javac.api=ALL-UNNAMED --add-exports=jdk.compiler/com.sun.tools.javac.util=ALL-UNNAMED --add-opens=java.base/java.util=ALL-UNNAMED --add-opens=java.prefs/java.util.prefs=ALL-UNNAMED --add-opens=java.base/java.nio.charset=ALL-UNNAMED --add-opens=java.base/java.net=ALL-UNNAMED --add-opens=java.base/java.util.concurrent=ALL-UNNAMED --add-opens=java.base/java.util.concurrent.atomic=ALL-UNNAMED --add-opens=java.xml/javax.xml.namespace=ALL-UNNAMED --add-opens=java.base/java.time=ALL-UNNAMED -Xmx2048m -Dfile.encoding=UTF-8 -Duser.country=CN -Duser.language=zh -Duser.variant -javaagent:C:\Users\16696\.gradle\wrapper\dists\gradle-9.4.1-bin\arn2x92ynaizyzdaamcbpbhtj\gradle-9.4.1\lib\agents\gradle-instrumentation-agent-9.4.1.jar org.gradle.launcher.daemon.bootstrap.GradleDaemon 9.4.1

Host: Intel(R) Core(TM) Ultra 5 225, 10 cores, 15G,  Windows 11 , 64 bit Build 26100 (10.0.26100.8521)
Time: Tue Jul 14 11:58:08 2026  Windows 11 , 64 bit Build 26100 (10.0.26100.8521) elapsed time: 15.872462 seconds (0d 0h 0m 15s)

---------------  T H R E A D  ---------------

Current thread (0x0000027bfb5640e0):  VMThread "VM Thread" [stack: 0x000000b960000000,0x000000b960100000] [id=4736]

Stack: [0x000000b960000000,0x000000b960100000]
Native frames: (J=compiled Java code, j=interpreted, Vv=VM code, C=native code)
V  [jvm.dll+0x68cc89]  (no source info available)
V  [jvm.dll+0x845d89]  (no source info available)
V  [jvm.dll+0x847af8]  (no source info available)
V  [jvm.dll+0x848183]  (no source info available)
V  [jvm.dll+0x24d0bf]  (no source info available)
V  [jvm.dll+0x68c089]  (no source info available)
V  [jvm.dll+0x68064a]  (no source info available)
V  [jvm.dll+0x3102f0]  (no source info available)
V  [jvm.dll+0x310192]  (no source info available)
V  [jvm.dll+0x317709]  (no source info available)
V  [jvm.dll+0x369b09]  (no source info available)
V  [jvm.dll+0x369d3d]  (no source info available)
V  [jvm.dll+0x2e6afa]  (no source info available)
V  [jvm.dll+0x2e4ef1]  (no source info available)
V  [jvm.dll+0x2e468c]  (no source info available)
V  [jvm.dll+0x32903b]  (no source info available)
V  [jvm.dll+0x84ca0d]  (no source info available)
V  [jvm.dll+0x84d723]  (no source info available)
V  [jvm.dll+0x84dc54]  (no source info available)
V  [jvm.dll+0x84e038]  (no source info available)
V  [jvm.dll+0x84e12e]  (no source info available)
V  [jvm.dll+0x7f62cc]  (no source info available)
V  [jvm.dll+0x68e227]  (no source info available)
C  [ucrtbase.dll+0x2cd30]  (no source info available)
C  [KERNEL32.DLL+0x2e957]  (no source info available)
C  [ntdll.dll+0x87c1c]  (no source info available)

VM_Operation (0x000000b964cfeb90): G1CollectForAllocation, mode: safepoint, requested by thread 0x0000027bcbf128f0


---------------  P R O C E S S  ---------------

Threads class SMR info:
_java_thread_list=0x0000027bd2340610, length=71, elements={
0x0000027bdd0791e0, 0x0000027bfb568940, 0x0000027bfb56b420, 0x0000027bfb593d30,
0x0000027bfb594600, 0x0000027bfb5804e0, 0x0000027bfb580db0, 0x0000027bfb5819b0,
0x0000027bfb584380, 0x0000027bfb5a5990, 0x0000027bfb944d10, 0x0000027bfbad7ef0,
0x0000027bc684c940, 0x0000027bc684ce50, 0x0000027bc684a0c0, 0x0000027bc684aae0,
0x0000027bc684d870, 0x0000027bc684a5d0, 0x0000027bc684ba10, 0x0000027bc684b500,
0x0000027bc684aff0, 0x0000027bc684bf20, 0x0000027bc684d360, 0x0000027bc684c430,
0x0000027bc837c060, 0x0000027bc837e3d0, 0x0000027bc837edf0, 0x0000027bc837d9b0,
0x0000027bc837ca80, 0x0000027bc837c570, 0x0000027bc837cf90, 0x0000027bc837d4a0,
0x0000027bc837dec0, 0x0000027bc837e8e0, 0x0000027bc837f300, 0x0000027bc9075030,
0x0000027bc9075a50, 0x0000027bc90778b0, 0x0000027bc90773a0, 0x0000027bc9077dc0,
0x0000027bc9074610, 0x0000027bc9074b20, 0x0000027bc9075540, 0x0000027bc9076470,
0x0000027bc9075f60, 0x0000027bc97a7330, 0x0000027bc97a8c80, 0x0000027bc97a9190,
0x0000027bc97a8260, 0x0000027bc97a8770, 0x0000027bc97a9bb0, 0x0000027bc97a96a0,
0x0000027bc97a6400, 0x0000027bc97ab500, 0x0000027bc97ad360, 0x0000027bc97aa5d0,
0x0000027bc97aba10, 0x0000027bc76def20, 0x0000027bc76e09b0, 0x0000027bc97ad870,
0x0000027bcbf114b0, 0x0000027bcbf123e0, 0x0000027bcbf0f650, 0x0000027bcbf128f0,
0x0000027bcbf0fb60, 0x0000027bcbf13310, 0x0000027bcbf10a90, 0x0000027bcbf13820,
0x0000027bcbf10070, 0x0000027bcbf10580, 0x0000027bcbf14750
}

Java Threads: ( => current thread )
  0x0000027bdd0791e0 JavaThread "main" [_thread_blocked, id=6784, stack(0x000000b95fa00000,0x000000b95fb00000)]
  0x0000027bfb568940 JavaThread "Reference Handler" daemon [_thread_blocked, id=12112, stack(0x000000b960100000,0x000000b960200000)]
  0x0000027bfb56b420 JavaThread "Finalizer" daemon [_thread_blocked, id=13960, stack(0x000000b960200000,0x000000b960300000)]
  0x0000027bfb593d30 JavaThread "Signal Dispatcher" daemon [_thread_blocked, id=21820, stack(0x000000b960300000,0x000000b960400000)]
  0x0000027bfb594600 JavaThread "Attach Listener" daemon [_thread_blocked, id=25352, stack(0x000000b960400000,0x000000b960500000)]
  0x0000027bfb5804e0 JavaThread "Service Thread" daemon [_thread_blocked, id=21484, stack(0x000000b960500000,0x000000b960600000)]
  0x0000027bfb580db0 JavaThread "Monitor Deflation Thread" daemon [_thread_blocked, id=7024, stack(0x000000b960600000,0x000000b960700000)]
  0x0000027bfb5819b0 JavaThread "C2 CompilerThread0" daemon [_thread_blocked, id=22264, stack(0x000000b960700000,0x000000b960800000)]
  0x0000027bfb584380 JavaThread "C1 CompilerThread0" daemon [_thread_blocked, id=22336, stack(0x000000b960800000,0x000000b960900000)]
  0x0000027bfb5a5990 JavaThread "Sweeper thread" daemon [_thread_blocked, id=10760, stack(0x000000b960900000,0x000000b960a00000)]
  0x0000027bfb944d10 JavaThread "Common-Cleaner" daemon [_thread_blocked, id=22656, stack(0x000000b960a00000,0x000000b960b00000)]
  0x0000027bfbad7ef0 JavaThread "Notification Thread" daemon [_thread_blocked, id=6872, stack(0x000000b960c00000,0x000000b960d00000)]
  0x0000027bc684c940 JavaThread "Daemon health stats" [_thread_blocked, id=25444, stack(0x000000b961300000,0x000000b961400000)]
  0x0000027bc684ce50 JavaThread "Incoming local TCP Connector on port 53717" [_thread_in_native, id=21836, stack(0x000000b961400000,0x000000b961500000)]
  0x0000027bc684a0c0 JavaThread "Daemon periodic checks" [_thread_blocked, id=18264, stack(0x000000b961500000,0x000000b961600000)]
  0x0000027bc684aae0 JavaThread "Daemon" [_thread_blocked, id=17192, stack(0x000000b961600000,0x000000b961700000)]
  0x0000027bc684d870 JavaThread "Handler for socket connection from /127.0.0.1:53717 to /127.0.0.1:53718" [_thread_in_native, id=24552, stack(0x000000b961700000,0x000000b961800000)]
  0x0000027bc684a5d0 JavaThread "Cancel handler" [_thread_blocked, id=10904, stack(0x000000b961800000,0x000000b961900000)]
  0x0000027bc684ba10 JavaThread "Daemon worker" [_thread_blocked, id=21604, stack(0x000000b961900000,0x000000b961a00000)]
  0x0000027bc684b500 JavaThread "Asynchronous log dispatcher for DefaultDaemonConnection: socket connection from /127.0.0.1:53717 to /127.0.0.1:53718" [_thread_blocked, id=16008, stack(0x000000b961a00000,0x000000b961b00000)]
  0x0000027bc684aff0 JavaThread "Stdin handler" [_thread_blocked, id=19912, stack(0x000000b961b00000,0x000000b961c00000)]
  0x0000027bc684bf20 JavaThread "Daemon client event forwarder" [_thread_blocked, id=10308, stack(0x000000b961c00000,0x000000b961d00000)]
  0x0000027bc684d360 JavaThread "Cache worker for journal cache (C:\Users\16696\.gradle\caches\journal-1)" [_thread_blocked, id=3656, stack(0x000000b961d00000,0x000000b961e00000)]
  0x0000027bc684c430 JavaThread "File lock request listener" [_thread_in_native, id=11848, stack(0x000000b961e00000,0x000000b961f00000)]
  0x0000027bc837c060 JavaThread "Cache worker for file hash cache (C:\Users\16696\.gradle\caches\9.4.1\fileHashes)" [_thread_blocked, id=20548, stack(0x000000b961f00000,0x000000b962000000)]
  0x0000027bc837e3d0 JavaThread "Cache worker for file hash cache (D:\Code\Application\music1\.gradle\9.4.1\fileHashes)" [_thread_blocked, id=21108, stack(0x000000b962500000,0x000000b962600000)]
  0x0000027bc837edf0 JavaThread "Cache worker for Build Output Cleanup Cache (D:\Code\Application\music1\.gradle\buildOutputCleanup)" [_thread_blocked, id=23840, stack(0x000000b962600000,0x000000b962700000)]
  0x0000027bc837d9b0 JavaThread "File watcher server" daemon [_thread_blocked, id=25572, stack(0x000000b962700000,0x000000b962800000)]
  0x0000027bc837ca80 JavaThread "File watcher consumer" daemon [_thread_blocked, id=4944, stack(0x000000b962800000,0x000000b962900000)]
  0x0000027bc837c570 JavaThread "Cache worker for file content cache (C:\Users\16696\.gradle\caches\9.4.1\fileContent)" [_thread_blocked, id=5592, stack(0x000000b962900000,0x000000b962a00000)]
  0x0000027bc837cf90 JavaThread "Cache worker for checksums cache (D:\Code\Application\music1\.gradle\9.4.1\checksums)" [_thread_blocked, id=14132, stack(0x000000b962b00000,0x000000b962c00000)]
  0x0000027bc837d4a0 JavaThread "Cache worker for cache directory md-supplier (C:\Users\16696\.gradle\caches\9.4.1\md-supplier)" [_thread_blocked, id=20192, stack(0x000000b962c00000,0x000000b962d00000)]
  0x0000027bc837dec0 JavaThread "Cache worker for cache directory md-rule (C:\Users\16696\.gradle\caches\9.4.1\md-rule)" [_thread_blocked, id=6436, stack(0x000000b962d00000,0x000000b962e00000)]
  0x0000027bc837e8e0 JavaThread "File lock release action executor" [_thread_blocked, id=4780, stack(0x000000b962e00000,0x000000b962f00000)]
  0x0000027bc837f300 JavaThread "Build operations" [_thread_blocked, id=25424, stack(0x000000b960e00000,0x000000b960f00000)]
  0x0000027bc9075030 JavaThread "Build operations Thread 2" [_thread_blocked, id=5100, stack(0x000000b962f00000,0x000000b963000000)]
  0x0000027bc9075a50 JavaThread "Build operations Thread 3" [_thread_blocked, id=22564, stack(0x000000b963000000,0x000000b963100000)]
  0x0000027bc90778b0 JavaThread "Build operations Thread 4" [_thread_blocked, id=24720, stack(0x000000b963200000,0x000000b963300000)]
  0x0000027bc90773a0 JavaThread "Build operations Thread 5" [_thread_blocked, id=16216, stack(0x000000b963300000,0x000000b963400000)]
  0x0000027bc9077dc0 JavaThread "Build operations Thread 6" [_thread_blocked, id=16172, stack(0x000000b963400000,0x000000b963500000)]
  0x0000027bc9074610 JavaThread "Build operations Thread 7" [_thread_blocked, id=21452, stack(0x000000b963500000,0x000000b963600000)]
  0x0000027bc9074b20 JavaThread "Build operations Thread 8" [_thread_blocked, id=16388, stack(0x000000b963600000,0x000000b963700000)]
  0x0000027bc9075540 JavaThread "Build operations Thread 9" [_thread_blocked, id=17860, stack(0x000000b963700000,0x000000b963800000)]
  0x0000027bc9076470 JavaThread "Build operations Thread 10" [_thread_blocked, id=22604, stack(0x000000b963800000,0x000000b963900000)]
  0x0000027bc9075f60 JavaThread "Memory manager" [_thread_blocked, id=19964, stack(0x000000b960b00000,0x000000b960c00000)]
  0x0000027bc97a7330 JavaThread "build event listener" [_thread_blocked, id=7944, stack(0x000000b963900000,0x000000b963a00000)]
  0x0000027bc97a8c80 JavaThread "included builds" [_thread_blocked, id=4912, stack(0x000000b963b00000,0x000000b963c00000)]
  0x0000027bc97a9190 JavaThread "Execution worker" [_thread_blocked, id=7128, stack(0x000000b963c00000,0x000000b963d00000)]
  0x0000027bc97a8260 JavaThread "Execution worker Thread 2" [_thread_blocked, id=9576, stack(0x000000b963d00000,0x000000b963e00000)]
  0x0000027bc97a8770 JavaThread "Execution worker Thread 3" [_thread_blocked, id=15332, stack(0x000000b963e00000,0x000000b963f00000)]
  0x0000027bc97a9bb0 JavaThread "Execution worker Thread 4" [_thread_blocked, id=1488, stack(0x000000b963f00000,0x000000b964000000)]
  0x0000027bc97a96a0 JavaThread "Execution worker Thread 5" [_thread_blocked, id=23144, stack(0x000000b964000000,0x000000b964100000)]
  0x0000027bc97a6400 JavaThread "Execution worker Thread 6" [_thread_blocked, id=9772, stack(0x000000b964100000,0x000000b964200000)]
  0x0000027bc97ab500 JavaThread "Execution worker Thread 7" [_thread_blocked, id=22708, stack(0x000000b964200000,0x000000b964300000)]
  0x0000027bc97ad360 JavaThread "Execution worker Thread 8" [_thread_blocked, id=6752, stack(0x000000b964300000,0x000000b964400000)]
  0x0000027bc97aa5d0 JavaThread "Execution worker Thread 9" [_thread_blocked, id=22876, stack(0x000000b964400000,0x000000b964500000)]
  0x0000027bc97aba10 JavaThread "Cache worker for execution history cache (D:\Code\Application\music1\.gradle\9.4.1\executionHistory)" [_thread_blocked, id=14884, stack(0x000000b964500000,0x000000b964600000)]
  0x0000027bc76def20 JavaThread "C2 CompilerThread1" daemon [_thread_blocked, id=5364, stack(0x000000b963100000,0x000000b963200000)]
  0x0000027bc76e09b0 JavaThread "C2 CompilerThread2" daemon [_thread_blocked, id=6704, stack(0x000000b963a00000,0x000000b963b00000)]
  0x0000027bc97ad870 JavaThread "Cache worker for Java compile cache (C:\Users\16696\.gradle\caches\9.4.1\javaCompile)" [_thread_blocked, id=22464, stack(0x000000b964600000,0x000000b964700000)]
  0x0000027bcbf114b0 JavaThread "Problems report writer" [_thread_blocked, id=7876, stack(0x000000b964700000,0x000000b964800000)]
  0x0000027bcbf123e0 JavaThread "ForkJoinPool-1-worker-1" daemon [_thread_blocked, id=25256, stack(0x000000b964a00000,0x000000b964b00000)]
  0x0000027bcbf0f650 JavaThread "ForkJoinPool-1-worker-2" daemon [_thread_blocked, id=22304, stack(0x000000b964b00000,0x000000b964c00000)]
  0x0000027bcbf128f0 JavaThread "ForkJoinPool-1-worker-3" daemon [_thread_blocked, id=20128, stack(0x000000b964c00000,0x000000b964d00000)]
  0x0000027bcbf0fb60 JavaThread "ForkJoinPool-1-worker-4" daemon [_thread_blocked, id=18800, stack(0x000000b964d00000,0x000000b964e00000)]
  0x0000027bcbf13310 JavaThread "ForkJoinPool-1-worker-5" daemon [_thread_blocked, id=18384, stack(0x000000b964e00000,0x000000b964f00000)]
  0x0000027bcbf10a90 JavaThread "ForkJoinPool-1-worker-6" daemon [_thread_blocked, id=2980, stack(0x000000b964f00000,0x000000b965000000)]
  0x0000027bcbf13820 JavaThread "ForkJoinPool-1-worker-7" daemon [_thread_blocked, id=22412, stack(0x000000b965000000,0x000000b965100000)]
  0x0000027bcbf10070 JavaThread "ForkJoinPool-1-worker-8" daemon [_thread_blocked, id=21780, stack(0x000000b965100000,0x000000b965200000)]
  0x0000027bcbf10580 JavaThread "ForkJoinPool-1-worker-9" daemon [_thread_blocked, id=7012, stack(0x000000b965200000,0x000000b965300000)]
  0x0000027bcbf14750 JavaThread "ForkJoinPool-1-worker-10" daemon [_thread_blocked, id=4228, stack(0x000000b965300000,0x000000b965400000)]

Other Threads:
=>0x0000027bfb5640e0 VMThread "VM Thread" [stack: 0x000000b960000000,0x000000b960100000] [id=4736]
  0x0000027bdd079e70 WatcherThread [stack: 0x000000b960d00000,0x000000b960e00000] [id=22012]
  0x0000027bdd0d70c0 GCTaskThread "GC Thread#0" [stack: 0x000000b95fb00000,0x000000b95fc00000] [id=7036]
  0x0000027bc5e07760 GCTaskThread "GC Thread#1" [stack: 0x000000b960f00000,0x000000b961000000] [id=11604]
  0x0000027bc5e07a30 GCTaskThread "GC Thread#2" [stack: 0x000000b961000000,0x000000b961100000] [id=22852]
  0x0000027bc5f8b840 GCTaskThread "GC Thread#3" [stack: 0x000000b961100000,0x000000b961200000] [id=6568]
  0x0000027bc5f8bb10 GCTaskThread "GC Thread#4" [stack: 0x000000b961200000,0x000000b961300000] [id=9088]
  0x0000027bc5caf9b0 GCTaskThread "GC Thread#5" [stack: 0x000000b962000000,0x000000b962100000] [id=25580]
  0x0000027bc5caff50 GCTaskThread "GC Thread#6" [stack: 0x000000b962100000,0x000000b962200000] [id=16660]
  0x0000027bc5caf140 GCTaskThread "GC Thread#7" [stack: 0x000000b962200000,0x000000b962300000] [id=23660]
  0x0000027bc5caf6e0 GCTaskThread "GC Thread#8" [stack: 0x000000b962300000,0x000000b962400000] [id=25416]
  0x0000027bdd0ea220 ConcurrentGCThread "G1 Main Marker" [stack: 0x000000b95fc00000,0x000000b95fd00000] [id=10708]
  0x0000027bdd0eba00 ConcurrentGCThread "G1 Conc#0" [stack: 0x000000b95fd00000,0x000000b95fe00000] [id=25064]
  0x0000027bc5cafc80 ConcurrentGCThread "G1 Conc#1" [stack: 0x000000b962400000,0x000000b962500000] [id=6552]
  0x0000027bdd11eb20 ConcurrentGCThread "G1 Refine#0" [stack: 0x000000b95fe00000,0x000000b95ff00000] [id=10168]
  0x0000027bc79b6020 ConcurrentGCThread "G1 Refine#1" [stack: 0x000000b962a00000,0x000000b962b00000] [id=1072]
  0x0000027bc85cf3e0 ConcurrentGCThread "G1 Refine#2" [stack: 0x000000b964800000,0x000000b964900000] [id=15056]
  0x0000027bc85cf6e0 ConcurrentGCThread "G1 Refine#3" [stack: 0x000000b964900000,0x000000b964a00000] [id=18612]
  0x0000027bc85cffe0 ConcurrentGCThread "G1 Refine#4" [stack: 0x000000b965400000,0x000000b965500000] [id=12244]
  0x0000027bc85d17e0 ConcurrentGCThread "G1 Refine#5" [stack: 0x000000b965500000,0x000000b965600000] [id=22668]
  0x0000027bc85d02e0 ConcurrentGCThread "G1 Refine#6" [stack: 0x000000b965600000,0x000000b965700000] [id=22196]
  0x0000027bfb4a24b0 ConcurrentGCThread "G1 Service" [stack: 0x000000b95ff00000,0x000000b960000000] [id=24056]

Threads with active compile tasks:
C2 CompilerThread0  15897 16627       4       com.android.tools.r8.internal.df3::b (107 bytes)
C1 CompilerThread0  15897 16628       3       com.android.tools.r8.internal.ye3::iterator (12 bytes)
C2 CompilerThread1  15897 16623       4       com.android.tools.r8.internal.df3::b (258 bytes)
C2 CompilerThread2  15897 16608   !   4       com.android.tools.r8.graph.k6::toString (26 bytes)

VM state: at safepoint (normal execution)

VM Mutex/Monitor currently owned by a thread:  ([mutex/lock_event])
[0x0000027bdd0738c0] Threads_lock - owner thread: 0x0000027bfb5640e0
[0x0000027bdd074250] Heap_lock - owner thread: 0x0000027bcbf128f0

Heap address: 0x0000000080000000, size: 2048 MB, Compressed Oops mode: 32-bit

CDS archive(s) mapped at: [0x0000027b80000000-0x0000027b80bb0000-0x0000027b80bb0000), size 12255232, SharedBaseAddress: 0x0000027b80000000, ArchiveRelocationMode: 1.
Compressed class space mapped at: 0x0000027b81000000-0x0000027bc1000000, reserved size: 1073741824
Narrow klass base: 0x0000027b80000000, Narrow klass shift: 0, Narrow klass range: 0x100000000

GC Precious Log:
 CPUs: 10 total, 10 available
 Memory: 15751M
 Large Page Support: Disabled
 NUMA Support: Disabled
 Compressed Oops: Enabled (32-bit)
 Heap Region Size: 1M
 Heap Min Capacity: 8M
 Heap Initial Capacity: 248M
 Heap Max Capacity: 2G
 Pre-touch: Disabled
 Parallel Workers: 9
 Concurrent Workers: 2
 Concurrent Refinement Workers: 9
 Periodic GC: Disabled

Heap:
 garbage-first heap   total 332800K, used 174329K [0x0000000080000000, 0x0000000100000000)
  region size 1024K, 2 young (2048K), 2 survivors (2048K)
 Metaspace       used 120743K, committed 121600K, reserved 1179648K
  class space    used 17058K, committed 17472K, reserved 1048576K

Heap Regions: E=young(eden), S=young(survivor), O=old, HS=humongous(starts), HC=humongous(continues), CS=collection set, F=free, OA=open archive, CA=closed archive, TAMS=top-at-mark-start (previous, next)
|   0|0x0000000080000000, 0x0000000080100000, 0x0000000080100000|100%|HS|  |TAMS 0x0000000080100000, 0x0000000080000000| Complete 
|   1|0x0000000080100000, 0x0000000080200000, 0x0000000080200000|100%|HC|  |TAMS 0x0000000080200000, 0x0000000080100000| Complete 
|   2|0x0000000080200000, 0x0000000080300000, 0x0000000080300000|100%|HC|  |TAMS 0x0000000080300000, 0x0000000080200000| Complete 
|   3|0x0000000080300000, 0x0000000080400000, 0x0000000080400000|100%|HC|  |TAMS 0x0000000080400000, 0x0000000080300000| Complete 
|   4|0x0000000080400000, 0x0000000080500000, 0x0000000080500000|100%| O|  |TAMS 0x0000000080500000, 0x0000000080400000| Untracked 
|   5|0x0000000080500000, 0x0000000080600000, 0x0000000080600000|100%| O|  |TAMS 0x0000000080600000, 0x0000000080500000| Untracked 
|   6|0x0000000080600000, 0x0000000080700000, 0x0000000080700000|100%| O|  |TAMS 0x0000000080700000, 0x0000000080600000| Untracked 
|   7|0x0000000080700000, 0x0000000080800000, 0x0000000080800000|100%| O|  |TAMS 0x0000000080800000, 0x0000000080700000| Untracked 
|   8|0x0000000080800000, 0x0000000080900000, 0x0000000080900000|100%|HS|  |TAMS 0x0000000080900000, 0x0000000080800000| Complete 
|   9|0x0000000080900000, 0x0000000080a00000, 0x0000000080a00000|100%| O|  |TAMS 0x0000000080a00000, 0x0000000080900000| Untracked 
|  10|0x0000000080a00000, 0x0000000080b00000, 0x0000000080b00000|100%| O|  |TAMS 0x0000000080b00000, 0x0000000080a00000| Untracked 
|  11|0x0000000080b00000, 0x0000000080c00000, 0x0000000080c00000|100%| O|  |TAMS 0x0000000080c00000, 0x0000000080b00000| Untracked 
|  12|0x0000000080c00000, 0x0000000080cfe400, 0x0000000080d00000| 99%| O|  |TAMS 0x0000000080cfe400, 0x0000000080c00000| Untracked 
|  13|0x0000000080d00000, 0x0000000080e00000, 0x0000000080e00000|100%| O|  |TAMS 0x0000000080e00000, 0x0000000080d00000| Untracked 
|  14|0x0000000080e00000, 0x0000000080f00000, 0x0000000080f00000|100%| O|  |TAMS 0x0000000080f00000, 0x0000000080e00000| Untracked 
|  15|0x0000000080f00000, 0x0000000081000000, 0x0000000081000000|100%| O|  |TAMS 0x0000000081000000, 0x0000000080f00000| Untracked 
|  16|0x0000000081000000, 0x0000000081100000, 0x0000000081100000|100%| O|  |TAMS 0x0000000081100000, 0x0000000081000000| Untracked 
|  17|0x0000000081100000, 0x0000000081200000, 0x0000000081200000|100%| O|  |TAMS 0x0000000081200000, 0x0000000081100000| Untracked 
|  18|0x0000000081200000, 0x0000000081300000, 0x0000000081300000|100%| O|  |TAMS 0x0000000081300000, 0x0000000081200000| Untracked 
|  19|0x0000000081300000, 0x0000000081400000, 0x0000000081400000|100%| O|  |TAMS 0x0000000081400000, 0x0000000081300000| Untracked 
|  20|0x0000000081400000, 0x0000000081500000, 0x0000000081500000|100%| O|  |TAMS 0x0000000081500000, 0x0000000081400000| Untracked 
|  21|0x0000000081500000, 0x0000000081600000, 0x0000000081600000|100%| O|  |TAMS 0x0000000081600000, 0x0000000081500000| Untracked 
|  22|0x0000000081600000, 0x0000000081700000, 0x0000000081700000|100%| O|  |TAMS 0x0000000081700000, 0x0000000081600000| Untracked 
|  23|0x0000000081700000, 0x0000000081800000, 0x0000000081800000|100%| O|  |TAMS 0x0000000081800000, 0x0000000081700000| Untracked 
|  24|0x0000000081800000, 0x0000000081900000, 0x0000000081900000|100%| O|  |TAMS 0x0000000081900000, 0x0000000081800000| Untracked 
|  25|0x0000000081900000, 0x0000000081a00000, 0x0000000081a00000|100%| O|  |TAMS 0x0000000081a00000, 0x0000000081900000| Untracked 
|  26|0x0000000081a00000, 0x0000000081b00000, 0x0000000081b00000|100%| O|  |TAMS 0x0000000081b00000, 0x0000000081a00000| Untracked 
|  27|0x0000000081b00000, 0x0000000081c00000, 0x0000000081c00000|100%| O|  |TAMS 0x0000000081c00000, 0x0000000081b00000| Untracked 
|  28|0x0000000081c00000, 0x0000000081d00000, 0x0000000081d00000|100%| O|  |TAMS 0x0000000081d00000, 0x0000000081c00000| Untracked 
|  29|0x0000000081d00000, 0x0000000081e00000, 0x0000000081e00000|100%| O|  |TAMS 0x0000000081e00000, 0x0000000081d00000| Untracked 
|  30|0x0000000081e00000, 0x0000000081f00000, 0x0000000081f00000|100%| O|  |TAMS 0x0000000081f00000, 0x0000000081e00000| Untracked 
|  31|0x0000000081f00000, 0x0000000082000000, 0x0000000082000000|100%| O|  |TAMS 0x0000000082000000, 0x0000000081f00000| Untracked 
|  32|0x0000000082000000, 0x0000000082100000, 0x0000000082100000|100%| O|  |TAMS 0x0000000082100000, 0x0000000082000000| Untracked 
|  33|0x0000000082100000, 0x0000000082200000, 0x0000000082200000|100%| O|  |TAMS 0x0000000082200000, 0x0000000082100000| Untracked 
|  34|0x0000000082200000, 0x0000000082300000, 0x0000000082300000|100%| O|  |TAMS 0x0000000082300000, 0x0000000082200000| Untracked 
|  35|0x0000000082300000, 0x0000000082400000, 0x0000000082400000|100%| O|  |TAMS 0x0000000082400000, 0x0000000082300000| Untracked 
|  36|0x0000000082400000, 0x0000000082500000, 0x0000000082500000|100%| O|  |TAMS 0x0000000082500000, 0x0000000082400000| Untracked 
|  37|0x0000000082500000, 0x0000000082600000, 0x0000000082600000|100%| O|  |TAMS 0x0000000082600000, 0x0000000082500000| Untracked 
|  38|0x0000000082600000, 0x0000000082600000, 0x0000000082700000|  0%| F|  |TAMS 0x0000000082600000, 0x0000000082600000| Untracked 
|  39|0x0000000082700000, 0x0000000082800000, 0x0000000082800000|100%| O|  |TAMS 0x0000000082800000, 0x0000000082700000| Untracked 
|  40|0x0000000082800000, 0x0000000082900000, 0x0000000082900000|100%| O|  |TAMS 0x0000000082900000, 0x0000000082800000| Untracked 
|  41|0x0000000082900000, 0x0000000082a00000, 0x0000000082a00000|100%|HS|  |TAMS 0x0000000082a00000, 0x0000000082900000| Complete 
|  42|0x0000000082a00000, 0x0000000082b00000, 0x0000000082b00000|100%| O|  |TAMS 0x0000000082b00000, 0x0000000082a00000| Untracked 
|  43|0x0000000082b00000, 0x0000000082c00000, 0x0000000082c00000|100%|HS|  |TAMS 0x0000000082c00000, 0x0000000082b00000| Complete 
|  44|0x0000000082c00000, 0x0000000082d00000, 0x0000000082d00000|100%|HS|  |TAMS 0x0000000082d00000, 0x0000000082c00000| Complete 
|  45|0x0000000082d00000, 0x0000000082e00000, 0x0000000082e00000|100%|HC|  |TAMS 0x0000000082e00000, 0x0000000082d00000| Complete 
|  46|0x0000000082e00000, 0x0000000082f00000, 0x0000000082f00000|100%|HS|  |TAMS 0x0000000082f00000, 0x0000000082e00000| Complete 
|  47|0x0000000082f00000, 0x0000000083000000, 0x0000000083000000|100%| O|  |TAMS 0x0000000083000000, 0x0000000082f00000| Untracked 
|  48|0x0000000083000000, 0x0000000083100000, 0x0000000083100000|100%| O|  |TAMS 0x0000000083100000, 0x0000000083000000| Untracked 
|  49|0x0000000083100000, 0x0000000083200000, 0x0000000083200000|100%| O|  |TAMS 0x0000000083200000, 0x0000000083100000| Untracked 
|  50|0x0000000083200000, 0x0000000083300000, 0x0000000083300000|100%|HS|  |TAMS 0x0000000083300000, 0x0000000083200000| Complete 
|  51|0x0000000083300000, 0x0000000083400000, 0x0000000083400000|100%|HS|  |TAMS 0x0000000083400000, 0x0000000083300000| Complete 
|  52|0x0000000083400000, 0x0000000083400000, 0x0000000083500000|  0%| F|  |TAMS 0x0000000083400000, 0x0000000083400000| Untracked 
|  53|0x0000000083500000, 0x0000000083600000, 0x0000000083600000|100%| O|  |TAMS 0x0000000083600000, 0x0000000083500000| Untracked 
|  54|0x0000000083600000, 0x0000000083700000, 0x0000000083700000|100%|HS|  |TAMS 0x0000000083700000, 0x0000000083600000| Complete 
|  55|0x0000000083700000, 0x0000000083800000, 0x0000000083800000|100%| O|  |TAMS 0x0000000083800000, 0x0000000083700000| Untracked 
|  56|0x0000000083800000, 0x0000000083900000, 0x0000000083900000|100%| O|  |TAMS 0x0000000083900000, 0x0000000083800000| Untracked 
|  57|0x0000000083900000, 0x0000000083a00000, 0x0000000083a00000|100%| O|  |TAMS 0x0000000083a00000, 0x0000000083900000| Untracked 
|  58|0x0000000083a00000, 0x0000000083b00000, 0x0000000083b00000|100%|HS|  |TAMS 0x0000000083b00000, 0x0000000083a00000| Complete 
|  59|0x0000000083b00000, 0x0000000083c00000, 0x0000000083c00000|100%|HC|  |TAMS 0x0000000083c00000, 0x0000000083b00000| Complete 
|  60|0x0000000083c00000, 0x0000000083d00000, 0x0000000083d00000|100%| O|  |TAMS 0x0000000083d00000, 0x0000000083c00000| Untracked 
|  61|0x0000000083d00000, 0x0000000083e00000, 0x0000000083e00000|100%| O|  |TAMS 0x0000000083e00000, 0x0000000083d00000| Untracked 
|  62|0x0000000083e00000, 0x0000000083f00000, 0x0000000083f00000|100%| O|  |TAMS 0x0000000083f00000, 0x0000000083e00000| Untracked 
|  63|0x0000000083f00000, 0x0000000084000000, 0x0000000084000000|100%| O|  |TAMS 0x0000000084000000, 0x0000000083f00000| Untracked 
|  64|0x0000000084000000, 0x0000000084100000, 0x0000000084100000|100%|HS|  |TAMS 0x0000000084100000, 0x0000000084000000| Complete 
|  65|0x0000000084100000, 0x0000000084200000, 0x0000000084200000|100%| O|  |TAMS 0x0000000084200000, 0x0000000084100000| Untracked 
|  66|0x0000000084200000, 0x0000000084300000, 0x0000000084300000|100%| O|  |TAMS 0x0000000084300000, 0x0000000084200000| Untracked 
|  67|0x0000000084300000, 0x0000000084400000, 0x0000000084400000|100%| O|  |TAMS 0x0000000084400000, 0x0000000084300000| Untracked 
|  68|0x0000000084400000, 0x0000000084500000, 0x0000000084500000|100%| O|  |TAMS 0x0000000084500000, 0x0000000084400000| Untracked 
|  69|0x0000000084500000, 0x0000000084600000, 0x0000000084600000|100%| O|  |TAMS 0x0000000084600000, 0x0000000084500000| Untracked 
|  70|0x0000000084600000, 0x0000000084700000, 0x0000000084700000|100%| O|  |TAMS 0x0000000084600000, 0x0000000084600000| Untracked 
|  71|0x0000000084700000, 0x0000000084800000, 0x0000000084800000|100%|HS|  |TAMS 0x0000000084800000, 0x0000000084700000| Complete 
|  72|0x0000000084800000, 0x0000000084900000, 0x0000000084900000|100%| O|  |TAMS 0x0000000084900000, 0x0000000084800000| Untracked 
|  73|0x0000000084900000, 0x0000000084a00000, 0x0000000084a00000|100%| O|  |TAMS 0x0000000084a00000, 0x0000000084900000| Untracked 
|  74|0x0000000084a00000, 0x0000000084b00000, 0x0000000084b00000|100%| O|  |TAMS 0x0000000084b00000, 0x0000000084a00000| Untracked 
|  75|0x0000000084b00000, 0x0000000084c00000, 0x0000000084c00000|100%| O|  |TAMS 0x0000000084c00000, 0x0000000084b00000| Untracked 
|  76|0x0000000084c00000, 0x0000000084d00000, 0x0000000084d00000|100%| O|  |TAMS 0x0000000084d00000, 0x0000000084c00000| Untracked 
|  77|0x0000000084d00000, 0x0000000084e00000, 0x0000000084e00000|100%| O|  |TAMS 0x0000000084e00000, 0x0000000084d00000| Untracked 
|  78|0x0000000084e00000, 0x0000000084f00000, 0x0000000084f00000|100%| O|  |TAMS 0x0000000084f00000, 0x0000000084e00000| Untracked 
|  79|0x0000000084f00000, 0x0000000085000000, 0x0000000085000000|100%| O|  |TAMS 0x0000000085000000, 0x0000000084f00000| Untracked 
|  80|0x0000000085000000, 0x0000000085100000, 0x0000000085100000|100%| O|  |TAMS 0x0000000085100000, 0x0000000085000000| Untracked 
|  81|0x0000000085100000, 0x0000000085200000, 0x0000000085200000|100%| O|  |TAMS 0x0000000085200000, 0x0000000085100000| Untracked 
|  82|0x0000000085200000, 0x0000000085200000, 0x0000000085300000|  0%| F|  |TAMS 0x0000000085200000, 0x0000000085200000| Untracked 
|  83|0x0000000085300000, 0x0000000085400000, 0x0000000085400000|100%| O|  |TAMS 0x0000000085400000, 0x0000000085300000| Untracked 
|  84|0x0000000085400000, 0x0000000085500000, 0x0000000085500000|100%| O|  |TAMS 0x0000000085400000, 0x0000000085400000| Untracked 
|  85|0x0000000085500000, 0x0000000085600000, 0x0000000085600000|100%| O|  |TAMS 0x0000000085500000, 0x0000000085500000| Untracked 
|  86|0x0000000085600000, 0x0000000085700000, 0x0000000085700000|100%| O|  |TAMS 0x0000000085600000, 0x0000000085600000| Untracked 
|  87|0x0000000085700000, 0x0000000085800000, 0x0000000085800000|100%| O|  |TAMS 0x0000000085800000, 0x0000000085700000| Untracked 
|  88|0x0000000085800000, 0x0000000085900000, 0x0000000085900000|100%| O|  |TAMS 0x0000000085800000, 0x0000000085800000| Untracked 
|  89|0x0000000085900000, 0x0000000085a00000, 0x0000000085a00000|100%| O|  |TAMS 0x0000000085900000, 0x0000000085900000| Untracked 
|  90|0x0000000085a00000, 0x0000000085b00000, 0x0000000085b00000|100%| O|  |TAMS 0x0000000085a00000, 0x0000000085a00000| Untracked 
|  91|0x0000000085b00000, 0x0000000085c00000, 0x0000000085c00000|100%| O|  |TAMS 0x0000000085b00000, 0x0000000085b00000| Untracked 
|  92|0x0000000085c00000, 0x0000000085d00000, 0x0000000085d00000|100%| O|  |TAMS 0x0000000085c00000, 0x0000000085c00000| Untracked 
|  93|0x0000000085d00000, 0x0000000085e00000, 0x0000000085e00000|100%| O|  |TAMS 0x0000000085d00000, 0x0000000085d00000| Untracked 
|  94|0x0000000085e00000, 0x0000000085f00000, 0x0000000085f00000|100%| O|  |TAMS 0x0000000085e00000, 0x0000000085e00000| Untracked 
|  95|0x0000000085f00000, 0x0000000086000000, 0x0000000086000000|100%| O|  |TAMS 0x0000000086000000, 0x0000000085f00000| Untracked 
|  96|0x0000000086000000, 0x0000000086100000, 0x0000000086100000|100%| O|  |TAMS 0x0000000086100000, 0x0000000086000000| Untracked 
|  97|0x0000000086100000, 0x0000000086200000, 0x0000000086200000|100%| O|  |TAMS 0x0000000086100000, 0x0000000086100000| Untracked 
|  98|0x0000000086200000, 0x0000000086300000, 0x0000000086300000|100%| O|  |TAMS 0x0000000086200000, 0x0000000086200000| Untracked 
|  99|0x0000000086300000, 0x0000000086400000, 0x0000000086400000|100%| O|  |TAMS 0x0000000086300000, 0x0000000086300000| Untracked 
| 100|0x0000000086400000, 0x0000000086500000, 0x0000000086500000|100%| O|  |TAMS 0x0000000086400000, 0x0000000086400000| Untracked 
| 101|0x0000000086500000, 0x0000000086600000, 0x0000000086600000|100%| O|  |TAMS 0x0000000086500000, 0x0000000086500000| Untracked 
| 102|0x0000000086600000, 0x0000000086700000, 0x0000000086700000|100%| O|  |TAMS 0x0000000086600000, 0x0000000086600000| Untracked 
| 103|0x0000000086700000, 0x0000000086800000, 0x0000000086800000|100%| O|  |TAMS 0x0000000086700000, 0x0000000086700000| Untracked 
| 104|0x0000000086800000, 0x0000000086900000, 0x0000000086900000|100%| O|  |TAMS 0x0000000086800000, 0x0000000086800000| Untracked 
| 105|0x0000000086900000, 0x0000000086a00000, 0x0000000086a00000|100%| O|  |TAMS 0x0000000086900000, 0x0000000086900000| Untracked 
| 106|0x0000000086a00000, 0x0000000086b00000, 0x0000000086b00000|100%| O|  |TAMS 0x0000000086a00000, 0x0000000086a00000| Untracked 
| 107|0x0000000086b00000, 0x0000000086b40200, 0x0000000086c00000| 25%| O|  |TAMS 0x0000000086b00000, 0x0000000086b00000| Untracked 
| 108|0x0000000086c00000, 0x0000000086c00000, 0x0000000086d00000|  0%| F|  |TAMS 0x0000000086c00000, 0x0000000086c00000| Untracked 
| 109|0x0000000086d00000, 0x0000000086e00000, 0x0000000086e00000|100%| O|  |TAMS 0x0000000086d00000, 0x0000000086d00000| Untracked 
| 110|0x0000000086e00000, 0x0000000086f00000, 0x0000000086f00000|100%| O|  |TAMS 0x0000000086e00000, 0x0000000086e00000| Untracked 
| 111|0x0000000086f00000, 0x0000000087000000, 0x0000000087000000|100%| O|  |TAMS 0x0000000087000000, 0x0000000086f00000| Untracked 
| 112|0x0000000087000000, 0x0000000087100000, 0x0000000087100000|100%| O|  |TAMS 0x0000000087100000, 0x0000000087000000| Untracked 
| 113|0x0000000087100000, 0x0000000087200000, 0x0000000087200000|100%| O|  |TAMS 0x0000000087200000, 0x0000000087100000| Untracked 
| 114|0x0000000087200000, 0x0000000087200000, 0x0000000087300000|  0%| F|  |TAMS 0x0000000087200000, 0x0000000087200000| Untracked 
| 115|0x0000000087300000, 0x0000000087300000, 0x0000000087400000|  0%| F|  |TAMS 0x0000000087300000, 0x0000000087300000| Untracked 
| 116|0x0000000087400000, 0x0000000087400000, 0x0000000087500000|  0%| F|  |TAMS 0x0000000087400000, 0x0000000087400000| Untracked 
| 117|0x0000000087500000, 0x0000000087500000, 0x0000000087600000|  0%| F|  |TAMS 0x0000000087500000, 0x0000000087500000| Untracked 
| 118|0x0000000087600000, 0x0000000087600000, 0x0000000087700000|  0%| F|  |TAMS 0x0000000087600000, 0x0000000087600000| Untracked 
| 119|0x0000000087700000, 0x0000000087700000, 0x0000000087800000|  0%| F|  |TAMS 0x0000000087700000, 0x0000000087700000| Untracked 
| 120|0x0000000087800000, 0x0000000087800000, 0x0000000087900000|  0%| F|  |TAMS 0x0000000087800000, 0x0000000087800000| Untracked 
| 121|0x0000000087900000, 0x0000000087a00000, 0x0000000087a00000|100%| O|  |TAMS 0x0000000087a00000, 0x0000000087900000| Untracked 
| 122|0x0000000087a00000, 0x0000000087a00000, 0x0000000087b00000|  0%| F|  |TAMS 0x0000000087a00000, 0x0000000087a00000| Untracked 
| 123|0x0000000087b00000, 0x0000000087b00000, 0x0000000087c00000|  0%| F|  |TAMS 0x0000000087b00000, 0x0000000087b00000| Untracked 
| 124|0x0000000087c00000, 0x0000000087c00000, 0x0000000087d00000|  0%| F|  |TAMS 0x0000000087c00000, 0x0000000087c00000| Untracked 
| 125|0x0000000087d00000, 0x0000000087d00000, 0x0000000087e00000|  0%| F|  |TAMS 0x0000000087d00000, 0x0000000087d00000| Untracked 
| 126|0x0000000087e00000, 0x0000000087e00000, 0x0000000087f00000|  0%| F|  |TAMS 0x0000000087e00000, 0x0000000087e00000| Untracked 
| 127|0x0000000087f00000, 0x0000000087f00000, 0x0000000088000000|  0%| F|  |TAMS 0x0000000087f00000, 0x0000000087f00000| Untracked 
| 128|0x0000000088000000, 0x0000000088100000, 0x0000000088100000|100%| O|  |TAMS 0x0000000088100000, 0x0000000088000000| Untracked 
| 129|0x0000000088100000, 0x0000000088200000, 0x0000000088200000|100%| O|  |TAMS 0x0000000088200000, 0x0000000088100000| Untracked 
| 130|0x0000000088200000, 0x0000000088200000, 0x0000000088300000|  0%| F|  |TAMS 0x0000000088200000, 0x0000000088200000| Untracked 
| 131|0x0000000088300000, 0x0000000088300000, 0x0000000088400000|  0%| F|  |TAMS 0x0000000088300000, 0x0000000088300000| Untracked 
| 132|0x0000000088400000, 0x0000000088500000, 0x0000000088500000|100%| O|  |TAMS 0x0000000088500000, 0x0000000088400000| Untracked 
| 133|0x0000000088500000, 0x0000000088500000, 0x0000000088600000|  0%| F|  |TAMS 0x0000000088500000, 0x0000000088500000| Untracked 
| 134|0x0000000088600000, 0x0000000088700000, 0x0000000088700000|100%| O|  |TAMS 0x0000000088700000, 0x0000000088600000| Untracked 
| 135|0x0000000088700000, 0x0000000088800000, 0x0000000088800000|100%| O|  |TAMS 0x0000000088800000, 0x0000000088700000| Untracked 
| 136|0x0000000088800000, 0x0000000088800000, 0x0000000088900000|  0%| F|  |TAMS 0x0000000088800000, 0x0000000088800000| Untracked 
| 137|0x0000000088900000, 0x0000000088a00000, 0x0000000088a00000|100%| O|  |TAMS 0x0000000088a00000, 0x0000000088900000| Untracked 
| 138|0x0000000088a00000, 0x0000000088b00000, 0x0000000088b00000|100%| O|  |TAMS 0x0000000088b00000, 0x0000000088a00000| Untracked 
| 139|0x0000000088b00000, 0x0000000088b00000, 0x0000000088c00000|  0%| F|  |TAMS 0x0000000088b00000, 0x0000000088b00000| Untracked 
| 140|0x0000000088c00000, 0x0000000088d00000, 0x0000000088d00000|100%| O|  |TAMS 0x0000000088d00000, 0x0000000088c00000| Untracked 
| 141|0x0000000088d00000, 0x0000000088d00000, 0x0000000088e00000|  0%| F|  |TAMS 0x0000000088d00000, 0x0000000088d00000| Untracked 
| 142|0x0000000088e00000, 0x0000000088f00000, 0x0000000088f00000|100%| O|  |TAMS 0x0000000088f00000, 0x0000000088e00000| Untracked 
| 143|0x0000000088f00000, 0x0000000089000000, 0x0000000089000000|100%| O|  |TAMS 0x0000000089000000, 0x0000000088f00000| Untracked 
| 144|0x0000000089000000, 0x0000000089100000, 0x0000000089100000|100%| O|  |TAMS 0x0000000089100000, 0x0000000089000000| Untracked 
| 145|0x0000000089100000, 0x0000000089100000, 0x0000000089200000|  0%| F|  |TAMS 0x0000000089100000, 0x0000000089100000| Untracked 
| 146|0x0000000089200000, 0x0000000089200000, 0x0000000089300000|  0%| F|  |TAMS 0x0000000089200000, 0x0000000089200000| Untracked 
| 147|0x0000000089300000, 0x0000000089400000, 0x0000000089400000|100%| O|  |TAMS 0x0000000089400000, 0x0000000089300000| Untracked 
| 148|0x0000000089400000, 0x0000000089500000, 0x0000000089500000|100%| O|  |TAMS 0x0000000089500000, 0x0000000089400000| Untracked 
| 149|0x0000000089500000, 0x0000000089500000, 0x0000000089600000|  0%| F|  |TAMS 0x0000000089500000, 0x0000000089500000| Untracked 
| 150|0x0000000089600000, 0x0000000089700000, 0x0000000089700000|100%| O|  |TAMS 0x0000000089700000, 0x0000000089600000| Untracked 
| 151|0x0000000089700000, 0x0000000089800000, 0x0000000089800000|100%|HS|  |TAMS 0x0000000089800000, 0x0000000089700000| Complete 
| 152|0x0000000089800000, 0x0000000089900000, 0x0000000089900000|100%| O|  |TAMS 0x0000000089800000, 0x0000000089800000| Untracked 
| 153|0x0000000089900000, 0x0000000089a00000, 0x0000000089a00000|100%|HS|  |TAMS 0x0000000089a00000, 0x0000000089900000| Complete 
| 154|0x0000000089a00000, 0x0000000089b00000, 0x0000000089b00000|100%|HS|  |TAMS 0x0000000089b00000, 0x0000000089a00000| Complete 
| 155|0x0000000089b00000, 0x0000000089c00000, 0x0000000089c00000|100%| O|  |TAMS 0x0000000089c00000, 0x0000000089b00000| Untracked 
| 156|0x0000000089c00000, 0x0000000089d00000, 0x0000000089d00000|100%| O|  |TAMS 0x0000000089d00000, 0x0000000089c00000| Untracked 
| 157|0x0000000089d00000, 0x0000000089e00000, 0x0000000089e00000|100%| O|  |TAMS 0x0000000089e00000, 0x0000000089d00000| Untracked 
| 158|0x0000000089e00000, 0x0000000089f00000, 0x0000000089f00000|100%| O|  |TAMS 0x0000000089f00000, 0x0000000089e00000| Untracked 
| 159|0x0000000089f00000, 0x000000008a000000, 0x000000008a000000|100%| O|  |TAMS 0x000000008a000000, 0x0000000089f00000| Untracked 
| 160|0x000000008a000000, 0x000000008a100000, 0x000000008a100000|100%| O|  |TAMS 0x000000008a100000, 0x000000008a000000| Untracked 
| 161|0x000000008a100000, 0x000000008a200000, 0x000000008a200000|100%| O|  |TAMS 0x000000008a200000, 0x000000008a100000| Untracked 
| 162|0x000000008a200000, 0x000000008a300000, 0x000000008a300000|100%| O|  |TAMS 0x000000008a300000, 0x000000008a200000| Untracked 
| 163|0x000000008a300000, 0x000000008a400000, 0x000000008a400000|100%| O|  |TAMS 0x000000008a400000, 0x000000008a300000| Untracked 
| 164|0x000000008a400000, 0x000000008a500000, 0x000000008a500000|100%| O|  |TAMS 0x000000008a500000, 0x000000008a400000| Untracked 
| 165|0x000000008a500000, 0x000000008a500000, 0x000000008a600000|  0%| F|  |TAMS 0x000000008a500000, 0x000000008a500000| Untracked 
| 166|0x000000008a600000, 0x000000008a700000, 0x000000008a700000|100%| O|  |TAMS 0x000000008a700000, 0x000000008a600000| Untracked 
| 167|0x000000008a700000, 0x000000008a800000, 0x000000008a800000|100%| O|  |TAMS 0x000000008a800000, 0x000000008a700000| Untracked 
| 168|0x000000008a800000, 0x000000008a900000, 0x000000008a900000|100%| O|  |TAMS 0x000000008a900000, 0x000000008a800000| Untracked 
| 169|0x000000008a900000, 0x000000008aa00000, 0x000000008aa00000|100%| O|  |TAMS 0x000000008aa00000, 0x000000008a900000| Untracked 
| 170|0x000000008aa00000, 0x000000008ab00000, 0x000000008ab00000|100%| O|  |TAMS 0x000000008ab00000, 0x000000008aa00000| Untracked 
| 171|0x000000008ab00000, 0x000000008ab00000, 0x000000008ac00000|  0%| F|  |TAMS 0x000000008ab00000, 0x000000008ab00000| Untracked 
| 172|0x000000008ac00000, 0x000000008ac00000, 0x000000008ad00000|  0%| F|  |TAMS 0x000000008ac00000, 0x000000008ac00000| Untracked 
| 173|0x000000008ad00000, 0x000000008ae00000, 0x000000008ae00000|100%| O|  |TAMS 0x000000008ae00000, 0x000000008ad00000| Untracked 
| 174|0x000000008ae00000, 0x000000008af00000, 0x000000008af00000|100%| O|  |TAMS 0x000000008af00000, 0x000000008ae00000| Untracked 
| 175|0x000000008af00000, 0x000000008b000000, 0x000000008b000000|100%| O|  |TAMS 0x000000008b000000, 0x000000008af00000| Untracked 
| 176|0x000000008b000000, 0x000000008b100000, 0x000000008b100000|100%| O|  |TAMS 0x000000008b100000, 0x000000008b000000| Untracked 
| 177|0x000000008b100000, 0x000000008b200000, 0x000000008b200000|100%| O|  |TAMS 0x000000008b200000, 0x000000008b100000| Untracked 
| 178|0x000000008b200000, 0x000000008b300000, 0x000000008b300000|100%| O|  |TAMS 0x000000008b300000, 0x000000008b200000| Untracked 
| 179|0x000000008b300000, 0x000000008b400000, 0x000000008b400000|100%| O|  |TAMS 0x000000008b400000, 0x000000008b300000| Untracked 
| 180|0x000000008b400000, 0x000000008b500000, 0x000000008b500000|100%| O|  |TAMS 0x000000008b500000, 0x000000008b400000| Untracked 
| 181|0x000000008b500000, 0x000000008b500000, 0x000000008b600000|  0%| F|  |TAMS 0x000000008b500000, 0x000000008b500000| Untracked 
| 182|0x000000008b600000, 0x000000008b600000, 0x000000008b700000|  0%| F|  |TAMS 0x000000008b600000, 0x000000008b600000| Untracked 
| 183|0x000000008b700000, 0x000000008b700000, 0x000000008b800000|  0%| F|  |TAMS 0x000000008b700000, 0x000000008b700000| Untracked 
| 184|0x000000008b800000, 0x000000008b800000, 0x000000008b900000|  0%| F|  |TAMS 0x000000008b800000, 0x000000008b800000| Untracked 
| 185|0x000000008b900000, 0x000000008ba00000, 0x000000008ba00000|100%| O|  |TAMS 0x000000008b900000, 0x000000008b900000| Untracked 
| 186|0x000000008ba00000, 0x000000008bb00000, 0x000000008bb00000|100%| O|  |TAMS 0x000000008ba00000, 0x000000008ba00000| Untracked 
| 187|0x000000008bb00000, 0x000000008bc00000, 0x000000008bc00000|100%| O|  |TAMS 0x000000008bb00000, 0x000000008bb00000| Untracked 
| 188|0x000000008bc00000, 0x000000008bd00000, 0x000000008bd00000|100%| O|  |TAMS 0x000000008bc00000, 0x000000008bc00000| Untracked 
| 189|0x000000008bd00000, 0x000000008be00000, 0x000000008be00000|100%| O|  |TAMS 0x000000008bd00000, 0x000000008bd00000| Untracked 
| 190|0x000000008be00000, 0x000000008bf00000, 0x000000008bf00000|100%|HS|  |TAMS 0x000000008be00000, 0x000000008be00000| Complete 
| 191|0x000000008bf00000, 0x000000008c000000, 0x000000008c000000|100%|HC|  |TAMS 0x000000008bf00000, 0x000000008bf00000| Complete 
| 192|0x000000008c000000, 0x000000008c100000, 0x000000008c100000|100%|HC|  |TAMS 0x000000008c000000, 0x000000008c000000| Complete 
| 193|0x000000008c100000, 0x000000008c200000, 0x000000008c200000|100%|HC|  |TAMS 0x000000008c100000, 0x000000008c100000| Complete 
| 194|0x000000008c200000, 0x000000008c300000, 0x000000008c300000|100%|HC|  |TAMS 0x000000008c200000, 0x000000008c200000| Complete 
| 195|0x000000008c300000, 0x000000008c400000, 0x000000008c400000|100%|HC|  |TAMS 0x000000008c300000, 0x000000008c300000| Complete 
| 196|0x000000008c400000, 0x000000008c500000, 0x000000008c500000|100%|HC|  |TAMS 0x000000008c400000, 0x000000008c400000| Complete 
| 197|0x000000008c500000, 0x000000008c600000, 0x000000008c600000|100%| O|  |TAMS 0x000000008c500000, 0x000000008c500000| Untracked 
| 198|0x000000008c600000, 0x000000008c700000, 0x000000008c700000|100%| O|  |TAMS 0x000000008c600000, 0x000000008c600000| Untracked 
| 199|0x000000008c700000, 0x000000008c800000, 0x000000008c800000|100%| O|  |TAMS 0x000000008c700000, 0x000000008c700000| Untracked 
| 200|0x000000008c800000, 0x000000008c900000, 0x000000008c900000|100%| O|  |TAMS 0x000000008c800000, 0x000000008c800000| Untracked 
| 201|0x000000008c900000, 0x000000008ca00000, 0x000000008ca00000|100%| O|  |TAMS 0x000000008c900000, 0x000000008c900000| Untracked 
| 202|0x000000008ca00000, 0x000000008ca00000, 0x000000008cb00000|  0%| F|  |TAMS 0x000000008ca00000, 0x000000008ca00000| Untracked 
| 203|0x000000008cb00000, 0x000000008cb00000, 0x000000008cc00000|  0%| F|  |TAMS 0x000000008cb00000, 0x000000008cb00000| Untracked 
| 204|0x000000008cc00000, 0x000000008cc00000, 0x000000008cd00000|  0%| F|  |TAMS 0x000000008cc00000, 0x000000008cc00000| Untracked 
| 205|0x000000008cd00000, 0x000000008cd00000, 0x000000008ce00000|  0%| F|  |TAMS 0x000000008cd00000, 0x000000008cd00000| Untracked 
| 206|0x000000008ce00000, 0x000000008ce00000, 0x000000008cf00000|  0%| F|  |TAMS 0x000000008ce00000, 0x000000008ce00000| Untracked 
| 207|0x000000008cf00000, 0x000000008cf00000, 0x000000008d000000|  0%| F|  |TAMS 0x000000008cf00000, 0x000000008cf00000| Untracked 
| 208|0x000000008d000000, 0x000000008d000000, 0x000000008d100000|  0%| F|  |TAMS 0x000000008d000000, 0x000000008d000000| Untracked 
| 209|0x000000008d100000, 0x000000008d100000, 0x000000008d200000|  0%| F|  |TAMS 0x000000008d100000, 0x000000008d100000| Untracked 
| 210|0x000000008d200000, 0x000000008d200000, 0x000000008d300000|  0%| F|  |TAMS 0x000000008d200000, 0x000000008d200000| Untracked 
| 211|0x000000008d300000, 0x000000008d300000, 0x000000008d400000|  0%| F|  |TAMS 0x000000008d300000, 0x000000008d300000| Untracked 
| 212|0x000000008d400000, 0x000000008d400000, 0x000000008d500000|  0%| F|  |TAMS 0x000000008d400000, 0x000000008d400000| Untracked 
| 213|0x000000008d500000, 0x000000008d500000, 0x000000008d600000|  0%| F|  |TAMS 0x000000008d500000, 0x000000008d500000| Untracked 
| 214|0x000000008d600000, 0x000000008d600000, 0x000000008d700000|  0%| F|  |TAMS 0x000000008d600000, 0x000000008d600000| Untracked 
| 215|0x000000008d700000, 0x000000008d700000, 0x000000008d800000|  0%| F|  |TAMS 0x000000008d700000, 0x000000008d700000| Untracked 
| 216|0x000000008d800000, 0x000000008d800000, 0x000000008d900000|  0%| F|  |TAMS 0x000000008d800000, 0x000000008d800000| Untracked 
| 217|0x000000008d900000, 0x000000008d900000, 0x000000008da00000|  0%| F|  |TAMS 0x000000008d900000, 0x000000008d900000| Untracked 
| 218|0x000000008da00000, 0x000000008da00000, 0x000000008db00000|  0%| F|  |TAMS 0x000000008da00000, 0x000000008da00000| Untracked 
| 219|0x000000008db00000, 0x000000008db00000, 0x000000008dc00000|  0%| F|  |TAMS 0x000000008db00000, 0x000000008db00000| Untracked 
| 220|0x000000008dc00000, 0x000000008dc00000, 0x000000008dd00000|  0%| F|  |TAMS 0x000000008dc00000, 0x000000008dc00000| Untracked 
| 221|0x000000008dd00000, 0x000000008dd00000, 0x000000008de00000|  0%| F|  |TAMS 0x000000008dd00000, 0x000000008dd00000| Untracked 
| 222|0x000000008de00000, 0x000000008de00000, 0x000000008df00000|  0%| F|  |TAMS 0x000000008de00000, 0x000000008de00000| Untracked 
| 223|0x000000008df00000, 0x000000008df00000, 0x000000008e000000|  0%| F|  |TAMS 0x000000008df00000, 0x000000008df00000| Untracked 
| 224|0x000000008e000000, 0x000000008e000000, 0x000000008e100000|  0%| F|  |TAMS 0x000000008e000000, 0x000000008e000000| Untracked 
| 225|0x000000008e100000, 0x000000008e100000, 0x000000008e200000|  0%| F|  |TAMS 0x000000008e100000, 0x000000008e100000| Untracked 
| 226|0x000000008e200000, 0x000000008e200000, 0x000000008e300000|  0%| F|  |TAMS 0x000000008e200000, 0x000000008e200000| Untracked 
| 227|0x000000008e300000, 0x000000008e300000, 0x000000008e400000|  0%| F|  |TAMS 0x000000008e300000, 0x000000008e300000| Untracked 
| 228|0x000000008e400000, 0x000000008e400000, 0x000000008e500000|  0%| F|  |TAMS 0x000000008e400000, 0x000000008e400000| Untracked 
| 229|0x000000008e500000, 0x000000008e500000, 0x000000008e600000|  0%| F|  |TAMS 0x000000008e500000, 0x000000008e500000| Untracked 
| 230|0x000000008e600000, 0x000000008e600000, 0x000000008e700000|  0%| F|  |TAMS 0x000000008e600000, 0x000000008e600000| Untracked 
| 231|0x000000008e700000, 0x000000008e700000, 0x000000008e800000|  0%| F|  |TAMS 0x000000008e700000, 0x000000008e700000| Untracked 
| 232|0x000000008e800000, 0x000000008e800000, 0x000000008e900000|  0%| F|  |TAMS 0x000000008e800000, 0x000000008e800000| Untracked 
| 233|0x000000008e900000, 0x000000008e900000, 0x000000008ea00000|  0%| F|  |TAMS 0x000000008e900000, 0x000000008e900000| Untracked 
| 234|0x000000008ea00000, 0x000000008ea00000, 0x000000008eb00000|  0%| F|  |TAMS 0x000000008ea00000, 0x000000008ea00000| Untracked 
| 235|0x000000008eb00000, 0x000000008eb00000, 0x000000008ec00000|  0%| F|  |TAMS 0x000000008eb00000, 0x000000008eb00000| Untracked 
| 236|0x000000008ec00000, 0x000000008ec00000, 0x000000008ed00000|  0%| F|  |TAMS 0x000000008ec00000, 0x000000008ec00000| Untracked 
| 237|0x000000008ed00000, 0x000000008ed00000, 0x000000008ee00000|  0%| F|  |TAMS 0x000000008ed00000, 0x000000008ed00000| Untracked 
| 238|0x000000008ee00000, 0x000000008ee00000, 0x000000008ef00000|  0%| F|  |TAMS 0x000000008ee00000, 0x000000008ee00000| Untracked 
| 239|0x000000008ef00000, 0x000000008ef00000, 0x000000008f000000|  0%| F|  |TAMS 0x000000008ef00000, 0x000000008ef00000| Untracked 
| 240|0x000000008f000000, 0x000000008f000000, 0x000000008f100000|  0%| F|  |TAMS 0x000000008f000000, 0x000000008f000000| Untracked 
| 241|0x000000008f100000, 0x000000008f100000, 0x000000008f200000|  0%| F|  |TAMS 0x000000008f100000, 0x000000008f100000| Untracked 
| 242|0x000000008f200000, 0x000000008f200000, 0x000000008f300000|  0%| F|  |TAMS 0x000000008f200000, 0x000000008f200000| Untracked 
| 243|0x000000008f300000, 0x000000008f300000, 0x000000008f400000|  0%| F|  |TAMS 0x000000008f300000, 0x000000008f300000| Untracked 
| 244|0x000000008f400000, 0x000000008f400000, 0x000000008f500000|  0%| F|  |TAMS 0x000000008f400000, 0x000000008f400000| Untracked 
| 245|0x000000008f500000, 0x000000008f500000, 0x000000008f600000|  0%| F|  |TAMS 0x000000008f500000, 0x000000008f500000| Untracked 
| 246|0x000000008f600000, 0x000000008f600000, 0x000000008f700000|  0%| F|  |TAMS 0x000000008f600000, 0x000000008f600000| Untracked 
| 247|0x000000008f700000, 0x000000008f700000, 0x000000008f800000|  0%| F|  |TAMS 0x000000008f700000, 0x000000008f700000| Untracked 
| 248|0x000000008f800000, 0x000000008f800000, 0x000000008f900000|  0%| F|  |TAMS 0x000000008f800000, 0x000000008f800000| Untracked 
| 249|0x000000008f900000, 0x000000008f900000, 0x000000008fa00000|  0%| F|  |TAMS 0x000000008f900000, 0x000000008f900000| Untracked 
| 250|0x000000008fa00000, 0x000000008fa00000, 0x000000008fb00000|  0%| F|  |TAMS 0x000000008fa00000, 0x000000008fa00000| Untracked 
| 251|0x000000008fb00000, 0x000000008fb00000, 0x000000008fc00000|  0%| F|  |TAMS 0x000000008fb00000, 0x000000008fb00000| Untracked 
| 252|0x000000008fc00000, 0x000000008fc00000, 0x000000008fd00000|  0%| F|  |TAMS 0x000000008fc00000, 0x000000008fc00000| Untracked 
| 253|0x000000008fd00000, 0x000000008fd00000, 0x000000008fe00000|  0%| F|  |TAMS 0x000000008fd00000, 0x000000008fd00000| Untracked 
| 254|0x000000008fe00000, 0x000000008fe00000, 0x000000008ff00000|  0%| F|  |TAMS 0x000000008fe00000, 0x000000008fe00000| Untracked 
| 255|0x000000008ff00000, 0x000000008ff00000, 0x0000000090000000|  0%| F|  |TAMS 0x000000008ff00000, 0x000000008ff00000| Untracked 
| 256|0x0000000090000000, 0x0000000090000000, 0x0000000090100000|  0%| F|  |TAMS 0x0000000090000000, 0x0000000090000000| Untracked 
| 257|0x0000000090100000, 0x0000000090100000, 0x0000000090200000|  0%| F|  |TAMS 0x0000000090100000, 0x0000000090100000| Untracked 
| 258|0x0000000090200000, 0x0000000090200000, 0x0000000090300000|  0%| F|  |TAMS 0x0000000090200000, 0x0000000090200000| Untracked 
| 259|0x0000000090300000, 0x0000000090300000, 0x0000000090400000|  0%| F|  |TAMS 0x0000000090300000, 0x0000000090300000| Untracked 
| 260|0x0000000090400000, 0x0000000090400000, 0x0000000090500000|  0%| F|  |TAMS 0x0000000090400000, 0x0000000090400000| Untracked 
| 261|0x0000000090500000, 0x0000000090500000, 0x0000000090600000|  0%| F|  |TAMS 0x0000000090500000, 0x0000000090500000| Untracked 
| 262|0x0000000090600000, 0x0000000090600000, 0x0000000090700000|  0%| F|  |TAMS 0x0000000090600000, 0x0000000090600000| Untracked 
| 263|0x0000000090700000, 0x0000000090700000, 0x0000000090800000|  0%| F|  |TAMS 0x0000000090700000, 0x0000000090700000| Untracked 
| 264|0x0000000090800000, 0x0000000090800000, 0x0000000090900000|  0%| F|  |TAMS 0x0000000090800000, 0x0000000090800000| Untracked 
| 265|0x0000000090900000, 0x0000000090900000, 0x0000000090a00000|  0%| F|  |TAMS 0x0000000090900000, 0x0000000090900000| Untracked 
| 266|0x0000000090a00000, 0x0000000090a00000, 0x0000000090b00000|  0%| F|  |TAMS 0x0000000090a00000, 0x0000000090a00000| Untracked 
| 267|0x0000000090b00000, 0x0000000090b00000, 0x0000000090c00000|  0%| F|  |TAMS 0x0000000090b00000, 0x0000000090b00000| Untracked 
| 268|0x0000000090c00000, 0x0000000090c00000, 0x0000000090d00000|  0%| F|  |TAMS 0x0000000090c00000, 0x0000000090c00000| Untracked 
| 269|0x0000000090d00000, 0x0000000090d00000, 0x0000000090e00000|  0%| F|  |TAMS 0x0000000090d00000, 0x0000000090d00000| Untracked 
| 270|0x0000000090e00000, 0x0000000090e00000, 0x0000000090f00000|  0%| F|  |TAMS 0x0000000090e00000, 0x0000000090e00000| Untracked 
| 271|0x0000000090f00000, 0x0000000090f00000, 0x0000000091000000|  0%| F|  |TAMS 0x0000000090f00000, 0x0000000090f00000| Untracked 
| 272|0x0000000091000000, 0x0000000091000000, 0x0000000091100000|  0%| F|  |TAMS 0x0000000091000000, 0x0000000091000000| Untracked 
| 273|0x0000000091100000, 0x0000000091100000, 0x0000000091200000|  0%| F|  |TAMS 0x0000000091100000, 0x0000000091100000| Untracked 
| 274|0x0000000091200000, 0x0000000091200000, 0x0000000091300000|  0%| F|  |TAMS 0x0000000091200000, 0x0000000091200000| Untracked 
| 275|0x0000000091300000, 0x0000000091300000, 0x0000000091400000|  0%| F|  |TAMS 0x0000000091300000, 0x0000000091300000| Untracked 
| 276|0x0000000091400000, 0x0000000091400000, 0x0000000091500000|  0%| F|  |TAMS 0x0000000091400000, 0x0000000091400000| Untracked 
| 277|0x0000000091500000, 0x0000000091500000, 0x0000000091600000|  0%| F|  |TAMS 0x0000000091500000, 0x0000000091500000| Untracked 
| 278|0x0000000091600000, 0x0000000091600000, 0x0000000091700000|  0%| F|  |TAMS 0x0000000091600000, 0x0000000091600000| Untracked 
| 279|0x0000000091700000, 0x0000000091700000, 0x0000000091800000|  0%| F|  |TAMS 0x0000000091700000, 0x0000000091700000| Untracked 
| 280|0x0000000091800000, 0x0000000091800000, 0x0000000091900000|  0%| F|  |TAMS 0x0000000091800000, 0x0000000091800000| Untracked 
| 281|0x0000000091900000, 0x0000000091900000, 0x0000000091a00000|  0%| F|  |TAMS 0x0000000091900000, 0x0000000091900000| Untracked 
| 282|0x0000000091a00000, 0x0000000091a00000, 0x0000000091b00000|  0%| F|  |TAMS 0x0000000091a00000, 0x0000000091a00000| Untracked 
| 283|0x0000000091b00000, 0x0000000091b00000, 0x0000000091c00000|  0%| F|  |TAMS 0x0000000091b00000, 0x0000000091b00000| Untracked 
| 284|0x0000000091c00000, 0x0000000091c00000, 0x0000000091d00000|  0%| F|  |TAMS 0x0000000091c00000, 0x0000000091c00000| Untracked 
| 285|0x0000000091d00000, 0x0000000091d00000, 0x0000000091e00000|  0%| F|  |TAMS 0x0000000091d00000, 0x0000000091d00000| Untracked 
| 286|0x0000000091e00000, 0x0000000091e00000, 0x0000000091f00000|  0%| F|  |TAMS 0x0000000091e00000, 0x0000000091e00000| Untracked 
| 287|0x0000000091f00000, 0x0000000091f00000, 0x0000000092000000|  0%| F|  |TAMS 0x0000000091f00000, 0x0000000091f00000| Untracked 
| 288|0x0000000092000000, 0x0000000092000000, 0x0000000092100000|  0%| F|  |TAMS 0x0000000092000000, 0x0000000092000000| Untracked 
| 289|0x0000000092100000, 0x0000000092100000, 0x0000000092200000|  0%| F|  |TAMS 0x0000000092100000, 0x0000000092100000| Untracked 
| 290|0x0000000092200000, 0x0000000092200000, 0x0000000092300000|  0%| F|  |TAMS 0x0000000092200000, 0x0000000092200000| Untracked 
| 291|0x0000000092300000, 0x0000000092300000, 0x0000000092400000|  0%| F|  |TAMS 0x0000000092300000, 0x0000000092300000| Untracked 
| 292|0x0000000092400000, 0x0000000092400000, 0x0000000092500000|  0%| F|  |TAMS 0x0000000092400000, 0x0000000092400000| Untracked 
| 293|0x0000000092500000, 0x0000000092500000, 0x0000000092600000|  0%| F|  |TAMS 0x0000000092500000, 0x0000000092500000| Untracked 
| 294|0x0000000092600000, 0x0000000092600000, 0x0000000092700000|  0%| F|  |TAMS 0x0000000092600000, 0x0000000092600000| Untracked 
| 295|0x0000000092700000, 0x0000000092700000, 0x0000000092800000|  0%| F|  |TAMS 0x0000000092700000, 0x0000000092700000| Untracked 
| 296|0x0000000092800000, 0x0000000092800000, 0x0000000092900000|  0%| F|  |TAMS 0x0000000092800000, 0x0000000092800000| Untracked 
| 297|0x0000000092900000, 0x0000000092900000, 0x0000000092a00000|  0%| F|  |TAMS 0x0000000092900000, 0x0000000092900000| Untracked 
| 298|0x0000000092a00000, 0x0000000092a00000, 0x0000000092b00000|  0%| F|  |TAMS 0x0000000092a00000, 0x0000000092a00000| Untracked 
| 299|0x0000000092b00000, 0x0000000092b00000, 0x0000000092c00000|  0%| F|  |TAMS 0x0000000092b00000, 0x0000000092b00000| Untracked 
| 300|0x0000000092c00000, 0x0000000092c00000, 0x0000000092d00000|  0%| F|  |TAMS 0x0000000092c00000, 0x0000000092c00000| Untracked 
| 301|0x0000000092d00000, 0x0000000092d00000, 0x0000000092e00000|  0%| F|  |TAMS 0x0000000092d00000, 0x0000000092d00000| Untracked 
| 302|0x0000000092e00000, 0x0000000092e00000, 0x0000000092f00000|  0%| F|  |TAMS 0x0000000092e00000, 0x0000000092e00000| Untracked 
| 303|0x0000000092f00000, 0x0000000092f00000, 0x0000000093000000|  0%| F|  |TAMS 0x0000000092f00000, 0x0000000092f00000| Untracked 
| 304|0x0000000093000000, 0x0000000093000000, 0x0000000093100000|  0%| F|  |TAMS 0x0000000093000000, 0x0000000093000000| Untracked 
| 305|0x0000000093100000, 0x0000000093100000, 0x0000000093200000|  0%| F|  |TAMS 0x0000000093100000, 0x0000000093100000| Untracked 
| 306|0x0000000093200000, 0x0000000093200000, 0x0000000093300000|  0%| F|  |TAMS 0x0000000093200000, 0x0000000093200000| Untracked 
| 307|0x0000000093300000, 0x0000000093400000, 0x0000000093400000|100%| S|CS|TAMS 0x0000000093300000, 0x0000000093300000| Complete 
| 308|0x0000000093400000, 0x0000000093500000, 0x0000000093500000|100%| S|CS|TAMS 0x0000000093400000, 0x0000000093400000| Complete 
| 309|0x0000000093500000, 0x0000000093500000, 0x0000000093600000|  0%| F|  |TAMS 0x0000000093500000, 0x0000000093500000| Untracked 
| 310|0x0000000093600000, 0x0000000093600000, 0x0000000093700000|  0%| F|  |TAMS 0x0000000093600000, 0x0000000093600000| Untracked 
| 311|0x0000000093700000, 0x0000000093700000, 0x0000000093800000|  0%| F|  |TAMS 0x0000000093700000, 0x0000000093700000| Untracked 
| 312|0x0000000093800000, 0x0000000093800000, 0x0000000093900000|  0%| F|  |TAMS 0x0000000093800000, 0x0000000093800000| Untracked 
| 313|0x0000000093900000, 0x0000000093900000, 0x0000000093a00000|  0%| F|  |TAMS 0x0000000093900000, 0x0000000093900000| Untracked 
| 314|0x0000000093a00000, 0x0000000093a00000, 0x0000000093b00000|  0%| F|  |TAMS 0x0000000093a00000, 0x0000000093a00000| Untracked 
| 315|0x0000000093b00000, 0x0000000093b00000, 0x0000000093c00000|  0%| F|  |TAMS 0x0000000093b00000, 0x0000000093b00000| Untracked 
| 316|0x0000000093c00000, 0x0000000093c00000, 0x0000000093d00000|  0%| F|  |TAMS 0x0000000093c00000, 0x0000000093c00000| Untracked 
| 317|0x0000000093d00000, 0x0000000093d00000, 0x0000000093e00000|  0%| F|  |TAMS 0x0000000093d00000, 0x0000000093d00000| Untracked 
| 318|0x0000000093e00000, 0x0000000093e00000, 0x0000000093f00000|  0%| F|  |TAMS 0x0000000093e00000, 0x0000000093e00000| Untracked 
| 319|0x0000000093f00000, 0x0000000093f00000, 0x0000000094000000|  0%| F|  |TAMS 0x0000000093f00000, 0x0000000093f00000| Untracked 
| 320|0x0000000094000000, 0x0000000094000000, 0x0000000094100000|  0%| F|  |TAMS 0x0000000094000000, 0x0000000094000000| Untracked 
| 321|0x0000000094100000, 0x0000000094100000, 0x0000000094200000|  0%| F|  |TAMS 0x0000000094100000, 0x0000000094100000| Untracked 
| 322|0x0000000094200000, 0x0000000094200000, 0x0000000094300000|  0%| F|  |TAMS 0x0000000094200000, 0x0000000094200000| Untracked 
| 323|0x0000000094300000, 0x0000000094300000, 0x0000000094400000|  0%| F|  |TAMS 0x0000000094300000, 0x0000000094300000| Untracked 
| 324|0x0000000094400000, 0x0000000094400000, 0x0000000094500000|  0%| F|  |TAMS 0x0000000094400000, 0x0000000094400000| Untracked 

Card table byte_map: [0x0000027bf4440000,0x0000027bf4840000] _byte_map_base: 0x0000027bf4040000

Marking Bits (Prev, Next): (CMBitMap*) 0x0000027bdd0d8610, (CMBitMap*) 0x0000027bdd0d8650
 Prev Bits: [0x0000027bf4c40000, 0x0000027bf6c40000)
 Next Bits: [0x0000027bf6c40000, 0x0000027bf8c40000)

Polling page: 0x0000027bdaf20000

Metaspace:

Usage:
  Non-class:    101.25 MB used.
      Class:     16.66 MB used.
       Both:    117.91 MB used.

Virtual space:
  Non-class space:      128.00 MB reserved,     101.69 MB ( 79%) committed,  2 nodes.
      Class space:        1.00 GB reserved,      17.06 MB (  2%) committed,  1 nodes.
             Both:        1.12 GB reserved,     118.75 MB ( 10%) committed. 

Chunk freelists:
   Non-Class:  9.56 MB
       Class:  14.89 MB
        Both:  24.45 MB

MaxMetaspaceSize: unlimited
CompressedClassSpaceSize: 1.00 GB
Initial GC threshold: 21.00 MB
Current GC threshold: 190.56 MB
CDS: on
MetaspaceReclaimPolicy: balanced
 - commit_granule_bytes: 65536.
 - commit_granule_words: 8192.
 - virtual_space_node_default_size: 8388608.
 - enlarge_chunks_in_place: 1.
 - new_chunks_are_fully_committed: 0.
 - uncommit_free_chunks: 1.
 - use_allocation_guard: 0.
 - handle_deallocations: 1.


Internal statistics:

num_allocs_failed_limit: 6.
num_arena_births: 1410.
num_arena_deaths: 4.
num_vsnodes_births: 3.
num_vsnodes_deaths: 0.
num_space_committed: 1900.
num_space_uncommitted: 1.
num_chunks_returned_to_freelist: 31.
num_chunks_taken_from_freelist: 6566.
num_chunk_merges: 11.
num_chunk_splits: 4407.
num_chunks_enlarged: 3077.
num_inconsistent_stats: 0.

CodeHeap 'non-profiled nmethods': size=120000Kb used=8261Kb max_used=8744Kb free=111738Kb
 bounds [0x0000027bec6d0000, 0x0000027becf60000, 0x0000027bf3c00000]
CodeHeap 'profiled nmethods': size=120000Kb used=26403Kb max_used=27402Kb free=93596Kb
 bounds [0x0000027be4c00000, 0x0000027be66f0000, 0x0000027bec130000]
CodeHeap 'non-nmethods': size=5760Kb used=1777Kb max_used=1820Kb free=3982Kb
 bounds [0x0000027bec130000, 0x0000027bec3a0000, 0x0000027bec6d0000]
 total_blobs=14481 nmethods=13602 adapters=789
 compilation: enabled
              stopped_count=0, restarted_count=0
 full_count=0

Compilation events (20 events):
Event: 14.727 Thread 0x0000027bc76def20 16623       4       com.android.tools.r8.internal.df3::b (258 bytes)
Event: 14.728 Thread 0x0000027bfb584380 nmethod 16621 0x0000027be6331690 code [0x0000027be6331840, 0x0000027be6331a98]
Event: 14.728 Thread 0x0000027bfb584380 16622       3       com.android.tools.r8.graph.ac::a (36 bytes)
Event: 14.728 Thread 0x0000027bfb584380 nmethod 16622 0x0000027be63d5b10 code [0x0000027be63d5cc0, 0x0000027be63d5e88]
Event: 14.728 Thread 0x0000027bfb584380 16624       3       com.android.tools.r8.graph.qa::e (10 bytes)
Event: 14.728 Thread 0x0000027bfb5819b0 16627       4       com.android.tools.r8.internal.df3::b (107 bytes)
Event: 14.728 Thread 0x0000027bfb584380 nmethod 16624 0x0000027be63c7d10 code [0x0000027be63c7ee0, 0x0000027be63c84d8]
Event: 14.728 Thread 0x0000027bfb584380 16625       3       com.android.tools.r8.internal.xe3::<init> (11 bytes)
Event: 14.728 Thread 0x0000027bfb584380 nmethod 16625 0x0000027be62d3510 code [0x0000027be62d36c0, 0x0000027be62d3848]
Event: 14.728 Thread 0x0000027bfb584380 16626       3       com.android.tools.r8.internal.kq2::j (26 bytes)
Event: 14.728 Thread 0x0000027bfb584380 nmethod 16626 0x0000027be5b7e310 code [0x0000027be5b7e4e0, 0x0000027be5b7e978]
Event: 14.728 Thread 0x0000027bfb584380 16629   !   3       jdk.internal.misc.ScopedMemoryAccess::putShortUnaligned (27 bytes)
Event: 14.728 Thread 0x0000027bfb584380 nmethod 16629 0x0000027be5b2ab10 code [0x0000027be5b2ad00, 0x0000027be5b2b2e8]
Event: 14.728 Thread 0x0000027bfb584380 16633       3       com.android.tools.r8.internal.d32::b (48 bytes)
Event: 14.729 Thread 0x0000027bfb584380 nmethod 16633 0x0000027be648b190 code [0x0000027be648b380, 0x0000027be648b878]
Event: 14.729 Thread 0x0000027bfb584380 16635   !   3       jdk.internal.misc.ScopedMemoryAccess::putShortUnalignedInternal (39 bytes)
Event: 14.729 Thread 0x0000027bfb584380 nmethod 16635 0x0000027be637da90 code [0x0000027be637dc60, 0x0000027be637e018]
Event: 14.729 Thread 0x0000027bfb584380 16632       3       com.android.tools.r8.internal.df3::containsKey (74 bytes)
Event: 14.729 Thread 0x0000027bfb584380 nmethod 16632 0x0000027be645db10 code [0x0000027be645dd00, 0x0000027be645e168]
Event: 14.729 Thread 0x0000027bfb584380 16628       3       com.android.tools.r8.internal.ye3::iterator (12 bytes)

GC Heap History (20 events):
Event: 13.260 GC heap after
{Heap after GC invocations=68 (full 0):
 garbage-first heap   total 189440K, used 135161K [0x0000000080000000, 0x0000000100000000)
  region size 1024K, 4 young (4096K), 4 survivors (4096K)
 Metaspace       used 107182K, committed 108096K, reserved 1179648K
  class space    used 14770K, committed 15168K, reserved 1048576K
}
Event: 13.288 GC heap before
{Heap before GC invocations=68 (full 0):
 garbage-first heap   total 189440K, used 158713K [0x0000000080000000, 0x0000000100000000)
  region size 1024K, 28 young (28672K), 4 survivors (4096K)
 Metaspace       used 107362K, committed 108224K, reserved 1179648K
  class space    used 14773K, committed 15168K, reserved 1048576K
}
Event: 13.291 GC heap after
{Heap after GC invocations=69 (full 0):
 garbage-first heap   total 189440K, used 141305K [0x0000000080000000, 0x0000000100000000)
  region size 1024K, 4 young (4096K), 4 survivors (4096K)
 Metaspace       used 107362K, committed 108224K, reserved 1179648K
  class space    used 14773K, committed 15168K, reserved 1048576K
}
Event: 13.302 GC heap before
{Heap before GC invocations=69 (full 0):
 garbage-first heap   total 189440K, used 158713K [0x0000000080000000, 0x0000000100000000)
  region size 1024K, 22 young (22528K), 4 survivors (4096K)
 Metaspace       used 107381K, committed 108224K, reserved 1179648K
  class space    used 14775K, committed 15168K, reserved 1048576K
}
Event: 13.304 GC heap after
{Heap after GC invocations=70 (full 0):
 garbage-first heap   total 278528K, used 146377K [0x0000000080000000, 0x0000000100000000)
  region size 1024K, 3 young (3072K), 3 survivors (3072K)
 Metaspace       used 107381K, committed 108224K, reserved 1179648K
  class space    used 14775K, committed 15168K, reserved 1048576K
}
Event: 13.383 GC heap before
{Heap before GC invocations=70 (full 0):
 garbage-first heap   total 321536K, used 213961K [0x0000000080000000, 0x0000000100000000)
  region size 1024K, 70 young (71680K), 3 survivors (3072K)
 Metaspace       used 107128K, committed 108224K, reserved 1179648K
  class space    used 14756K, committed 15168K, reserved 1048576K
}
Event: 13.391 GC heap after
{Heap after GC invocations=71 (full 0):
 garbage-first heap   total 321536K, used 163042K [0x0000000080000000, 0x0000000100000000)
  region size 1024K, 9 young (9216K), 9 survivors (9216K)
 Metaspace       used 107128K, committed 108224K, reserved 1179648K
  class space    used 14756K, committed 15168K, reserved 1048576K
}
Event: 13.492 GC heap before
{Heap before GC invocations=72 (full 0):
 garbage-first heap   total 321536K, used 248034K [0x0000000080000000, 0x0000000100000000)
  region size 1024K, 88 young (90112K), 9 survivors (9216K)
 Metaspace       used 107163K, committed 108224K, reserved 1179648K
  class space    used 14762K, committed 15168K, reserved 1048576K
}
Event: 13.505 GC heap after
{Heap after GC invocations=73 (full 0):
 garbage-first heap   total 321536K, used 187954K [0x0000000080000000, 0x0000000100000000)
  region size 1024K, 11 young (11264K), 11 survivors (11264K)
 Metaspace       used 107163K, committed 108224K, reserved 1179648K
  class space    used 14762K, committed 15168K, reserved 1048576K
}
Event: 13.539 GC heap before
{Heap before GC invocations=73 (full 0):
 garbage-first heap   total 321536K, used 192050K [0x0000000080000000, 0x0000000100000000)
  region size 1024K, 15 young (15360K), 11 survivors (11264K)
 Metaspace       used 107164K, committed 108224K, reserved 1179648K
  class space    used 14762K, committed 15168K, reserved 1048576K
}
Event: 13.545 GC heap after
{Heap after GC invocations=74 (full 0):
 garbage-first heap   total 321536K, used 177145K [0x0000000080000000, 0x0000000100000000)
  region size 1024K, 2 young (2048K), 2 survivors (2048K)
 Metaspace       used 107164K, committed 108224K, reserved 1179648K
  class space    used 14762K, committed 15168K, reserved 1048576K
}
Event: 14.110 GC heap before
{Heap before GC invocations=74 (full 0):
 garbage-first heap   total 321536K, used 246777K [0x0000000080000000, 0x0000000100000000)
  region size 1024K, 70 young (71680K), 2 survivors (2048K)
 Metaspace       used 114077K, committed 115008K, reserved 1179648K
  class space    used 15822K, committed 16256K, reserved 1048576K
}
Event: 14.113 GC heap after
{Heap after GC invocations=75 (full 0):
 garbage-first heap   total 321536K, used 180735K [0x0000000080000000, 0x0000000100000000)
  region size 1024K, 7 young (7168K), 7 survivors (7168K)
 Metaspace       used 114077K, committed 115008K, reserved 1179648K
  class space    used 15822K, committed 16256K, reserved 1048576K
}
Event: 14.237 GC heap before
{Heap before GC invocations=75 (full 0):
 garbage-first heap   total 321536K, used 195071K [0x0000000080000000, 0x0000000100000000)
  region size 1024K, 22 young (22528K), 7 survivors (7168K)
 Metaspace       used 115931K, committed 116800K, reserved 1179648K
  class space    used 16159K, committed 16576K, reserved 1048576K
}
Event: 14.239 GC heap after
{Heap after GC invocations=76 (full 0):
 garbage-first heap   total 321536K, used 182531K [0x0000000080000000, 0x0000000100000000)
  region size 1024K, 6 young (6144K), 6 survivors (6144K)
 Metaspace       used 115931K, committed 116800K, reserved 1179648K
  class space    used 16159K, committed 16576K, reserved 1048576K
}
Event: 14.703 GC heap before
{Heap before GC invocations=77 (full 0):
 garbage-first heap   total 332800K, used 268547K [0x0000000080000000, 0x0000000100000000)
  region size 1024K, 77 young (78848K), 6 survivors (6144K)
 Metaspace       used 120516K, committed 121408K, reserved 1179648K
  class space    used 16999K, committed 17408K, reserved 1048576K
}
Event: 14.708 GC heap after
{Heap after GC invocations=78 (full 0):
 garbage-first heap   total 332800K, used 198952K [0x0000000080000000, 0x0000000100000000)
  region size 1024K, 10 young (10240K), 10 survivors (10240K)
 Metaspace       used 120516K, committed 121408K, reserved 1179648K
  class space    used 16999K, committed 17408K, reserved 1048576K
}
Event: 14.720 GC heap before
{Heap before GC invocations=78 (full 0):
 garbage-first heap   total 332800K, used 204072K [0x0000000080000000, 0x0000000100000000)
  region size 1024K, 16 young (16384K), 10 survivors (10240K)
 Metaspace       used 120727K, committed 121600K, reserved 1179648K
  class space    used 17057K, committed 17472K, reserved 1048576K
}
Event: 14.727 GC heap after
{Heap after GC invocations=79 (full 0):
 garbage-first heap   total 332800K, used 175097K [0x0000000080000000, 0x0000000100000000)
  region size 1024K, 2 young (2048K), 2 survivors (2048K)
 Metaspace       used 120727K, committed 121600K, reserved 1179648K
  class space    used 17057K, committed 17472K, reserved 1048576K
}
Event: 14.729 GC heap before
{Heap before GC invocations=79 (full 0):
 garbage-first heap   total 332800K, used 188409K [0x0000000080000000, 0x0000000100000000)
  region size 1024K, 16 young (16384K), 2 survivors (2048K)
 Metaspace       used 120743K, committed 121600K, reserved 1179648K
  class space    used 17058K, committed 17472K, reserved 1048576K
}

Dll operation events (15 events):
Event: 0.006 Loaded shared library C:\Users\16696\.jdks\ms-17.0.19\bin\java.dll
Event: 0.017 Loaded shared library C:\Users\16696\.jdks\ms-17.0.19\bin\jsvml.dll
Event: 0.041 Loaded shared library C:\Users\16696\.jdks\ms-17.0.19\bin\zip.dll
Event: 0.043 Loaded shared library C:\Users\16696\.jdks\ms-17.0.19\bin\instrument.dll
Event: 0.046 Loaded shared library C:\Users\16696\.jdks\ms-17.0.19\bin\net.dll
Event: 0.047 Loaded shared library C:\Users\16696\.jdks\ms-17.0.19\bin\nio.dll
Event: 0.048 Loaded shared library C:\Users\16696\.jdks\ms-17.0.19\bin\zip.dll
Event: 0.119 Loaded shared library C:\Users\16696\.jdks\ms-17.0.19\bin\jimage.dll
Event: 0.215 Loaded shared library C:\Users\16696\.jdks\ms-17.0.19\bin\verify.dll
Event: 0.235 Loaded shared library C:\Users\16696\.gradle\native\660c5614fbf4a5f2a75b1949f50a0caf5cd603558e7d8a26e50b933a0cfb79d1\windows-amd64\native-platform.dll
Event: 0.243 Loaded shared library C:\Users\16696\.gradle\native\0.2.8\x86_64-windows-gnu\gradle-fileevents.dll
Event: 0.622 Loaded shared library C:\Users\16696\.jdks\ms-17.0.19\bin\management.dll
Event: 0.624 Loaded shared library C:\Users\16696\.jdks\ms-17.0.19\bin\management_ext.dll
Event: 0.802 Loaded shared library C:\Users\16696\.jdks\ms-17.0.19\bin\extnet.dll
Event: 0.929 Loaded shared library C:\Users\16696\.jdks\ms-17.0.19\bin\sunmscapi.dll

Deoptimization events (20 events):
Event: 14.719 Thread 0x0000027bcbf13310 Uncommon trap: trap_request=0xffffffde fr.pc=0x0000027bec9c8e14 relative=0x0000000000002234
Event: 14.719 Thread 0x0000027bcbf13310 Uncommon trap: reason=class_check action=maybe_recompile pc=0x0000027bec9c8e14 method=com.android.tools.r8.internal.t94.a(Lcom/android/tools/r8/internal/la4;Ljava/lang/Object;I)Ljava/lang/Object; @ 3 c2
Event: 14.719 Thread 0x0000027bcbf13310 DEOPT PACKING pc=0x0000027bec9c8e14 sp=0x000000b964eff270
Event: 14.719 Thread 0x0000027bcbf13820 Uncommon trap: trap_request=0xffffffde fr.pc=0x0000027bec9c8e14 relative=0x0000000000002234
Event: 14.719 Thread 0x0000027bcbf13820 Uncommon trap: reason=class_check action=maybe_recompile pc=0x0000027bec9c8e14 method=com.android.tools.r8.internal.t94.a(Lcom/android/tools/r8/internal/la4;Ljava/lang/Object;I)Ljava/lang/Object; @ 3 c2
Event: 14.719 Thread 0x0000027bcbf13310 DEOPT UNPACKING pc=0x0000027bec1869a3 sp=0x000000b964eff208 mode 2
Event: 14.719 Thread 0x0000027bcbf13820 DEOPT PACKING pc=0x0000027bec9c8e14 sp=0x000000b9650ff220
Event: 14.719 Thread 0x0000027bcbf10580 Uncommon trap: trap_request=0xffffffde fr.pc=0x0000027bec9c8e14 relative=0x0000000000002234
Event: 14.719 Thread 0x0000027bcbf13820 DEOPT UNPACKING pc=0x0000027bec1869a3 sp=0x000000b9650ff1b8 mode 2
Event: 14.719 Thread 0x0000027bcbf10580 Uncommon trap: reason=class_check action=maybe_recompile pc=0x0000027bec9c8e14 method=com.android.tools.r8.internal.t94.a(Lcom/android/tools/r8/internal/la4;Ljava/lang/Object;I)Ljava/lang/Object; @ 3 c2
Event: 14.719 Thread 0x0000027bcbf10580 DEOPT PACKING pc=0x0000027bec9c8e14 sp=0x000000b9652fef40
Event: 14.719 Thread 0x0000027bcbf10580 DEOPT UNPACKING pc=0x0000027bec1869a3 sp=0x000000b9652feed8 mode 2
Event: 14.719 Thread 0x0000027bcbf14750 Uncommon trap: trap_request=0xffffffde fr.pc=0x0000027bec9c8e14 relative=0x0000000000002234
Event: 14.719 Thread 0x0000027bcbf14750 Uncommon trap: reason=class_check action=maybe_recompile pc=0x0000027bec9c8e14 method=com.android.tools.r8.internal.t94.a(Lcom/android/tools/r8/internal/la4;Ljava/lang/Object;I)Ljava/lang/Object; @ 3 c2
Event: 14.719 Thread 0x0000027bcbf10070 Uncommon trap: trap_request=0xffffffde fr.pc=0x0000027bec9c8e14 relative=0x0000000000002234
Event: 14.719 Thread 0x0000027bcbf14750 DEOPT PACKING pc=0x0000027bec9c8e14 sp=0x000000b9653ff320
Event: 14.719 Thread 0x0000027bcbf14750 DEOPT UNPACKING pc=0x0000027bec1869a3 sp=0x000000b9653ff2b8 mode 2
Event: 14.719 Thread 0x0000027bcbf10070 Uncommon trap: reason=class_check action=maybe_recompile pc=0x0000027bec9c8e14 method=com.android.tools.r8.internal.t94.a(Lcom/android/tools/r8/internal/la4;Ljava/lang/Object;I)Ljava/lang/Object; @ 3 c2
Event: 14.719 Thread 0x0000027bcbf10070 DEOPT PACKING pc=0x0000027bec9c8e14 sp=0x000000b9651ff0b0
Event: 14.719 Thread 0x0000027bcbf10070 DEOPT UNPACKING pc=0x0000027bec1869a3 sp=0x000000b9651ff048 mode 2

Classes loaded (20 events):
Event: 13.563 Loading class java/util/concurrent/ConcurrentLinkedQueue$Itr
Event: 13.563 Loading class java/util/concurrent/ConcurrentLinkedQueue$Itr done
Event: 13.575 Loading class java/util/IdentityHashMap$EntrySet
Event: 13.575 Loading class java/util/IdentityHashMap$EntrySet done
Event: 14.108 Loading class java/util/IdentityHashMap$EntrySpliterator
Event: 14.108 Loading class java/util/IdentityHashMap$IdentityHashMapSpliterator
Event: 14.108 Loading class java/util/IdentityHashMap$IdentityHashMapSpliterator done
Event: 14.108 Loading class java/util/IdentityHashMap$EntrySpliterator done
Event: 14.108 Loading class java/util/stream/SortedOps$RefSortingSink
Event: 14.108 Loading class java/util/stream/SortedOps$RefSortingSink done
Event: 14.206 Loading class java/util/SortedSet$1
Event: 14.207 Loading class java/util/SortedSet$1 done
Event: 14.494 Loading class java/util/IdentityHashMap$ValueIterator
Event: 14.494 Loading class java/util/IdentityHashMap$ValueIterator done
Event: 14.665 Loading class java/nio/ShortBuffer
Event: 14.667 Loading class java/nio/ShortBuffer done
Event: 14.685 Loading class java/nio/ByteBufferAsShortBufferL
Event: 14.686 Loading class java/nio/ByteBufferAsShortBufferL done
Event: 14.716 Loading class java/util/zip/Adler32
Event: 14.717 Loading class java/util/zip/Adler32 done

Classes unloaded (20 events):
Event: 13.342 Thread 0x0000027bfb5640e0 Unloading class 0x0000027b81dc3800 'jdk/internal/jimage/ImageHeader'
Event: 13.342 Thread 0x0000027bfb5640e0 Unloading class 0x0000027b81dc2dc8 'jdk/internal/jimage/BasicImageReader$2'
Event: 13.342 Thread 0x0000027bfb5640e0 Unloading class 0x0000027b81dc2b98 'jdk/internal/jimage/BasicImageReader$1'
Event: 13.342 Thread 0x0000027bfb5640e0 Unloading class 0x0000027b81dc2930 'jdk/internal/jimage/ImageReader$Resource'
Event: 13.342 Thread 0x0000027bfb5640e0 Unloading class 0x0000027b81dc26c8 'jdk/internal/jimage/ImageReader$LinkNode'
Event: 13.342 Thread 0x0000027bfb5640e0 Unloading class 0x0000027b81dc2460 'jdk/internal/jimage/ImageReader$Directory'
Event: 13.342 Thread 0x0000027bfb5640e0 Unloading class 0x0000027b81dc21f8 'jdk/internal/jimage/ImageReader$Node'
Event: 13.342 Thread 0x0000027bfb5640e0 Unloading class 0x0000027b81dc2000 'jdk/internal/jimage/ImageStrings'
Event: 13.342 Thread 0x0000027bfb5640e0 Unloading class 0x0000027b81dc1b50 'jdk/internal/jimage/ImageReader$SharedImageReader'
Event: 13.342 Thread 0x0000027bfb5640e0 Unloading class 0x0000027b81dc1890 'jdk/internal/jimage/BasicImageReader'
Event: 13.342 Thread 0x0000027bfb5640e0 Unloading class 0x0000027b81dc1670 'jdk/internal/jimage/ImageReader'
Event: 13.342 Thread 0x0000027bfb5640e0 Unloading class 0x0000027b81dc1448 'jdk/internal/jrtfs/SystemImage$2'
Event: 13.342 Thread 0x0000027bfb5640e0 Unloading class 0x0000027b81dc1230 'jdk/internal/jrtfs/SystemImage$$Lambda$2030+0x0000027b81dc1230'
Event: 13.342 Thread 0x0000027bfb5640e0 Unloading class 0x0000027b81dc1000 'jdk/internal/jrtfs/ExplodedImage'
Event: 13.342 Thread 0x0000027bfb5640e0 Unloading class 0x0000027b81dc0dc8 'jdk/internal/jrtfs/SystemImage$1'
Event: 13.342 Thread 0x0000027bfb5640e0 Unloading class 0x0000027b81dc0bb0 'jdk/internal/jrtfs/SystemImage'
Event: 13.342 Thread 0x0000027bfb5640e0 Unloading class 0x0000027b81dc0950 'jdk/internal/jrtfs/JrtFileStore'
Event: 13.342 Thread 0x0000027bfb5640e0 Unloading class 0x0000027b81dc05d8 'jdk/internal/jrtfs/JrtPath'
Event: 13.342 Thread 0x0000027bfb5640e0 Unloading class 0x0000027b81dc02e0 'jdk/internal/jrtfs/JrtFileSystem'
Event: 13.342 Thread 0x0000027bfb5640e0 Unloading class 0x0000027b81dc0000 'jdk/internal/jrtfs/JrtFileSystemProvider'

Classes redefined (0 events):
No events

Internal exceptions (20 events):
Event: 14.315 Thread 0x0000027bcbf10a90 Exception <a 'java/lang/NoSuchMethodError'{0x0000000094445178}: 'void java.lang.invoke.DirectMethodHandle$Holder.invokeStatic(java.lang.Object, int)'> (0x0000000094445178) 
thrown [s\src\hotspot\share\interpreter\linkResolver.cpp, line 759]
Event: 14.324 Thread 0x0000027bcbf10a90 Exception <a 'java/lang/IncompatibleClassChangeError'{0x0000000094313188}: Found class java.lang.Object, but interface was expected> (0x0000000094313188) 
thrown [s\src\hotspot\share\interpreter\linkResolver.cpp, line 826]
Event: 14.325 Thread 0x0000027bcbf10a90 Exception <a 'java/lang/NoSuchMethodError'{0x0000000094333b10}: 'void java.lang.invoke.DirectMethodHandle$Holder.invokeSpecialIFC(java.lang.Object, java.lang.Object, java.lang.Object, java.lang.Object)'> (0x0000000094333b10) 
thrown [s\src\hotspot\share\interpreter\linkResolver.cpp, line 759]
Event: 14.397 Thread 0x0000027bcbf10a90 Exception <a 'java/lang/NoSuchMethodError'{0x0000000093c4e938}: 'java.lang.Object java.lang.invoke.DirectMethodHandle$Holder.invokeInterface(java.lang.Object, java.lang.Object, int)'> (0x0000000093c4e938) 
thrown [s\src\hotspot\share\interpreter\linkResolver.cpp, line 759]
Event: 14.504 Thread 0x0000027bc97a9190 Exception <a 'java/lang/NoSuchMethodError'{0x0000000092ce4fd0}: 'java.lang.Object java.lang.invoke.DirectMethodHandle$Holder.newInvokeSpecial(java.lang.Object, int, java.lang.Object, java.lang.Object, java.lang.Object)'> (0x0000000092ce4fd0) 
thrown [s\src\hotspot\share\interpreter\linkResolver.cpp, line 759]
Event: 14.506 Thread 0x0000027bc97a9190 Exception <a 'java/lang/NoSuchMethodError'{0x0000000092b27020}: 'void java.lang.invoke.DirectMethodHandle$Holder.invokeSpecial(java.lang.Object, java.lang.Object, java.lang.Object, int, java.lang.Object, java.lang.Object, java.lang.Object, java.lang.Object)'> (0x0000000092b27020) 
thrown [s\src\hotspot\share\interpreter\linkResolver.cpp, line 759]
Event: 14.507 Thread 0x0000027bc97a9190 Implicit null exception at 0x0000027becf21ecf to 0x0000027becf21fd8
Event: 14.508 Thread 0x0000027bc97a9190 Exception <a 'java/lang/NoSuchMethodError'{0x0000000092b59f70}: 'void java.lang.invoke.DirectMethodHandle$Holder.invokeStatic(java.lang.Object, java.lang.Object, java.lang.Object, java.lang.Object, java.lang.Object, java.lang.Object, java.lang.Object, java.lang.Object)'> (0x0000000092b59f70) 
thrown [s\src\hotspot\share\interpreter\linkResolver.cpp, line 759]
Event: 14.523 Thread 0x0000027bc97a9190 Exception <a 'java/lang/NoSuchMethodError'{0x00000000924e0b18}: 'void java.lang.invoke.DirectMethodHandle$Holder.invokeStatic(java.lang.Object, java.lang.Object, java.lang.Object, java.lang.Object, java.lang.Object, java.lang.Object, java.lang.Object, java.lang.Object, java.lang.Object)'> (0x00000000924e0b18) 
thrown [s\src\hotspot\share\interpreter\linkResolver.cpp, line 759]
Event: 14.603 Thread 0x0000027bc97a9190 Exception <a 'java/lang/NoSuchMethodError'{0x00000000915ec8e0}: 'java.lang.Object java.lang.invoke.DirectMethodHandle$Holder.invokeStatic(java.lang.Object, java.lang.Object, int, java.lang.Object)'> (0x00000000915ec8e0) 
thrown [s\src\hotspot\share\interpreter\linkResolver.cpp, line 759]
Event: 14.686 Thread 0x0000027bcbf14750 Exception <a 'java/lang/NoSuchMethodError'{0x000000008fcb9eb8}: 'void java.lang.invoke.DirectMethodHandle$Holder.invokeSpecial(java.lang.Object, java.lang.Object, int)'> (0x000000008fcb9eb8) 
thrown [s\src\hotspot\share\interpreter\linkResolver.cpp, line 759]
Event: 14.686 Thread 0x0000027bcbf128f0 Exception <a 'java/lang/NoSuchMethodError'{0x000000008fb3d740}: 'void java.lang.invoke.DirectMethodHandle$Holder.invokeSpecial(java.lang.Object, java.lang.Object, int)'> (0x000000008fb3d740) 
thrown [s\src\hotspot\share\interpreter\linkResolver.cpp, line 759]
Event: 14.686 Thread 0x0000027bcbf10580 Exception <a 'java/lang/NoSuchMethodError'{0x000000008fbc1a48}: 'void java.lang.invoke.DirectMethodHandle$Holder.invokeSpecial(java.lang.Object, java.lang.Object, int)'> (0x000000008fbc1a48) 
thrown [s\src\hotspot\share\interpreter\linkResolver.cpp, line 759]
Event: 14.686 Thread 0x0000027bcbf0f650 Exception <a 'java/lang/NoSuchMethodError'{0x000000008fbd5630}: 'void java.lang.invoke.DirectMethodHandle$Holder.invokeSpecial(java.lang.Object, java.lang.Object, int)'> (0x000000008fbd5630) 
thrown [s\src\hotspot\share\interpreter\linkResolver.cpp, line 759]
Event: 14.687 Thread 0x0000027bcbf123e0 Exception <a 'java/lang/NoSuchMethodError'{0x000000008fb7e680}: 'void java.lang.invoke.DirectMethodHandle$Holder.invokeSpecial(java.lang.Object, java.lang.Object, int)'> (0x000000008fb7e680) 
thrown [s\src\hotspot\share\interpreter\linkResolver.cpp, line 759]
Event: 14.687 Thread 0x0000027bcbf13310 Exception <a 'java/lang/NoSuchMethodError'{0x000000008fbf6f48}: 'void java.lang.invoke.DirectMethodHandle$Holder.invokeSpecial(java.lang.Object, java.lang.Object, int)'> (0x000000008fbf6f48) 
thrown [s\src\hotspot\share\interpreter\linkResolver.cpp, line 759]
Event: 14.687 Thread 0x0000027bcbf0fb60 Exception <a 'java/lang/NoSuchMethodError'{0x000000008fbc9ec0}: 'void java.lang.invoke.DirectMethodHandle$Holder.invokeSpecial(java.lang.Object, java.lang.Object, int)'> (0x000000008fbc9ec0) 
thrown [s\src\hotspot\share\interpreter\linkResolver.cpp, line 759]
Event: 14.687 Thread 0x0000027bcbf10a90 Exception <a 'java/lang/NoSuchMethodError'{0x000000008fb96c60}: 'void java.lang.invoke.DirectMethodHandle$Holder.invokeSpecial(java.lang.Object, java.lang.Object, int)'> (0x000000008fb96c60) 
thrown [s\src\hotspot\share\interpreter\linkResolver.cpp, line 759]
Event: 14.687 Thread 0x0000027bcbf13820 Exception <a 'java/lang/NoSuchMethodError'{0x000000008fbbc188}: 'void java.lang.invoke.DirectMethodHandle$Holder.invokeSpecial(java.lang.Object, java.lang.Object, int)'> (0x000000008fbbc188) 
thrown [s\src\hotspot\share\interpreter\linkResolver.cpp, line 759]
Event: 14.687 Thread 0x0000027bcbf10070 Exception <a 'java/lang/NoSuchMethodError'{0x000000008fb713f0}: 'void java.lang.invoke.DirectMethodHandle$Holder.invokeSpecial(java.lang.Object, java.lang.Object, int)'> (0x000000008fb713f0) 
thrown [s\src\hotspot\share\interpreter\linkResolver.cpp, line 759]

VM Operations (20 events):
Event: 14.472 Executing VM operation: ICBufferFull done
Event: 14.516 Executing VM operation: HandshakeAllThreads
Event: 14.516 Executing VM operation: HandshakeAllThreads done
Event: 14.527 Executing VM operation: HandshakeAllThreads
Event: 14.527 Executing VM operation: HandshakeAllThreads done
Event: 14.620 Executing VM operation: ICBufferFull
Event: 14.620 Executing VM operation: ICBufferFull done
Event: 14.629 Executing VM operation: HandshakeAllThreads
Event: 14.629 Executing VM operation: HandshakeAllThreads done
Event: 14.630 Executing VM operation: HandshakeAllThreads
Event: 14.631 Executing VM operation: HandshakeAllThreads done
Event: 14.632 Executing VM operation: HandshakeAllThreads
Event: 14.632 Executing VM operation: HandshakeAllThreads done
Event: 14.652 Executing VM operation: HandshakeAllThreads
Event: 14.652 Executing VM operation: HandshakeAllThreads done
Event: 14.703 Executing VM operation: G1CollectForAllocation
Event: 14.708 Executing VM operation: G1CollectForAllocation done
Event: 14.720 Executing VM operation: G1CollectForAllocation
Event: 14.727 Executing VM operation: G1CollectForAllocation done
Event: 14.729 Executing VM operation: G1CollectForAllocation

Memory protections (0 events):
No events

Nmethod flushes (20 events):
Event: 14.673 Thread 0x0000027bfb5a5990 flushing  nmethod 0x0000027be6477c10
Event: 14.673 Thread 0x0000027bfb5a5990 flushing  nmethod 0x0000027be6477f90
Event: 14.673 Thread 0x0000027bfb5a5990 flushing  nmethod 0x0000027be6478a10
Event: 14.673 Thread 0x0000027bfb5a5990 flushing  nmethod 0x0000027be6479510
Event: 14.673 Thread 0x0000027bfb5a5990 flushing  nmethod 0x0000027be6480410
Event: 14.673 Thread 0x0000027bfb5a5990 flushing  nmethod 0x0000027be6481d10
Event: 14.673 Thread 0x0000027bfb5a5990 flushing  nmethod 0x0000027be6484b90
Event: 14.673 Thread 0x0000027bfb5a5990 flushing  nmethod 0x0000027be6485c10
Event: 14.673 Thread 0x0000027bfb5a5990 flushing  nmethod 0x0000027be6486d10
Event: 14.673 Thread 0x0000027bfb5a5990 flushing  nmethod 0x0000027be648b190
Event: 14.673 Thread 0x0000027bfb5a5990 flushing  nmethod 0x0000027be648c910
Event: 14.673 Thread 0x0000027bfb5a5990 flushing  nmethod 0x0000027be649a690
Event: 14.673 Thread 0x0000027bfb5a5990 flushing  nmethod 0x0000027be64a0790
Event: 14.673 Thread 0x0000027bfb5a5990 flushing  nmethod 0x0000027be64a7090
Event: 14.673 Thread 0x0000027bfb5a5990 flushing  nmethod 0x0000027be64a9f90
Event: 14.673 Thread 0x0000027bfb5a5990 flushing  nmethod 0x0000027be64afb10
Event: 14.673 Thread 0x0000027bfb5a5990 flushing  nmethod 0x0000027be64b7e10
Event: 14.673 Thread 0x0000027bfb5a5990 flushing  nmethod 0x0000027be64b8590
Event: 14.673 Thread 0x0000027bfb5a5990 flushing  nmethod 0x0000027be64b9510
Event: 14.673 Thread 0x0000027bfb5a5990 flushing  nmethod 0x0000027be64c6c10

Events (20 events):
Event: 10.125 Thread 0x0000027bc97a8c80 Thread added: 0x0000027bc97ab500
Event: 10.125 Thread 0x0000027bc97a8c80 Thread added: 0x0000027bc97ad360
Event: 10.125 Thread 0x0000027bc97a8c80 Thread added: 0x0000027bc97aa5d0
Event: 10.143 Thread 0x0000027bc97aa5d0 Thread added: 0x0000027bc97aba10
Event: 10.237 Thread 0x0000027bc9649000 Thread exited: 0x0000027bc9649000
Event: 10.714 Thread 0x0000027bc7c5cd10 Thread exited: 0x0000027bc7c5cd10
Event: 10.749 Thread 0x0000027bfb584380 Thread added: 0x0000027bc76def20
Event: 10.984 Thread 0x0000027bfb584380 Thread added: 0x0000027bc76e09b0
Event: 11.054 Thread 0x0000027bc97a96a0 Thread added: 0x0000027bc97ad870
Event: 12.673 Thread 0x0000027bc97a96a0 Thread added: 0x0000027bcbf114b0
Event: 13.159 Thread 0x0000027bc97a9190 Thread added: 0x0000027bcbf123e0
Event: 13.159 Thread 0x0000027bcbf123e0 Thread added: 0x0000027bcbf0f650
Event: 13.159 Thread 0x0000027bcbf0f650 Thread added: 0x0000027bcbf128f0
Event: 13.160 Thread 0x0000027bcbf128f0 Thread added: 0x0000027bcbf0fb60
Event: 13.160 Thread 0x0000027bcbf0fb60 Thread added: 0x0000027bcbf13310
Event: 13.160 Thread 0x0000027bcbf13310 Thread added: 0x0000027bcbf10a90
Event: 13.160 Thread 0x0000027bcbf10a90 Thread added: 0x0000027bcbf13820
Event: 13.160 Thread 0x0000027bcbf13820 Thread added: 0x0000027bcbf10070
Event: 13.161 Thread 0x0000027bcbf10070 Thread added: 0x0000027bcbf10580
Event: 13.161 Thread 0x0000027bcbf10580 Thread added: 0x0000027bcbf14750


Dynamic libraries:
0x00007ff6e3ea0000 - 0x00007ff6e3eae000 	C:\Users\16696\.jdks\ms-17.0.19\bin\java.exe
0x00007ffa8e760000 - 0x00007ffa8e9c6000 	C:\Windows\SYSTEM32\ntdll.dll
0x00007ffa8cdd0000 - 0x00007ffa8ce99000 	C:\Windows\System32\KERNEL32.DLL
0x00007ffa8ba80000 - 0x00007ffa8be7a000 	C:\Windows\System32\KERNELBASE.dll
0x00007ffa8c090000 - 0x00007ffa8c1dc000 	C:\Windows\System32\ucrtbase.dll
0x00007ffa7cb40000 - 0x00007ffa7cb5e000 	C:\Users\16696\.jdks\ms-17.0.19\bin\VCRUNTIME140.dll
0x00007ffa7cc50000 - 0x00007ffa7cc68000 	C:\Users\16696\.jdks\ms-17.0.19\bin\jli.dll
0x00007ffa8cff0000 - 0x00007ffa8d1b7000 	C:\Windows\System32\USER32.dll
0x00007ffa8be80000 - 0x00007ffa8bea7000 	C:\Windows\System32\win32u.dll
0x00007ffa6f9b0000 - 0x00007ffa6fc42000 	C:\Windows\WinSxS\amd64_microsoft.windows.common-controls_6595b64144ccf1df_6.0.26100.8521_none_3e08b75ce33403b3\COMCTL32.dll
0x00007ffa8cd20000 - 0x00007ffa8cd4b000 	C:\Windows\System32\GDI32.dll
0x00007ffa8ca70000 - 0x00007ffa8cb19000 	C:\Windows\System32\msvcrt.dll
0x00007ffa8beb0000 - 0x00007ffa8bfdb000 	C:\Windows\System32\gdi32full.dll
0x00007ffa8bfe0000 - 0x00007ffa8c083000 	C:\Windows\System32\msvcp_win.dll
0x00007ffa8cb20000 - 0x00007ffa8cb52000 	C:\Windows\System32\IMM32.DLL
0x00007ffa7d240000 - 0x00007ffa7d24c000 	C:\Users\16696\.jdks\ms-17.0.19\bin\vcruntime140_1.dll
0x00007ffa68f80000 - 0x00007ffa69009000 	C:\Users\16696\.jdks\ms-17.0.19\bin\msvcp140.dll
0x00007ffa19700000 - 0x00007ffa1a37b000 	C:\Users\16696\.jdks\ms-17.0.19\bin\server\jvm.dll
0x00007ffa8e5d0000 - 0x00007ffa8e686000 	C:\Windows\System32\ADVAPI32.dll
0x00007ffa8c9c0000 - 0x00007ffa8ca6a000 	C:\Windows\System32\sechost.dll
0x00007ffa8dbc0000 - 0x00007ffa8dcd8000 	C:\Windows\System32\RPCRT4.dll
0x00007ffa8e690000 - 0x00007ffa8e710000 	C:\Windows\System32\WS2_32.dll
0x00007ffa8b850000 - 0x00007ffa8b8ae000 	C:\Windows\SYSTEM32\POWRPROF.dll
0x00007ffa84500000 - 0x00007ffa84536000 	C:\Windows\SYSTEM32\WINMM.dll
0x00007ffa839c0000 - 0x00007ffa839cb000 	C:\Windows\SYSTEM32\VERSION.dll
0x00007ffa8b830000 - 0x00007ffa8b844000 	C:\Windows\SYSTEM32\UMPDC.dll
0x00007ffa8a750000 - 0x00007ffa8a76b000 	C:\Windows\SYSTEM32\kernel.appcore.dll
0x00007ffa7ced0000 - 0x00007ffa7ceda000 	C:\Users\16696\.jdks\ms-17.0.19\bin\jimage.dll
0x00007ffa88de0000 - 0x00007ffa89022000 	C:\Windows\SYSTEM32\DBGHELP.DLL
0x00007ffa8de90000 - 0x00007ffa8e213000 	C:\Windows\System32\combase.dll
0x00007ffa8da50000 - 0x00007ffa8db29000 	C:\Windows\System32\OLEAUT32.dll
0x00007ffa68e40000 - 0x00007ffa68e7b000 	C:\Windows\SYSTEM32\dbgcore.DLL
0x00007ffa8c1e0000 - 0x00007ffa8c288000 	C:\Windows\System32\bcryptPrimitives.dll
0x00007ffa7cb30000 - 0x00007ffa7cb3f000 	C:\Users\16696\.jdks\ms-17.0.19\bin\instrument.dll
0x00007ffa7cb00000 - 0x00007ffa7cb26000 	C:\Users\16696\.jdks\ms-17.0.19\bin\java.dll
0x00007ffa63dd0000 - 0x00007ffa63ea6000 	C:\Users\16696\.jdks\ms-17.0.19\bin\jsvml.dll
0x00007ffa8d1c0000 - 0x00007ffa8d944000 	C:\Windows\System32\SHELL32.dll
0x00007ffa89590000 - 0x00007ffa89e10000 	C:\Windows\SYSTEM32\windows.storage.dll
0x00007ffa8cc20000 - 0x00007ffa8cd16000 	C:\Windows\System32\SHCORE.dll
0x00007ffa8e400000 - 0x00007ffa8e467000 	C:\Windows\System32\shlwapi.dll
0x00007ffa8b910000 - 0x00007ffa8b939000 	C:\Windows\SYSTEM32\profapi.dll
0x00007ffa7cae0000 - 0x00007ffa7caf8000 	C:\Users\16696\.jdks\ms-17.0.19\bin\zip.dll
0x00007ffa7c760000 - 0x00007ffa7c77b000 	C:\Users\16696\.jdks\ms-17.0.19\bin\net.dll
0x00007ffa843b0000 - 0x00007ffa844d9000 	C:\Windows\SYSTEM32\WINHTTP.dll
0x00007ffa8acd0000 - 0x00007ffa8ad3c000 	C:\Windows\system32\mswsock.dll
0x00007ffa7c740000 - 0x00007ffa7c756000 	C:\Users\16696\.jdks\ms-17.0.19\bin\nio.dll
0x00007ffa7b470000 - 0x00007ffa7b480000 	C:\Users\16696\.jdks\ms-17.0.19\bin\verify.dll
0x00007ff9f88f0000 - 0x00007ff9f8917000 	C:\Users\16696\.gradle\native\660c5614fbf4a5f2a75b1949f50a0caf5cd603558e7d8a26e50b933a0cfb79d1\windows-amd64\native-platform.dll
0x00007ffa6d2e0000 - 0x00007ffa6d357000 	C:\Users\16696\.gradle\native\0.2.8\x86_64-windows-gnu\gradle-fileevents.dll
0x00007ffa78360000 - 0x00007ffa7836a000 	C:\Users\16696\.jdks\ms-17.0.19\bin\management.dll
0x00007ffa78350000 - 0x00007ffa7835c000 	C:\Users\16696\.jdks\ms-17.0.19\bin\management_ext.dll
0x00007ffa8cbc0000 - 0x00007ffa8cbc8000 	C:\Windows\System32\PSAPI.DLL
0x00007ffa8a120000 - 0x00007ffa8a153000 	C:\Windows\SYSTEM32\IPHLPAPI.DLL
0x00007ffa8dce0000 - 0x00007ffa8dcea000 	C:\Windows\System32\NSI.dll
0x00007ffa84130000 - 0x00007ffa8414d000 	C:\Windows\SYSTEM32\dhcpcsvc6.DLL
0x00007ffa84100000 - 0x00007ffa84125000 	C:\Windows\SYSTEM32\dhcpcsvc.DLL
0x00007ffa8a1b0000 - 0x00007ffa8a2fa000 	C:\Windows\SYSTEM32\DNSAPI.dll
0x00007ffa8aac0000 - 0x00007ffa8aacd000 	C:\Windows\SYSTEM32\DSPARSE.dll
0x00007ffa77420000 - 0x00007ffa77429000 	C:\Users\16696\.jdks\ms-17.0.19\bin\extnet.dll
0x00007ffa8afe0000 - 0x00007ffa8affb000 	C:\Windows\SYSTEM32\CRYPTSP.dll
0x00007ffa8a6b0000 - 0x00007ffa8a6e9000 	C:\Windows\system32\rsaenh.dll
0x00007ffa8ad80000 - 0x00007ffa8adb3000 	C:\Windows\SYSTEM32\USERENV.dll
0x00007ffa8b8e0000 - 0x00007ffa8b90a000 	C:\Windows\SYSTEM32\bcrypt.dll
0x00007ffa8afd0000 - 0x00007ffa8afdc000 	C:\Windows\SYSTEM32\CRYPTBASE.dll
0x00007ffa71790000 - 0x00007ffa7179e000 	C:\Users\16696\.jdks\ms-17.0.19\bin\sunmscapi.dll
0x00007ffa8c350000 - 0x00007ffa8c4c8000 	C:\Windows\System32\CRYPT32.dll
0x00007ffa8b1f0000 - 0x00007ffa8b220000 	C:\Windows\SYSTEM32\ncrypt.dll
0x00007ffa8b1a0000 - 0x00007ffa8b1df000 	C:\Windows\SYSTEM32\NTASN1.dll
0x00007ffa7c1a0000 - 0x00007ffa7c1a8000 	C:\Windows\system32\wshunix.dll

dbghelp: loaded successfully - version: 4.0.5 - missing functions: none
symbol engine: initialized successfully - sym options: 0x614 - pdb path: .;C:\Users\16696\.jdks\ms-17.0.19\bin;C:\Windows\SYSTEM32;C:\Windows\WinSxS\amd64_microsoft.windows.common-controls_6595b64144ccf1df_6.0.26100.8521_none_3e08b75ce33403b3;C:\Users\16696\.jdks\ms-17.0.19\bin\server;C:\Users\16696\.gradle\native\660c5614fbf4a5f2a75b1949f50a0caf5cd603558e7d8a26e50b933a0cfb79d1\windows-amd64;C:\Users\16696\.gradle\native\0.2.8\x86_64-windows-gnu

VM Arguments:
jvm_args: --add-opens=java.base/java.lang=ALL-UNNAMED --add-opens=java.base/java.lang.invoke=ALL-UNNAMED --add-opens=java.base/java.util=ALL-UNNAMED --add-opens=java.prefs/java.util.prefs=ALL-UNNAMED --add-exports=jdk.compiler/com.sun.tools.javac.api=ALL-UNNAMED --add-exports=jdk.compiler/com.sun.tools.javac.util=ALL-UNNAMED --add-opens=java.base/java.util=ALL-UNNAMED --add-opens=java.prefs/java.util.prefs=ALL-UNNAMED --add-opens=java.base/java.nio.charset=ALL-UNNAMED --add-opens=java.base/java.net=ALL-UNNAMED --add-opens=java.base/java.util.concurrent=ALL-UNNAMED --add-opens=java.base/java.util.concurrent.atomic=ALL-UNNAMED --add-opens=java.xml/javax.xml.namespace=ALL-UNNAMED --add-opens=java.base/java.time=ALL-UNNAMED -Xmx2048m -Dfile.encoding=UTF-8 -Duser.country=CN -Duser.language=zh -Duser.variant -javaagent:C:\Users\16696\.gradle\wrapper\dists\gradle-9.4.1-bin\arn2x92ynaizyzdaamcbpbhtj\gradle-9.4.1\lib\agents\gradle-instrumentation-agent-9.4.1.jar 
java_command: org.gradle.launcher.daemon.bootstrap.GradleDaemon 9.4.1
java_class_path (initial): C:\Users\16696\.gradle\wrapper\dists\gradle-9.4.1-bin\arn2x92ynaizyzdaamcbpbhtj\gradle-9.4.1\lib\gradle-daemon-main-9.4.1.jar
Launcher Type: SUN_STANDARD

[Global flags]
     intx CICompilerCount                          = 4                                         {product} {ergonomic}
     uint ConcGCThreads                            = 2                                         {product} {ergonomic}
     uint G1ConcRefinementThreads                  = 9                                         {product} {ergonomic}
   size_t G1HeapRegionSize                         = 1048576                                   {product} {ergonomic}
    uintx GCDrainStackTargetSize                   = 64                                        {product} {ergonomic}
   size_t InitialHeapSize                          = 260046848                                 {product} {ergonomic}
   size_t MarkStackSize                            = 4194304                                   {product} {ergonomic}
   size_t MaxHeapSize                              = 2147483648                                {product} {command line}
   size_t MaxNewSize                               = 1287651328                                {product} {ergonomic}
   size_t MinHeapDeltaBytes                        = 1048576                                   {product} {ergonomic}
   size_t MinHeapSize                              = 8388608                                   {product} {ergonomic}
    uintx NonNMethodCodeHeapSize                   = 5839372                                {pd product} {ergonomic}
    uintx NonProfiledCodeHeapSize                  = 122909434                              {pd product} {ergonomic}
    uintx ProfiledCodeHeapSize                     = 122909434                              {pd product} {ergonomic}
    uintx ReservedCodeCacheSize                    = 251658240                              {pd product} {ergonomic}
     bool SegmentedCodeCache                       = true                                      {product} {ergonomic}
   size_t SoftMaxHeapSize                          = 2147483648                             {manageable} {ergonomic}
     bool UseCompressedClassPointers               = true                           {product lp64_product} {ergonomic}
     bool UseCompressedOops                        = true                           {product lp64_product} {ergonomic}
     bool UseG1GC                                  = true                                      {product} {ergonomic}
     bool UseLargePagesIndividualAllocation        = false                                  {pd product} {ergonomic}

Logging:
Log output configuration:
 #0: stdout all=warning uptime,level,tags
 #1: stderr all=off uptime,level,tags

Environment Variables:
PATH=d:\Trea\Trae CN\resources\app\modules\ai-agent\bin;c:\Users\16696\.trae-cn\tools\trae-gopls\current;c:\Users\16696\.trae-cn\sdks\workspaces\5d727ef8\versions\node\current;c:\Users\16696\.trae-cn\sdks\versions\node\current;D:\Android\jdk-8.0.492.9-hotspot\bin;C:\Program Files (x86)\VMware\VMware Workstation\bin\;C:\Windows\system32;C:\Windows;C:\Windows\System32\Wbem;C:\Windows\System32\WindowsPowerShell\v1.0\;C:\Windows\System32\OpenSSH\;D:\Git\Git\cmd;D:\Cmake\bin;D:\Windows Kits\10\Windows Performance Toolkit\;C:\Program Files\CMake\bin;C:\Program Files\TortoiseGit\bin;C:\NXP\S32DS.3.5\S32DS\build_tools\gcc-10.2-arm32-eabi\bin;D:\Xshell\;C:\Users\16696\AppData\Local\Programs\Python\Python314\Scripts\;C:\Users\16696\AppData\Local\Programs\Python\Python314\;C:\Users\16696\AppData\Local\Microsoft\WindowsApps;D:\pycharm\PyCharm 2026.1.2\bin;D:\vscode\Microsoft VS Code\bin;D:\Android\Sdk\platform-tools;;c:\Users\16696\.trae-cn\extensions\vscjava.vscode-java-debug-0.59.0-universal\bundled\scripts\noConfigScripts;D:\Android\jdk-8.0.492.9-hotspot\bin;C:\Program Files (x86)\VMware\VMware Workstation\bin\;C:\Windows\system32;C:\Windows;C:\Windows\System32\Wbem;C:\Windows\System32\WindowsPowerShell\v1.0\;C:\Windows\System32\OpenSSH\;D:\Git\Git\cmd;D:\Cmake\bin;D:\Windows Kits\10\Windows Performance Toolkit\;C:\Program Files\CMake\bin;C:\Program Files\TortoiseGit\bin;C:\NXP\S32DS.3.5\S32DS\build_tools\gcc-10.2-arm32-eabi\bin;D:\Xshell\;C:\Users\16696\AppData\Local\Programs\Python\Python314\Scripts\;C:\Users\16696\AppData\Local\Programs\Python\Python314\;C:\Users\16696\AppData\Local\Microsoft\WindowsApps;D:\pycharm\PyCharm 2026.1.2\bin;D:\vscode\Microsoft VS Code\bin;D:\Android\Sdk\platform-tools;d:\Trea\Trae CN\resources\app\bin\lib;d:\Trea\Trae CN\resources\app\node_modules\@vscode\ripgrep\bin;D:\Trea\Trae CN\resources\app\out\vs\workbench\contrib\terminal\common\scripts
USERNAME=16696
LANG=zh_CN.UTF-8
TERM=dumb
OS=Windows_NT
PROCESSOR_IDENTIFIER=Intel64 Family 6 Model 198 Stepping 2, GenuineIntel
TMP=C:\Users\16696\AppData\Local\Temp
TEMP=C:\Users\16696\AppData\Local\Temp



Periodic native trim disabled


---------------  S Y S T E M  ---------------

OS:
 Windows 11 , 64 bit Build 26100 (10.0.26100.8521)
OS uptime: 1 days 2:59 hours
Hyper-V role detected

CPU: total 10 (initial active 10) (10 cores per cpu, 1 threads per core) family 6 model 198 stepping 2 microcode 0x118, cx8, cmov, fxsr, mmx, 3dnowpref, sse, sse2, sse3, ssse3, sse4.1, sse4.2, popcnt, lzcnt, tsc, tscinvbit, avx, avx2, aes, erms, clmul, bmi1, bmi2, adx, sha, fma, vzeroupper, clflush, clflushopt, clwb, hv
Processor Information for processor 0
  Max Mhz: 3300, Current Mhz: 3300, Mhz Limit: 3300
Processor Information for processor 1
  Max Mhz: 3300, Current Mhz: 3300, Mhz Limit: 3300
Processor Information for processor 2
  Max Mhz: 2700, Current Mhz: 2700, Mhz Limit: 2700
Processor Information for processor 3
  Max Mhz: 2700, Current Mhz: 2700, Mhz Limit: 2700
Processor Information for processor 4
  Max Mhz: 2700, Current Mhz: 2700, Mhz Limit: 2700
Processor Information for processor 5
  Max Mhz: 2700, Current Mhz: 2700, Mhz Limit: 2700
Processor Information for processor 6
  Max Mhz: 3300, Current Mhz: 3300, Mhz Limit: 3300
Processor Information for processor 7
  Max Mhz: 3300, Current Mhz: 3300, Mhz Limit: 3300
Processor Information for processor 8
  Max Mhz: 3300, Current Mhz: 3300, Mhz Limit: 3300
Processor Information for processor 9
  Max Mhz: 3300, Current Mhz: 3300, Mhz Limit: 3300

Memory: 4k page, system-wide physical 15751M (976M free)
TotalPageFile size 54151M (AvailPageFile size 210M)
current process WorkingSet (physical memory assigned to process): 613M, peak: 659M
current process commit charge ("private bytes"): 670M, peak: 1210M

vm_info: OpenJDK 64-Bit Server VM (17.0.19+10-LTS) for windows-amd64 JRE (17.0.19+10-LTS), built on Apr 18 2026 18:24:40 by "MicrosoftCorporation" with MS VC++ 17.14 (VS2022)

END.
