#
# There is insufficient memory for the Java Runtime Environment to continue.
# Native memory allocation (mmap) failed to map 526385152 bytes. Error detail: G1 virtual space
# Possible reasons:
#   The system is out of physical RAM or swap space
#   This process is running with CompressedOops enabled, and the Java Heap may be blocking the growth of the native heap
# Possible solutions:
#   Reduce memory load on the system
#   Increase physical memory or swap space
#   Check if swap backing store is full
#   Decrease Java heap size (-Xmx/-Xms)
#   Decrease number of Java threads
#   Decrease Java thread stack sizes (-Xss)
#   Set larger code cache with -XX:ReservedCodeCacheSize=
#   JVM is running with Unscaled Compressed Oops mode in which the Java heap is
#     placed in the first 4GB address space. The Java Heap base address is the
#     maximum limit for the native heap growth. Please use -XX:HeapBaseMinAddress
#     to set the Java Heap base and to place the Java Heap above 4GB virtual address.
# This output file may be truncated or incomplete.
#
#  Out of Memory Error (os_windows.cpp:3690), pid=22396, tid=22192
#
# JRE version: OpenJDK Runtime Environment Microsoft-13877129 (17.0.19+10) (build 17.0.19+10-LTS)
# Java VM: OpenJDK 64-Bit Server VM Microsoft-13877129 (17.0.19+10-LTS, mixed mode, sharing, tiered, compressed oops, compressed class ptrs, g1 gc, windows-amd64)
# No core dump will be written. Minidumps are not enabled by default on client versions of Windows
#

---------------  S U M M A R Y ------------

Command Line: --add-opens=java.base/java.lang=ALL-UNNAMED --add-opens=java.base/java.lang.invoke=ALL-UNNAMED --add-opens=java.base/java.util=ALL-UNNAMED --add-opens=java.prefs/java.util.prefs=ALL-UNNAMED --add-exports=jdk.compiler/com.sun.tools.javac.api=ALL-UNNAMED --add-exports=jdk.compiler/com.sun.tools.javac.util=ALL-UNNAMED --add-opens=java.base/java.util=ALL-UNNAMED --add-opens=java.prefs/java.util.prefs=ALL-UNNAMED --add-opens=java.base/java.nio.charset=ALL-UNNAMED --add-opens=java.base/java.net=ALL-UNNAMED --add-opens=java.base/java.util.concurrent=ALL-UNNAMED --add-opens=java.base/java.util.concurrent.atomic=ALL-UNNAMED --add-opens=java.xml/javax.xml.namespace=ALL-UNNAMED --add-opens=java.base/java.time=ALL-UNNAMED -Xmx2048m -Dfile.encoding=UTF-8 -Duser.country=CN -Duser.language=zh -Duser.variant -javaagent:C:\Users\16696\.gradle\wrapper\dists\gradle-9.4.1-bin\arn2x92ynaizyzdaamcbpbhtj\gradle-9.4.1\lib\agents\gradle-instrumentation-agent-9.4.1.jar org.gradle.launcher.daemon.bootstrap.GradleDaemon 9.4.1

Host: Intel(R) Core(TM) Ultra 5 225, 10 cores, 15G,  Windows 11 , 64 bit Build 26100 (10.0.26100.8521)
Time: Tue Jul 14 11:58:37 2026  Windows 11 , 64 bit Build 26100 (10.0.26100.8521) elapsed time: 12.512811 seconds (0d 0h 0m 12s)

---------------  T H R E A D  ---------------

Current thread (0x000002477ee0e380):  VMThread "VM Thread" [stack: 0x000000bf98400000,0x000000bf98500000] [id=22192]

Stack: [0x000000bf98400000,0x000000bf98500000]
Native frames: (J=compiled Java code, j=interpreted, Vv=VM code, C=native code)
V  [jvm.dll+0x68cc89]  (no source info available)
V  [jvm.dll+0x845d89]  (no source info available)
V  [jvm.dll+0x847af8]  (no source info available)
V  [jvm.dll+0x848183]  (no source info available)
V  [jvm.dll+0x24d0bf]  (no source info available)
V  [jvm.dll+0x68c089]  (no source info available)
V  [jvm.dll+0x68064a]  (no source info available)
V  [jvm.dll+0x3102f0]  (no source info available)
V  [jvm.dll+0x310192]  (no source info available)
V  [jvm.dll+0x317709]  (no source info available)
V  [jvm.dll+0x369b09]  (no source info available)
V  [jvm.dll+0x369d3d]  (no source info available)
V  [jvm.dll+0x2e6afa]  (no source info available)
V  [jvm.dll+0x2e4ef1]  (no source info available)
V  [jvm.dll+0x2e468c]  (no source info available)
V  [jvm.dll+0x32903b]  (no source info available)
V  [jvm.dll+0x84ca0d]  (no source info available)
V  [jvm.dll+0x84d723]  (no source info available)
V  [jvm.dll+0x84dc54]  (no source info available)
V  [jvm.dll+0x84e038]  (no source info available)
V  [jvm.dll+0x84e12e]  (no source info available)
V  [jvm.dll+0x7f62cc]  (no source info available)
V  [jvm.dll+0x68e227]  (no source info available)
C  [ucrtbase.dll+0x2cd30]  (no source info available)
C  [KERNEL32.DLL+0x2e957]  (no source info available)
C  [ntdll.dll+0x87c1c]  (no source info available)

VM_Operation (0x000000bf9c0f9fc0): G1CollectForAllocation, mode: safepoint, requested by thread 0x000002475c032090


---------------  P R O C E S S  ---------------

Threads class SMR info:
_java_thread_list=0x000002475c6b58e0, length=78, elements={
0x00000247710db890, 0x000002477ee182a0, 0x000002477ee1ab80, 0x000002477ee34140,
0x000002477ee34a10, 0x000002477ee3b700, 0x000002477ee3bfd0, 0x000002477ee3cbd0,
0x000002477ee3d4e0, 0x000002477ee3ddf0, 0x000002477ef3c960, 0x000002477f022140,
0x00000247578efad0, 0x0000024756cfcf70, 0x0000024757999060, 0x00000247572e00e0,
0x000002475618ec60, 0x0000024757586b30, 0x0000024756efad70, 0x0000024756ef7fe0,
0x0000024756efb280, 0x0000024756ef9420, 0x0000024756ef9930, 0x0000024756efa350,
0x0000024756ef8f10, 0x0000024756ef7ad0, 0x0000024756efa860, 0x0000024756ef9e40,
0x0000024756ef84f0, 0x0000024756ef8a00, 0x0000024758e0a300, 0x0000024758e09df0,
0x0000024758e07060, 0x0000024758e0a810, 0x0000024758e07570, 0x0000024758e07f90,
0x0000024758e0ad20, 0x0000024758e07a80, 0x0000024758e0bc50, 0x0000024758e0b740,
0x0000024758e084a0, 0x0000024758e098e0, 0x0000024758e0c160, 0x0000024758e0c670,
0x0000024758e0cb80, 0x0000024758e0e9e0, 0x000002475c0339e0, 0x000002475c032090,
0x000002475c0334d0, 0x000002475c0325a0, 0x000002475c032ab0, 0x000002475c032fc0,
0x000002475c031b80, 0x000002475c034e20, 0x000002475c0376a0, 0x000002475c035840,
0x000002475c35aa90, 0x000002475c4b99e0, 0x000002475c037190, 0x000002475c034400,
0x000002475c035330, 0x000002475c0380c0, 0x000002475c034910, 0x000002475c038ff0,
0x000002475c039500, 0x000002475c036260, 0x000002475c036770, 0x000002475672f2c0,
0x0000024756731630, 0x000002475672f7d0, 0x000002475672fce0, 0x0000024756730700,
0x0000024756732050, 0x000002475672e8a0, 0x0000024756732560, 0x000002475672edb0,
0x0000024756732a70, 0x0000024756731120
}

Java Threads: ( => current thread )
  0x00000247710db890 JavaThread "main" [_thread_blocked, id=15464, stack(0x000000bf97a00000,0x000000bf97b00000)]
  0x000002477ee182a0 JavaThread "Reference Handler" daemon [_thread_blocked, id=6196, stack(0x000000bf98500000,0x000000bf98600000)]
  0x000002477ee1ab80 JavaThread "Finalizer" daemon [_thread_blocked, id=16104, stack(0x000000bf98600000,0x000000bf98700000)]
  0x000002477ee34140 JavaThread "Signal Dispatcher" daemon [_thread_blocked, id=21400, stack(0x000000bf98700000,0x000000bf98800000)]
  0x000002477ee34a10 JavaThread "Attach Listener" daemon [_thread_blocked, id=23516, stack(0x000000bf98800000,0x000000bf98900000)]
  0x000002477ee3b700 JavaThread "Service Thread" daemon [_thread_blocked, id=25140, stack(0x000000bf98900000,0x000000bf98a00000)]
  0x000002477ee3bfd0 JavaThread "Monitor Deflation Thread" daemon [_thread_blocked, id=3104, stack(0x000000bf98a00000,0x000000bf98b00000)]
  0x000002477ee3cbd0 JavaThread "C2 CompilerThread0" daemon [_thread_blocked, id=19240, stack(0x000000bf98b00000,0x000000bf98c00000)]
  0x000002477ee3d4e0 JavaThread "C1 CompilerThread0" daemon [_thread_blocked, id=4812, stack(0x000000bf98c00000,0x000000bf98d00000)]
  0x000002477ee3ddf0 JavaThread "Sweeper thread" daemon [_thread_blocked, id=3348, stack(0x000000bf98d00000,0x000000bf98e00000)]
  0x000002477ef3c960 JavaThread "Common-Cleaner" daemon [_thread_blocked, id=15604, stack(0x000000bf98e00000,0x000000bf98f00000)]
  0x000002477f022140 JavaThread "Notification Thread" daemon [_thread_blocked, id=18796, stack(0x000000bf99000000,0x000000bf99100000)]
  0x00000247578efad0 JavaThread "Daemon health stats" [_thread_blocked, id=22052, stack(0x000000bf99700000,0x000000bf99800000)]
  0x0000024756cfcf70 JavaThread "Incoming local TCP Connector on port 64474" [_thread_in_native, id=22992, stack(0x000000bf99800000,0x000000bf99900000)]
  0x0000024757999060 JavaThread "Daemon periodic checks" [_thread_blocked, id=23856, stack(0x000000bf99900000,0x000000bf99a00000)]
  0x00000247572e00e0 JavaThread "Daemon" [_thread_blocked, id=1308, stack(0x000000bf99a00000,0x000000bf99b00000)]
  0x000002475618ec60 JavaThread "Handler for socket connection from /127.0.0.1:64474 to /127.0.0.1:64475" [_thread_in_native, id=20108, stack(0x000000bf99b00000,0x000000bf99c00000)]
  0x0000024757586b30 JavaThread "Cancel handler" [_thread_blocked, id=6520, stack(0x000000bf99c00000,0x000000bf99d00000)]
  0x0000024756efad70 JavaThread "Daemon worker" [_thread_blocked, id=16640, stack(0x000000bf99d00000,0x000000bf99e00000)]
  0x0000024756ef7fe0 JavaThread "Asynchronous log dispatcher for DefaultDaemonConnection: socket connection from /127.0.0.1:64474 to /127.0.0.1:64475" [_thread_blocked, id=8268, stack(0x000000bf99e00000,0x000000bf99f00000)]
  0x0000024756efb280 JavaThread "Stdin handler" [_thread_blocked, id=14188, stack(0x000000bf99f00000,0x000000bf9a000000)]
  0x0000024756ef9420 JavaThread "Daemon client event forwarder" [_thread_blocked, id=19700, stack(0x000000bf9a000000,0x000000bf9a100000)]
  0x0000024756ef9930 JavaThread "Cache worker for journal cache (C:\Users\16696\.gradle\caches\journal-1)" [_thread_blocked, id=21164, stack(0x000000bf9a100000,0x000000bf9a200000)]
  0x0000024756efa350 JavaThread "File lock request listener" [_thread_in_native, id=23860, stack(0x000000bf9a200000,0x000000bf9a300000)]
  0x0000024756ef8f10 JavaThread "Cache worker for file hash cache (C:\Users\16696\.gradle\caches\9.4.1\fileHashes)" [_thread_blocked, id=14268, stack(0x000000bf9a300000,0x000000bf9a400000)]
  0x0000024756ef7ad0 JavaThread "Cache worker for file hash cache (D:\Code\Application\music1\.gradle\9.4.1\fileHashes)" [_thread_blocked, id=18924, stack(0x000000bf9a900000,0x000000bf9aa00000)]
  0x0000024756efa860 JavaThread "Cache worker for Build Output Cleanup Cache (D:\Code\Application\music1\.gradle\buildOutputCleanup)" [_thread_blocked, id=12232, stack(0x000000bf9aa00000,0x000000bf9ab00000)]
  0x0000024756ef9e40 JavaThread "File watcher server" daemon [_thread_blocked, id=24112, stack(0x000000bf9ab00000,0x000000bf9ac00000)]
  0x0000024756ef84f0 JavaThread "File watcher consumer" daemon [_thread_blocked, id=20292, stack(0x000000bf9ac00000,0x000000bf9ad00000)]
  0x0000024756ef8a00 JavaThread "Cache worker for file content cache (C:\Users\16696\.gradle\caches\9.4.1\fileContent)" [_thread_blocked, id=23044, stack(0x000000bf9ad00000,0x000000bf9ae00000)]
  0x0000024758e0a300 JavaThread "Cache worker for checksums cache (D:\Code\Application\music1\.gradle\9.4.1\checksums)" [_thread_blocked, id=19244, stack(0x000000bf9ae00000,0x000000bf9af00000)]
  0x0000024758e09df0 JavaThread "Cache worker for cache directory md-supplier (C:\Users\16696\.gradle\caches\9.4.1\md-supplier)" [_thread_blocked, id=16012, stack(0x000000bf9b000000,0x000000bf9b100000)]
  0x0000024758e07060 JavaThread "Cache worker for cache directory md-rule (C:\Users\16696\.gradle\caches\9.4.1\md-rule)" [_thread_blocked, id=11576, stack(0x000000bf9b100000,0x000000bf9b200000)]
  0x0000024758e0a810 JavaThread "Build operations" [_thread_blocked, id=2460, stack(0x000000bf9b200000,0x000000bf9b300000)]
  0x0000024758e07570 JavaThread "Build operations Thread 2" [_thread_blocked, id=6604, stack(0x000000bf9b300000,0x000000bf9b400000)]
  0x0000024758e07f90 JavaThread "Build operations Thread 3" [_thread_blocked, id=16596, stack(0x000000bf9b400000,0x000000bf9b500000)]
  0x0000024758e0ad20 JavaThread "Build operations Thread 4" [_thread_blocked, id=6380, stack(0x000000bf9b500000,0x000000bf9b600000)]
  0x0000024758e07a80 JavaThread "Build operations Thread 5" [_thread_blocked, id=24676, stack(0x000000bf9b600000,0x000000bf9b700000)]
  0x0000024758e0bc50 JavaThread "Build operations Thread 6" [_thread_blocked, id=15988, stack(0x000000bf9b700000,0x000000bf9b800000)]
  0x0000024758e0b740 JavaThread "Build operations Thread 7" [_thread_blocked, id=21092, stack(0x000000bf9b800000,0x000000bf9b900000)]
  0x0000024758e084a0 JavaThread "Build operations Thread 8" [_thread_blocked, id=17076, stack(0x000000bf9b900000,0x000000bf9ba00000)]
  0x0000024758e098e0 JavaThread "Build operations Thread 9" [_thread_blocked, id=14992, stack(0x000000bf9ba00000,0x000000bf9bb00000)]
  0x0000024758e0c160 JavaThread "Build operations Thread 10" [_thread_blocked, id=16948, stack(0x000000bf9bb00000,0x000000bf9bc00000)]
  0x0000024758e0c670 JavaThread "Memory manager" [_thread_blocked, id=2076, stack(0x000000bf9bc00000,0x000000bf9bd00000)]
  0x0000024758e0cb80 JavaThread "build event listener" [_thread_blocked, id=17656, stack(0x000000bf99200000,0x000000bf99300000)]
  0x0000024758e0e9e0 JavaThread "included builds" [_thread_blocked, id=20616, stack(0x000000bf9be00000,0x000000bf9bf00000)]
  0x000002475c0339e0 JavaThread "Execution worker" [_thread_blocked, id=24304, stack(0x000000bf9bf00000,0x000000bf9c000000)]
  0x000002475c032090 JavaThread "Execution worker Thread 2" [_thread_blocked, id=22272, stack(0x000000bf9c000000,0x000000bf9c100000)]
  0x000002475c0334d0 JavaThread "Execution worker Thread 3" [_thread_blocked, id=24560, stack(0x000000bf9c100000,0x000000bf9c200000)]
  0x000002475c0325a0 JavaThread "Execution worker Thread 4" [_thread_blocked, id=2988, stack(0x000000bf9c200000,0x000000bf9c300000)]
  0x000002475c032ab0 JavaThread "Execution worker Thread 5" [_thread_blocked, id=23028, stack(0x000000bf9c300000,0x000000bf9c400000)]
  0x000002475c032fc0 JavaThread "Execution worker Thread 6" [_thread_blocked, id=14628, stack(0x000000bf9c400000,0x000000bf9c500000)]
  0x000002475c031b80 JavaThread "Execution worker Thread 7" [_thread_blocked, id=21036, stack(0x000000bf9c500000,0x000000bf9c600000)]
  0x000002475c034e20 JavaThread "Execution worker Thread 8" [_thread_blocked, id=17592, stack(0x000000bf9c600000,0x000000bf9c700000)]
  0x000002475c0376a0 JavaThread "Execution worker Thread 9" [_thread_blocked, id=21260, stack(0x000000bf9c700000,0x000000bf9c800000)]
  0x000002475c035840 JavaThread "Cache worker for execution history cache (D:\Code\Application\music1\.gradle\9.4.1\executionHistory)" [_thread_blocked, id=21704, stack(0x000000bf9c800000,0x000000bf9c900000)]
  0x000002475c35aa90 JavaThread "C2 CompilerThread1" daemon [_thread_blocked, id=12084, stack(0x000000bf9d100000,0x000000bf9d200000)]
  0x000002475c4b99e0 JavaThread "C2 CompilerThread2" daemon [_thread_blocked, id=6692, stack(0x000000bf9d200000,0x000000bf9d300000)]
  0x000002475c037190 JavaThread "WorkerExecutor Queue" [_thread_blocked, id=23656, stack(0x000000bf98f00000,0x000000bf99000000)]
  0x000002475c034400 JavaThread "WorkerExecutor Queue Thread 2" [_thread_blocked, id=11004, stack(0x000000bf9bd00000,0x000000bf9be00000)]
  0x000002475c035330 JavaThread "WorkerExecutor Queue Thread 3" [_thread_blocked, id=23248, stack(0x000000bf9c900000,0x000000bf9ca00000)]
  0x000002475c0380c0 JavaThread "WorkerExecutor Queue Thread 4" [_thread_blocked, id=16460, stack(0x000000bf9ca00000,0x000000bf9cb00000)]
  0x000002475c034910 JavaThread "WorkerExecutor Queue Thread 5" [_thread_blocked, id=15972, stack(0x000000bf9cb00000,0x000000bf9cc00000)]
  0x000002475c038ff0 JavaThread "WorkerExecutor Queue Thread 6" [_thread_blocked, id=2444, stack(0x000000bf9cc00000,0x000000bf9cd00000)]
  0x000002475c039500 JavaThread "WorkerExecutor Queue Thread 7" [_thread_blocked, id=23668, stack(0x000000bf9cd00000,0x000000bf9ce00000)]
  0x000002475c036260 JavaThread "WorkerExecutor Queue Thread 8" [_thread_blocked, id=23820, stack(0x000000bf9ce00000,0x000000bf9cf00000)]
  0x000002475c036770 JavaThread "WorkerExecutor Queue Thread 9" [_thread_blocked, id=5856, stack(0x000000bf9cf00000,0x000000bf9d000000)]
  0x000002475672f2c0 JavaThread "WorkerExecutor Queue Thread 10" [_thread_blocked, id=21348, stack(0x000000bf9d000000,0x000000bf9d100000)]
  0x0000024756731630 JavaThread "ForkJoinPool-3-worker-1" daemon [_thread_blocked, id=18372, stack(0x000000bf9d800000,0x000000bf9d900000)]
  0x000002475672f7d0 JavaThread "ForkJoinPool-3-worker-2" daemon [_thread_blocked, id=15040, stack(0x000000bf9d900000,0x000000bf9da00000)]
  0x000002475672fce0 JavaThread "ForkJoinPool-3-worker-3" daemon [_thread_blocked, id=2484, stack(0x000000bf9da00000,0x000000bf9db00000)]
  0x0000024756730700 JavaThread "ForkJoinPool-3-worker-4" daemon [_thread_blocked, id=25584, stack(0x000000bf9db00000,0x000000bf9dc00000)]
  0x0000024756732050 JavaThread "ForkJoinPool-3-worker-5" daemon [_thread_blocked, id=18068, stack(0x000000bf9dc00000,0x000000bf9dd00000)]
  0x000002475672e8a0 JavaThread "ForkJoinPool-3-worker-6" daemon [_thread_blocked, id=19260, stack(0x000000bf9dd00000,0x000000bf9de00000)]
  0x0000024756732560 JavaThread "ForkJoinPool-3-worker-7" daemon [_thread_blocked, id=24388, stack(0x000000bf9de00000,0x000000bf9df00000)]
  0x000002475672edb0 JavaThread "ForkJoinPool-3-worker-8" daemon [_thread_blocked, id=12952, stack(0x000000bf9df00000,0x000000bf9e000000)]
  0x0000024756732a70 JavaThread "ForkJoinPool-3-worker-9" daemon [_thread_blocked, id=22756, stack(0x000000bf9e000000,0x000000bf9e100000)]
  0x0000024756731120 JavaThread "ForkJoinPool-3-worker-10" daemon [_thread_blocked, id=15260, stack(0x000000bf9e100000,0x000000bf9e200000)]

Other Threads:
=>0x000002477ee0e380 VMThread "VM Thread" [stack: 0x000000bf98400000,0x000000bf98500000] [id=22192]
  0x000002477f028640 WatcherThread [stack: 0x000000bf99100000,0x000000bf99200000] [id=6376]
  0x00000247710d1980 GCTaskThread "GC Thread#0" [stack: 0x000000bf97f00000,0x000000bf98000000] [id=25272]
  0x00000247565956c0 GCTaskThread "GC Thread#1" [stack: 0x000000bf99300000,0x000000bf99400000] [id=1380]
  0x0000024756594e50 GCTaskThread "GC Thread#2" [stack: 0x000000bf99400000,0x000000bf99500000] [id=12156]
  0x0000024756593d70 GCTaskThread "GC Thread#3" [stack: 0x000000bf99500000,0x000000bf99600000] [id=24444]
  0x0000024756594310 GCTaskThread "GC Thread#4" [stack: 0x000000bf99600000,0x000000bf99700000] [id=16560]
  0x0000024758849520 GCTaskThread "GC Thread#5" [stack: 0x000000bf9a400000,0x000000bf9a500000] [id=21196]
  0x00000247588497f0 GCTaskThread "GC Thread#6" [stack: 0x000000bf9a500000,0x000000bf9a600000] [id=19952]
  0x000002475884c7c0 GCTaskThread "GC Thread#7" [stack: 0x000000bf9a600000,0x000000bf9a700000] [id=24540]
  0x000002475884ae70 GCTaskThread "GC Thread#8" [stack: 0x000000bf9a700000,0x000000bf9a800000] [id=10588]
  0x0000024770de1520 ConcurrentGCThread "G1 Main Marker" [stack: 0x000000bf98000000,0x000000bf98100000] [id=8992]
  0x0000024770de1bf0 ConcurrentGCThread "G1 Conc#0" [stack: 0x000000bf98100000,0x000000bf98200000] [id=17764]
  0x0000024758848f80 ConcurrentGCThread "G1 Conc#1" [stack: 0x000000bf9a800000,0x000000bf9a900000] [id=9660]
  0x0000024770e91670 ConcurrentGCThread "G1 Refine#0" [stack: 0x000000bf98200000,0x000000bf98300000] [id=10304]
  0x00000247596c50b0 ConcurrentGCThread "G1 Refine#1" [stack: 0x000000bf9af00000,0x000000bf9b000000] [id=11776]
  0x000002475a03d3e0 ConcurrentGCThread "G1 Refine#2" [stack: 0x000000bf9d300000,0x000000bf9d400000] [id=14492]
  0x0000024757f39290 ConcurrentGCThread "G1 Refine#3" [stack: 0x000000bf9d400000,0x000000bf9d500000] [id=9756]
  0x000002475c5acca0 ConcurrentGCThread "G1 Refine#4" [stack: 0x000000bf9d500000,0x000000bf9d600000] [id=20184]
  0x000002475b7dc9e0 ConcurrentGCThread "G1 Refine#5" [stack: 0x000000bf9d600000,0x000000bf9d700000] [id=16704]
  0x000002475a2dc390 ConcurrentGCThread "G1 Refine#6" [stack: 0x000000bf9d700000,0x000000bf9d800000] [id=7268]
  0x0000024770e91d60 ConcurrentGCThread "G1 Service" [stack: 0x000000bf98300000,0x000000bf98400000] [id=23788]

Threads with active compile tasks:
C2 CompilerThread0  12582 17179       4       com.google.common.collect.TransformedIterator::next (14 bytes)
C2 CompilerThread1  12582 17368       4       com.google.common.collect.LinkedListMultimap$ValueForKeyIterator::<init> (140 bytes)
C2 CompilerThread2  12582 17236       4       com.google.common.collect.LinkedListMultimap$DistinctKeyIterator::next (89 bytes)

VM state: at safepoint (normal execution)

VM Mutex/Monitor currently owned by a thread:  ([mutex/lock_event])
[0x00000247710ca780] Threads_lock - owner thread: 0x000002477ee0e380
[0x00000247710cad20] Heap_lock - owner thread: 0x000002475c032090

Heap address: 0x0000000080000000, size: 2048 MB, Compressed Oops mode: 32-bit

CDS archive(s) mapped at: [0x0000024711000000-0x0000024711bb0000-0x0000024711bb0000), size 12255232, SharedBaseAddress: 0x0000024711000000, ArchiveRelocationMode: 1.
Compressed class space mapped at: 0x0000024712000000-0x0000024752000000, reserved size: 1073741824
Narrow klass base: 0x0000024711000000, Narrow klass shift: 0, Narrow klass range: 0x100000000

GC Precious Log:
 CPUs: 10 total, 10 available
 Memory: 15751M
 Large Page Support: Disabled
 NUMA Support: Disabled
 Compressed Oops: Enabled (32-bit)
 Heap Region Size: 1M
 Heap Min Capacity: 8M
 Heap Initial Capacity: 248M
 Heap Max Capacity: 2G
 Pre-touch: Disabled
 Parallel Workers: 9
 Concurrent Workers: 2
 Concurrent Refinement Workers: 9
 Periodic GC: Disabled

Heap:
 garbage-first heap   total 534528K, used 258089K [0x0000000080000000, 0x0000000100000000)
  region size 1024K, 3 young (3072K), 3 survivors (3072K)
 Metaspace       used 116169K, committed 117184K, reserved 1179648K
  class space    used 16581K, committed 17088K, reserved 1048576K

Heap Regions: E=young(eden), S=young(survivor), O=old, HS=humongous(starts), HC=humongous(continues), CS=collection set, F=free, OA=open archive, CA=closed archive, TAMS=top-at-mark-start (previous, next)
|   0|0x0000000080000000, 0x0000000080100000, 0x0000000080100000|100%|HS|  |TAMS 0x0000000080100000, 0x0000000080000000| Complete 
|   1|0x0000000080100000, 0x0000000080200000, 0x0000000080200000|100%|HC|  |TAMS 0x0000000080200000, 0x0000000080100000| Complete 
|   2|0x0000000080200000, 0x0000000080300000, 0x0000000080300000|100%|HC|  |TAMS 0x0000000080300000, 0x0000000080200000| Complete 
|   3|0x0000000080300000, 0x0000000080400000, 0x0000000080400000|100%|HC|  |TAMS 0x0000000080400000, 0x0000000080300000| Complete 
|   4|0x0000000080400000, 0x0000000080500000, 0x0000000080500000|100%| O|  |TAMS 0x0000000080500000, 0x0000000080400000| Untracked 
|   5|0x0000000080500000, 0x0000000080600000, 0x0000000080600000|100%| O|  |TAMS 0x0000000080600000, 0x0000000080500000| Untracked 
|   6|0x0000000080600000, 0x0000000080700000, 0x0000000080700000|100%| O|  |TAMS 0x0000000080700000, 0x0000000080600000| Untracked 
|   7|0x0000000080700000, 0x0000000080800000, 0x0000000080800000|100%| O|  |TAMS 0x0000000080800000, 0x0000000080700000| Untracked 
|   8|0x0000000080800000, 0x0000000080900000, 0x0000000080900000|100%| O|  |TAMS 0x0000000080900000, 0x0000000080800000| Untracked 
|   9|0x0000000080900000, 0x0000000080a00000, 0x0000000080a00000|100%|HS|  |TAMS 0x0000000080a00000, 0x0000000080900000| Complete 
|  10|0x0000000080a00000, 0x0000000080b00000, 0x0000000080b00000|100%| O|  |TAMS 0x0000000080b00000, 0x0000000080a00000| Untracked 
|  11|0x0000000080b00000, 0x0000000080c00000, 0x0000000080c00000|100%| O|  |TAMS 0x0000000080c00000, 0x0000000080b00000| Untracked 
|  12|0x0000000080c00000, 0x0000000080d00000, 0x0000000080d00000|100%| O|  |TAMS 0x0000000080d00000, 0x0000000080c00000| Untracked 
|  13|0x0000000080d00000, 0x0000000080e00000, 0x0000000080e00000|100%|HS|  |TAMS 0x0000000080e00000, 0x0000000080d00000| Complete 
|  14|0x0000000080e00000, 0x0000000080f00000, 0x0000000080f00000|100%| O|  |TAMS 0x0000000080f00000, 0x0000000080e00000| Untracked 
|  15|0x0000000080f00000, 0x0000000081000000, 0x0000000081000000|100%| O|  |TAMS 0x0000000081000000, 0x0000000080f00000| Untracked 
|  16|0x0000000081000000, 0x0000000081100000, 0x0000000081100000|100%| O|  |TAMS 0x0000000081100000, 0x0000000081000000| Untracked 
|  17|0x0000000081100000, 0x0000000081200000, 0x0000000081200000|100%| O|  |TAMS 0x0000000081200000, 0x0000000081100000| Untracked 
|  18|0x0000000081200000, 0x0000000081300000, 0x0000000081300000|100%| O|  |TAMS 0x0000000081300000, 0x0000000081200000| Untracked 
|  19|0x0000000081300000, 0x0000000081400000, 0x0000000081400000|100%| O|  |TAMS 0x0000000081400000, 0x0000000081300000| Untracked 
|  20|0x0000000081400000, 0x0000000081500000, 0x0000000081500000|100%| O|  |TAMS 0x0000000081500000, 0x0000000081400000| Untracked 
|  21|0x0000000081500000, 0x0000000081600000, 0x0000000081600000|100%| O|  |TAMS 0x0000000081600000, 0x0000000081500000| Untracked 
|  22|0x0000000081600000, 0x0000000081700000, 0x0000000081700000|100%| O|  |TAMS 0x0000000081700000, 0x0000000081600000| Untracked 
|  23|0x0000000081700000, 0x0000000081800000, 0x0000000081800000|100%| O|  |TAMS 0x0000000081800000, 0x0000000081700000| Untracked 
|  24|0x0000000081800000, 0x0000000081900000, 0x0000000081900000|100%| O|  |TAMS 0x0000000081900000, 0x0000000081800000| Untracked 
|  25|0x0000000081900000, 0x0000000081a00000, 0x0000000081a00000|100%| O|  |TAMS 0x0000000081a00000, 0x0000000081900000| Untracked 
|  26|0x0000000081a00000, 0x0000000081b00000, 0x0000000081b00000|100%| O|  |TAMS 0x0000000081b00000, 0x0000000081a00000| Untracked 
|  27|0x0000000081b00000, 0x0000000081c00000, 0x0000000081c00000|100%| O|  |TAMS 0x0000000081c00000, 0x0000000081b00000| Untracked 
|  28|0x0000000081c00000, 0x0000000081d00000, 0x0000000081d00000|100%| O|  |TAMS 0x0000000081d00000, 0x0000000081c00000| Untracked 
|  29|0x0000000081d00000, 0x0000000081e00000, 0x0000000081e00000|100%| O|  |TAMS 0x0000000081e00000, 0x0000000081d00000| Untracked 
|  30|0x0000000081e00000, 0x0000000081f00000, 0x0000000081f00000|100%| O|  |TAMS 0x0000000081f00000, 0x0000000081e00000| Untracked 
|  31|0x0000000081f00000, 0x0000000082000000, 0x0000000082000000|100%| O|  |TAMS 0x0000000082000000, 0x0000000081f00000| Untracked 
|  32|0x0000000082000000, 0x0000000082100000, 0x0000000082100000|100%| O|  |TAMS 0x0000000082100000, 0x0000000082000000| Untracked 
|  33|0x0000000082100000, 0x0000000082200000, 0x0000000082200000|100%| O|  |TAMS 0x0000000082200000, 0x0000000082100000| Untracked 
|  34|0x0000000082200000, 0x0000000082300000, 0x0000000082300000|100%| O|  |TAMS 0x0000000082300000, 0x0000000082200000| Untracked 
|  35|0x0000000082300000, 0x0000000082400000, 0x0000000082400000|100%| O|  |TAMS 0x0000000082400000, 0x0000000082300000| Untracked 
|  36|0x0000000082400000, 0x0000000082500000, 0x0000000082500000|100%| O|  |TAMS 0x0000000082500000, 0x0000000082400000| Untracked 
|  37|0x0000000082500000, 0x0000000082600000, 0x0000000082600000|100%| O|  |TAMS 0x0000000082600000, 0x0000000082500000| Untracked 
|  38|0x0000000082600000, 0x0000000082700000, 0x0000000082700000|100%| O|  |TAMS 0x0000000082700000, 0x0000000082600000| Untracked 
|  39|0x0000000082700000, 0x0000000082800000, 0x0000000082800000|100%| O|  |TAMS 0x0000000082800000, 0x0000000082700000| Untracked 
|  40|0x0000000082800000, 0x0000000082900000, 0x0000000082900000|100%| O|  |TAMS 0x0000000082900000, 0x0000000082800000| Untracked 
|  41|0x0000000082900000, 0x0000000082a00000, 0x0000000082a00000|100%|HS|  |TAMS 0x0000000082a00000, 0x0000000082900000| Complete 
|  42|0x0000000082a00000, 0x0000000082b00000, 0x0000000082b00000|100%| O|  |TAMS 0x0000000082b00000, 0x0000000082a00000| Untracked 
|  43|0x0000000082b00000, 0x0000000082c00000, 0x0000000082c00000|100%|HS|  |TAMS 0x0000000082c00000, 0x0000000082b00000| Complete 
|  44|0x0000000082c00000, 0x0000000082d00000, 0x0000000082d00000|100%|HS|  |TAMS 0x0000000082d00000, 0x0000000082c00000| Complete 
|  45|0x0000000082d00000, 0x0000000082e00000, 0x0000000082e00000|100%|HC|  |TAMS 0x0000000082e00000, 0x0000000082d00000| Complete 
|  46|0x0000000082e00000, 0x0000000082f00000, 0x0000000082f00000|100%|HS|  |TAMS 0x0000000082f00000, 0x0000000082e00000| Complete 
|  47|0x0000000082f00000, 0x0000000083000000, 0x0000000083000000|100%|HS|  |TAMS 0x0000000083000000, 0x0000000082f00000| Complete 
|  48|0x0000000083000000, 0x0000000083100000, 0x0000000083100000|100%| O|  |TAMS 0x0000000083100000, 0x0000000083000000| Untracked 
|  49|0x0000000083100000, 0x0000000083200000, 0x0000000083200000|100%| O|  |TAMS 0x0000000083200000, 0x0000000083100000| Untracked 
|  50|0x0000000083200000, 0x0000000083300000, 0x0000000083300000|100%| O|  |TAMS 0x0000000083300000, 0x0000000083200000| Untracked 
|  51|0x0000000083300000, 0x0000000083400000, 0x0000000083400000|100%| O|  |TAMS 0x0000000083400000, 0x0000000083300000| Untracked 
|  52|0x0000000083400000, 0x0000000083500000, 0x0000000083500000|100%| O|  |TAMS 0x0000000083500000, 0x0000000083400000| Untracked 
|  53|0x0000000083500000, 0x0000000083600000, 0x0000000083600000|100%|HS|  |TAMS 0x0000000083600000, 0x0000000083500000| Complete 
|  54|0x0000000083600000, 0x0000000083700000, 0x0000000083700000|100%|HS|  |TAMS 0x0000000083700000, 0x0000000083600000| Complete 
|  55|0x0000000083700000, 0x0000000083800000, 0x0000000083800000|100%| O|  |TAMS 0x0000000083800000, 0x0000000083700000| Untracked 
|  56|0x0000000083800000, 0x0000000083900000, 0x0000000083900000|100%| O|  |TAMS 0x0000000083900000, 0x0000000083800000| Untracked 
|  57|0x0000000083900000, 0x0000000083a00000, 0x0000000083a00000|100%|HS|  |TAMS 0x0000000083a00000, 0x0000000083900000| Complete 
|  58|0x0000000083a00000, 0x0000000083b00000, 0x0000000083b00000|100%|HC|  |TAMS 0x0000000083b00000, 0x0000000083a00000| Complete 
|  59|0x0000000083b00000, 0x0000000083c00000, 0x0000000083c00000|100%| O|  |TAMS 0x0000000083c00000, 0x0000000083b00000| Untracked 
|  60|0x0000000083c00000, 0x0000000083d00000, 0x0000000083d00000|100%| O|  |TAMS 0x0000000083d00000, 0x0000000083c00000| Untracked 
|  61|0x0000000083d00000, 0x0000000083e00000, 0x0000000083e00000|100%| O|  |TAMS 0x0000000083e00000, 0x0000000083d00000| Untracked 
|  62|0x0000000083e00000, 0x0000000083f00000, 0x0000000083f00000|100%| O|  |TAMS 0x0000000083f00000, 0x0000000083e00000| Untracked 
|  63|0x0000000083f00000, 0x0000000084000000, 0x0000000084000000|100%| O|  |TAMS 0x0000000084000000, 0x0000000083f00000| Untracked 
|  64|0x0000000084000000, 0x0000000084100000, 0x0000000084100000|100%|HS|  |TAMS 0x0000000084100000, 0x0000000084000000| Complete 
|  65|0x0000000084100000, 0x0000000084200000, 0x0000000084200000|100%| O|  |TAMS 0x0000000084200000, 0x0000000084100000| Untracked 
|  66|0x0000000084200000, 0x0000000084300000, 0x0000000084300000|100%| O|  |TAMS 0x0000000084300000, 0x0000000084200000| Untracked 
|  67|0x0000000084300000, 0x0000000084400000, 0x0000000084400000|100%| O|  |TAMS 0x0000000084400000, 0x0000000084300000| Untracked 
|  68|0x0000000084400000, 0x0000000084500000, 0x0000000084500000|100%| O|  |TAMS 0x0000000084500000, 0x0000000084400000| Untracked 
|  69|0x0000000084500000, 0x0000000084600000, 0x0000000084600000|100%| O|  |TAMS 0x0000000084600000, 0x0000000084500000| Untracked 
|  70|0x0000000084600000, 0x0000000084700000, 0x0000000084700000|100%| O|  |TAMS 0x0000000084700000, 0x0000000084600000| Untracked 
|  71|0x0000000084700000, 0x0000000084800000, 0x0000000084800000|100%| O|  |TAMS 0x0000000084800000, 0x0000000084700000| Untracked 
|  72|0x0000000084800000, 0x0000000084900000, 0x0000000084900000|100%| O|  |TAMS 0x0000000084900000, 0x0000000084800000| Untracked 
|  73|0x0000000084900000, 0x0000000084a00000, 0x0000000084a00000|100%| O|  |TAMS 0x0000000084a00000, 0x0000000084900000| Untracked 
|  74|0x0000000084a00000, 0x0000000084b00000, 0x0000000084b00000|100%| O|  |TAMS 0x0000000084b00000, 0x0000000084a00000| Untracked 
|  75|0x0000000084b00000, 0x0000000084c00000, 0x0000000084c00000|100%| O|  |TAMS 0x0000000084c00000, 0x0000000084b00000| Untracked 
|  76|0x0000000084c00000, 0x0000000084d00000, 0x0000000084d00000|100%| O|  |TAMS 0x0000000084d00000, 0x0000000084c00000| Untracked 
|  77|0x0000000084d00000, 0x0000000084e00000, 0x0000000084e00000|100%| O|  |TAMS 0x0000000084e00000, 0x0000000084d00000| Untracked 
|  78|0x0000000084e00000, 0x0000000084f00000, 0x0000000084f00000|100%| O|  |TAMS 0x0000000084f00000, 0x0000000084e00000| Untracked 
|  79|0x0000000084f00000, 0x0000000085000000, 0x0000000085000000|100%| O|  |TAMS 0x0000000085000000, 0x0000000084f00000| Untracked 
|  80|0x0000000085000000, 0x0000000085100000, 0x0000000085100000|100%| O|  |TAMS 0x0000000085100000, 0x0000000085000000| Untracked 
|  81|0x0000000085100000, 0x0000000085200000, 0x0000000085200000|100%| O|  |TAMS 0x0000000085200000, 0x0000000085100000| Untracked 
|  82|0x0000000085200000, 0x0000000085300000, 0x0000000085300000|100%| O|  |TAMS 0x0000000085300000, 0x0000000085200000| Untracked 
|  83|0x0000000085300000, 0x0000000085400000, 0x0000000085400000|100%| O|  |TAMS 0x0000000085400000, 0x0000000085300000| Untracked 
|  84|0x0000000085400000, 0x0000000085500000, 0x0000000085500000|100%| O|  |TAMS 0x0000000085500000, 0x0000000085400000| Untracked 
|  85|0x0000000085500000, 0x0000000085600000, 0x0000000085600000|100%|HS|  |TAMS 0x0000000085500000, 0x0000000085500000| Complete 
|  86|0x0000000085600000, 0x0000000085700000, 0x0000000085700000|100%|HS|  |TAMS 0x0000000085600000, 0x0000000085600000| Complete 
|  87|0x0000000085700000, 0x0000000085800000, 0x0000000085800000|100%|HS|  |TAMS 0x0000000085800000, 0x0000000085700000| Complete 
|  88|0x0000000085800000, 0x0000000085900000, 0x0000000085900000|100%| O|  |TAMS 0x0000000085900000, 0x0000000085800000| Untracked 
|  89|0x0000000085900000, 0x0000000085a00000, 0x0000000085a00000|100%| O|  |TAMS 0x0000000085a00000, 0x0000000085900000| Untracked 
|  90|0x0000000085a00000, 0x0000000085b00000, 0x0000000085b00000|100%| O|  |TAMS 0x0000000085b00000, 0x0000000085a00000| Untracked 
|  91|0x0000000085b00000, 0x0000000085c00000, 0x0000000085c00000|100%| O|  |TAMS 0x0000000085c00000, 0x0000000085b00000| Untracked 
|  92|0x0000000085c00000, 0x0000000085d00000, 0x0000000085d00000|100%| O|  |TAMS 0x0000000085d00000, 0x0000000085c00000| Untracked 
|  93|0x0000000085d00000, 0x0000000085e00000, 0x0000000085e00000|100%| O|  |TAMS 0x0000000085e00000, 0x0000000085d00000| Untracked 
|  94|0x0000000085e00000, 0x0000000085f00000, 0x0000000085f00000|100%| O|  |TAMS 0x0000000085f00000, 0x0000000085e00000| Untracked 
|  95|0x0000000085f00000, 0x0000000085f00000, 0x0000000086000000|  0%| F|  |TAMS 0x0000000085f00000, 0x0000000085f00000| Untracked 
|  96|0x0000000086000000, 0x0000000086100000, 0x0000000086100000|100%|HS|  |TAMS 0x0000000086000000, 0x0000000086000000| Complete 
|  97|0x0000000086100000, 0x0000000086200000, 0x0000000086200000|100%|HS|  |TAMS 0x0000000086100000, 0x0000000086100000| Complete 
|  98|0x0000000086200000, 0x0000000086200000, 0x0000000086300000|  0%| F|  |TAMS 0x0000000086200000, 0x0000000086200000| Untracked 
|  99|0x0000000086300000, 0x0000000086400000, 0x0000000086400000|100%| O|  |TAMS 0x0000000086400000, 0x0000000086300000| Untracked 
| 100|0x0000000086400000, 0x0000000086500000, 0x0000000086500000|100%| O|  |TAMS 0x0000000086500000, 0x0000000086400000| Untracked 
| 101|0x0000000086500000, 0x0000000086600000, 0x0000000086600000|100%| O|  |TAMS 0x0000000086500000, 0x0000000086500000| Untracked 
| 102|0x0000000086600000, 0x0000000086700000, 0x0000000086700000|100%| O|  |TAMS 0x0000000086600000, 0x0000000086600000| Untracked 
| 103|0x0000000086700000, 0x0000000086800000, 0x0000000086800000|100%| O|  |TAMS 0x0000000086700000, 0x0000000086700000| Untracked 
| 104|0x0000000086800000, 0x0000000086900000, 0x0000000086900000|100%| O|  |TAMS 0x0000000086900000, 0x0000000086800000| Untracked 
| 105|0x0000000086900000, 0x0000000086900000, 0x0000000086a00000|  0%| F|  |TAMS 0x0000000086900000, 0x0000000086900000| Untracked 
| 106|0x0000000086a00000, 0x0000000086b00000, 0x0000000086b00000|100%| O|  |TAMS 0x0000000086a00000, 0x0000000086a00000| Untracked 
| 107|0x0000000086b00000, 0x0000000086c00000, 0x0000000086c00000|100%| O|  |TAMS 0x0000000086b00000, 0x0000000086b00000| Untracked 
| 108|0x0000000086c00000, 0x0000000086c00000, 0x0000000086d00000|  0%| F|  |TAMS 0x0000000086c00000, 0x0000000086c00000| Untracked 
| 109|0x0000000086d00000, 0x0000000086d00000, 0x0000000086e00000|  0%| F|  |TAMS 0x0000000086d00000, 0x0000000086d00000| Untracked 
| 110|0x0000000086e00000, 0x0000000086e00000, 0x0000000086f00000|  0%| F|  |TAMS 0x0000000086e00000, 0x0000000086e00000| Untracked 
| 111|0x0000000086f00000, 0x0000000087000000, 0x0000000087000000|100%| O|  |TAMS 0x0000000086f00000, 0x0000000086f00000| Untracked 
| 112|0x0000000087000000, 0x0000000087100000, 0x0000000087100000|100%| O|  |TAMS 0x0000000087000000, 0x0000000087000000| Untracked 
| 113|0x0000000087100000, 0x0000000087100000, 0x0000000087200000|  0%| F|  |TAMS 0x0000000087100000, 0x0000000087100000| Untracked 
| 114|0x0000000087200000, 0x0000000087300000, 0x0000000087300000|100%| O|  |TAMS 0x0000000087200000, 0x0000000087200000| Untracked 
| 115|0x0000000087300000, 0x0000000087400000, 0x0000000087400000|100%| O|  |TAMS 0x0000000087300000, 0x0000000087300000| Untracked 
| 116|0x0000000087400000, 0x0000000087500000, 0x0000000087500000|100%| O|  |TAMS 0x0000000087400000, 0x0000000087400000| Untracked 
| 117|0x0000000087500000, 0x0000000087600000, 0x0000000087600000|100%| O|  |TAMS 0x0000000087500000, 0x0000000087500000| Untracked 
| 118|0x0000000087600000, 0x0000000087700000, 0x0000000087700000|100%| O|  |TAMS 0x0000000087600000, 0x0000000087600000| Untracked 
| 119|0x0000000087700000, 0x0000000087700000, 0x0000000087800000|  0%| F|  |TAMS 0x0000000087700000, 0x0000000087700000| Untracked 
| 120|0x0000000087800000, 0x0000000087900000, 0x0000000087900000|100%| O|  |TAMS 0x0000000087800000, 0x0000000087800000| Untracked 
| 121|0x0000000087900000, 0x0000000087a00000, 0x0000000087a00000|100%| O|  |TAMS 0x0000000087900000, 0x0000000087900000| Untracked 
| 122|0x0000000087a00000, 0x0000000087b00000, 0x0000000087b00000|100%| O|  |TAMS 0x0000000087a00000, 0x0000000087a00000| Untracked 
| 123|0x0000000087b00000, 0x0000000087b00000, 0x0000000087c00000|  0%| F|  |TAMS 0x0000000087b00000, 0x0000000087b00000| Untracked 
| 124|0x0000000087c00000, 0x0000000087c00000, 0x0000000087d00000|  0%| F|  |TAMS 0x0000000087c00000, 0x0000000087c00000| Untracked 
| 125|0x0000000087d00000, 0x0000000087d00000, 0x0000000087e00000|  0%| F|  |TAMS 0x0000000087d00000, 0x0000000087d00000| Untracked 
| 126|0x0000000087e00000, 0x0000000087e00000, 0x0000000087f00000|  0%| F|  |TAMS 0x0000000087e00000, 0x0000000087e00000| Untracked 
| 127|0x0000000087f00000, 0x0000000087f00000, 0x0000000088000000|  0%| F|  |TAMS 0x0000000087f00000, 0x0000000087f00000| Untracked 
| 128|0x0000000088000000, 0x0000000088000000, 0x0000000088100000|  0%| F|  |TAMS 0x0000000088000000, 0x0000000088000000| Untracked 
| 129|0x0000000088100000, 0x0000000088100000, 0x0000000088200000|  0%| F|  |TAMS 0x0000000088100000, 0x0000000088100000| Untracked 
| 130|0x0000000088200000, 0x0000000088200000, 0x0000000088300000|  0%| F|  |TAMS 0x0000000088200000, 0x0000000088200000| Untracked 
| 131|0x0000000088300000, 0x0000000088400000, 0x0000000088400000|100%| O|  |TAMS 0x0000000088300000, 0x0000000088300000| Untracked 
| 132|0x0000000088400000, 0x0000000088400000, 0x0000000088500000|  0%| F|  |TAMS 0x0000000088400000, 0x0000000088400000| Untracked 
| 133|0x0000000088500000, 0x0000000088600000, 0x0000000088600000|100%| O|  |TAMS 0x0000000088500000, 0x0000000088500000| Untracked 
| 134|0x0000000088600000, 0x0000000088700000, 0x0000000088700000|100%| O|  |TAMS 0x0000000088600000, 0x0000000088600000| Untracked 
| 135|0x0000000088700000, 0x0000000088800000, 0x0000000088800000|100%| O|  |TAMS 0x0000000088700000, 0x0000000088700000| Untracked 
| 136|0x0000000088800000, 0x0000000088800000, 0x0000000088900000|  0%| F|  |TAMS 0x0000000088800000, 0x0000000088800000| Untracked 
| 137|0x0000000088900000, 0x0000000088a00000, 0x0000000088a00000|100%| O|  |TAMS 0x0000000088900000, 0x0000000088900000| Untracked 
| 138|0x0000000088a00000, 0x0000000088a00000, 0x0000000088b00000|  0%| F|  |TAMS 0x0000000088a00000, 0x0000000088a00000| Untracked 
| 139|0x0000000088b00000, 0x0000000088c00000, 0x0000000088c00000|100%| O|  |TAMS 0x0000000088b00000, 0x0000000088b00000| Untracked 
| 140|0x0000000088c00000, 0x0000000088d00000, 0x0000000088d00000|100%| O|  |TAMS 0x0000000088c00000, 0x0000000088c00000| Untracked 
| 141|0x0000000088d00000, 0x0000000088e00000, 0x0000000088e00000|100%| O|  |TAMS 0x0000000088d00000, 0x0000000088d00000| Untracked 
| 142|0x0000000088e00000, 0x0000000088e00000, 0x0000000088f00000|  0%| F|  |TAMS 0x0000000088e00000, 0x0000000088e00000| Untracked 
| 143|0x0000000088f00000, 0x0000000089000000, 0x0000000089000000|100%| O|  |TAMS 0x0000000088f00000, 0x0000000088f00000| Untracked 
| 144|0x0000000089000000, 0x0000000089100000, 0x0000000089100000|100%| O|  |TAMS 0x0000000089000000, 0x0000000089000000| Untracked 
| 145|0x0000000089100000, 0x0000000089200000, 0x0000000089200000|100%| O|  |TAMS 0x0000000089100000, 0x0000000089100000| Untracked 
| 146|0x0000000089200000, 0x0000000089300000, 0x0000000089300000|100%| O|  |TAMS 0x0000000089300000, 0x0000000089200000| Untracked 
| 147|0x0000000089300000, 0x0000000089400000, 0x0000000089400000|100%| O|  |TAMS 0x0000000089400000, 0x0000000089300000| Untracked 
| 148|0x0000000089400000, 0x0000000089500000, 0x0000000089500000|100%| O|  |TAMS 0x0000000089500000, 0x0000000089400000| Untracked 
| 149|0x0000000089500000, 0x0000000089600000, 0x0000000089600000|100%| O|  |TAMS 0x0000000089600000, 0x0000000089500000| Untracked 
| 150|0x0000000089600000, 0x0000000089700000, 0x0000000089700000|100%| O|  |TAMS 0x0000000089700000, 0x0000000089600000| Untracked 
| 151|0x0000000089700000, 0x0000000089800000, 0x0000000089800000|100%| O|  |TAMS 0x0000000089800000, 0x0000000089700000| Untracked 
| 152|0x0000000089800000, 0x0000000089900000, 0x0000000089900000|100%| O|  |TAMS 0x0000000089900000, 0x0000000089800000| Untracked 
| 153|0x0000000089900000, 0x0000000089a00000, 0x0000000089a00000|100%| O|  |TAMS 0x0000000089a00000, 0x0000000089900000| Untracked 
| 154|0x0000000089a00000, 0x0000000089b00000, 0x0000000089b00000|100%| O|  |TAMS 0x0000000089b00000, 0x0000000089a00000| Untracked 
| 155|0x0000000089b00000, 0x0000000089c00000, 0x0000000089c00000|100%| O|  |TAMS 0x0000000089c00000, 0x0000000089b00000| Untracked 
| 156|0x0000000089c00000, 0x0000000089d00000, 0x0000000089d00000|100%| O|  |TAMS 0x0000000089d00000, 0x0000000089c00000| Untracked 
| 157|0x0000000089d00000, 0x0000000089e00000, 0x0000000089e00000|100%|HS|  |TAMS 0x0000000089e00000, 0x0000000089d00000| Complete 
| 158|0x0000000089e00000, 0x0000000089f00000, 0x0000000089f00000|100%|HC|  |TAMS 0x0000000089f00000, 0x0000000089e00000| Complete 
| 159|0x0000000089f00000, 0x000000008a000000, 0x000000008a000000|100%|HC|  |TAMS 0x000000008a000000, 0x0000000089f00000| Complete 
| 160|0x000000008a000000, 0x000000008a100000, 0x000000008a100000|100%|HC|  |TAMS 0x000000008a100000, 0x000000008a000000| Complete 
| 161|0x000000008a100000, 0x000000008a200000, 0x000000008a200000|100%|HC|  |TAMS 0x000000008a200000, 0x000000008a100000| Complete 
| 162|0x000000008a200000, 0x000000008a300000, 0x000000008a300000|100%|HC|  |TAMS 0x000000008a300000, 0x000000008a200000| Complete 
| 163|0x000000008a300000, 0x000000008a400000, 0x000000008a400000|100%|HC|  |TAMS 0x000000008a400000, 0x000000008a300000| Complete 
| 164|0x000000008a400000, 0x000000008a500000, 0x000000008a500000|100%| O|  |TAMS 0x000000008a500000, 0x000000008a400000| Untracked 
| 165|0x000000008a500000, 0x000000008a500000, 0x000000008a600000|  0%| F|  |TAMS 0x000000008a500000, 0x000000008a500000| Untracked 
| 166|0x000000008a600000, 0x000000008a600000, 0x000000008a700000|  0%| F|  |TAMS 0x000000008a600000, 0x000000008a600000| Untracked 
| 167|0x000000008a700000, 0x000000008a800000, 0x000000008a800000|100%| O|  |TAMS 0x000000008a800000, 0x000000008a700000| Untracked 
| 168|0x000000008a800000, 0x000000008a900000, 0x000000008a900000|100%| O|  |TAMS 0x000000008a900000, 0x000000008a800000| Untracked 
| 169|0x000000008a900000, 0x000000008aa00000, 0x000000008aa00000|100%| O|  |TAMS 0x000000008aa00000, 0x000000008a900000| Untracked 
| 170|0x000000008aa00000, 0x000000008aa00000, 0x000000008ab00000|  0%| F|  |TAMS 0x000000008aa00000, 0x000000008aa00000| Untracked 
| 171|0x000000008ab00000, 0x000000008ab00000, 0x000000008ac00000|  0%| F|  |TAMS 0x000000008ab00000, 0x000000008ab00000| Untracked 
| 172|0x000000008ac00000, 0x000000008ad00000, 0x000000008ad00000|100%| O|  |TAMS 0x000000008ac00000, 0x000000008ac00000| Untracked 
| 173|0x000000008ad00000, 0x000000008ae00000, 0x000000008ae00000|100%| O|  |TAMS 0x000000008ae00000, 0x000000008ad00000| Untracked 
| 174|0x000000008ae00000, 0x000000008af00000, 0x000000008af00000|100%| O|  |TAMS 0x000000008af00000, 0x000000008ae00000| Untracked 
| 175|0x000000008af00000, 0x000000008af00000, 0x000000008b000000|  0%| F|  |TAMS 0x000000008af00000, 0x000000008af00000| Untracked 
| 176|0x000000008b000000, 0x000000008b100000, 0x000000008b100000|100%| O|  |TAMS 0x000000008b000000, 0x000000008b000000| Untracked 
| 177|0x000000008b100000, 0x000000008b200000, 0x000000008b200000|100%| O|  |TAMS 0x000000008b100000, 0x000000008b100000| Untracked 
| 178|0x000000008b200000, 0x000000008b300000, 0x000000008b300000|100%| O|  |TAMS 0x000000008b300000, 0x000000008b200000| Untracked 
| 179|0x000000008b300000, 0x000000008b400000, 0x000000008b400000|100%| O|  |TAMS 0x000000008b300000, 0x000000008b300000| Untracked 
| 180|0x000000008b400000, 0x000000008b500000, 0x000000008b500000|100%| O|  |TAMS 0x000000008b400000, 0x000000008b400000| Untracked 
| 181|0x000000008b500000, 0x000000008b600000, 0x000000008b600000|100%|HS|  |TAMS 0x000000008b600000, 0x000000008b500000| Complete 
| 182|0x000000008b600000, 0x000000008b700000, 0x000000008b700000|100%|HS|  |TAMS 0x000000008b700000, 0x000000008b600000| Complete 
| 183|0x000000008b700000, 0x000000008b800000, 0x000000008b800000|100%| O|  |TAMS 0x000000008b800000, 0x000000008b700000| Untracked 
| 184|0x000000008b800000, 0x000000008b900000, 0x000000008b900000|100%|HS|  |TAMS 0x000000008b900000, 0x000000008b800000| Complete 
| 185|0x000000008b900000, 0x000000008ba00000, 0x000000008ba00000|100%|HC|  |TAMS 0x000000008ba00000, 0x000000008b900000| Complete 
| 186|0x000000008ba00000, 0x000000008bb00000, 0x000000008bb00000|100%|HS|  |TAMS 0x000000008bb00000, 0x000000008ba00000| Complete 
| 187|0x000000008bb00000, 0x000000008bc00000, 0x000000008bc00000|100%|HS|  |TAMS 0x000000008bc00000, 0x000000008bb00000| Complete 
| 188|0x000000008bc00000, 0x000000008bd00000, 0x000000008bd00000|100%|HS|  |TAMS 0x000000008bd00000, 0x000000008bc00000| Complete 
| 189|0x000000008bd00000, 0x000000008be00000, 0x000000008be00000|100%|HC|  |TAMS 0x000000008be00000, 0x000000008bd00000| Complete 
| 190|0x000000008be00000, 0x000000008bf00000, 0x000000008bf00000|100%|HS|  |TAMS 0x000000008bf00000, 0x000000008be00000| Complete 
| 191|0x000000008bf00000, 0x000000008c000000, 0x000000008c000000|100%|HC|  |TAMS 0x000000008c000000, 0x000000008bf00000| Complete 
| 192|0x000000008c000000, 0x000000008c100000, 0x000000008c100000|100%|HS|  |TAMS 0x000000008c100000, 0x000000008c000000| Complete 
| 193|0x000000008c100000, 0x000000008c200000, 0x000000008c200000|100%|HC|  |TAMS 0x000000008c200000, 0x000000008c100000| Complete 
| 194|0x000000008c200000, 0x000000008c300000, 0x000000008c300000|100%|HC|  |TAMS 0x000000008c300000, 0x000000008c200000| Complete 
| 195|0x000000008c300000, 0x000000008c400000, 0x000000008c400000|100%| O|  |TAMS 0x000000008c400000, 0x000000008c300000| Untracked 
| 196|0x000000008c400000, 0x000000008c500000, 0x000000008c500000|100%| O|  |TAMS 0x000000008c500000, 0x000000008c400000| Untracked 
| 197|0x000000008c500000, 0x000000008c600000, 0x000000008c600000|100%| O|  |TAMS 0x000000008c600000, 0x000000008c500000| Untracked 
| 198|0x000000008c600000, 0x000000008c700000, 0x000000008c700000|100%| O|  |TAMS 0x000000008c600000, 0x000000008c600000| Untracked 
| 199|0x000000008c700000, 0x000000008c800000, 0x000000008c800000|100%| O|  |TAMS 0x000000008c700000, 0x000000008c700000| Untracked 
| 200|0x000000008c800000, 0x000000008c900000, 0x000000008c900000|100%| O|  |TAMS 0x000000008c900000, 0x000000008c800000| Untracked 
| 201|0x000000008c900000, 0x000000008ca00000, 0x000000008ca00000|100%| O|  |TAMS 0x000000008c900000, 0x000000008c900000| Untracked 
| 202|0x000000008ca00000, 0x000000008cb00000, 0x000000008cb00000|100%| O|  |TAMS 0x000000008cb00000, 0x000000008ca00000| Untracked 
| 203|0x000000008cb00000, 0x000000008cc00000, 0x000000008cc00000|100%| O|  |TAMS 0x000000008cb00000, 0x000000008cb00000| Untracked 
| 204|0x000000008cc00000, 0x000000008cd00000, 0x000000008cd00000|100%| O|  |TAMS 0x000000008cd00000, 0x000000008cc00000| Untracked 
| 205|0x000000008cd00000, 0x000000008ce00000, 0x000000008ce00000|100%| O|  |TAMS 0x000000008ce00000, 0x000000008cd00000| Untracked 
| 206|0x000000008ce00000, 0x000000008cf00000, 0x000000008cf00000|100%| O|  |TAMS 0x000000008cf00000, 0x000000008ce00000| Untracked 
| 207|0x000000008cf00000, 0x000000008d000000, 0x000000008d000000|100%| O|  |TAMS 0x000000008cf00000, 0x000000008cf00000| Untracked 
| 208|0x000000008d000000, 0x000000008d100000, 0x000000008d100000|100%| O|  |TAMS 0x000000008d000000, 0x000000008d000000| Untracked 
| 209|0x000000008d100000, 0x000000008d200000, 0x000000008d200000|100%| O|  |TAMS 0x000000008d200000, 0x000000008d100000| Untracked 
| 210|0x000000008d200000, 0x000000008d300000, 0x000000008d300000|100%| O|  |TAMS 0x000000008d300000, 0x000000008d200000| Untracked 
| 211|0x000000008d300000, 0x000000008d400000, 0x000000008d400000|100%| O|  |TAMS 0x000000008d400000, 0x000000008d300000| Untracked 
| 212|0x000000008d400000, 0x000000008d500000, 0x000000008d500000|100%| O|  |TAMS 0x000000008d400000, 0x000000008d400000| Untracked 
| 213|0x000000008d500000, 0x000000008d600000, 0x000000008d600000|100%| O|  |TAMS 0x000000008d500000, 0x000000008d500000| Untracked 
| 214|0x000000008d600000, 0x000000008d700000, 0x000000008d700000|100%| O|  |TAMS 0x000000008d700000, 0x000000008d600000| Untracked 
| 215|0x000000008d700000, 0x000000008d800000, 0x000000008d800000|100%| O|  |TAMS 0x000000008d800000, 0x000000008d700000| Untracked 
| 216|0x000000008d800000, 0x000000008d900000, 0x000000008d900000|100%| O|  |TAMS 0x000000008d900000, 0x000000008d800000| Untracked 
| 217|0x000000008d900000, 0x000000008da00000, 0x000000008da00000|100%| O|  |TAMS 0x000000008da00000, 0x000000008d900000| Untracked 
| 218|0x000000008da00000, 0x000000008db00000, 0x000000008db00000|100%| O|  |TAMS 0x000000008db00000, 0x000000008da00000| Untracked 
| 219|0x000000008db00000, 0x000000008dc00000, 0x000000008dc00000|100%| O|  |TAMS 0x000000008dc00000, 0x000000008db00000| Untracked 
| 220|0x000000008dc00000, 0x000000008dd00000, 0x000000008dd00000|100%| O|  |TAMS 0x000000008dc00000, 0x000000008dc00000| Untracked 
| 221|0x000000008dd00000, 0x000000008de00000, 0x000000008de00000|100%| O|  |TAMS 0x000000008dd00000, 0x000000008dd00000| Untracked 
| 222|0x000000008de00000, 0x000000008df00000, 0x000000008df00000|100%| O|  |TAMS 0x000000008de00000, 0x000000008de00000| Untracked 
| 223|0x000000008df00000, 0x000000008e000000, 0x000000008e000000|100%| O|  |TAMS 0x000000008e000000, 0x000000008df00000| Untracked 
| 224|0x000000008e000000, 0x000000008e100000, 0x000000008e100000|100%| O|  |TAMS 0x000000008e100000, 0x000000008e000000| Untracked 
| 225|0x000000008e100000, 0x000000008e200000, 0x000000008e200000|100%| O|  |TAMS 0x000000008e200000, 0x000000008e100000| Untracked 
| 226|0x000000008e200000, 0x000000008e300000, 0x000000008e300000|100%| O|  |TAMS 0x000000008e300000, 0x000000008e200000| Untracked 
| 227|0x000000008e300000, 0x000000008e400000, 0x000000008e400000|100%| O|  |TAMS 0x000000008e400000, 0x000000008e300000| Untracked 
| 228|0x000000008e400000, 0x000000008e500000, 0x000000008e500000|100%| O|  |TAMS 0x000000008e500000, 0x000000008e400000| Untracked 
| 229|0x000000008e500000, 0x000000008e600000, 0x000000008e600000|100%| O|  |TAMS 0x000000008e600000, 0x000000008e500000| Untracked 
| 230|0x000000008e600000, 0x000000008e700000, 0x000000008e700000|100%| O|  |TAMS 0x000000008e700000, 0x000000008e600000| Untracked 
| 231|0x000000008e700000, 0x000000008e800000, 0x000000008e800000|100%| O|  |TAMS 0x000000008e800000, 0x000000008e700000| Untracked 
| 232|0x000000008e800000, 0x000000008e900000, 0x000000008e900000|100%| O|  |TAMS 0x000000008e900000, 0x000000008e800000| Untracked 
| 233|0x000000008e900000, 0x000000008ea00000, 0x000000008ea00000|100%| O|  |TAMS 0x000000008ea00000, 0x000000008e900000| Untracked 
| 234|0x000000008ea00000, 0x000000008eb00000, 0x000000008eb00000|100%| O|  |TAMS 0x000000008eb00000, 0x000000008ea00000| Untracked 
| 235|0x000000008eb00000, 0x000000008ec00000, 0x000000008ec00000|100%| O|  |TAMS 0x000000008ec00000, 0x000000008eb00000| Untracked 
| 236|0x000000008ec00000, 0x000000008ed00000, 0x000000008ed00000|100%| O|  |TAMS 0x000000008ed00000, 0x000000008ec00000| Untracked 
| 237|0x000000008ed00000, 0x000000008ee00000, 0x000000008ee00000|100%| O|  |TAMS 0x000000008ee00000, 0x000000008ed00000| Untracked 
| 238|0x000000008ee00000, 0x000000008ef00000, 0x000000008ef00000|100%| O|  |TAMS 0x000000008ef00000, 0x000000008ee00000| Untracked 
| 239|0x000000008ef00000, 0x000000008f000000, 0x000000008f000000|100%| O|  |TAMS 0x000000008f000000, 0x000000008ef00000| Untracked 
| 240|0x000000008f000000, 0x000000008f100000, 0x000000008f100000|100%| O|  |TAMS 0x000000008f100000, 0x000000008f000000| Untracked 
| 241|0x000000008f100000, 0x000000008f200000, 0x000000008f200000|100%| O|  |TAMS 0x000000008f200000, 0x000000008f100000| Untracked 
| 242|0x000000008f200000, 0x000000008f300000, 0x000000008f300000|100%| O|  |TAMS 0x000000008f300000, 0x000000008f200000| Untracked 
| 243|0x000000008f300000, 0x000000008f400000, 0x000000008f400000|100%| O|  |TAMS 0x000000008f400000, 0x000000008f300000| Untracked 
| 244|0x000000008f400000, 0x000000008f500000, 0x000000008f500000|100%| O|  |TAMS 0x000000008f500000, 0x000000008f400000| Untracked 
| 245|0x000000008f500000, 0x000000008f600000, 0x000000008f600000|100%| O|  |TAMS 0x000000008f600000, 0x000000008f500000| Untracked 
| 246|0x000000008f600000, 0x000000008f700000, 0x000000008f700000|100%| O|  |TAMS 0x000000008f700000, 0x000000008f600000| Untracked 
| 247|0x000000008f700000, 0x000000008f800000, 0x000000008f800000|100%| O|  |TAMS 0x000000008f800000, 0x000000008f700000| Untracked 
| 248|0x000000008f800000, 0x000000008f900000, 0x000000008f900000|100%| O|  |TAMS 0x000000008f900000, 0x000000008f800000| Untracked 
| 249|0x000000008f900000, 0x000000008fa00000, 0x000000008fa00000|100%| O|  |TAMS 0x000000008fa00000, 0x000000008f900000| Untracked 
| 250|0x000000008fa00000, 0x000000008fb00000, 0x000000008fb00000|100%| O|  |TAMS 0x000000008fb00000, 0x000000008fa00000| Untracked 
| 251|0x000000008fb00000, 0x000000008fc00000, 0x000000008fc00000|100%| O|  |TAMS 0x000000008fc00000, 0x000000008fb00000| Untracked 
| 252|0x000000008fc00000, 0x000000008fd00000, 0x000000008fd00000|100%| O|  |TAMS 0x000000008fd00000, 0x000000008fc00000| Untracked 
| 253|0x000000008fd00000, 0x000000008fe00000, 0x000000008fe00000|100%| O|  |TAMS 0x000000008fe00000, 0x000000008fd00000| Untracked 
| 254|0x000000008fe00000, 0x000000008ff00000, 0x000000008ff00000|100%| O|  |TAMS 0x000000008ff00000, 0x000000008fe00000| Untracked 
| 255|0x000000008ff00000, 0x0000000090000000, 0x0000000090000000|100%| O|  |TAMS 0x000000008ff71000, 0x000000008ff00000| Untracked 
| 256|0x0000000090000000, 0x0000000090100000, 0x0000000090100000|100%| O|  |TAMS 0x0000000090000000, 0x0000000090000000| Untracked 
| 257|0x0000000090100000, 0x0000000090200000, 0x0000000090200000|100%| O|  |TAMS 0x0000000090100000, 0x0000000090100000| Untracked 
| 258|0x0000000090200000, 0x0000000090300000, 0x0000000090300000|100%| O|  |TAMS 0x0000000090200000, 0x0000000090200000| Untracked 
| 259|0x0000000090300000, 0x0000000090400000, 0x0000000090400000|100%| O|  |TAMS 0x0000000090300000, 0x0000000090300000| Untracked 
| 260|0x0000000090400000, 0x0000000090500000, 0x0000000090500000|100%| O|  |TAMS 0x0000000090400000, 0x0000000090400000| Untracked 
| 261|0x0000000090500000, 0x0000000090600000, 0x0000000090600000|100%| O|  |TAMS 0x0000000090500000, 0x0000000090500000| Untracked 
| 262|0x0000000090600000, 0x0000000090700000, 0x0000000090700000|100%| O|  |TAMS 0x0000000090600000, 0x0000000090600000| Untracked 
| 263|0x0000000090700000, 0x0000000090800000, 0x0000000090800000|100%| O|  |TAMS 0x0000000090700000, 0x0000000090700000| Untracked 
| 264|0x0000000090800000, 0x0000000090900000, 0x0000000090900000|100%| O|  |TAMS 0x0000000090800000, 0x0000000090800000| Untracked 
| 265|0x0000000090900000, 0x0000000090a00000, 0x0000000090a00000|100%| O|  |TAMS 0x0000000090900000, 0x0000000090900000| Untracked 
| 266|0x0000000090a00000, 0x0000000090b00000, 0x0000000090b00000|100%| O|  |TAMS 0x0000000090a00000, 0x0000000090a00000| Untracked 
| 267|0x0000000090b00000, 0x0000000090c00000, 0x0000000090c00000|100%| O|  |TAMS 0x0000000090b00000, 0x0000000090b00000| Untracked 
| 268|0x0000000090c00000, 0x0000000090d00000, 0x0000000090d00000|100%| O|  |TAMS 0x0000000090c00000, 0x0000000090c00000| Untracked 
| 269|0x0000000090d00000, 0x0000000090e00000, 0x0000000090e00000|100%| O|  |TAMS 0x0000000090d00000, 0x0000000090d00000| Untracked 
| 270|0x0000000090e00000, 0x0000000090f00000, 0x0000000090f00000|100%| O|  |TAMS 0x0000000090e00000, 0x0000000090e00000| Untracked 
| 271|0x0000000090f00000, 0x0000000091000000, 0x0000000091000000|100%| O|  |TAMS 0x0000000090f00000, 0x0000000090f00000| Untracked 
| 272|0x0000000091000000, 0x00000000910b6800, 0x0000000091100000| 71%| O|  |TAMS 0x0000000091000000, 0x0000000091000000| Untracked 
| 273|0x0000000091100000, 0x0000000091100000, 0x0000000091200000|  0%| F|  |TAMS 0x0000000091100000, 0x0000000091100000| Untracked 
| 274|0x0000000091200000, 0x0000000091200000, 0x0000000091300000|  0%| F|  |TAMS 0x0000000091200000, 0x0000000091200000| Untracked 
| 275|0x0000000091300000, 0x0000000091300000, 0x0000000091400000|  0%| F|  |TAMS 0x0000000091300000, 0x0000000091300000| Untracked 
| 276|0x0000000091400000, 0x0000000091400000, 0x0000000091500000|  0%| F|  |TAMS 0x0000000091400000, 0x0000000091400000| Untracked 
| 277|0x0000000091500000, 0x0000000091500000, 0x0000000091600000|  0%| F|  |TAMS 0x0000000091500000, 0x0000000091500000| Untracked 
| 278|0x0000000091600000, 0x0000000091700000, 0x0000000091700000|100%|HS|  |TAMS 0x0000000091600000, 0x0000000091600000| Complete 
| 279|0x0000000091700000, 0x0000000091800000, 0x0000000091800000|100%|HC|  |TAMS 0x0000000091700000, 0x0000000091700000| Complete 
| 280|0x0000000091800000, 0x0000000091800000, 0x0000000091900000|  0%| F|  |TAMS 0x0000000091800000, 0x0000000091800000| Untracked 
| 281|0x0000000091900000, 0x0000000091900000, 0x0000000091a00000|  0%| F|  |TAMS 0x0000000091900000, 0x0000000091900000| Untracked 
| 282|0x0000000091a00000, 0x0000000091a00000, 0x0000000091b00000|  0%| F|  |TAMS 0x0000000091a00000, 0x0000000091a00000| Untracked 
| 283|0x0000000091b00000, 0x0000000091b00000, 0x0000000091c00000|  0%| F|  |TAMS 0x0000000091b00000, 0x0000000091b00000| Untracked 
| 284|0x0000000091c00000, 0x0000000091c00000, 0x0000000091d00000|  0%| F|  |TAMS 0x0000000091c00000, 0x0000000091c00000| Untracked 
| 285|0x0000000091d00000, 0x0000000091d00000, 0x0000000091e00000|  0%| F|  |TAMS 0x0000000091d00000, 0x0000000091d00000| Untracked 
| 286|0x0000000091e00000, 0x0000000091e00000, 0x0000000091f00000|  0%| F|  |TAMS 0x0000000091e00000, 0x0000000091e00000| Untracked 
| 287|0x0000000091f00000, 0x0000000091f00000, 0x0000000092000000|  0%| F|  |TAMS 0x0000000091f00000, 0x0000000091f00000| Untracked 
| 288|0x0000000092000000, 0x0000000092000000, 0x0000000092100000|  0%| F|  |TAMS 0x0000000092000000, 0x0000000092000000| Untracked 
| 289|0x0000000092100000, 0x0000000092100000, 0x0000000092200000|  0%| F|  |TAMS 0x0000000092100000, 0x0000000092100000| Untracked 
| 290|0x0000000092200000, 0x0000000092200000, 0x0000000092300000|  0%| F|  |TAMS 0x0000000092200000, 0x0000000092200000| Untracked 
| 291|0x0000000092300000, 0x0000000092300000, 0x0000000092400000|  0%| F|  |TAMS 0x0000000092300000, 0x0000000092300000| Untracked 
| 292|0x0000000092400000, 0x0000000092400000, 0x0000000092500000|  0%| F|  |TAMS 0x0000000092400000, 0x0000000092400000| Untracked 
| 293|0x0000000092500000, 0x0000000092500000, 0x0000000092600000|  0%| F|  |TAMS 0x0000000092500000, 0x0000000092500000| Untracked 
| 294|0x0000000092600000, 0x0000000092600000, 0x0000000092700000|  0%| F|  |TAMS 0x0000000092600000, 0x0000000092600000| Untracked 
| 295|0x0000000092700000, 0x0000000092700000, 0x0000000092800000|  0%| F|  |TAMS 0x0000000092700000, 0x0000000092700000| Untracked 
| 296|0x0000000092800000, 0x0000000092800000, 0x0000000092900000|  0%| F|  |TAMS 0x0000000092800000, 0x0000000092800000| Untracked 
| 297|0x0000000092900000, 0x0000000092900000, 0x0000000092a00000|  0%| F|  |TAMS 0x0000000092900000, 0x0000000092900000| Untracked 
| 298|0x0000000092a00000, 0x0000000092a00000, 0x0000000092b00000|  0%| F|  |TAMS 0x0000000092a00000, 0x0000000092a00000| Untracked 
| 299|0x0000000092b00000, 0x0000000092b00000, 0x0000000092c00000|  0%| F|  |TAMS 0x0000000092b00000, 0x0000000092b00000| Untracked 
| 300|0x0000000092c00000, 0x0000000092c00000, 0x0000000092d00000|  0%| F|  |TAMS 0x0000000092c00000, 0x0000000092c00000| Untracked 
| 301|0x0000000092d00000, 0x0000000092d00000, 0x0000000092e00000|  0%| F|  |TAMS 0x0000000092d00000, 0x0000000092d00000| Untracked 
| 302|0x0000000092e00000, 0x0000000092e00000, 0x0000000092f00000|  0%| F|  |TAMS 0x0000000092e00000, 0x0000000092e00000| Untracked 
| 303|0x0000000092f00000, 0x0000000092f00000, 0x0000000093000000|  0%| F|  |TAMS 0x0000000092f00000, 0x0000000092f00000| Untracked 
| 304|0x0000000093000000, 0x0000000093000000, 0x0000000093100000|  0%| F|  |TAMS 0x0000000093000000, 0x0000000093000000| Untracked 
| 305|0x0000000093100000, 0x0000000093100000, 0x0000000093200000|  0%| F|  |TAMS 0x0000000093100000, 0x0000000093100000| Untracked 
| 306|0x0000000093200000, 0x0000000093200000, 0x0000000093300000|  0%| F|  |TAMS 0x0000000093200000, 0x0000000093200000| Untracked 
| 307|0x0000000093300000, 0x0000000093300000, 0x0000000093400000|  0%| F|  |TAMS 0x0000000093300000, 0x0000000093300000| Untracked 
| 308|0x0000000093400000, 0x0000000093400000, 0x0000000093500000|  0%| F|  |TAMS 0x0000000093400000, 0x0000000093400000| Untracked 
| 309|0x0000000093500000, 0x0000000093500000, 0x0000000093600000|  0%| F|  |TAMS 0x0000000093500000, 0x0000000093500000| Untracked 
| 310|0x0000000093600000, 0x0000000093600000, 0x0000000093700000|  0%| F|  |TAMS 0x0000000093600000, 0x0000000093600000| Untracked 
| 311|0x0000000093700000, 0x0000000093700000, 0x0000000093800000|  0%| F|  |TAMS 0x0000000093700000, 0x0000000093700000| Untracked 
| 312|0x0000000093800000, 0x0000000093800000, 0x0000000093900000|  0%| F|  |TAMS 0x0000000093800000, 0x0000000093800000| Untracked 
| 313|0x0000000093900000, 0x0000000093900000, 0x0000000093a00000|  0%| F|  |TAMS 0x0000000093900000, 0x0000000093900000| Untracked 
| 314|0x0000000093a00000, 0x0000000093a00000, 0x0000000093b00000|  0%| F|  |TAMS 0x0000000093a00000, 0x0000000093a00000| Untracked 
| 315|0x0000000093b00000, 0x0000000093b00000, 0x0000000093c00000|  0%| F|  |TAMS 0x0000000093b00000, 0x0000000093b00000| Untracked 
| 316|0x0000000093c00000, 0x0000000093c00000, 0x0000000093d00000|  0%| F|  |TAMS 0x0000000093c00000, 0x0000000093c00000| Untracked 
| 317|0x0000000093d00000, 0x0000000093d00000, 0x0000000093e00000|  0%| F|  |TAMS 0x0000000093d00000, 0x0000000093d00000| Untracked 
| 318|0x0000000093e00000, 0x0000000093e00000, 0x0000000093f00000|  0%| F|  |TAMS 0x0000000093e00000, 0x0000000093e00000| Untracked 
| 319|0x0000000093f00000, 0x0000000093f00000, 0x0000000094000000|  0%| F|  |TAMS 0x0000000093f00000, 0x0000000093f00000| Untracked 
| 320|0x0000000094000000, 0x0000000094000000, 0x0000000094100000|  0%| F|  |TAMS 0x0000000094000000, 0x0000000094000000| Untracked 
| 321|0x0000000094100000, 0x0000000094100000, 0x0000000094200000|  0%| F|  |TAMS 0x0000000094100000, 0x0000000094100000| Untracked 
| 322|0x0000000094200000, 0x0000000094200000, 0x0000000094300000|  0%| F|  |TAMS 0x0000000094200000, 0x0000000094200000| Untracked 
| 323|0x0000000094300000, 0x0000000094300000, 0x0000000094400000|  0%| F|  |TAMS 0x0000000094300000, 0x0000000094300000| Untracked 
| 324|0x0000000094400000, 0x0000000094400000, 0x0000000094500000|  0%| F|  |TAMS 0x0000000094400000, 0x0000000094400000| Untracked 
| 325|0x0000000094500000, 0x0000000094500000, 0x0000000094600000|  0%| F|  |TAMS 0x0000000094500000, 0x0000000094500000| Untracked 
| 326|0x0000000094600000, 0x0000000094600000, 0x0000000094700000|  0%| F|  |TAMS 0x0000000094600000, 0x0000000094600000| Untracked 
| 327|0x0000000094700000, 0x0000000094700000, 0x0000000094800000|  0%| F|  |TAMS 0x0000000094700000, 0x0000000094700000| Untracked 
| 328|0x0000000094800000, 0x0000000094800000, 0x0000000094900000|  0%| F|  |TAMS 0x0000000094800000, 0x0000000094800000| Untracked 
| 329|0x0000000094900000, 0x0000000094900000, 0x0000000094a00000|  0%| F|  |TAMS 0x0000000094900000, 0x0000000094900000| Untracked 
| 330|0x0000000094a00000, 0x0000000094a00000, 0x0000000094b00000|  0%| F|  |TAMS 0x0000000094a00000, 0x0000000094a00000| Untracked 
| 331|0x0000000094b00000, 0x0000000094b00000, 0x0000000094c00000|  0%| F|  |TAMS 0x0000000094b00000, 0x0000000094b00000| Untracked 
| 332|0x0000000094c00000, 0x0000000094c00000, 0x0000000094d00000|  0%| F|  |TAMS 0x0000000094c00000, 0x0000000094c00000| Untracked 
| 333|0x0000000094d00000, 0x0000000094d00000, 0x0000000094e00000|  0%| F|  |TAMS 0x0000000094d00000, 0x0000000094d00000| Untracked 
| 334|0x0000000094e00000, 0x0000000094e00000, 0x0000000094f00000|  0%| F|  |TAMS 0x0000000094e00000, 0x0000000094e00000| Untracked 
| 335|0x0000000094f00000, 0x0000000094f00000, 0x0000000095000000|  0%| F|  |TAMS 0x0000000094f00000, 0x0000000094f00000| Untracked 
| 336|0x0000000095000000, 0x0000000095000000, 0x0000000095100000|  0%| F|  |TAMS 0x0000000095000000, 0x0000000095000000| Untracked 
| 337|0x0000000095100000, 0x0000000095100000, 0x0000000095200000|  0%| F|  |TAMS 0x0000000095100000, 0x0000000095100000| Untracked 
| 338|0x0000000095200000, 0x0000000095200000, 0x0000000095300000|  0%| F|  |TAMS 0x0000000095200000, 0x0000000095200000| Untracked 
| 339|0x0000000095300000, 0x0000000095300000, 0x0000000095400000|  0%| F|  |TAMS 0x0000000095300000, 0x0000000095300000| Untracked 
| 340|0x0000000095400000, 0x0000000095400000, 0x0000000095500000|  0%| F|  |TAMS 0x0000000095400000, 0x0000000095400000| Untracked 
| 341|0x0000000095500000, 0x0000000095500000, 0x0000000095600000|  0%| F|  |TAMS 0x0000000095500000, 0x0000000095500000| Untracked 
| 342|0x0000000095600000, 0x0000000095600000, 0x0000000095700000|  0%| F|  |TAMS 0x0000000095600000, 0x0000000095600000| Untracked 
| 343|0x0000000095700000, 0x0000000095700000, 0x0000000095800000|  0%| F|  |TAMS 0x0000000095700000, 0x0000000095700000| Untracked 
| 344|0x0000000095800000, 0x0000000095800000, 0x0000000095900000|  0%| F|  |TAMS 0x0000000095800000, 0x0000000095800000| Untracked 
| 345|0x0000000095900000, 0x0000000095900000, 0x0000000095a00000|  0%| F|  |TAMS 0x0000000095900000, 0x0000000095900000| Untracked 
| 346|0x0000000095a00000, 0x0000000095a00000, 0x0000000095b00000|  0%| F|  |TAMS 0x0000000095a00000, 0x0000000095a00000| Untracked 
| 347|0x0000000095b00000, 0x0000000095b00000, 0x0000000095c00000|  0%| F|  |TAMS 0x0000000095b00000, 0x0000000095b00000| Untracked 
| 348|0x0000000095c00000, 0x0000000095c00000, 0x0000000095d00000|  0%| F|  |TAMS 0x0000000095c00000, 0x0000000095c00000| Untracked 
| 349|0x0000000095d00000, 0x0000000095d00000, 0x0000000095e00000|  0%| F|  |TAMS 0x0000000095d00000, 0x0000000095d00000| Untracked 
| 350|0x0000000095e00000, 0x0000000095e00000, 0x0000000095f00000|  0%| F|  |TAMS 0x0000000095e00000, 0x0000000095e00000| Untracked 
| 351|0x0000000095f00000, 0x0000000095f00000, 0x0000000096000000|  0%| F|  |TAMS 0x0000000095f00000, 0x0000000095f00000| Untracked 
| 352|0x0000000096000000, 0x0000000096000000, 0x0000000096100000|  0%| F|  |TAMS 0x0000000096000000, 0x0000000096000000| Untracked 
| 353|0x0000000096100000, 0x0000000096100000, 0x0000000096200000|  0%| F|  |TAMS 0x0000000096100000, 0x0000000096100000| Untracked 
| 354|0x0000000096200000, 0x0000000096200000, 0x0000000096300000|  0%| F|  |TAMS 0x0000000096200000, 0x0000000096200000| Untracked 
| 355|0x0000000096300000, 0x0000000096300000, 0x0000000096400000|  0%| F|  |TAMS 0x0000000096300000, 0x0000000096300000| Untracked 
| 356|0x0000000096400000, 0x0000000096400000, 0x0000000096500000|  0%| F|  |TAMS 0x0000000096400000, 0x0000000096400000| Untracked 
| 357|0x0000000096500000, 0x0000000096500000, 0x0000000096600000|  0%| F|  |TAMS 0x0000000096500000, 0x0000000096500000| Untracked 
| 358|0x0000000096600000, 0x0000000096600000, 0x0000000096700000|  0%| F|  |TAMS 0x0000000096600000, 0x0000000096600000| Untracked 
| 359|0x0000000096700000, 0x0000000096700000, 0x0000000096800000|  0%| F|  |TAMS 0x0000000096700000, 0x0000000096700000| Untracked 
| 360|0x0000000096800000, 0x0000000096800000, 0x0000000096900000|  0%| F|  |TAMS 0x0000000096800000, 0x0000000096800000| Untracked 
| 361|0x0000000096900000, 0x0000000096900000, 0x0000000096a00000|  0%| F|  |TAMS 0x0000000096900000, 0x0000000096900000| Untracked 
| 362|0x0000000096a00000, 0x0000000096a00000, 0x0000000096b00000|  0%| F|  |TAMS 0x0000000096a00000, 0x0000000096a00000| Untracked 
| 363|0x0000000096b00000, 0x0000000096b00000, 0x0000000096c00000|  0%| F|  |TAMS 0x0000000096b00000, 0x0000000096b00000| Untracked 
| 364|0x0000000096c00000, 0x0000000096c00000, 0x0000000096d00000|  0%| F|  |TAMS 0x0000000096c00000, 0x0000000096c00000| Untracked 
| 365|0x0000000096d00000, 0x0000000096d00000, 0x0000000096e00000|  0%| F|  |TAMS 0x0000000096d00000, 0x0000000096d00000| Untracked 
| 366|0x0000000096e00000, 0x0000000096e00000, 0x0000000096f00000|  0%| F|  |TAMS 0x0000000096e00000, 0x0000000096e00000| Untracked 
| 367|0x0000000096f00000, 0x0000000096f00000, 0x0000000097000000|  0%| F|  |TAMS 0x0000000096f00000, 0x0000000096f00000| Untracked 
| 368|0x0000000097000000, 0x0000000097000000, 0x0000000097100000|  0%| F|  |TAMS 0x0000000097000000, 0x0000000097000000| Untracked 
| 369|0x0000000097100000, 0x0000000097100000, 0x0000000097200000|  0%| F|  |TAMS 0x0000000097100000, 0x0000000097100000| Untracked 
| 370|0x0000000097200000, 0x0000000097200000, 0x0000000097300000|  0%| F|  |TAMS 0x0000000097200000, 0x0000000097200000| Untracked 
| 371|0x0000000097300000, 0x0000000097300000, 0x0000000097400000|  0%| F|  |TAMS 0x0000000097300000, 0x0000000097300000| Untracked 
| 372|0x0000000097400000, 0x0000000097400000, 0x0000000097500000|  0%| F|  |TAMS 0x0000000097400000, 0x0000000097400000| Untracked 
| 373|0x0000000097500000, 0x0000000097500000, 0x0000000097600000|  0%| F|  |TAMS 0x0000000097500000, 0x0000000097500000| Untracked 
| 374|0x0000000097600000, 0x0000000097600000, 0x0000000097700000|  0%| F|  |TAMS 0x0000000097600000, 0x0000000097600000| Untracked 
| 375|0x0000000097700000, 0x0000000097700000, 0x0000000097800000|  0%| F|  |TAMS 0x0000000097700000, 0x0000000097700000| Untracked 
| 376|0x0000000097800000, 0x0000000097800000, 0x0000000097900000|  0%| F|  |TAMS 0x0000000097800000, 0x0000000097800000| Untracked 
| 377|0x0000000097900000, 0x0000000097900000, 0x0000000097a00000|  0%| F|  |TAMS 0x0000000097900000, 0x0000000097900000| Untracked 
| 378|0x0000000097a00000, 0x0000000097a00000, 0x0000000097b00000|  0%| F|  |TAMS 0x0000000097a00000, 0x0000000097a00000| Untracked 
| 379|0x0000000097b00000, 0x0000000097b00000, 0x0000000097c00000|  0%| F|  |TAMS 0x0000000097b00000, 0x0000000097b00000| Untracked 
| 380|0x0000000097c00000, 0x0000000097c00000, 0x0000000097d00000|  0%| F|  |TAMS 0x0000000097c00000, 0x0000000097c00000| Untracked 
| 381|0x0000000097d00000, 0x0000000097d00000, 0x0000000097e00000|  0%| F|  |TAMS 0x0000000097d00000, 0x0000000097d00000| Untracked 
| 382|0x0000000097e00000, 0x0000000097e00000, 0x0000000097f00000|  0%| F|  |TAMS 0x0000000097e00000, 0x0000000097e00000| Untracked 
| 383|0x0000000097f00000, 0x0000000097f00000, 0x0000000098000000|  0%| F|  |TAMS 0x0000000097f00000, 0x0000000097f00000| Untracked 
| 384|0x0000000098000000, 0x0000000098000000, 0x0000000098100000|  0%| F|  |TAMS 0x0000000098000000, 0x0000000098000000| Untracked 
| 385|0x0000000098100000, 0x0000000098100000, 0x0000000098200000|  0%| F|  |TAMS 0x0000000098100000, 0x0000000098100000| Untracked 
| 386|0x0000000098200000, 0x0000000098200000, 0x0000000098300000|  0%| F|  |TAMS 0x0000000098200000, 0x0000000098200000| Untracked 
| 387|0x0000000098300000, 0x0000000098300000, 0x0000000098400000|  0%| F|  |TAMS 0x0000000098300000, 0x0000000098300000| Untracked 
| 388|0x0000000098400000, 0x0000000098400000, 0x0000000098500000|  0%| F|  |TAMS 0x0000000098400000, 0x0000000098400000| Untracked 
| 389|0x0000000098500000, 0x0000000098500000, 0x0000000098600000|  0%| F|  |TAMS 0x0000000098500000, 0x0000000098500000| Untracked 
| 390|0x0000000098600000, 0x0000000098600000, 0x0000000098700000|  0%| F|  |TAMS 0x0000000098600000, 0x0000000098600000| Untracked 
| 391|0x0000000098700000, 0x0000000098700000, 0x0000000098800000|  0%| F|  |TAMS 0x0000000098700000, 0x0000000098700000| Untracked 
| 392|0x0000000098800000, 0x0000000098800000, 0x0000000098900000|  0%| F|  |TAMS 0x0000000098800000, 0x0000000098800000| Untracked 
| 393|0x0000000098900000, 0x0000000098900000, 0x0000000098a00000|  0%| F|  |TAMS 0x0000000098900000, 0x0000000098900000| Untracked 
| 394|0x0000000098a00000, 0x0000000098a00000, 0x0000000098b00000|  0%| F|  |TAMS 0x0000000098a00000, 0x0000000098a00000| Untracked 
| 395|0x0000000098b00000, 0x0000000098b00000, 0x0000000098c00000|  0%| F|  |TAMS 0x0000000098b00000, 0x0000000098b00000| Untracked 
| 396|0x0000000098c00000, 0x0000000098c00000, 0x0000000098d00000|  0%| F|  |TAMS 0x0000000098c00000, 0x0000000098c00000| Untracked 
| 397|0x0000000098d00000, 0x0000000098d00000, 0x0000000098e00000|  0%| F|  |TAMS 0x0000000098d00000, 0x0000000098d00000| Untracked 
| 398|0x0000000098e00000, 0x0000000098e00000, 0x0000000098f00000|  0%| F|  |TAMS 0x0000000098e00000, 0x0000000098e00000| Untracked 
| 399|0x0000000098f00000, 0x0000000098f00000, 0x0000000099000000|  0%| F|  |TAMS 0x0000000098f00000, 0x0000000098f00000| Untracked 
| 400|0x0000000099000000, 0x0000000099000000, 0x0000000099100000|  0%| F|  |TAMS 0x0000000099000000, 0x0000000099000000| Untracked 
| 401|0x0000000099100000, 0x0000000099100000, 0x0000000099200000|  0%| F|  |TAMS 0x0000000099100000, 0x0000000099100000| Untracked 
| 402|0x0000000099200000, 0x0000000099200000, 0x0000000099300000|  0%| F|  |TAMS 0x0000000099200000, 0x0000000099200000| Untracked 
| 403|0x0000000099300000, 0x0000000099300000, 0x0000000099400000|  0%| F|  |TAMS 0x0000000099300000, 0x0000000099300000| Untracked 
| 404|0x0000000099400000, 0x0000000099400000, 0x0000000099500000|  0%| F|  |TAMS 0x0000000099400000, 0x0000000099400000| Untracked 
| 405|0x0000000099500000, 0x0000000099500000, 0x0000000099600000|  0%| F|  |TAMS 0x0000000099500000, 0x0000000099500000| Untracked 
| 406|0x0000000099600000, 0x0000000099600000, 0x0000000099700000|  0%| F|  |TAMS 0x0000000099600000, 0x0000000099600000| Untracked 
| 407|0x0000000099700000, 0x0000000099700000, 0x0000000099800000|  0%| F|  |TAMS 0x0000000099700000, 0x0000000099700000| Untracked 
| 408|0x0000000099800000, 0x0000000099800000, 0x0000000099900000|  0%| F|  |TAMS 0x0000000099800000, 0x0000000099800000| Untracked 
| 409|0x0000000099900000, 0x0000000099900000, 0x0000000099a00000|  0%| F|  |TAMS 0x0000000099900000, 0x0000000099900000| Untracked 
| 410|0x0000000099a00000, 0x0000000099a00000, 0x0000000099b00000|  0%| F|  |TAMS 0x0000000099a00000, 0x0000000099a00000| Untracked 
| 411|0x0000000099b00000, 0x0000000099b00000, 0x0000000099c00000|  0%| F|  |TAMS 0x0000000099b00000, 0x0000000099b00000| Untracked 
| 412|0x0000000099c00000, 0x0000000099c00000, 0x0000000099d00000|  0%| F|  |TAMS 0x0000000099c00000, 0x0000000099c00000| Untracked 
| 413|0x0000000099d00000, 0x0000000099d00000, 0x0000000099e00000|  0%| F|  |TAMS 0x0000000099d00000, 0x0000000099d00000| Untracked 
| 414|0x0000000099e00000, 0x0000000099e00000, 0x0000000099f00000|  0%| F|  |TAMS 0x0000000099e00000, 0x0000000099e00000| Untracked 
| 415|0x0000000099f00000, 0x0000000099f00000, 0x000000009a000000|  0%| F|  |TAMS 0x0000000099f00000, 0x0000000099f00000| Untracked 
| 416|0x000000009a000000, 0x000000009a000000, 0x000000009a100000|  0%| F|  |TAMS 0x000000009a000000, 0x000000009a000000| Untracked 
| 417|0x000000009a100000, 0x000000009a100000, 0x000000009a200000|  0%| F|  |TAMS 0x000000009a100000, 0x000000009a100000| Untracked 
| 418|0x000000009a200000, 0x000000009a200000, 0x000000009a300000|  0%| F|  |TAMS 0x000000009a200000, 0x000000009a200000| Untracked 
| 419|0x000000009a300000, 0x000000009a300000, 0x000000009a400000|  0%| F|  |TAMS 0x000000009a300000, 0x000000009a300000| Untracked 
| 420|0x000000009a400000, 0x000000009a400000, 0x000000009a500000|  0%| F|  |TAMS 0x000000009a400000, 0x000000009a400000| Untracked 
| 421|0x000000009a500000, 0x000000009a500000, 0x000000009a600000|  0%| F|  |TAMS 0x000000009a500000, 0x000000009a500000| Untracked 
| 422|0x000000009a600000, 0x000000009a600000, 0x000000009a700000|  0%| F|  |TAMS 0x000000009a600000, 0x000000009a600000| Untracked 
| 423|0x000000009a700000, 0x000000009a700000, 0x000000009a800000|  0%| F|  |TAMS 0x000000009a700000, 0x000000009a700000| Untracked 
| 424|0x000000009a800000, 0x000000009a800000, 0x000000009a900000|  0%| F|  |TAMS 0x000000009a800000, 0x000000009a800000| Untracked 
| 425|0x000000009a900000, 0x000000009a900000, 0x000000009aa00000|  0%| F|  |TAMS 0x000000009a900000, 0x000000009a900000| Untracked 
| 426|0x000000009aa00000, 0x000000009aa00000, 0x000000009ab00000|  0%| F|  |TAMS 0x000000009aa00000, 0x000000009aa00000| Untracked 
| 427|0x000000009ab00000, 0x000000009ab00000, 0x000000009ac00000|  0%| F|  |TAMS 0x000000009ab00000, 0x000000009ab00000| Untracked 
| 428|0x000000009ac00000, 0x000000009ac00000, 0x000000009ad00000|  0%| F|  |TAMS 0x000000009ac00000, 0x000000009ac00000| Untracked 
| 429|0x000000009ad00000, 0x000000009ad00000, 0x000000009ae00000|  0%| F|  |TAMS 0x000000009ad00000, 0x000000009ad00000| Untracked 
| 430|0x000000009ae00000, 0x000000009ae00000, 0x000000009af00000|  0%| F|  |TAMS 0x000000009ae00000, 0x000000009ae00000| Untracked 
| 431|0x000000009af00000, 0x000000009af00000, 0x000000009b000000|  0%| F|  |TAMS 0x000000009af00000, 0x000000009af00000| Untracked 
| 432|0x000000009b000000, 0x000000009b000000, 0x000000009b100000|  0%| F|  |TAMS 0x000000009b000000, 0x000000009b000000| Untracked 
| 433|0x000000009b100000, 0x000000009b100000, 0x000000009b200000|  0%| F|  |TAMS 0x000000009b100000, 0x000000009b100000| Untracked 
| 434|0x000000009b200000, 0x000000009b200000, 0x000000009b300000|  0%| F|  |TAMS 0x000000009b200000, 0x000000009b200000| Untracked 
| 435|0x000000009b300000, 0x000000009b300000, 0x000000009b400000|  0%| F|  |TAMS 0x000000009b300000, 0x000000009b300000| Untracked 
| 436|0x000000009b400000, 0x000000009b400000, 0x000000009b500000|  0%| F|  |TAMS 0x000000009b400000, 0x000000009b400000| Untracked 
| 437|0x000000009b500000, 0x000000009b500000, 0x000000009b600000|  0%| F|  |TAMS 0x000000009b500000, 0x000000009b500000| Untracked 
| 438|0x000000009b600000, 0x000000009b600000, 0x000000009b700000|  0%| F|  |TAMS 0x000000009b600000, 0x000000009b600000| Untracked 
| 439|0x000000009b700000, 0x000000009b700000, 0x000000009b800000|  0%| F|  |TAMS 0x000000009b700000, 0x000000009b700000| Untracked 
| 440|0x000000009b800000, 0x000000009b800000, 0x000000009b900000|  0%| F|  |TAMS 0x000000009b800000, 0x000000009b800000| Untracked 
| 441|0x000000009b900000, 0x000000009b900000, 0x000000009ba00000|  0%| F|  |TAMS 0x000000009b900000, 0x000000009b900000| Untracked 
| 442|0x000000009ba00000, 0x000000009ba00000, 0x000000009bb00000|  0%| F|  |TAMS 0x000000009ba00000, 0x000000009ba00000| Untracked 
| 443|0x000000009bb00000, 0x000000009bb00000, 0x000000009bc00000|  0%| F|  |TAMS 0x000000009bb00000, 0x000000009bb00000| Untracked 
| 444|0x000000009bc00000, 0x000000009bc00000, 0x000000009bd00000|  0%| F|  |TAMS 0x000000009bc00000, 0x000000009bc00000| Untracked 
| 445|0x000000009bd00000, 0x000000009bd00000, 0x000000009be00000|  0%| F|  |TAMS 0x000000009bd00000, 0x000000009bd00000| Untracked 
| 446|0x000000009be00000, 0x000000009be00000, 0x000000009bf00000|  0%| F|  |TAMS 0x000000009be00000, 0x000000009be00000| Untracked 
| 447|0x000000009bf00000, 0x000000009bf00000, 0x000000009c000000|  0%| F|  |TAMS 0x000000009bf00000, 0x000000009bf00000| Untracked 
| 448|0x000000009c000000, 0x000000009c000000, 0x000000009c100000|  0%| F|  |TAMS 0x000000009c000000, 0x000000009c000000| Untracked 
| 449|0x000000009c100000, 0x000000009c100000, 0x000000009c200000|  0%| F|  |TAMS 0x000000009c100000, 0x000000009c100000| Untracked 
| 450|0x000000009c200000, 0x000000009c200000, 0x000000009c300000|  0%| F|  |TAMS 0x000000009c200000, 0x000000009c200000| Untracked 
| 451|0x000000009c300000, 0x000000009c300000, 0x000000009c400000|  0%| F|  |TAMS 0x000000009c300000, 0x000000009c300000| Untracked 
| 452|0x000000009c400000, 0x000000009c400000, 0x000000009c500000|  0%| F|  |TAMS 0x000000009c400000, 0x000000009c400000| Untracked 
| 453|0x000000009c500000, 0x000000009c500000, 0x000000009c600000|  0%| F|  |TAMS 0x000000009c500000, 0x000000009c500000| Untracked 
| 454|0x000000009c600000, 0x000000009c600000, 0x000000009c700000|  0%| F|  |TAMS 0x000000009c600000, 0x000000009c600000| Untracked 
| 455|0x000000009c700000, 0x000000009c700000, 0x000000009c800000|  0%| F|  |TAMS 0x000000009c700000, 0x000000009c700000| Untracked 
| 456|0x000000009c800000, 0x000000009c800000, 0x000000009c900000|  0%| F|  |TAMS 0x000000009c800000, 0x000000009c800000| Untracked 
| 457|0x000000009c900000, 0x000000009c900000, 0x000000009ca00000|  0%| F|  |TAMS 0x000000009c900000, 0x000000009c900000| Untracked 
| 458|0x000000009ca00000, 0x000000009ca00000, 0x000000009cb00000|  0%| F|  |TAMS 0x000000009ca00000, 0x000000009ca00000| Untracked 
| 459|0x000000009cb00000, 0x000000009cb00000, 0x000000009cc00000|  0%| F|  |TAMS 0x000000009cb00000, 0x000000009cb00000| Untracked 
| 460|0x000000009cc00000, 0x000000009cc00000, 0x000000009cd00000|  0%| F|  |TAMS 0x000000009cc00000, 0x000000009cc00000| Untracked 
| 461|0x000000009cd00000, 0x000000009cd00000, 0x000000009ce00000|  0%| F|  |TAMS 0x000000009cd00000, 0x000000009cd00000| Untracked 
| 462|0x000000009ce00000, 0x000000009ce00000, 0x000000009cf00000|  0%| F|  |TAMS 0x000000009ce00000, 0x000000009ce00000| Untracked 
| 463|0x000000009cf00000, 0x000000009cf00000, 0x000000009d000000|  0%| F|  |TAMS 0x000000009cf00000, 0x000000009cf00000| Untracked 
| 464|0x000000009d000000, 0x000000009d000000, 0x000000009d100000|  0%| F|  |TAMS 0x000000009d000000, 0x000000009d000000| Untracked 
| 465|0x000000009d100000, 0x000000009d100000, 0x000000009d200000|  0%| F|  |TAMS 0x000000009d100000, 0x000000009d100000| Untracked 
| 466|0x000000009d200000, 0x000000009d200000, 0x000000009d300000|  0%| F|  |TAMS 0x000000009d200000, 0x000000009d200000| Untracked 
| 467|0x000000009d300000, 0x000000009d300000, 0x000000009d400000|  0%| F|  |TAMS 0x000000009d300000, 0x000000009d300000| Untracked 
| 468|0x000000009d400000, 0x000000009d400000, 0x000000009d500000|  0%| F|  |TAMS 0x000000009d400000, 0x000000009d400000| Untracked 
| 469|0x000000009d500000, 0x000000009d500000, 0x000000009d600000|  0%| F|  |TAMS 0x000000009d500000, 0x000000009d500000| Untracked 
| 470|0x000000009d600000, 0x000000009d600000, 0x000000009d700000|  0%| F|  |TAMS 0x000000009d600000, 0x000000009d600000| Untracked 
| 471|0x000000009d700000, 0x000000009d700000, 0x000000009d800000|  0%| F|  |TAMS 0x000000009d700000, 0x000000009d700000| Untracked 
| 472|0x000000009d800000, 0x000000009d800000, 0x000000009d900000|  0%| F|  |TAMS 0x000000009d800000, 0x000000009d800000| Untracked 
| 473|0x000000009d900000, 0x000000009d900000, 0x000000009da00000|  0%| F|  |TAMS 0x000000009d900000, 0x000000009d900000| Untracked 
| 474|0x000000009da00000, 0x000000009da00000, 0x000000009db00000|  0%| F|  |TAMS 0x000000009da00000, 0x000000009da00000| Untracked 
| 475|0x000000009db00000, 0x000000009db00000, 0x000000009dc00000|  0%| F|  |TAMS 0x000000009db00000, 0x000000009db00000| Untracked 
| 476|0x000000009dc00000, 0x000000009dc00000, 0x000000009dd00000|  0%| F|  |TAMS 0x000000009dc00000, 0x000000009dc00000| Untracked 
| 477|0x000000009dd00000, 0x000000009dd00000, 0x000000009de00000|  0%| F|  |TAMS 0x000000009dd00000, 0x000000009dd00000| Untracked 
| 478|0x000000009de00000, 0x000000009de00000, 0x000000009df00000|  0%| F|  |TAMS 0x000000009de00000, 0x000000009de00000| Untracked 
| 479|0x000000009df00000, 0x000000009df00000, 0x000000009e000000|  0%| F|  |TAMS 0x000000009df00000, 0x000000009df00000| Untracked 
| 480|0x000000009e000000, 0x000000009e000000, 0x000000009e100000|  0%| F|  |TAMS 0x000000009e000000, 0x000000009e000000| Untracked 
| 481|0x000000009e100000, 0x000000009e100000, 0x000000009e200000|  0%| F|  |TAMS 0x000000009e100000, 0x000000009e100000| Untracked 
| 482|0x000000009e200000, 0x000000009e200000, 0x000000009e300000|  0%| F|  |TAMS 0x000000009e200000, 0x000000009e200000| Untracked 
| 483|0x000000009e300000, 0x000000009e300000, 0x000000009e400000|  0%| F|  |TAMS 0x000000009e300000, 0x000000009e300000| Untracked 
| 484|0x000000009e400000, 0x000000009e400000, 0x000000009e500000|  0%| F|  |TAMS 0x000000009e400000, 0x000000009e400000| Untracked 
| 485|0x000000009e500000, 0x000000009e500000, 0x000000009e600000|  0%| F|  |TAMS 0x000000009e500000, 0x000000009e500000| Untracked 
| 486|0x000000009e600000, 0x000000009e600000, 0x000000009e700000|  0%| F|  |TAMS 0x000000009e600000, 0x000000009e600000| Untracked 
| 487|0x000000009e700000, 0x000000009e700000, 0x000000009e800000|  0%| F|  |TAMS 0x000000009e700000, 0x000000009e700000| Untracked 
| 488|0x000000009e800000, 0x000000009e800000, 0x000000009e900000|  0%| F|  |TAMS 0x000000009e800000, 0x000000009e800000| Untracked 
| 489|0x000000009e900000, 0x000000009e900000, 0x000000009ea00000|  0%| F|  |TAMS 0x000000009e900000, 0x000000009e900000| Untracked 
| 490|0x000000009ea00000, 0x000000009ea00000, 0x000000009eb00000|  0%| F|  |TAMS 0x000000009ea00000, 0x000000009ea00000| Untracked 
| 491|0x000000009eb00000, 0x000000009eb00000, 0x000000009ec00000|  0%| F|  |TAMS 0x000000009eb00000, 0x000000009eb00000| Untracked 
| 492|0x000000009ec00000, 0x000000009ec00000, 0x000000009ed00000|  0%| F|  |TAMS 0x000000009ec00000, 0x000000009ec00000| Untracked 
| 493|0x000000009ed00000, 0x000000009ed00000, 0x000000009ee00000|  0%| F|  |TAMS 0x000000009ed00000, 0x000000009ed00000| Untracked 
| 494|0x000000009ee00000, 0x000000009ee00000, 0x000000009ef00000|  0%| F|  |TAMS 0x000000009ee00000, 0x000000009ee00000| Untracked 
| 495|0x000000009ef00000, 0x000000009ef00000, 0x000000009f000000|  0%| F|  |TAMS 0x000000009ef00000, 0x000000009ef00000| Untracked 
| 496|0x000000009f000000, 0x000000009f000000, 0x000000009f100000|  0%| F|  |TAMS 0x000000009f000000, 0x000000009f000000| Untracked 
| 497|0x000000009f100000, 0x000000009f100000, 0x000000009f200000|  0%| F|  |TAMS 0x000000009f100000, 0x000000009f100000| Untracked 
| 498|0x000000009f200000, 0x000000009f200000, 0x000000009f300000|  0%| F|  |TAMS 0x000000009f200000, 0x000000009f200000| Untracked 
| 499|0x000000009f300000, 0x000000009f300000, 0x000000009f400000|  0%| F|  |TAMS 0x000000009f300000, 0x000000009f300000| Untracked 
| 500|0x000000009f400000, 0x000000009f400000, 0x000000009f500000|  0%| F|  |TAMS 0x000000009f400000, 0x000000009f400000| Untracked 
| 501|0x000000009f500000, 0x000000009f500000, 0x000000009f600000|  0%| F|  |TAMS 0x000000009f500000, 0x000000009f500000| Untracked 
| 502|0x000000009f600000, 0x000000009f600000, 0x000000009f700000|  0%| F|  |TAMS 0x000000009f600000, 0x000000009f600000| Untracked 
| 503|0x000000009f700000, 0x000000009f700000, 0x000000009f800000|  0%| F|  |TAMS 0x000000009f700000, 0x000000009f700000| Untracked 
| 504|0x000000009f800000, 0x000000009f800000, 0x000000009f900000|  0%| F|  |TAMS 0x000000009f800000, 0x000000009f800000| Untracked 
| 505|0x000000009f900000, 0x000000009f900000, 0x000000009fa00000|  0%| F|  |TAMS 0x000000009f900000, 0x000000009f900000| Untracked 
| 506|0x000000009fa00000, 0x000000009fa00000, 0x000000009fb00000|  0%| F|  |TAMS 0x000000009fa00000, 0x000000009fa00000| Untracked 
| 507|0x000000009fb00000, 0x000000009fb00000, 0x000000009fc00000|  0%| F|  |TAMS 0x000000009fb00000, 0x000000009fb00000| Untracked 
| 508|0x000000009fc00000, 0x000000009fc00000, 0x000000009fd00000|  0%| F|  |TAMS 0x000000009fc00000, 0x000000009fc00000| Untracked 
| 509|0x000000009fd00000, 0x000000009fd53c98, 0x000000009fe00000| 32%| S|CS|TAMS 0x000000009fd00000, 0x000000009fd00000| Complete 
| 510|0x000000009fe00000, 0x000000009ff00000, 0x000000009ff00000|100%| S|CS|TAMS 0x000000009fe00000, 0x000000009fe00000| Complete 
| 511|0x000000009ff00000, 0x00000000a0000000, 0x00000000a0000000|100%| S|CS|TAMS 0x000000009ff00000, 0x000000009ff00000| Complete 
| 512|0x00000000a0000000, 0x00000000a0000000, 0x00000000a0100000|  0%| F|  |TAMS 0x00000000a0000000, 0x00000000a0000000| Untracked 
| 513|0x00000000a0100000, 0x00000000a0100000, 0x00000000a0200000|  0%| F|  |TAMS 0x00000000a0100000, 0x00000000a0100000| Untracked 
| 514|0x00000000a0200000, 0x00000000a0200000, 0x00000000a0300000|  0%| F|  |TAMS 0x00000000a0200000, 0x00000000a0200000| Untracked 
| 515|0x00000000a0300000, 0x00000000a0300000, 0x00000000a0400000|  0%| F|  |TAMS 0x00000000a0300000, 0x00000000a0300000| Untracked 
| 516|0x00000000a0400000, 0x00000000a0400000, 0x00000000a0500000|  0%| F|  |TAMS 0x00000000a0400000, 0x00000000a0400000| Untracked 
| 517|0x00000000a0500000, 0x00000000a0500000, 0x00000000a0600000|  0%| F|  |TAMS 0x00000000a0500000, 0x00000000a0500000| Untracked 
| 518|0x00000000a0600000, 0x00000000a0600000, 0x00000000a0700000|  0%| F|  |TAMS 0x00000000a0600000, 0x00000000a0600000| Untracked 
| 519|0x00000000a0700000, 0x00000000a0700000, 0x00000000a0800000|  0%| F|  |TAMS 0x00000000a0700000, 0x00000000a0700000| Untracked 
| 520|0x00000000a0800000, 0x00000000a0800000, 0x00000000a0900000|  0%| F|  |TAMS 0x00000000a0800000, 0x00000000a0800000| Untracked 
| 521|0x00000000a0900000, 0x00000000a0900000, 0x00000000a0a00000|  0%| F|  |TAMS 0x00000000a0900000, 0x00000000a0900000| Untracked 

Card table byte_map: [0x0000024779b50000,0x0000024779f50000] _byte_map_base: 0x0000024779750000

Marking Bits (Prev, Next): (CMBitMap*) 0x00000247710cd810, (CMBitMap*) 0x00000247710cd7d0
 Prev Bits: [0x000002477c350000, 0x000002477e350000)
 Next Bits: [0x000002477a350000, 0x000002477c350000)

Polling page: 0x000002476ef20000

Metaspace:

Usage:
  Non-class:     97.25 MB used.
      Class:     16.19 MB used.
       Both:    113.45 MB used.

Virtual space:
  Non-class space:      128.00 MB reserved,      97.75 MB ( 76%) committed,  2 nodes.
      Class space:        1.00 GB reserved,      16.69 MB (  2%) committed,  1 nodes.
             Both:        1.12 GB reserved,     114.44 MB ( 10%) committed. 

Chunk freelists:
   Non-Class:  14.20 MB
       Class:  15.36 MB
        Both:  29.56 MB

MaxMetaspaceSize: unlimited
CompressedClassSpaceSize: 1.00 GB
Initial GC threshold: 21.00 MB
Current GC threshold: 190.12 MB
CDS: on
MetaspaceReclaimPolicy: balanced
 - commit_granule_bytes: 65536.
 - commit_granule_words: 8192.
 - virtual_space_node_default_size: 8388608.
 - enlarge_chunks_in_place: 1.
 - new_chunks_are_fully_committed: 0.
 - uncommit_free_chunks: 1.
 - use_allocation_guard: 0.
 - handle_deallocations: 1.


Internal statistics:

num_allocs_failed_limit: 6.
num_arena_births: 1526.
num_arena_deaths: 48.
num_vsnodes_births: 3.
num_vsnodes_deaths: 0.
num_space_committed: 1830.
num_space_uncommitted: 0.
num_chunks_returned_to_freelist: 78.
num_chunks_taken_from_freelist: 6549.
num_chunk_merges: 30.
num_chunk_splits: 4339.
num_chunks_enlarged: 2962.
num_inconsistent_stats: 0.

CodeHeap 'non-profiled nmethods': size=120000Kb used=9014Kb max_used=9014Kb free=110985Kb
 bounds [0x0000024707ad0000, 0x00000247083a0000, 0x000002470f000000]
CodeHeap 'profiled nmethods': size=120000Kb used=26317Kb max_used=26862Kb free=93682Kb
 bounds [0x0000024700000000, 0x0000024701a50000, 0x0000024707530000]
CodeHeap 'non-nmethods': size=5760Kb used=1779Kb max_used=1849Kb free=3980Kb
 bounds [0x0000024707530000, 0x00000247077a0000, 0x0000024707ad0000]
 total_blobs=15138 nmethods=14258 adapters=791
 compilation: enabled
              stopped_count=0, restarted_count=0
 full_count=0

Compilation events (20 events):
Event: 11.402 Thread 0x000002477ee3d4e0 17357   !   3       com.android.ide.common.resources.MergedResourceWriter::addItem (179 bytes)
Event: 11.403 Thread 0x000002477ee3d4e0 nmethod 17357 0x0000024701477d90 code [0x0000024701478140, 0x000002470147a0f8]
Event: 11.403 Thread 0x000002477ee3d4e0 17358       3       com.android.ide.common.resources.ResourceMerger::filterAccept (36 bytes)
Event: 11.403 Thread 0x000002477ee3d4e0 nmethod 17358 0x000002470196b390 code [0x000002470196b560, 0x000002470196b8c8]
Event: 11.404 Thread 0x000002477ee3d4e0 17359       2       kotlin.collections.MapsKt__MapsKt::emptyMap (13 bytes)
Event: 11.404 Thread 0x000002477ee3d4e0 nmethod 17359 0x000002470146ee10 code [0x000002470146efa0, 0x000002470146f098]
Event: 11.407 Thread 0x000002475c35aa90 nmethod 17276 0x0000024708399a10 code [0x0000024708399c20, 0x000002470839b108]
Event: 11.407 Thread 0x000002475c35aa90 17351       4       com.android.tools.r8.graph.k6::a (145 bytes)
Event: 11.410 Thread 0x000002477ee3d4e0 17362   !   3       com.android.ide.common.resources.MergedResourceWriter::addItem (179 bytes)
Event: 11.411 Thread 0x000002475c35aa90 nmethod 17351 0x000002470839bb10 code [0x000002470839bca0, 0x000002470839c158]
Event: 11.411 Thread 0x000002475c35aa90 17348       4       com.android.tools.r8.graph.ac$$Lambda$3150/0x0000024712f57a80::compare (12 bytes)
Event: 11.411 Thread 0x000002477ee3d4e0 nmethod 17362 0x000002470179ac90 code [0x000002470179afa0, 0x000002470179c588]
Event: 11.415 Thread 0x000002475c35aa90 nmethod 17348 0x000002470839c390 code [0x000002470839c540, 0x000002470839ca38]
Event: 11.415 Thread 0x000002475c35aa90 17336       4       java.util.AbstractCollection::toArray (70 bytes)
Event: 11.416 Thread 0x000002475c35aa90 nmethod 17336 0x000002470839cc90 code [0x000002470839ce40, 0x000002470839d1b8]
Event: 11.417 Thread 0x000002475c35aa90 17368       4       com.google.common.collect.LinkedListMultimap$ValueForKeyIterator::<init> (140 bytes)
Event: 11.417 Thread 0x000002477ee3d4e0 17369       1       com.android.ide.common.resources.ResourceMergerItem::getLibraryName (5 bytes)
Event: 11.417 Thread 0x000002477ee3d4e0 nmethod 17369 0x000002470839d410 code [0x000002470839d5a0, 0x000002470839d678]
Event: 11.417 Thread 0x000002477ee3d4e0 17370       1       com.android.ide.common.resources.ResourceMergerItem::getNamespace (5 bytes)
Event: 11.417 Thread 0x000002477ee3d4e0 nmethod 17370 0x000002470839d710 code [0x000002470839d8a0, 0x000002470839d978]

GC Heap History (20 events):
Event: 8.508 GC heap after
{Heap after GC invocations=58 (full 0):
 garbage-first heap   total 235520K, used 134290K [0x0000000080000000, 0x0000000100000000)
  region size 1024K, 9 young (9216K), 9 survivors (9216K)
 Metaspace       used 94876K, committed 95744K, reserved 1179648K
  class space    used 13352K, committed 13760K, reserved 1048576K
}
Event: 8.517 GC heap before
{Heap before GC invocations=58 (full 0):
 garbage-first heap   total 235520K, used 142482K [0x0000000080000000, 0x0000000100000000)
  region size 1024K, 19 young (19456K), 9 survivors (9216K)
 Metaspace       used 94877K, committed 95744K, reserved 1179648K
  class space    used 13353K, committed 13760K, reserved 1048576K
}
Event: 8.523 GC heap after
{Heap after GC invocations=59 (full 0):
 garbage-first heap   total 235520K, used 138942K [0x0000000080000000, 0x0000000100000000)
  region size 1024K, 4 young (4096K), 4 survivors (4096K)
 Metaspace       used 94877K, committed 95744K, reserved 1179648K
  class space    used 13353K, committed 13760K, reserved 1048576K
}
Event: 8.571 GC heap before
{Heap before GC invocations=59 (full 0):
 garbage-first heap   total 235520K, used 186046K [0x0000000080000000, 0x0000000100000000)
  region size 1024K, 48 young (49152K), 4 survivors (4096K)
 Metaspace       used 94916K, committed 95744K, reserved 1179648K
  class space    used 13354K, committed 13760K, reserved 1048576K
}
Event: 8.580 GC heap after
{Heap after GC invocations=60 (full 0):
 garbage-first heap   total 534528K, used 152722K [0x0000000080000000, 0x0000000100000000)
  region size 1024K, 6 young (6144K), 6 survivors (6144K)
 Metaspace       used 94916K, committed 95744K, reserved 1179648K
  class space    used 13354K, committed 13760K, reserved 1048576K
}
Event: 9.644 GC heap before
{Heap before GC invocations=61 (full 0):
 garbage-first heap   total 534528K, used 392338K [0x0000000080000000, 0x0000000100000000)
  region size 1024K, 221 young (226304K), 6 survivors (6144K)
 Metaspace       used 108569K, committed 109504K, reserved 1179648K
  class space    used 15637K, committed 16064K, reserved 1048576K
}
Event: 9.654 GC heap after
{Heap after GC invocations=62 (full 0):
 garbage-first heap   total 534528K, used 182418K [0x0000000080000000, 0x0000000100000000)
  region size 1024K, 28 young (28672K), 28 survivors (28672K)
 Metaspace       used 108569K, committed 109504K, reserved 1179648K
  class space    used 15637K, committed 16064K, reserved 1048576K
}
Event: 9.656 GC heap before
{Heap before GC invocations=62 (full 0):
 garbage-first heap   total 534528K, used 182418K [0x0000000080000000, 0x0000000100000000)
  region size 1024K, 29 young (29696K), 28 survivors (28672K)
 Metaspace       used 108575K, committed 109504K, reserved 1179648K
  class space    used 15637K, committed 16064K, reserved 1048576K
}
Event: 9.663 GC heap after
{Heap after GC invocations=63 (full 0):
 garbage-first heap   total 534528K, used 183324K [0x0000000080000000, 0x0000000100000000)
  region size 1024K, 3 young (3072K), 3 survivors (3072K)
 Metaspace       used 108575K, committed 109504K, reserved 1179648K
  class space    used 15637K, committed 16064K, reserved 1048576K
}
Event: 9.681 GC heap before
{Heap before GC invocations=63 (full 0):
 garbage-first heap   total 534528K, used 391196K [0x0000000080000000, 0x0000000100000000)
  region size 1024K, 207 young (211968K), 3 survivors (3072K)
 Metaspace       used 108809K, committed 109760K, reserved 1179648K
  class space    used 15645K, committed 16128K, reserved 1048576K
}
Event: 9.683 GC heap after
{Heap after GC invocations=64 (full 0):
 garbage-first heap   total 534528K, used 183749K [0x0000000080000000, 0x0000000100000000)
  region size 1024K, 3 young (3072K), 3 survivors (3072K)
 Metaspace       used 108809K, committed 109760K, reserved 1179648K
  class space    used 15645K, committed 16128K, reserved 1048576K
}
Event: 10.529 GC heap before
{Heap before GC invocations=64 (full 0):
 garbage-first heap   total 534528K, used 449989K [0x0000000080000000, 0x0000000100000000)
  region size 1024K, 219 young (224256K), 3 survivors (3072K)
 Metaspace       used 114221K, committed 115200K, reserved 1179648K
  class space    used 16401K, committed 16832K, reserved 1048576K
}
Event: 10.535 GC heap after
{Heap after GC invocations=65 (full 0):
 garbage-first heap   total 534528K, used 222317K [0x0000000080000000, 0x0000000100000000)
  region size 1024K, 19 young (19456K), 19 survivors (19456K)
 Metaspace       used 114221K, committed 115200K, reserved 1179648K
  class space    used 16401K, committed 16832K, reserved 1048576K
}
Event: 10.829 GC heap before
{Heap before GC invocations=65 (full 0):
 garbage-first heap   total 534528K, used 429165K [0x0000000080000000, 0x0000000100000000)
  region size 1024K, 216 young (221184K), 19 survivors (19456K)
 Metaspace       used 115523K, committed 116544K, reserved 1179648K
  class space    used 16509K, committed 17024K, reserved 1048576K
}
Event: 10.852 GC heap after
{Heap after GC invocations=66 (full 0):
 garbage-first heap   total 534528K, used 275908K [0x0000000080000000, 0x0000000100000000)
  region size 1024K, 27 young (27648K), 27 survivors (27648K)
 Metaspace       used 115523K, committed 116544K, reserved 1179648K
  class space    used 16509K, committed 17024K, reserved 1048576K
}
Event: 11.080 GC heap before
{Heap before GC invocations=66 (full 0):
 garbage-first heap   total 534528K, used 352708K [0x0000000080000000, 0x0000000100000000)
  region size 1024K, 103 young (105472K), 27 survivors (27648K)
 Metaspace       used 115863K, committed 116800K, reserved 1179648K
  class space    used 16560K, committed 17024K, reserved 1048576K
}
Event: 11.092 GC heap after
{Heap after GC invocations=67 (full 0):
 garbage-first heap   total 534528K, used 290304K [0x0000000080000000, 0x0000000100000000)
  region size 1024K, 13 young (13312K), 13 survivors (13312K)
 Metaspace       used 115863K, committed 116800K, reserved 1179648K
  class space    used 16560K, committed 17024K, reserved 1048576K
}
Event: 11.365 GC heap before
{Heap before GC invocations=68 (full 0):
 garbage-first heap   total 534528K, used 383488K [0x0000000080000000, 0x0000000100000000)
  region size 1024K, 125 young (128000K), 13 survivors (13312K)
 Metaspace       used 116088K, committed 117120K, reserved 1179648K
  class space    used 16577K, committed 17088K, reserved 1048576K
}
Event: 11.373 GC heap after
{Heap after GC invocations=69 (full 0):
 garbage-first heap   total 534528K, used 280576K [0x0000000080000000, 0x0000000100000000)
  region size 1024K, 16 young (16384K), 16 survivors (16384K)
 Metaspace       used 116088K, committed 117120K, reserved 1179648K
  class space    used 16577K, committed 17088K, reserved 1048576K
}
Event: 11.420 GC heap before
{Heap before GC invocations=69 (full 0):
 garbage-first heap   total 534528K, used 290816K [0x0000000080000000, 0x0000000100000000)
  region size 1024K, 26 young (26624K), 16 survivors (16384K)
 Metaspace       used 116169K, committed 117184K, reserved 1179648K
  class space    used 16581K, committed 17088K, reserved 1048576K
}

Dll operation events (15 events):
Event: 0.070 Loaded shared library C:\Users\16696\.jdks\ms-17.0.19\bin\java.dll
Event: 0.081 Loaded shared library C:\Users\16696\.jdks\ms-17.0.19\bin\jsvml.dll
Event: 0.101 Loaded shared library C:\Users\16696\.jdks\ms-17.0.19\bin\zip.dll
Event: 0.104 Loaded shared library C:\Users\16696\.jdks\ms-17.0.19\bin\instrument.dll
Event: 0.106 Loaded shared library C:\Users\16696\.jdks\ms-17.0.19\bin\net.dll
Event: 0.109 Loaded shared library C:\Users\16696\.jdks\ms-17.0.19\bin\nio.dll
Event: 0.111 Loaded shared library C:\Users\16696\.jdks\ms-17.0.19\bin\zip.dll
Event: 0.192 Loaded shared library C:\Users\16696\.jdks\ms-17.0.19\bin\jimage.dll
Event: 0.300 Loaded shared library C:\Users\16696\.jdks\ms-17.0.19\bin\verify.dll
Event: 0.319 Loaded shared library C:\Users\16696\.gradle\native\660c5614fbf4a5f2a75b1949f50a0caf5cd603558e7d8a26e50b933a0cfb79d1\windows-amd64\native-platform.dll
Event: 0.325 Loaded shared library C:\Users\16696\.gradle\native\0.2.8\x86_64-windows-gnu\gradle-fileevents.dll
Event: 0.789 Loaded shared library C:\Users\16696\.jdks\ms-17.0.19\bin\management.dll
Event: 0.791 Loaded shared library C:\Users\16696\.jdks\ms-17.0.19\bin\management_ext.dll
Event: 0.946 Loaded shared library C:\Users\16696\.jdks\ms-17.0.19\bin\extnet.dll
Event: 1.068 Loaded shared library C:\Users\16696\.jdks\ms-17.0.19\bin\sunmscapi.dll

Deoptimization events (20 events):
Event: 11.312 Thread 0x000002475c032090 DEOPT PACKING pc=0x00000247018b3f4b sp=0x000000bf9c0f97a0
Event: 11.312 Thread 0x000002475c032090 DEOPT UNPACKING pc=0x0000024707587143 sp=0x000000bf9c0f8c50 mode 0
Event: 11.341 Thread 0x000002475c032090 Uncommon trap: trap_request=0xffffff45 fr.pc=0x0000024707b6acb4 relative=0x0000000000000874
Event: 11.341 Thread 0x000002475c032090 Uncommon trap: reason=unstable_if action=reinterpret pc=0x0000024707b6acb4 method=com.android.utils.PositionXmlParser$DomBuilder.findOpeningTag(Lcom/android/utils/PositionXmlParser$Position;)Lcom/android/utils/PositionXmlParser$Position; @ 81 c2
Event: 11.341 Thread 0x000002475c032090 DEOPT PACKING pc=0x0000024707b6acb4 sp=0x000000bf9c0f9510
Event: 11.341 Thread 0x000002475c032090 DEOPT UNPACKING pc=0x00000247075869a3 sp=0x000000bf9c0f9488 mode 2
Event: 11.341 Thread 0x000002475c032090 Uncommon trap: trap_request=0xffffff45 fr.pc=0x000002470818fbc8 relative=0x00000000000001e8
Event: 11.341 Thread 0x000002475c032090 Uncommon trap: reason=unstable_if action=reinterpret pc=0x000002470818fbc8 method=com.sun.org.apache.xerces.internal.impl.XMLEntityScanner.skipSpaces()Z @ 128 c2
Event: 11.341 Thread 0x000002475c032090 DEOPT PACKING pc=0x000002470818fbc8 sp=0x000000bf9c0f9880
Event: 11.341 Thread 0x000002475c032090 DEOPT UNPACKING pc=0x00000247075869a3 sp=0x000000bf9c0f9818 mode 2
Event: 11.353 Thread 0x000002475c039500 DEOPT PACKING pc=0x00000247014ee4ff sp=0x000000bf9cdfd100
Event: 11.353 Thread 0x000002475c039500 DEOPT UNPACKING pc=0x0000024707587143 sp=0x000000bf9cdfc5e8 mode 0
Event: 11.395 Thread 0x0000024756732050 Uncommon trap: trap_request=0xffffff45 fr.pc=0x00000247080192e4 relative=0x00000000000002a4
Event: 11.395 Thread 0x0000024756732050 Uncommon trap: reason=unstable_if action=reinterpret pc=0x00000247080192e4 method=com.android.tools.r8.graph.k6.a(Lcom/android/tools/r8/graph/k6;)I @ 60 c2
Event: 11.395 Thread 0x0000024756732050 DEOPT PACKING pc=0x00000247080192e4 sp=0x000000bf9dcfea20
Event: 11.395 Thread 0x0000024756732050 DEOPT UNPACKING pc=0x00000247075869a3 sp=0x000000bf9dcfe928 mode 2
Event: 11.395 Thread 0x0000024756732050 Uncommon trap: trap_request=0xffffff45 fr.pc=0x0000024707dec348 relative=0x00000000000002a8
Event: 11.395 Thread 0x0000024756732050 Uncommon trap: reason=unstable_if action=reinterpret pc=0x0000024707dec348 method=com.android.tools.r8.graph.k6.a(Lcom/android/tools/r8/graph/k6;)I @ 60 c2
Event: 11.395 Thread 0x0000024756732050 DEOPT PACKING pc=0x0000024707dec348 sp=0x000000bf9dcfe980
Event: 11.395 Thread 0x0000024756732050 DEOPT UNPACKING pc=0x00000247075869a3 sp=0x000000bf9dcfe918 mode 2

Classes loaded (20 events):
Event: 10.663 Loading class java/util/AbstractList$RandomAccessSubList
Event: 10.663 Loading class java/util/AbstractList$SubList
Event: 10.663 Loading class java/util/AbstractList$SubList done
Event: 10.663 Loading class java/util/AbstractList$RandomAccessSubList done
Event: 10.663 Loading class java/util/AbstractList$SubList$1
Event: 10.663 Loading class java/util/AbstractList$SubList$1 done
Event: 10.764 Loading class com/sun/org/apache/xerces/internal/dom/AttrNSImpl
Event: 10.764 Loading class com/sun/org/apache/xerces/internal/dom/AttrNSImpl done
Event: 11.051 Loading class java/util/concurrent/LinkedBlockingDeque$Itr
Event: 11.051 Loading class java/util/concurrent/LinkedBlockingDeque$AbstractItr
Event: 11.052 Loading class java/util/concurrent/LinkedBlockingDeque$AbstractItr done
Event: 11.052 Loading class java/util/concurrent/LinkedBlockingDeque$Itr done
Event: 11.345 Loading class java/io/FileReader
Event: 11.345 Loading class java/io/FileReader done
Event: 11.347 Loading class java/io/FileWriter
Event: 11.347 Loading class java/io/FileWriter done
Event: 11.351 Loading class java/util/concurrent/ConcurrentLinkedDeque
Event: 11.351 Loading class java/util/concurrent/ConcurrentLinkedDeque done
Event: 11.351 Loading class java/util/concurrent/ConcurrentLinkedDeque$Node
Event: 11.351 Loading class java/util/concurrent/ConcurrentLinkedDeque$Node done

Classes unloaded (20 events):
Event: 8.591 Thread 0x000002477ee0e380 Unloading class 0x0000024712d6d400 'java/lang/invoke/LambdaForm$DMH+0x0000024712d6d400'
Event: 8.591 Thread 0x000002477ee0e380 Unloading class 0x0000024712d6d000 'java/lang/invoke/LambdaForm$DMH+0x0000024712d6d000'
Event: 8.591 Thread 0x000002477ee0e380 Unloading class 0x0000024712d6cc00 'java/lang/invoke/LambdaForm$DMH+0x0000024712d6cc00'
Event: 8.591 Thread 0x000002477ee0e380 Unloading class 0x0000024712d6c800 'java/lang/invoke/LambdaForm$DMH+0x0000024712d6c800'
Event: 8.591 Thread 0x000002477ee0e380 Unloading class 0x0000024712d6c400 'java/lang/invoke/LambdaForm$DMH+0x0000024712d6c400'
Event: 11.156 Thread 0x000002477ee0e380 Unloading class 0x0000024712f96400 'java/lang/invoke/LambdaForm$DMH+0x0000024712f96400'
Event: 11.156 Thread 0x000002477ee0e380 Unloading class 0x0000024712f95c00 'java/lang/invoke/LambdaForm$DMH+0x0000024712f95c00'
Event: 11.156 Thread 0x000002477ee0e380 Unloading class 0x0000024712f96000 'java/lang/invoke/LambdaForm$DMH+0x0000024712f96000'
Event: 11.156 Thread 0x000002477ee0e380 Unloading class 0x0000024712f95400 'java/lang/invoke/LambdaForm$DMH+0x0000024712f95400'
Event: 11.156 Thread 0x000002477ee0e380 Unloading class 0x0000024712f95800 'java/lang/invoke/LambdaForm$DMH+0x0000024712f95800'
Event: 11.156 Thread 0x000002477ee0e380 Unloading class 0x0000024712f95000 'java/lang/invoke/LambdaForm$DMH+0x0000024712f95000'
Event: 11.156 Thread 0x000002477ee0e380 Unloading class 0x0000024712f94c00 'java/lang/invoke/LambdaForm$DMH+0x0000024712f94c00'
Event: 11.156 Thread 0x000002477ee0e380 Unloading class 0x0000024712f94800 'java/lang/invoke/LambdaForm$DMH+0x0000024712f94800'
Event: 11.156 Thread 0x000002477ee0e380 Unloading class 0x0000024712f94400 'java/lang/invoke/LambdaForm$DMH+0x0000024712f94400'
Event: 11.156 Thread 0x000002477ee0e380 Unloading class 0x0000024712eac400 'java/lang/invoke/LambdaForm$DMH+0x0000024712eac400'
Event: 11.156 Thread 0x000002477ee0e380 Unloading class 0x0000024712e89c00 'java/lang/invoke/LambdaForm$DMH+0x0000024712e89c00'
Event: 11.156 Thread 0x000002477ee0e380 Unloading class 0x0000024712e89400 'java/lang/invoke/LambdaForm$MH+0x0000024712e89400'
Event: 11.156 Thread 0x000002477ee0e380 Unloading class 0x0000024712e88c00 'java/lang/invoke/LambdaForm$DMH+0x0000024712e88c00'
Event: 11.156 Thread 0x000002477ee0e380 Unloading class 0x0000024712e88400 'java/lang/invoke/LambdaForm$DMH+0x0000024712e88400'
Event: 11.156 Thread 0x000002477ee0e380 Unloading class 0x0000024712e70400 'java/lang/invoke/LambdaForm$DMH+0x0000024712e70400'

Classes redefined (0 events):
No events

Internal exceptions (20 events):
Event: 10.144 Thread 0x000002475c032fc0 Exception <a 'sun/nio/fs/WindowsException'{0x000000009b2ca6e0}> (0x000000009b2ca6e0) 
thrown [s\src\hotspot\share\prims\jni.cpp, line 516]
Event: 10.145 Thread 0x000002475c034400 Implicit null exception at 0x0000024707cd41ba to 0x0000024707cd43d4
Event: 10.146 Thread 0x000002475c034400 Exception <a 'java/lang/NoSuchMethodError'{0x000000009b2c3e88}: 'int java.lang.invoke.DirectMethodHandle$Holder.invokeSpecial(java.lang.Object, java.lang.Object, java.lang.Object, int)'> (0x000000009b2c3e88) 
thrown [s\src\hotspot\share\interpreter\linkResolver.cpp, line 759]
Event: 10.146 Thread 0x000002475c034400 Exception <a 'java/lang/NoSuchMethodError'{0x000000009b10cd88}: 'java.lang.Object java.lang.invoke.DirectMethodHandle$Holder.invokeStatic(java.lang.Object, java.lang.Object, java.lang.Object, java.lang.Object, int)'> (0x000000009b10cd88) 
thrown [s\src\hotspot\share\interpreter\linkResolver.cpp, line 759]
Event: 10.149 Thread 0x000002475c032fc0 Exception <a 'sun/nio/fs/WindowsException'{0x000000009b2f8908}> (0x000000009b2f8908) 
thrown [s\src\hotspot\share\prims\jni.cpp, line 516]
Event: 10.150 Thread 0x000002475c032fc0 Exception <a 'java/lang/NoSuchMethodError'{0x000000009b1b2228}: static Lcom/android/build/gradle/internal/dsl/CompileSdkVersionImpl;.<clinit>()V> (0x000000009b1b2228) 
thrown [s\src\hotspot\share\prims\jni.cpp, line 1112]
Event: 10.194 Thread 0x000002475c032fc0 Exception <a 'java/lang/NoSuchMethodError'{0x000000009a2fa948}: static Lcom/android/build/gradle/internal/tasks/AarMetadataArtifact;.<clinit>()V> (0x000000009a2fa948) 
thrown [s\src\hotspot\share\prims\jni.cpp, line 1112]
Event: 10.197 Thread 0x000002475c0334d0 Exception <a 'sun/nio/fs/WindowsException'{0x000000009d486a78}> (0x000000009d486a78) 
thrown [s\src\hotspot\share\prims\jni.cpp, line 516]
Event: 10.200 Thread 0x000002475c0334d0 Exception <a 'sun/nio/fs/WindowsException'{0x000000009d4a27f8}> (0x000000009d4a27f8) 
thrown [s\src\hotspot\share\prims\jni.cpp, line 516]
Event: 10.200 Thread 0x000002475c0334d0 Exception <a 'sun/nio/fs/WindowsException'{0x000000009d4a36a8}> (0x000000009d4a36a8) 
thrown [s\src\hotspot\share\prims\jni.cpp, line 516]
Event: 10.200 Thread 0x000002475c0334d0 Exception <a 'sun/nio/fs/WindowsException'{0x000000009d4a3820}> (0x000000009d4a3820) 
thrown [s\src\hotspot\share\prims\jni.cpp, line 516]
Event: 10.213 Thread 0x000002475c0334d0 Exception <a 'sun/nio/fs/WindowsException'{0x0000000099d9d760}> (0x0000000099d9d760) 
thrown [s\src\hotspot\share\prims\jni.cpp, line 516]
Event: 10.374 Thread 0x000002475c032fc0 Exception <a 'sun/nio/fs/WindowsException'{0x000000009a1faef8}> (0x000000009a1faef8) 
thrown [s\src\hotspot\share\prims\jni.cpp, line 516]
Event: 10.378 Thread 0x000002475c0325a0 Exception <a 'sun/nio/fs/WindowsException'{0x000000009d37ea18}> (0x000000009d37ea18) 
thrown [s\src\hotspot\share\prims\jni.cpp, line 516]
Event: 10.390 Thread 0x000002475c032090 Exception <a 'sun/nio/fs/WindowsException'{0x000000009d415628}> (0x000000009d415628) 
thrown [s\src\hotspot\share\prims\jni.cpp, line 516]
Event: 10.390 Thread 0x000002475c032090 Exception <a 'sun/nio/fs/WindowsException'{0x000000009d417ab0}> (0x000000009d417ab0) 
thrown [s\src\hotspot\share\prims\jni.cpp, line 516]
Event: 10.390 Thread 0x000002475c032090 Exception <a 'sun/nio/fs/WindowsException'{0x000000009d419d68}> (0x000000009d419d68) 
thrown [s\src\hotspot\share\prims\jni.cpp, line 516]
Event: 10.390 Thread 0x000002475c032090 Exception <a 'sun/nio/fs/WindowsException'{0x000000009d41c098}> (0x000000009d41c098) 
thrown [s\src\hotspot\share\prims\jni.cpp, line 516]
Event: 10.390 Thread 0x000002475c032090 Exception <a 'sun/nio/fs/WindowsException'{0x000000009d41e6d0}> (0x000000009d41e6d0) 
thrown [s\src\hotspot\share\prims\jni.cpp, line 516]
Event: 10.663 Thread 0x000002475672f7d0 Exception <a 'java/lang/NoSuchMethodError'{0x000000009b7033a0}: 'long java.lang.invoke.DirectMethodHandle$Holder.invokeStatic(java.lang.Object, java.lang.Object, java.lang.Object)'> (0x000000009b7033a0) 
thrown [s\src\hotspot\share\interpreter\linkResolver.cpp, line 759]

VM Operations (20 events):
Event: 10.852 Executing VM operation: G1CollectForAllocation done
Event: 10.946 Executing VM operation: ICBufferFull
Event: 10.947 Executing VM operation: ICBufferFull done
Event: 11.080 Executing VM operation: G1TryInitiateConcMark
Event: 11.092 Executing VM operation: G1TryInitiateConcMark done
Event: 11.156 Executing VM operation: G1PauseRemark
Event: 11.167 Executing VM operation: G1PauseRemark done
Event: 11.207 Executing VM operation: G1PauseCleanup
Event: 11.208 Executing VM operation: G1PauseCleanup done
Event: 11.347 Executing VM operation: HandshakeAllThreads
Event: 11.347 Executing VM operation: HandshakeAllThreads done
Event: 11.348 Executing VM operation: HandshakeAllThreads
Event: 11.349 Executing VM operation: HandshakeAllThreads done
Event: 11.362 Executing VM operation: HandshakeAllThreads
Event: 11.362 Executing VM operation: HandshakeAllThreads done
Event: 11.365 Executing VM operation: G1CollectForAllocation
Event: 11.373 Executing VM operation: G1CollectForAllocation done
Event: 11.410 Executing VM operation: HandshakeAllThreads
Event: 11.410 Executing VM operation: HandshakeAllThreads done
Event: 11.420 Executing VM operation: G1CollectForAllocation

Memory protections (0 events):
No events

Nmethod flushes (20 events):
Event: 10.821 Thread 0x000002477ee3ddf0 flushing  nmethod 0x000002470198a610
Event: 10.821 Thread 0x000002477ee3ddf0 flushing  nmethod 0x000002470198a990
Event: 10.821 Thread 0x000002477ee3ddf0 flushing  nmethod 0x000002470198b490
Event: 10.821 Thread 0x000002477ee3ddf0 flushing  nmethod 0x000002470198ea10
Event: 10.821 Thread 0x000002477ee3ddf0 flushing  nmethod 0x000002470198ee10
Event: 10.821 Thread 0x000002477ee3ddf0 flushing  nmethod 0x000002470198f910
Event: 10.821 Thread 0x000002477ee3ddf0 flushing  nmethod 0x000002470198fd10
Event: 10.821 Thread 0x000002477ee3ddf0 flushing  nmethod 0x0000024701991090
Event: 10.821 Thread 0x000002477ee3ddf0 flushing  nmethod 0x0000024701992510
Event: 10.821 Thread 0x000002477ee3ddf0 flushing  nmethod 0x0000024701995410
Event: 10.821 Thread 0x000002477ee3ddf0 flushing  nmethod 0x0000024701995810
Event: 10.821 Thread 0x000002477ee3ddf0 flushing  nmethod 0x0000024701995b90
Event: 10.821 Thread 0x000002477ee3ddf0 flushing  nmethod 0x0000024701995f90
Event: 10.821 Thread 0x000002477ee3ddf0 flushing  nmethod 0x0000024701996810
Event: 10.821 Thread 0x000002477ee3ddf0 flushing  nmethod 0x0000024701996d10
Event: 10.821 Thread 0x000002477ee3ddf0 flushing  nmethod 0x000002470199fb90
Event: 10.821 Thread 0x000002477ee3ddf0 flushing  nmethod 0x00000247019a1210
Event: 10.821 Thread 0x000002477ee3ddf0 flushing  nmethod 0x00000247019a1610
Event: 10.821 Thread 0x000002477ee3ddf0 flushing  nmethod 0x00000247019ced90
Event: 10.821 Thread 0x000002477ee3ddf0 flushing  nmethod 0x00000247019e1d90

Events (20 events):
Event: 10.069 Thread 0x0000024758e0e9e0 Thread added: 0x000002475c037190
Event: 10.141 Thread 0x000002475c0339e0 Thread added: 0x000002475c034400
Event: 10.195 Thread 0x000002475c032fc0 Thread added: 0x000002475c035330
Event: 10.372 Thread 0x000002475c0334d0 Thread added: 0x000002475c0380c0
Event: 10.376 Thread 0x000002475c032fc0 Thread added: 0x000002475c034910
Event: 10.383 Thread 0x000002475c0325a0 Thread added: 0x000002475c038ff0
Event: 10.384 Thread 0x000002475c035330 Thread added: 0x000002475c039500
Event: 10.385 Thread 0x000002475c035330 Thread added: 0x000002475c036260
Event: 10.386 Thread 0x000002475c035330 Thread added: 0x000002475c036770
Event: 10.387 Thread 0x000002475c035330 Thread added: 0x000002475672f2c0
Event: 10.662 Thread 0x000002475c039500 Thread added: 0x0000024756731630
Event: 10.662 Thread 0x0000024756731630 Thread added: 0x000002475672f7d0
Event: 10.662 Thread 0x000002475672f7d0 Thread added: 0x000002475672fce0
Event: 10.663 Thread 0x000002475672fce0 Thread added: 0x0000024756730700
Event: 10.663 Thread 0x0000024756730700 Thread added: 0x0000024756732050
Event: 10.664 Thread 0x0000024756732050 Thread added: 0x000002475672e8a0
Event: 10.664 Thread 0x000002475672e8a0 Thread added: 0x0000024756732560
Event: 10.664 Thread 0x0000024756732560 Thread added: 0x000002475672edb0
Event: 10.665 Thread 0x000002475672edb0 Thread added: 0x0000024756732a70
Event: 10.665 Thread 0x0000024756732a70 Thread added: 0x0000024756731120


Dynamic libraries:
0x00007ff6e3ea0000 - 0x00007ff6e3eae000 	C:\Users\16696\.jdks\ms-17.0.19\bin\java.exe
0x00007ffa8e760000 - 0x00007ffa8e9c6000 	C:\Windows\SYSTEM32\ntdll.dll
0x00007ffa8cdd0000 - 0x00007ffa8ce99000 	C:\Windows\System32\KERNEL32.DLL
0x00007ffa8ba80000 - 0x00007ffa8be7a000 	C:\Windows\System32\KERNELBASE.dll
0x00007ffa68ed0000 - 0x00007ffa68f7f000 	d:\Trea\Trae CN\resources\app\modules\sandbox\x64\sbox_core.dll
0x00007ffa8c090000 - 0x00007ffa8c1dc000 	C:\Windows\System32\ucrtbase.dll
0x00007ffa7cc50000 - 0x00007ffa7cc68000 	C:\Users\16696\.jdks\ms-17.0.19\bin\jli.dll
0x00007ffa7cb40000 - 0x00007ffa7cb5e000 	C:\Users\16696\.jdks\ms-17.0.19\bin\VCRUNTIME140.dll
0x00007ffa8cff0000 - 0x00007ffa8d1b7000 	C:\Windows\System32\USER32.dll
0x00007ffa8be80000 - 0x00007ffa8bea7000 	C:\Windows\System32\win32u.dll
0x00007ffa6f9b0000 - 0x00007ffa6fc42000 	C:\Windows\WinSxS\amd64_microsoft.windows.common-controls_6595b64144ccf1df_6.0.26100.8521_none_3e08b75ce33403b3\COMCTL32.dll
0x00007ffa8cd20000 - 0x00007ffa8cd4b000 	C:\Windows\System32\GDI32.dll
0x00007ffa8ca70000 - 0x00007ffa8cb19000 	C:\Windows\System32\msvcrt.dll
0x00007ffa8beb0000 - 0x00007ffa8bfdb000 	C:\Windows\System32\gdi32full.dll
0x00007ffa8bfe0000 - 0x00007ffa8c083000 	C:\Windows\System32\msvcp_win.dll
0x00007ffa6d100000 - 0x00007ffa6d190000 	d:\Trea\Trae CN\resources\app\modules\sandbox\x64\sbox_ipc.dll
0x00007ffa8cb20000 - 0x00007ffa8cb52000 	C:\Windows\System32\IMM32.DLL
0x00007ffa88de0000 - 0x00007ffa89022000 	C:\Windows\SYSTEM32\dbghelp.dll
0x00007ffa8de90000 - 0x00007ffa8e213000 	C:\Windows\System32\combase.dll
0x00007ffa8dbc0000 - 0x00007ffa8dcd8000 	C:\Windows\System32\RPCRT4.dll
0x00007ffa8da50000 - 0x00007ffa8db29000 	C:\Windows\System32\OLEAUT32.dll
0x00007ffa68e40000 - 0x00007ffa68e7b000 	C:\Windows\SYSTEM32\dbgcore.DLL
0x00007ffa7d240000 - 0x00007ffa7d24c000 	C:\Users\16696\.jdks\ms-17.0.19\bin\vcruntime140_1.dll
0x00007ffa68f80000 - 0x00007ffa69009000 	C:\Users\16696\.jdks\ms-17.0.19\bin\msvcp140.dll
0x00007ffa19700000 - 0x00007ffa1a37b000 	C:\Users\16696\.jdks\ms-17.0.19\bin\server\jvm.dll
0x00007ffa8e5d0000 - 0x00007ffa8e686000 	C:\Windows\System32\ADVAPI32.dll
0x00007ffa8c9c0000 - 0x00007ffa8ca6a000 	C:\Windows\System32\sechost.dll
0x00007ffa8e690000 - 0x00007ffa8e710000 	C:\Windows\System32\WS2_32.dll
0x00007ffa8b850000 - 0x00007ffa8b8ae000 	C:\Windows\SYSTEM32\POWRPROF.dll
0x00007ffa84500000 - 0x00007ffa84536000 	C:\Windows\SYSTEM32\WINMM.dll
0x00007ffa839c0000 - 0x00007ffa839cb000 	C:\Windows\SYSTEM32\VERSION.dll
0x00007ffa8b830000 - 0x00007ffa8b844000 	C:\Windows\SYSTEM32\UMPDC.dll
0x00007ffa8a750000 - 0x00007ffa8a76b000 	C:\Windows\SYSTEM32\kernel.appcore.dll
0x00007ffa7ced0000 - 0x00007ffa7ceda000 	C:\Users\16696\.jdks\ms-17.0.19\bin\jimage.dll
0x00007ffa8c1e0000 - 0x00007ffa8c288000 	C:\Windows\System32\bcryptPrimitives.dll
0x00007ffa8a1b0000 - 0x00007ffa8a2fa000 	C:\Windows\SYSTEM32\dnsapi.dll
0x00007ffa8aac0000 - 0x00007ffa8aacd000 	C:\Windows\SYSTEM32\DSPARSE.dll
0x00007ffa8a120000 - 0x00007ffa8a153000 	C:\Windows\SYSTEM32\IPHLPAPI.DLL
0x00007ffa8dce0000 - 0x00007ffa8dcea000 	C:\Windows\System32\NSI.dll
0x00007ffa7cb30000 - 0x00007ffa7cb3f000 	C:\Users\16696\.jdks\ms-17.0.19\bin\instrument.dll
0x00007ffa7cb00000 - 0x00007ffa7cb26000 	C:\Users\16696\.jdks\ms-17.0.19\bin\java.dll
0x00007ffa8d1c0000 - 0x00007ffa8d944000 	C:\Windows\System32\Shell32.dll
0x00007ffa89590000 - 0x00007ffa89e10000 	C:\Windows\SYSTEM32\windows.storage.dll
0x00007ffa8cc20000 - 0x00007ffa8cd16000 	C:\Windows\System32\shcore.dll
0x00007ffa87d40000 - 0x00007ffa87dea000 	C:\Windows\system32\uxtheme.dll
0x00007ffa8e400000 - 0x00007ffa8e467000 	C:\Windows\System32\shlwapi.dll
0x00007ffa8cf30000 - 0x00007ffa8cfde000 	C:\Windows\System32\clbcatq.dll
0x00007ffa70d30000 - 0x00007ffa71387000 	C:\Windows\System32\OneCoreUAPCommonProxyStub.dll
0x00007ffa8dcf0000 - 0x00007ffa8de88000 	C:\Windows\System32\ole32.dll
0x00007ffa8b570000 - 0x00007ffa8b5c1000 	C:\Windows\SYSTEM32\CFGMGR32.dll
0x00007ffa6f370000 - 0x00007ffa6f54d000 	C:\Windows\System32\urlmon.dll
0x00007ffa71eb0000 - 0x00007ffa72175000 	C:\Windows\System32\iertutil.dll
0x00007ffa774b0000 - 0x00007ffa774d9000 	C:\Windows\System32\srvcli.dll
0x00007ffa8a110000 - 0x00007ffa8a11d000 	C:\Windows\System32\netutils.dll
0x00007ffa8a9f0000 - 0x00007ffa8aa39000 	C:\Windows\System32\SspiCli.dll
0x00007ffa85980000 - 0x00007ffa85a86000 	C:\Windows\System32\PROPSYS.dll
0x00007ffa839a0000 - 0x00007ffa839b7000 	C:\Windows\SYSTEM32\virtdisk.dll
0x00007ffa694a0000 - 0x00007ffa69618000 	C:\Windows\System32\Windows.System.Launcher.dll
0x00007ffa70d10000 - 0x00007ffa70d2d000 	C:\Windows\SYSTEM32\windows.staterepositorycore.dll
0x00007ffa85170000 - 0x00007ffa852da000 	C:\Windows\System32\wintypes.dll
0x00007ffa69b70000 - 0x00007ffa69c34000 	C:\Windows\System32\Windows.StateRepositoryPS.dll
0x00007ffa8a870000 - 0x00007ffa8a8a6000 	C:\Windows\SYSTEM32\ntmarta.dll
0x00007ffa68a50000 - 0x00007ffa68b10000 	C:\Windows\System32\Windows.FileExplorer.Common.dll
0x00007ffa70a90000 - 0x00007ffa70ad7000 	C:\Windows\SYSTEM32\windows.staterepositoryclient.dll
0x00007ffa64750000 - 0x00007ffa64780000 	C:\Windows\System32\cldapi.dll
0x00007ffa8b8e0000 - 0x00007ffa8b90a000 	C:\Windows\SYSTEM32\bcrypt.dll
0x00007ffa8b910000 - 0x00007ffa8b939000 	C:\Windows\SYSTEM32\profapi.dll
0x00007ffa63dd0000 - 0x00007ffa63ea6000 	C:\Users\16696\.jdks\ms-17.0.19\bin\jsvml.dll
0x00007ffa7cae0000 - 0x00007ffa7caf8000 	C:\Users\16696\.jdks\ms-17.0.19\bin\zip.dll
0x00007ffa7c760000 - 0x00007ffa7c77b000 	C:\Users\16696\.jdks\ms-17.0.19\bin\net.dll
0x00007ffa843b0000 - 0x00007ffa844d9000 	C:\Windows\SYSTEM32\WINHTTP.dll
0x00007ffa8acd0000 - 0x00007ffa8ad3c000 	C:\Windows\system32\mswsock.dll
0x00007ffa7c740000 - 0x00007ffa7c756000 	C:\Users\16696\.jdks\ms-17.0.19\bin\nio.dll
0x00007ffa7b470000 - 0x00007ffa7b480000 	C:\Users\16696\.jdks\ms-17.0.19\bin\verify.dll
0x00007ff9f88f0000 - 0x00007ff9f8917000 	C:\Users\16696\.gradle\native\660c5614fbf4a5f2a75b1949f50a0caf5cd603558e7d8a26e50b933a0cfb79d1\windows-amd64\native-platform.dll
0x00007ffa6d2e0000 - 0x00007ffa6d357000 	C:\Users\16696\.gradle\native\0.2.8\x86_64-windows-gnu\gradle-fileevents.dll
0x00007ffa78360000 - 0x00007ffa7836a000 	C:\Users\16696\.jdks\ms-17.0.19\bin\management.dll
0x00007ffa78350000 - 0x00007ffa7835c000 	C:\Users\16696\.jdks\ms-17.0.19\bin\management_ext.dll
0x00007ffa8cbc0000 - 0x00007ffa8cbc8000 	C:\Windows\System32\PSAPI.DLL
0x00007ffa84130000 - 0x00007ffa8414d000 	C:\Windows\SYSTEM32\dhcpcsvc6.DLL
0x00007ffa84100000 - 0x00007ffa84125000 	C:\Windows\SYSTEM32\dhcpcsvc.DLL
0x00007ffa77420000 - 0x00007ffa77429000 	C:\Users\16696\.jdks\ms-17.0.19\bin\extnet.dll
0x00007ffa8afe0000 - 0x00007ffa8affb000 	C:\Windows\SYSTEM32\CRYPTSP.dll
0x00007ffa8a6b0000 - 0x00007ffa8a6e9000 	C:\Windows\system32\rsaenh.dll
0x00007ffa8ad80000 - 0x00007ffa8adb3000 	C:\Windows\SYSTEM32\USERENV.dll
0x00007ffa8afd0000 - 0x00007ffa8afdc000 	C:\Windows\SYSTEM32\CRYPTBASE.dll
0x00007ffa71790000 - 0x00007ffa7179e000 	C:\Users\16696\.jdks\ms-17.0.19\bin\sunmscapi.dll
0x00007ffa8c350000 - 0x00007ffa8c4c8000 	C:\Windows\System32\CRYPT32.dll
0x00007ffa8b1f0000 - 0x00007ffa8b220000 	C:\Windows\SYSTEM32\ncrypt.dll
0x00007ffa8b1a0000 - 0x00007ffa8b1df000 	C:\Windows\SYSTEM32\NTASN1.dll
0x00007ffa7c1a0000 - 0x00007ffa7c1a8000 	C:\Windows\system32\wshunix.dll
0x00007ffa8cd50000 - 0x00007ffa8cdcc000 	C:\Windows\System32\coml2.dll
0x00007ffa87920000 - 0x00007ffa879c0000 	C:\Windows\SYSTEM32\apphelp.dll
0x00007ffa45600000 - 0x00007ffa456a8000 	C:\Windows\system32\ntshrui.dll
0x00007ffa866c0000 - 0x00007ffa866df000 	C:\Program Files\TortoiseGit\bin\TortoiseGitStub.dll
0x00007ff9bb690000 - 0x00007ff9bbae0000 	C:\Program Files\TortoiseGit\bin\TortoiseGit.dll
0x00007ff9bb4d0000 - 0x00007ff9bb684000 	C:\Program Files\TortoiseGit\bin\libgit2_tgit.dll
0x00007ff9b3c90000 - 0x00007ff9b3e6b000 	C:\Program Files\TortoiseGit\bin\gitdll.dll
0x00007ff9f80f0000 - 0x00007ff9f8108000 	C:\Program Files\TortoiseGit\bin\zlib1_tgit.dll
0x00007ffa6fed0000 - 0x00007ffa6fee3000 	C:\Windows\SYSTEM32\cscapi.dll
0x00007ffa446f0000 - 0x00007ffa446ff000 	C:\Windows\SYSTEM32\LINKINFO.dll
0x00007ffa4adb0000 - 0x00007ffa4adcb000 	C:\Windows\system32\NetworkExplorer.dll
0x00007ffa699d0000 - 0x00007ffa699f1000 	C:\Windows\SYSTEM32\MPR.dll
0x00007ffa63cd0000 - 0x00007ffa63cf2000 	C:\Windows\System32\p9np.dll
0x00007ffa63cc0000 - 0x00007ffa63ccd000 	C:\Windows\System32\drprov.dll
0x00007ffa63c90000 - 0x00007ffa63cb4000 	C:\Windows\System32\ntlanman.dll
0x00007ffa63b60000 - 0x00007ffa63b81000 	C:\Windows\System32\davclnt.dll
0x00007ffa687b0000 - 0x00007ffa688f2000 	C:\Windows\system32\Windows.Storage.Search.dll
0x00007ffa6f8e0000 - 0x00007ffa6f9a5000 	C:\Windows\System32\StructuredQuery.dll
0x00007ffa78ea0000 - 0x00007ffa79140000 	C:\Windows\System32\icu.dll
0x00007ffa64600000 - 0x00007ffa64629000 	C:\Windows\SYSTEM32\edputil.dll

dbghelp: loaded successfully - version: 4.0.5 - missing functions: none
symbol engine: initialized successfully - sym options: 0x614 - pdb path: .;C:\Users\16696\.jdks\ms-17.0.19\bin;C:\Windows\SYSTEM32;d:\Trea\Trae CN\resources\app\modules\sandbox\x64;C:\Windows\WinSxS\amd64_microsoft.windows.common-controls_6595b64144ccf1df_6.0.26100.8521_none_3e08b75ce33403b3;C:\Users\16696\.jdks\ms-17.0.19\bin\server;C:\Users\16696\.gradle\native\660c5614fbf4a5f2a75b1949f50a0caf5cd603558e7d8a26e50b933a0cfb79d1\windows-amd64;C:\Users\16696\.gradle\native\0.2.8\x86_64-windows-gnu;C:\Program Files\TortoiseGit\bin

VM Arguments:
jvm_args: --add-opens=java.base/java.lang=ALL-UNNAMED --add-opens=java.base/java.lang.invoke=ALL-UNNAMED --add-opens=java.base/java.util=ALL-UNNAMED --add-opens=java.prefs/java.util.prefs=ALL-UNNAMED --add-exports=jdk.compiler/com.sun.tools.javac.api=ALL-UNNAMED --add-exports=jdk.compiler/com.sun.tools.javac.util=ALL-UNNAMED --add-opens=java.base/java.util=ALL-UNNAMED --add-opens=java.prefs/java.util.prefs=ALL-UNNAMED --add-opens=java.base/java.nio.charset=ALL-UNNAMED --add-opens=java.base/java.net=ALL-UNNAMED --add-opens=java.base/java.util.concurrent=ALL-UNNAMED --add-opens=java.base/java.util.concurrent.atomic=ALL-UNNAMED --add-opens=java.xml/javax.xml.namespace=ALL-UNNAMED --add-opens=java.base/java.time=ALL-UNNAMED -Xmx2048m -Dfile.encoding=UTF-8 -Duser.country=CN -Duser.language=zh -Duser.variant -javaagent:C:\Users\16696\.gradle\wrapper\dists\gradle-9.4.1-bin\arn2x92ynaizyzdaamcbpbhtj\gradle-9.4.1\lib\agents\gradle-instrumentation-agent-9.4.1.jar 
java_command: org.gradle.launcher.daemon.bootstrap.GradleDaemon 9.4.1
java_class_path (initial): C:\Users\16696\.gradle\wrapper\dists\gradle-9.4.1-bin\arn2x92ynaizyzdaamcbpbhtj\gradle-9.4.1\lib\gradle-daemon-main-9.4.1.jar
Launcher Type: SUN_STANDARD

[Global flags]
     intx CICompilerCount                          = 4                                         {product} {ergonomic}
     uint ConcGCThreads                            = 2                                         {product} {ergonomic}
     uint G1ConcRefinementThreads                  = 9                                         {product} {ergonomic}
   size_t G1HeapRegionSize                         = 1048576                                   {product} {ergonomic}
    uintx GCDrainStackTargetSize                   = 64                                        {product} {ergonomic}
   size_t InitialHeapSize                          = 260046848                                 {product} {ergonomic}
   size_t MarkStackSize                            = 4194304                                   {product} {ergonomic}
   size_t MaxHeapSize                              = 2147483648                                {product} {command line}
   size_t MaxNewSize                               = 1287651328                                {product} {ergonomic}
   size_t MinHeapDeltaBytes                        = 1048576                                   {product} {ergonomic}
   size_t MinHeapSize                              = 8388608                                   {product} {ergonomic}
    uintx NonNMethodCodeHeapSize                   = 5839372                                {pd product} {ergonomic}
    uintx NonProfiledCodeHeapSize                  = 122909434                              {pd product} {ergonomic}
    uintx ProfiledCodeHeapSize                     = 122909434                              {pd product} {ergonomic}
    uintx ReservedCodeCacheSize                    = 251658240                              {pd product} {ergonomic}
     bool SegmentedCodeCache                       = true                                      {product} {ergonomic}
   size_t SoftMaxHeapSize                          = 2147483648                             {manageable} {ergonomic}
     bool UseCompressedClassPointers               = true                           {product lp64_product} {ergonomic}
     bool UseCompressedOops                        = true                           {product lp64_product} {ergonomic}
     bool UseG1GC                                  = true                                      {product} {ergonomic}
     bool UseLargePagesIndividualAllocation        = false                                  {pd product} {ergonomic}

Logging:
Log output configuration:
 #0: stdout all=warning uptime,level,tags
 #1: stderr all=off uptime,level,tags

Environment Variables:
PATH=d:\Trea\Trae CN\resources\app\modules\ai-agent\bin;c:\Users\16696\.trae-cn\tools\trae-gopls\current;c:\Users\16696\.trae-cn\sdks\workspaces\5d727ef8\versions\node\current;c:\Users\16696\.trae-cn\sdks\versions\node\current;D:\Android\jdk-8.0.492.9-hotspot\bin;C:\Program Files (x86)\VMware\VMware Workstation\bin\;C:\Windows\system32;C:\Windows;C:\Windows\System32\Wbem;C:\Windows\System32\WindowsPowerShell\v1.0\;C:\Windows\System32\OpenSSH\;D:\Git\Git\cmd;D:\Cmake\bin;D:\Windows Kits\10\Windows Performance Toolkit\;C:\Program Files\CMake\bin;C:\Program Files\TortoiseGit\bin;C:\NXP\S32DS.3.5\S32DS\build_tools\gcc-10.2-arm32-eabi\bin;D:\Xshell\;C:\Users\16696\AppData\Local\Programs\Python\Python314\Scripts\;C:\Users\16696\AppData\Local\Programs\Python\Python314\;C:\Users\16696\AppData\Local\Microsoft\WindowsApps;D:\pycharm\PyCharm 2026.1.2\bin;D:\vscode\Microsoft VS Code\bin;D:\Android\Sdk\platform-tools;;c:\Users\16696\.trae-cn\extensions\vscjava.vscode-java-debug-0.59.0-universal\bundled\scripts\noConfigScripts;d:\Trea\Trae CN\resources\app\modules\ai-agent\bin;D:\Android\jdk-8.0.492.9-hotspot\bin;C:\Program Files (x86)\VMware\VMware Workstation\bin\;C:\Windows\system32;C:\Windows;C:\Windows\System32\Wbem;C:\Windows\System32\WindowsPowerShell\v1.0\;C:\Windows\System32\OpenSSH\;D:\Git\Git\cmd;D:\Cmake\bin;D:\Windows Kits\10\Windows Performance Toolkit\;C:\Program Files\CMake\bin;C:\Program Files\TortoiseGit\bin;C:\NXP\S32DS.3.5\S32DS\build_tools\gcc-10.2-arm32-eabi\bin;D:\Xshell\;C:\Users\16696\AppData\Local\Programs\Python\Python314\Scripts\;C:\Users\16696\AppData\Local\Programs\Python\Python314\;C:\Users\16696\AppData\Local\Microsoft\WindowsApps;D:\pycharm\PyCharm 2026.1.2\bin;D:\vscode\Microsoft VS Code\bin;D:\Android\Sdk\platform-tools;;d:\Trea\Trae CN\resources\app\bin\lib;d:\Trea\Trae CN\resources\app\node_modules\@vscode\ripgrep\bin
USERNAME=16696
LANG=zh_CN.UTF-8
TERM=dumb
OS=Windows_NT
PROCESSOR_IDENTIFIER=Intel64 Family 6 Model 198 Stepping 2, GenuineIntel
TMP=C:\Users\16696\AppData\Local\Temp
TEMP=C:\Users\16696\AppData\Local\Temp



Periodic native trim disabled


---------------  S Y S T E M  ---------------

OS:
 Windows 11 , 64 bit Build 26100 (10.0.26100.8521)
OS uptime: 1 days 3:00 hours
Hyper-V role detected

CPU: total 10 (initial active 10) (10 cores per cpu, 1 threads per core) family 6 model 198 stepping 2 microcode 0x118, cx8, cmov, fxsr, mmx, 3dnowpref, sse, sse2, sse3, ssse3, sse4.1, sse4.2, popcnt, lzcnt, tsc, tscinvbit, avx, avx2, aes, erms, clmul, bmi1, bmi2, adx, sha, fma, vzeroupper, clflush, clflushopt, clwb, hv
Processor Information for processor 0
  Max Mhz: 3300, Current Mhz: 3300, Mhz Limit: 3300
Processor Information for processor 1
  Max Mhz: 3300, Current Mhz: 3300, Mhz Limit: 3300
Processor Information for processor 2
  Max Mhz: 2700, Current Mhz: 2700, Mhz Limit: 2700
Processor Information for processor 3
  Max Mhz: 2700, Current Mhz: 2700, Mhz Limit: 2700
Processor Information for processor 4
  Max Mhz: 2700, Current Mhz: 2700, Mhz Limit: 2700
Processor Information for processor 5
  Max Mhz: 2700, Current Mhz: 2700, Mhz Limit: 2700
Processor Information for processor 6
  Max Mhz: 3300, Current Mhz: 3300, Mhz Limit: 3300
Processor Information for processor 7
  Max Mhz: 3300, Current Mhz: 3300, Mhz Limit: 3300
Processor Information for processor 8
  Max Mhz: 3300, Current Mhz: 3300, Mhz Limit: 3300
Processor Information for processor 9
  Max Mhz: 3300, Current Mhz: 3300, Mhz Limit: 3300

Memory: 4k page, system-wide physical 15751M (1257M free)
TotalPageFile size 54151M (AvailPageFile size 341M)
current process WorkingSet (physical memory assigned to process): 922M, peak: 925M
current process commit charge ("private bytes"): 953M, peak: 1456M

vm_info: OpenJDK 64-Bit Server VM (17.0.19+10-LTS) for windows-amd64 JRE (17.0.19+10-LTS), built on Apr 18 2026 18:24:40 by "MicrosoftCorporation" with MS VC++ 17.14 (VS2022)

END.
